movieId,peopleId
11,p_1
20,p_90
64,p_309
79,p_607
81,p_608
67,p_357
99,p_309
100,p_956
101,p_59
102,p_1011
104,p_1071
108,p_1126
109,p_1126
110,p_1126
112,p_1176
124,p_1126
128,p_608
129,p_608
140,p_309
146,p_1614
149,p_185
22,p_1704
152,p_1744
157,p_1749
156,p_1176
168,p_1749
172,p_1748
174,p_1788
189,p_2293
189,p_2294
144,p_2303
193,p_2380
199,p_2388
200,p_2388
201,p_2523
214,p_2675
215,p_2675
216,p_2725
246,p_3317
250,p_3395
252,p_3451
266,p_3776
267,p_309
269,p_3776
292,p_201
302,p_72430
307,p_4410
312,p_4522
337,p_5005
346,p_5026
377,p_5140
336,p_4385
436,p_5872
445,p_6011
454,p_6201
455,p_6220
460,p_6273
471,p_6414
473,p_6431
496,p_6767
497,p_4027
511,p_2801
533,p_7313
533,p_7314
548,p_5026
552,p_7554
570,p_6295
593,p_8452
595,p_8482
596,p_8500
598,p_8557
599,p_3146
531,p_7314
532,p_7314
614,p_6648
613,p_7832
637,p_4818
643,p_9603
644,p_488
648,p_9730
650,p_6482
651,p_9789
601,p_488
666,p_8574
670,p_10099
697,p_9607
697,p_9603
733,p_10828
734,p_3893
671,p_10965
740,p_9032
742,p_11037
763,p_108
772,p_10965
777,p_11528
784,p_11688
789,p_11720
803,p_11983
807,p_7467
827,p_2559
832,p_68
834,p_3950
722,p_13426
880,p_13496
723,p_10139
895,p_8452
931,p_14132
934,p_14227
935,p_240
938,p_4385
962,p_13848
979,p_14597
1018,p_5602
1023,p_1012
1050,p_15156
1075,p_15254
1093,p_15389
1115,p_2332
950,p_5714
515,p_5602
928,p_4600
1277,p_16225
1280,p_1188
298,p_1884
1364,p_16435
1368,p_16544
1379,p_16767
1390,p_15602
1391,p_11218
1398,p_8452
1414,p_16435
1417,p_10828
1494,p_607
1567,p_14597
1591,p_4522
1593,p_17825
1613,p_17268
1628,p_1650
1639,p_2209
1493,p_18281
1643,p_4956
1667,p_18525
1672,p_18563
1675,p_1650
1678,p_18598
1705,p_73764
1735,p_18878
1740,p_18969
1786,p_15389
1793,p_18378
1837,p_19376
1845,p_1146
1273,p_19499
1872,p_19656
1902,p_19840
1958,p_72430
1971,p_20310
1979,p_20400
1995,p_12786
1997,p_2352
2009,p_20657
2084,p_21339
2210,p_22669
2241,p_23116
2269,p_23430
2318,p_23858
2384,p_24443
2395,p_24886
2395,p_20674
2460,p_16435
2469,p_309
2517,p_25645
2574,p_15389
2623,p_18596
2671,p_26875
2673,p_26882
2796,p_28143
2860,p_28615
2897,p_20412
2899,p_66481
2901,p_28783
2965,p_20412
2968,p_29108
2968,p_29109
3025,p_29662
3040,p_23430
3059,p_8812
3073,p_30099
3079,p_29662
3050,p_31024
3176,p_31074
3421,p_194
3291,p_1461
3512,p_32277
3421,p_32297
3549,p_1011
3546,p_32689
3640,p_18903
3716,p_5125
3763,p_33727
3764,p_33727
3777,p_5026
3780,p_5026
3782,p_5026
3870,p_4956
3875,p_1011
3901,p_31804
3921,p_31804
3964,p_2406
4011,p_510
4031,p_34262
4043,p_309
4116,p_34796
3965,p_16919
4176,p_39996
4180,p_35208
4241,p_17282
4271,p_20849
4283,p_35971
4291,p_3317
4348,p_36588
4382,p_36387
1698,p_15115
4421,p_578
4494,p_37513
4396,p_36387
4516,p_37626
4437,p_37710
4527,p_37742
4528,p_37770
4546,p_37915
4548,p_37186
4553,p_37948
4561,p_38007
4588,p_1614
4481,p_20718
4482,p_35137
4486,p_38516
4611,p_18969
4655,p_38756
4689,p_10099
4816,p_4429
4835,p_24380
4918,p_40007
4921,p_40016
4929,p_18635
4935,p_608
4973,p_72430
4977,p_40333
5000,p_9740
5050,p_40892
5055,p_2801
5155,p_15127
5156,p_12329
5165,p_15189
5168,p_41788
5488,p_10099
5493,p_43652
5552,p_44070
5644,p_44562
5654,p_44644
5654,p_44645
5622,p_4415
5781,p_793
5801,p_12160
5846,p_45996
5879,p_46230
5885,p_46258
5889,p_45996
5900,p_27875
5901,p_32012
5910,p_3317
5961,p_6648
5971,p_17016
6073,p_1704
6079,p_11688
6181,p_20869
6278,p_12523
6283,p_1704
6419,p_18598
6498,p_22676
6619,p_15127
663,p_2675
6691,p_51116
6312,p_8296
6435,p_2171
7217,p_20869
7229,p_38507
7343,p_52528
7347,p_52576
7549,p_17268
7942,p_14409
8072,p_3776
8073,p_3776
8075,p_3776
8056,p_20430
8078,p_2419
8221,p_309
8222,p_309
8265,p_37627
1245,p_54441
8328,p_54507
8342,p_20028
8392,p_608
8386,p_54584
8422,p_15127
8439,p_52576
8439,p_10040
8467,p_7396
8467,p_7395
8469,p_4610
1396,p_8452
8672,p_6818
8696,p_24248
628,p_17016
8833,p_56033
8846,p_56069
8697,p_64438
8875,p_42712
8920,p_18357
8923,p_56359
8938,p_21684
8938,p_27977
8938,p_201
8816,p_5306
8953,p_185
8974,p_51000
8859,p_56591
9025,p_40506
9051,p_1927
9059,p_10953
9059,p_15521
9090,p_20237
9273,p_4489
9299,p_19840
9360,p_26648
9378,p_57521
9393,p_52961
9394,p_56033
9472,p_57633
9473,p_34517
9400,p_37932
9465,p_9789
9464,p_22461
9462,p_19429
9463,p_57730
9463,p_57731
9460,p_57832
9550,p_607
9564,p_11201
9571,p_564
9454,p_17167
9581,p_52567
9581,p_58052
9642,p_58268
9642,p_58269
9431,p_10953
9696,p_17282
9056,p_64438
9075,p_10491
9536,p_57870
9694,p_17282
9764,p_5026
9775,p_59143
9807,p_56742
9753,p_59023
9929,p_24530
9929,p_60680
9929,p_24531
9945,p_11770
10024,p_11151
10027,p_18865
10044,p_62410
10071,p_59414
10086,p_63174
10092,p_55075
10130,p_10781
9559,p_190
10162,p_64045
10180,p_1012
10155,p_1152
10157,p_41720
10226,p_59291
10238,p_6648
10239,p_28615
10258,p_62047
10216,p_21377
10284,p_3289
10293,p_28615
10315,p_5655
10341,p_2303
10355,p_70343
10348,p_64901
10404,p_607
10401,p_37626
10424,p_8966
10366,p_18889
10375,p_33254
10450,p_52329
10451,p_1614
10333,p_10400
9833,p_5572
10486,p_58712
10228,p_65428
10228,p_65429
10515,p_608
10585,p_64796
10587,p_65688
10616,p_65931
10617,p_56807
10618,p_56807
10619,p_56807
10622,p_62410
10643,p_50651
10681,p_7
10753,p_64438
10775,p_66718
10726,p_66800
10795,p_19866
10819,p_66969
10842,p_67075
10918,p_42274
10920,p_56339
10920,p_21694
10235,p_9603
10974,p_64438
10974,p_26724
10975,p_64438
10998,p_7270
10997,p_65282
10995,p_2352
11011,p_18281
11024,p_1215
10951,p_65934
11048,p_67924
11083,p_56377
11104,p_12453
11069,p_26479
11075,p_17282
10748,p_56711
10748,p_21677
11156,p_48583
11160,p_67924
11174,p_19684
11178,p_63429
11180,p_608
11190,p_68519
11197,p_29605
11216,p_65314
11230,p_18899
11239,p_68707
11351,p_56349
11361,p_32813
11378,p_5763
11411,p_64508
11198,p_67217
11423,p_21684
11441,p_67971
11441,p_67972
11451,p_7312
11488,p_69583
11502,p_3556
11506,p_6648
11516,p_20030
11523,p_69719
11576,p_4081
11577,p_7767
11578,p_39058
11583,p_4782
11602,p_6648
11606,p_69991
11621,p_608
11624,p_1243
11630,p_716
11153,p_1524
11634,p_11037
11635,p_57535
11636,p_70109
11645,p_5026
11596,p_5140
11677,p_49625
10775,p_65994
11689,p_56033
11699,p_6818
11712,p_5026
11713,p_70333
11770,p_57607
11825,p_14995
11832,p_70636
11647,p_65994
11647,p_66718
11868,p_29662
11902,p_15254
11907,p_18969
11909,p_11401
11895,p_14987
11936,p_4415
11956,p_17520
11972,p_39058
12094,p_56578
11917,p_2679
12112,p_71307
12118,p_41720
12122,p_11770
12139,p_14692
12140,p_12180
12205,p_26875
12417,p_72144
12429,p_608
12477,p_628
12485,p_72444
12493,p_5026
12516,p_5026
12516,p_18598
11927,p_72712
12555,p_11720
12577,p_23945
12581,p_19942
12581,p_51084
12613,p_73121
12780,p_18899
12769,p_73508
12768,p_39758
12761,p_6648
12796,p_46119
12720,p_67075
12806,p_73693
12717,p_25182
12716,p_25182
12700,p_1035
12659,p_74024
12940,p_26183
13294,p_36394
13363,p_27614
13398,p_74377
13397,p_70109
13496,p_74409
14094,p_75221
14129,p_64901
14144,p_48663
14170,p_76471
14715,p_79005
15454,p_81796
15465,p_81855
14766,p_82059
14768,p_23116
15540,p_72427
15584,p_83151
15631,p_55916
15722,p_27797
15728,p_37852
15761,p_628
15868,p_74377
15879,p_84250
15879,p_84251
15996,p_21684
15998,p_73654
16179,p_85226
16205,p_65314
16324,p_85376
16324,p_85377
16430,p_56339
16726,p_85666
17003,p_74096
17041,p_25826
17041,p_76323
17184,p_85910
17184,p_85911
17216,p_85964
17319,p_25165
17322,p_86107
17343,p_86167
17351,p_18627
17591,p_7018
18646,p_15277
18895,p_12786
18929,p_37302
18930,p_150661
18949,p_88268
19103,p_16483
19370,p_59622
19370,p_88679
19370,p_14277
19370,p_88680
19477,p_88820
19496,p_10965
19518,p_89022
19641,p_30149
19813,p_10099
19890,p_1215
19943,p_1071
19966,p_5306
19994,p_89673
20107,p_69371
20295,p_10346
20677,p_90324
20852,p_20030
20852,p_90416
21048,p_90590
21065,p_90637
21103,p_90655
21104,p_21879
21108,p_12079
21256,p_366
21301,p_90965
21392,p_87252
21398,p_4955
21410,p_91181
21596,p_26182
21773,p_2419
21880,p_21737
21936,p_59521
21938,p_92021
22845,p_18969
12444,p_11343
12445,p_11343
22987,p_172
23136,p_91185
24179,p_93678
24203,p_93692
24920,p_38131
25017,p_16435
25095,p_53657
25644,p_2725
25780,p_8558
26225,p_67745
26484,p_70765
12471,p_96573
23534,p_53069
26831,p_96975
27037,p_64438
27039,p_46054
26164,p_97633
26165,p_97644
26167,p_97668
27145,p_49869
26808,p_41257
27169,p_97893
27173,p_97644
26186,p_97915
26147,p_8574
26147,p_21771
27293,p_98258
27293,p_64909
27302,p_28976
27315,p_13581
27649,p_99324
27710,p_78641
27720,p_99398
27727,p_99403
27727,p_99405
27760,p_15189
28185,p_99860
28190,p_96573
28383,p_67075
28680,p_8392
28883,p_100939
28888,p_56343
29120,p_70777
29232,p_35408
29685,p_57608
29735,p_18710
29573,p_90179
29573,p_15239
29909,p_12180
29914,p_2150
29808,p_102577
30322,p_65852
30322,p_88314
30435,p_31
30487,p_103428
30632,p_103563
30635,p_103581
30676,p_56739
30676,p_37942
30676,p_31039
30800,p_150661
30816,p_70945
31057,p_834
31060,p_83967
31083,p_86069
31091,p_21031
31254,p_3317
31366,p_19032
31507,p_5174
31547,p_106148
31584,p_10967
31712,p_72197
32809,p_96124
32977,p_71522
33003,p_13284
33097,p_46366
33142,p_107363
33223,p_55785
33245,p_55785
33362,p_11572
33569,p_16973
33608,p_56339
33608,p_185
33608,p_58159
33609,p_12180
33616,p_12180
33655,p_108328
33655,p_16136
33655,p_108329
33655,p_108330
33655,p_183
33655,p_108332
33655,p_185
33655,p_108333
33655,p_108331
33753,p_63571
33761,p_17282
33812,p_37633
33895,p_108637
33909,p_108667
33964,p_75908
34100,p_109034
34616,p_31775
34792,p_21684
35011,p_74409
33879,p_47506
35110,p_15337
35153,p_88298
35153,p_3214
35153,p_110798
35151,p_110799
35191,p_83924
35387,p_111201
35395,p_98483
35401,p_30089
35448,p_2710
35506,p_111511
35526,p_111596
35526,p_111598
35685,p_150661
35827,p_62410
35833,p_112152
35841,p_112157
35842,p_112168
35901,p_39639
35939,p_112452
19437,p_9556
36012,p_112653
36066,p_22767
36158,p_112996
36205,p_508
36303,p_113291
36529,p_25645
36586,p_113867
36642,p_29388
36716,p_114241
36878,p_114529
36910,p_114622
37000,p_90965
37008,p_5917
37295,p_115772
37370,p_115997
37371,p_70008
37379,p_43141
37393,p_101751
37402,p_44955
37725,p_116872
37834,p_117273
37218,p_22676
37901,p_21183
37906,p_117639
37940,p_17016
37945,p_113867
38070,p_37302
38083,p_101751
38148,p_29922
38187,p_118535
38203,p_24419
38210,p_118611
35147,p_66739
38305,p_118846
38465,p_119286
38485,p_112145
38599,p_32375
38621,p_120097
38797,p_67897
38829,p_12453
38862,p_120904
38897,p_110232
38978,p_121092
39041,p_12180
39113,p_83924
39130,p_121485
39206,p_110232
39335,p_18969
39350,p_80904
39390,p_121820
39550,p_84351
39562,p_34639
39696,p_122438
39710,p_32244
39721,p_122514
39745,p_71640
39792,p_2801
39868,p_122798
39868,p_122800
39868,p_122801
40436,p_9054
41000,p_124526
41369,p_124938
41490,p_57641
41539,p_4755
39000,p_88481
41591,p_1011
41595,p_125621
41595,p_125622
41611,p_125637
41616,p_125640
41671,p_125936
41871,p_126806
41978,p_35585
42236,p_118462
42311,p_128765
42483,p_111511
42537,p_5026
42555,p_129963
42668,p_102577
39851,p_34396
42745,p_97202
42974,p_90334
42976,p_120618
43152,p_133174
43218,p_86167
43441,p_12329
43565,p_134763
43722,p_52576
43820,p_135967
43830,p_9603
43870,p_12786
44077,p_37627
44384,p_137816
44466,p_138377
44541,p_37626
44542,p_24547
44641,p_25161
22081,p_4780
44694,p_20025
44748,p_139508
44404,p_138669
44820,p_25645
45034,p_49892
45168,p_29433
45333,p_63937
45337,p_21677
45337,p_56711
42505,p_87912
45382,p_2991
45537,p_141956
45702,p_6759
46067,p_92379
46360,p_115041
46578,p_23357
46634,p_72905
46650,p_75584
46917,p_65282
47603,p_90695
47696,p_149726
46872,p_73035
47728,p_103812
47981,p_150565
48043,p_25882
48092,p_8872
48258,p_97934
48462,p_151551
48485,p_19829
48502,p_151625
48719,p_152259
48719,p_152260
48829,p_115825
48875,p_152635
38914,p_16848
36954,p_65420
48045,p_87058
49174,p_153167
49301,p_30149
49944,p_26265
50009,p_81796
50059,p_155220
48048,p_88881
50219,p_155509
50312,p_113806
48941,p_68843
48941,p_68844
50341,p_155695
42454,p_37942
50408,p_155786
50427,p_56739
50528,p_155994
50570,p_156044
50791,p_76630
50872,p_89496
50944,p_17380
51224,p_115770
48051,p_90441
51320,p_86200
50363,p_86377
51458,p_102040
51492,p_157481
51510,p_137675
48052,p_90445
51664,p_46502
48092,p_61961
51722,p_156205
51848,p_67075
48053,p_65817
51896,p_158621
51896,p_158622
51899,p_793
52499,p_37313
52777,p_160160
52791,p_37197
52921,p_160673
53033,p_160972
53042,p_161039
53095,p_17520
53228,p_126668
53228,p_161383
53239,p_81590
53526,p_20028
53667,p_21415
53697,p_32940
53705,p_83924
53782,p_162475
53785,p_162493
53805,p_162579
53960,p_18175
54070,p_163055
54187,p_93745
54301,p_18356
54321,p_6817
54589,p_44955
54625,p_164038
54798,p_70109
54951,p_18563
55004,p_15254
55068,p_164965
55157,p_112168
55196,p_34613
55202,p_19865
55207,p_158751
55326,p_45672
55336,p_201
55528,p_166240
55661,p_124526
55980,p_62410
48058,p_25882
56046,p_167453
56052,p_118210
56069,p_167610
56099,p_42
56205,p_17496
56328,p_168188
56363,p_168313
56561,p_16780
56776,p_190
15506,p_58189
56809,p_169630
56823,p_169662
56838,p_8929
56970,p_71901
56509,p_94481
57029,p_112452
57281,p_85682
57333,p_33190
57383,p_50739
57412,p_84359
57413,p_4415
57429,p_67075
57511,p_172058
56512,p_25882
57668,p_58075
57902,p_166416
33217,p_141608
57936,p_173345
58107,p_116699
58232,p_174229
50528,p_154487
58541,p_20239
58607,p_110358
58616,p_6648
58705,p_175609
58860,p_28878
58874,p_92394
58976,p_52567
58976,p_56807
59014,p_176939
59053,p_36443
59091,p_177327
59140,p_177486
59279,p_177766
59306,p_103338
11220,p_12453
59484,p_11523
59568,p_98642
59584,p_179133
59615,p_50739
59682,p_103428
59736,p_150661
59745,p_150661
59873,p_179806
59938,p_179883
59938,p_179885
59938,p_179886
59938,p_179887
59938,p_179888
59938,p_179889
59938,p_179890
59958,p_138463
60056,p_86200
60316,p_4415
60344,p_57022
60595,p_98642
60750,p_72258
60764,p_25854
60936,p_182272
60963,p_150661
60965,p_150661
60998,p_21227
60751,p_94481
61072,p_183212
61117,p_53767
61117,p_4415
61117,p_15389
61202,p_67717
61202,p_56024
61202,p_54291
61202,p_125936
61202,p_25340
61202,p_125505
60752,p_88965
61438,p_6648
60753,p_94481
61482,p_6648
53841,p_865
61541,p_72299
60754,p_72258
61662,p_185264
61755,p_91185
61756,p_91185
62224,p_84756
62390,p_31033
62404,p_37361
62466,p_187772
62475,p_1188
62524,p_10790
60758,p_42111
62664,p_65865
60759,p_86761
62976,p_10491
63094,p_6648
60760,p_34194
63249,p_27213
63258,p_2690
61850,p_42111
63479,p_4453
44233,p_148959
41651,p_148959
63628,p_193327
63724,p_1126
63820,p_8500
63841,p_194269
20862,p_5281
63962,p_1614
64069,p_607
64080,p_195407
64153,p_52811
64198,p_14132
64280,p_196509
64331,p_4956
64352,p_196950
64397,p_197296
64448,p_91185
64529,p_12453
64546,p_96124
64549,p_74310
64562,p_96897
64584,p_26882
64680,p_160221
64836,p_71174
64902,p_72034
64957,p_168078
65110,p_102823
65143,p_200667
65302,p_20310
65496,p_104332
65861,p_54794
65872,p_163151
65900,p_71280
65932,p_123925
65942,p_20019
66039,p_15127
66206,p_11572
66266,p_190159
66312,p_6817
65499,p_42111
66439,p_187656
65938,p_114834
66593,p_3974
66723,p_37833
65501,p_26470
67004,p_107448
67006,p_206179
67064,p_114168
67152,p_206327
67162,p_46230
67248,p_206521
23290,p_44683
67793,p_18598
67904,p_111511
67913,p_90611
67999,p_165691
68000,p_111511
68114,p_59023
67917,p_86051
68400,p_105862
68593,p_32375
68647,p_136944
68647,p_171600
68432,p_53767
68900,p_32244
68913,p_38756
68593,p_67924
69227,p_11572
69236,p_186976
69320,p_15892
69359,p_212309
69359,p_212310
69616,p_72842
69621,p_11401
69749,p_155787
70225,p_155235
70309,p_215708
26100,p_42025
70378,p_90179
70502,p_216072
70504,p_116352
70505,p_83891
70841,p_217366
50499,p_78861
50499,p_78860
50499,p_78859
71270,p_7187
71624,p_158505
71110,p_92917
72070,p_139508
72086,p_221116
70344,p_44142
72329,p_11983
72466,p_157334
72133,p_104332
72135,p_89823
72138,p_87671
72137,p_42111
73405,p_223232
73446,p_3556
2932,p_43860
73466,p_42111
61403,p_12786
73998,p_44142
74001,p_41349
75035,p_17458
75059,p_114958
75378,p_97956
75380,p_223960
75453,p_223983
73469,p_104332
75726,p_125936
75827,p_1414
73471,p_94481
75985,p_129318
75988,p_214971
75991,p_96126
75996,p_224504
73476,p_104332
13315,p_109430
16282,p_9264
76626,p_8296
76900,p_72266
76414,p_75129
77376,p_16794
76340,p_100121
10327,p_119249
77774,p_75364
77801,p_25645
77835,p_225233
77836,p_106905
20146,p_152726
78088,p_27811
78696,p_225430
79015,p_225548
70548,p_225569
79146,p_56209
79146,p_45138
79343,p_34421
14228,p_12523
79673,p_225783
79712,p_225842
79964,p_4415
79966,p_12453
80067,p_226063
80152,p_226106
80289,p_225178
80305,p_160221
80306,p_223893
80308,p_226268
80781,p_45791
80856,p_226705
80858,p_106148
78092,p_88965
81238,p_7316
81238,p_226826
81288,p_12329
81378,p_2087
81390,p_122343
81409,p_4645
81593,p_68519
82170,p_184594
82190,p_227300
82197,p_227321
82197,p_2303
82203,p_179195
82218,p_227364
82248,p_23442
13575,p_64438
13575,p_62410
82483,p_607
82609,p_16187
82731,p_212309
82899,p_6273
82945,p_98481
82952,p_17282
66042,p_8023
66042,p_92546
83078,p_151054
83362,p_18064
83387,p_40
83659,p_228115
83659,p_47826
83732,p_86006
83828,p_97300
83847,p_58614
84362,p_225548
84371,p_101607
84375,p_228520
84444,p_19069
84614,p_56570
84662,p_74008
84665,p_17386
84674,p_12329
84675,p_115172
84842,p_228815
84847,p_224462
84921,p_628
84989,p_11195
85074,p_73832
85089,p_4956
85093,p_229095
85093,p_40509
85166,p_229162
85170,p_94712
69531,p_15344
85244,p_229226
85281,p_68
85283,p_68
811,p_12112
85651,p_6648
85675,p_8452
85777,p_23227
85814,p_229585
85887,p_229650
86043,p_69488
86045,p_56194
86148,p_85040
86148,p_52115
86258,p_4410
86263,p_4415
86264,p_15189
86264,p_2303
86293,p_4955
86409,p_42459
86560,p_3831
86735,p_167251
86735,p_5030
86756,p_56213
87061,p_91289
65642,p_88188
87559,p_204879
87638,p_1012
87763,p_106685
87944,p_231314
87981,p_793
88000,p_167980
88268,p_231496
86990,p_47081
88579,p_26767
88579,p_56807
88752,p_231756
88771,p_25735
88866,p_231850
88964,p_150661
88990,p_2239
89180,p_106873
89239,p_19025
89248,p_75633
89621,p_71056
89748,p_92732
89836,p_232166
89841,p_20310
89983,p_65310
90193,p_222840
90273,p_31119
90535,p_1032
90279,p_26470
91008,p_190778
90282,p_88965
90284,p_107788
91252,p_180313
90288,p_18307
90291,p_107788
90295,p_107788
8697,p_70109
91451,p_234355
91468,p_111516
91481,p_85236
91855,p_111121
92116,p_8823
92222,p_234838
92325,p_130957
92461,p_57832
92477,p_63571
92493,p_235012
92503,p_223800
90511,p_88222
92616,p_84534
92913,p_73639
92917,p_97246
92918,p_159569
92956,p_69719
92957,p_235383
92984,p_20023
93016,p_235461
65974,p_51851
93102,p_865
93156,p_235535
93202,p_90343
93212,p_109484
93239,p_34262
93328,p_235662
8980,p_90268
93473,p_235742
93481,p_108746
93523,p_18865
93581,p_1152
93618,p_235902
93712,p_235956
94725,p_86019
95098,p_137381
95503,p_64030
95642,p_106428
95741,p_184054
95750,p_236784
95841,p_77136
96120,p_93477
96549,p_115825
96742,p_56717
96886,p_237136
96886,p_237137
96954,p_237183
97415,p_146868
97646,p_125694
98180,p_237770
98180,p_19119
98474,p_223000
99208,p_238372
99294,p_238410
99297,p_80247
99340,p_234274
99547,p_8300
99616,p_24891
99627,p_111178
99675,p_105723
101152,p_156560
101153,p_62854
101153,p_62863
47844,p_97202
102721,p_69987
102264,p_240604
102853,p_155564
102936,p_226141
102936,p_226142
103265,p_117920
103306,p_84880
103307,p_96958
103314,p_58728
103543,p_119718
103590,p_85683
103613,p_57865
103668,p_85376
104127,p_28279
104540,p_241586
104917,p_91288
105439,p_18209
105629,p_26882
105786,p_22833
104853,p_4600
105912,p_41670
106019,p_238045
106114,p_18598
105653,p_86763
106429,p_35452
61202,p_242603
106755,p_242749
39729,p_242762
106844,p_65994
106892,p_1776
106981,p_242842
106983,p_226322
107099,p_72280
472,p_5602
106576,p_24886
106917,p_26470
107668,p_243141
107797,p_48566
107829,p_59
107842,p_243234
107848,p_243241
107467,p_224449
108099,p_234662
108224,p_177837
13571,p_64438
13571,p_58036
7766,p_54908
108942,p_243911
109121,p_6431
109199,p_90351
109297,p_225584
109462,p_69392
2021,p_244406
110092,p_49785
110214,p_244824
110627,p_245200
110646,p_245204
110654,p_18844
110900,p_83924
109339,p_18320
111226,p_19639
111429,p_158719
111462,p_27436
111524,p_16214
111525,p_161106
109343,p_107788
111708,p_153080
111723,p_21002
111936,p_52670
112072,p_16794
112736,p_225594
112740,p_97262
112775,p_116353
112531,p_247193
113184,p_239431
113184,p_76622
113184,p_247531
113184,p_247532
113184,p_111332
113184,p_247533
113184,p_247534
113184,p_235744
113184,p_247535
113184,p_247536
113192,p_8636
95111,p_32395
112895,p_25882
48258,p_97937
113618,p_247940
113665,p_85970
113736,p_357
113803,p_231876
113833,p_204743
113840,p_124526
114018,p_50651
92153,p_12698
115248,p_1486
115253,p_227693
115685,p_64190
115846,p_141672
116034,p_11218
14221,p_12523
116607,p_81796
115536,p_44508
117119,p_251199
9071,p_6400
117239,p_71475
117704,p_251848
117707,p_251964
117707,p_156895
117797,p_13953
117797,p_8635
117949,p_6778
117959,p_55119
118270,p_78860
118385,p_21683
118697,p_607
118632,p_42111
118986,p_238103
120056,p_21684
120070,p_32958
42311,p_254138
52098,p_254162
120822,p_2166
120983,p_22812
121051,p_167792
115248,p_113954
115248,p_113955
121251,p_43652
121377,p_234494
126587,p_172557
129066,p_96119
129066,p_255784
130067,p_256559
130163,p_184768
130296,p_672
130495,p_256783
131907,p_23393
133614,p_257239
134055,p_257337
134872,p_257452
134872,p_173357
135057,p_52542
135896,p_257667
136281,p_158622
136281,p_158621
137025,p_49552
137035,p_257853
137643,p_258076
137980,p_72905
137983,p_12733
138217,p_16767
138307,p_106148
93903,p_102457
139017,p_258578
139377,p_258731
139390,p_1844
140109,p_607
140118,p_243197
140534,p_63571
141453,p_259376
141453,p_259377
142921,p_115417
143777,p_260048
145284,p_31621
145625,p_17361
145974,p_234446
146202,p_20869
146244,p_94420
146315,p_73761
146354,p_36639
146621,p_84810
146656,p_156530
147141,p_261798
147891,p_262192
148623,p_262432
148623,p_158477
148917,p_228332
148969,p_262689
149578,p_263056
9073,p_56998
150143,p_68113
150402,p_263375
150445,p_54526
150491,p_253338
150553,p_227605
150553,p_263593
150801,p_263746
150850,p_67075
151041,p_229738
151045,p_37942
151051,p_45996
151052,p_264021
151230,p_201610
151949,p_14268
151968,p_126807
152167,p_264714
152534,p_265002
152776,p_265168
152906,p_67737
152926,p_265278
53602,p_265388
154494,p_191518
154618,p_266340
11537,p_18899
155382,p_48583
155480,p_607
155493,p_266734
156770,p_70221
128013,p_84448
161225,p_268312
161226,p_268317
161570,p_268450
161687,p_241918
163282,p_252513
163282,p_252512
163437,p_168784
163559,p_269144
163939,p_209463
163966,p_96102
164038,p_11688
164062,p_48583
165957,p_227496
166291,p_2166
166890,p_270305
167058,p_270430
167072,p_252495
93902,p_102457
169888,p_158477
169888,p_271608
170416,p_272013
10389,p_21905
10389,p_31033
45124,p_99106
171093,p_229664
171133,p_45996
171443,p_272504
171462,p_272585
12928,p_103345
172403,p_273160
172536,p_137983
173228,p_26265
173240,p_78641
174056,p_273942
174257,p_274069
174326,p_274199
174506,p_177837
174529,p_9888
175285,p_91252
175347,p_274914
175407,p_168697
175407,p_85586
175955,p_228205
176082,p_91528
176349,p_71174
176409,p_243088
176568,p_275975
176731,p_276023
30128,p_64438
176911,p_153054
176987,p_73579
177137,p_276276
177410,p_276378
177626,p_91924
20301,p_5065
178283,p_276869
178290,p_59291
178456,p_54526
178760,p_22775
178760,p_22833
178798,p_11401
179120,p_38393
179284,p_78296
179435,p_15254
179688,p_277962
180228,p_127943
180228,p_127942
181005,p_607
181016,p_278309
181018,p_137381
181032,p_137983
181036,p_62880
181061,p_278350
181067,p_124938
181130,p_278458
181133,p_111753
181133,p_137381
181279,p_65282
181293,p_250090
181303,p_67717
181486,p_5629
138313,p_106148
138316,p_106148
181861,p_5077
181946,p_279029
182037,p_65843
182154,p_279229
149537,p_92083
182984,p_21063
183269,p_279465
184360,p_279495
138320,p_106148
185099,p_10249
185133,p_279699
117421,p_16794
117424,p_16794
117425,p_16794
117426,p_16794
185188,p_242260
185190,p_234877
185199,p_279807
185282,p_233801
185381,p_279897
185501,p_70877
185509,p_279953
67035,p_103504
185732,p_17627
185821,p_123543
81614,p_112910
72128,p_90445
120428,p_87505
186536,p_231876
180926,p_280771
187130,p_281256
138331,p_106148
187566,p_249807
187689,p_58728
187954,p_281755
188011,p_46367
188070,p_70103
188387,p_96930
188424,p_282289
188434,p_25340
188435,p_17520
188530,p_96119
188601,p_282420
188601,p_57913
188779,p_258329
188779,p_251964
189016,p_282755
189449,p_283239
189449,p_56229
189493,p_283255
189502,p_134765
189637,p_24485
190199,p_283794
190241,p_11523
190248,p_125739
190289,p_209119
190368,p_124920
190370,p_6648
190386,p_137983
190398,p_132595
190573,p_281844
190895,p_41616
190986,p_227638
970,p_14396
1289,p_16375
1332,p_16375
1507,p_121035
3325,p_15037
3327,p_76842
6290,p_87123
6563,p_65408
6750,p_45645
6751,p_45645
6791,p_25873
7050,p_15196
7074,p_80243
7841,p_12632
7845,p_45645
7918,p_58072
8179,p_47020
8186,p_86075
8189,p_18596
8190,p_9556
8191,p_103504
8192,p_96847
8250,p_65408
8251,p_65408
8365,p_35934
8538,p_90187
8543,p_90187
8544,p_90187
8598,p_34653
8610,p_55278
8623,p_86854
8746,p_33279
9150,p_85812
9154,p_87421
9590,p_1461
12066,p_65408
12295,p_44506
12333,p_59781
12334,p_59781
12735,p_21561
12746,p_63513
13298,p_44132
13301,p_44142
13318,p_72081
13783,p_123005
13823,p_31900
13960,p_59781
13961,p_59781
13975,p_26077
14004,p_27744
14005,p_27744
14019,p_26077
14021,p_26077
14022,p_26077
14032,p_27744
14052,p_27744
14053,p_27744
14194,p_12523
14205,p_33316
14223,p_12523
14237,p_76558
14247,p_76558
14260,p_57134
14283,p_12524
14293,p_112485
14322,p_207920
14366,p_12627
14627,p_86854
15009,p_57436
15010,p_72258
15133,p_14996
15257,p_95523
15270,p_2388
15297,p_91960
15298,p_91960
15327,p_108850
15343,p_9807
15349,p_88127
15351,p_88127
15352,p_31900
15353,p_67576
15357,p_25580
15392,p_31900
15395,p_42105
15396,p_9807
15398,p_2391
15402,p_88127
15403,p_88127
15411,p_90440
15447,p_56000
15448,p_47081
15449,p_55116
15460,p_74400
15518,p_86078
15523,p_85701
16068,p_50739
16073,p_50739
16308,p_86763
16311,p_47092
16373,p_99760
16380,p_9556
16474,p_65310
16502,p_147534
16503,p_55116
16801,p_87505
16812,p_103478
16826,p_38755
16954,p_85791
16961,p_85796
17004,p_85808
17154,p_85820
17553,p_19488
17693,p_86776
17713,p_39460
17714,p_39460
17722,p_41270
17732,p_56539
17832,p_88127
17873,p_14396
17874,p_14396
17891,p_14396
17933,p_15041
17934,p_15041
17935,p_15041
17938,p_15041
17992,p_68770
18008,p_34453
18052,p_81933
18063,p_34289
18139,p_67478
18140,p_67478
18252,p_31900
18253,p_31900
18274,p_65678
18383,p_26034
18455,p_15451
18524,p_72125
18565,p_110557
18688,p_102756
18704,p_57870
18756,p_93374
18763,p_88007
18850,p_88111
18854,p_68359
18855,p_68359
18871,p_63709
19068,p_86915
19070,p_91318
19168,p_44507
19177,p_55257
19314,p_53215
19327,p_53215
19412,p_15451
19423,p_59635
19566,p_34453
19611,p_85820
19613,p_103245
19614,p_85820
19615,p_85820
19616,p_85820
19626,p_89068
19635,p_47092
19640,p_87123
19717,p_16378
20058,p_89764
20060,p_89764
20069,p_88751
20234,p_85701
20410,p_90179
20490,p_41783
20574,p_89066
20580,p_51915
20589,p_84448
20613,p_51915
20872,p_14396
20874,p_14396
20878,p_14396
20935,p_42111
20936,p_88127
20937,p_88965
20965,p_15712
20966,p_15712
20974,p_89473
21167,p_55195
21168,p_55195
21233,p_2775
21442,p_26034
21574,p_90179
21630,p_59164
21696,p_87952
21697,p_87952
21996,p_87070
22095,p_14396
22096,p_14396
22098,p_14396
22101,p_14396
22106,p_14396
22108,p_14396
22135,p_14396
22140,p_14396
22150,p_14396
22151,p_14396
22159,p_14396
22161,p_14396
22169,p_14396
22172,p_14396
22198,p_14396
22199,p_14396
22493,p_89060
22666,p_90179
22667,p_90179
22672,p_90179
23038,p_86915
23051,p_80243
23143,p_28741
23300,p_74234
23305,p_89340
23495,p_41424
23520,p_25938
23549,p_28741
23631,p_28741
23680,p_91960
23718,p_43222
23733,p_43222
23734,p_19509
23858,p_86854
23925,p_88873
24135,p_94147
24231,p_54914
24249,p_86064
24484,p_85820
24696,p_34517
24698,p_34517
24704,p_34517
24718,p_34517
24729,p_34517
24752,p_34517
24782,p_34517
24861,p_34517
24887,p_278167
25204,p_86579
25336,p_15451
25341,p_15451
25656,p_159331
25685,p_34517
25686,p_34517
25695,p_34517
25760,p_86075
26103,p_26034
26104,p_26034
26191,p_55195
26330,p_2390
26546,p_86579
26547,p_86579
26566,p_86579
26595,p_87123
26793,p_41215
26799,p_41257
26923,p_97131
27002,p_98029
27432,p_43222
27736,p_191096
27737,p_191096
27883,p_14400
27889,p_15451
27894,p_15043
27900,p_15451
27970,p_15451
27982,p_15043
27983,p_15043
27984,p_15451
27987,p_14400
27989,p_15451
27991,p_14400
27992,p_14400
28009,p_41257
28038,p_86579
28042,p_86579
28111,p_89060
28251,p_91855
28405,p_14409
28421,p_14400
28422,p_14400
28540,p_14400
28585,p_15451
28643,p_14400
28644,p_14400
28661,p_14400
28665,p_100538
28677,p_14400
28678,p_14400
28757,p_64830
28758,p_35934
28759,p_35934
28760,p_64830
28761,p_102128
28762,p_102128
28944,p_16187
28945,p_16187
28955,p_185335
28956,p_185335
28962,p_51228
28975,p_100687
28976,p_100687
28986,p_101182
29055,p_89998
29314,p_41257
29315,p_41257
29429,p_44506
29602,p_86579
29612,p_86579
29785,p_94974
29796,p_125585
29850,p_41238
29852,p_41238
29865,p_87670
29920,p_15657
29923,p_52094
29939,p_41215
29965,p_89764
29971,p_89764
29972,p_89764
30016,p_89764
30046,p_89764
30063,p_89764
30070,p_89764
30112,p_15041
30262,p_90179
30483,p_55447
30517,p_56131
30518,p_56131
30618,p_100637
30754,p_2380
30761,p_91855
30938,p_89975
30942,p_89473
31068,p_15239
31558,p_87873
32179,p_23946
32180,p_97030
32185,p_88607
32186,p_88607
32191,p_86081
32192,p_86081
32198,p_89060
32201,p_88607
32331,p_90719
32332,p_90719
32486,p_87713
32494,p_87713
32520,p_87713
32566,p_15047
32567,p_15047
32588,p_57425
32595,p_15047
32608,p_15047
32632,p_15451
32633,p_15451
32730,p_729
32751,p_56131
33158,p_91960
33183,p_88127
33343,p_25546
33406,p_33722
33407,p_107149
33408,p_107149
33442,p_107765
33824,p_42105
33830,p_27744
33831,p_27744
33848,p_33279
34265,p_111020
34366,p_42105
34367,p_42105
34371,p_89975
34372,p_102792
34373,p_15712
34550,p_138182
34829,p_42105
35425,p_21475
36194,p_114934
36204,p_103504
36783,p_29009
36789,p_80243
38127,p_11359
38427,p_95909
38431,p_103478
39016,p_155739
39434,p_26077
39464,p_47081
39629,p_122289
39645,p_223917
39648,p_92917
41504,p_126075
41853,p_42105
42591,p_36185
42606,p_42105
42629,p_25580
42823,p_55195
42861,p_15798
43072,p_88007
43086,p_97451
43301,p_55195
43305,p_55195
43306,p_55195
43315,p_55195
43316,p_55195
43930,p_55195
43931,p_55195
43940,p_55195
43941,p_55195
43945,p_55195
43946,p_55195
43950,p_55195
43951,p_55195
44426,p_156665
44447,p_88127
44448,p_31900
44457,p_25580
44458,p_110511
44524,p_85808
44788,p_55195
44792,p_55195
44793,p_55195
45462,p_57359
46125,p_56131
46141,p_40550
46445,p_85701
46545,p_83028
46559,p_83028
46567,p_83028
46568,p_83028
46681,p_159331
46684,p_159331
46690,p_159331
47123,p_52602
47750,p_141016
47753,p_136288
48464,p_151550
48529,p_34289
48534,p_138
48535,p_138
49039,p_55195
49452,p_30477
49805,p_141016
50350,p_156150
50352,p_84939
50615,p_156099
50648,p_141016
50826,p_33722
50836,p_33722
50844,p_110874
50847,p_44808
50861,p_94974
51134,p_116745
51300,p_141016
51301,p_141016
51631,p_38755
52104,p_169887
52447,p_2223
52571,p_124657
52574,p_16834
52652,p_78222
52769,p_165968
52772,p_14996
53306,p_64171
53459,p_86085
53462,p_94398
53464,p_86085
53466,p_85701
53467,p_86085
53997,p_33279
54003,p_33279
54012,p_34289
54022,p_86085
54035,p_94398
54036,p_106305
54371,p_193330
54600,p_67966
54602,p_164013
54603,p_164012
54604,p_164012
54606,p_67966
54608,p_164018
54618,p_164013
54619,p_164013
54759,p_164403
54981,p_139047
55173,p_49962
55369,p_34517
55371,p_34517
55423,p_43954
55517,p_43468
55575,p_164013
55578,p_164013
55579,p_164013
55582,p_109601
55590,p_164012
55598,p_109918
55599,p_109601
55601,p_164013
55603,p_166384
55930,p_99106
56953,p_164013
56962,p_86085
57236,p_85791
57237,p_85791
57240,p_88007
57257,p_88007
57258,p_90388
57259,p_85791
57980,p_41241
57981,p_41241
58000,p_141016
58030,p_68359
58034,p_173565
58035,p_173565
58056,p_21360
58132,p_41238
58134,p_41215
58136,p_41241
58168,p_16834
58280,p_85791
58283,p_90388
58296,p_85791
58397,p_177530
58398,p_177530
58408,p_177530
58418,p_41241
58425,p_15657
58433,p_41215
58558,p_68359
58578,p_102427
58919,p_157332
58956,p_68359
58957,p_68359
59289,p_68359
59290,p_68359
59569,p_98642
59570,p_98642
59572,p_98642
59577,p_98642
59578,p_98642
59989,p_146456
59990,p_146456
59999,p_146456
60200,p_55195
60221,p_38023
60237,p_63713
60489,p_140889
60522,p_113446
60523,p_113446
60646,p_85733
61371,p_41241
61374,p_41228
61683,p_97131
61714,p_44797
61766,p_33485
62011,p_51851
62028,p_93133
62093,p_122289
62627,p_110511
62628,p_110511
62689,p_69982
63566,p_81975
63581,p_44507
63642,p_133130
63655,p_81933
63849,p_179477
63891,p_33316
64862,p_15106
65078,p_15042
65169,p_57115
65243,p_121532
65358,p_91960
65359,p_70008
65366,p_94473
65367,p_99760
65373,p_94147
65379,p_37593
65380,p_94473
66414,p_151166
67068,p_82433
67219,p_94372
67337,p_55195
67485,p_25395
67549,p_87445
67551,p_47007
68290,p_154378
68332,p_19272
68933,p_79737
68995,p_145477
69334,p_59026
69560,p_14396
69563,p_14396
69569,p_86087
69578,p_115591
69877,p_115591
70054,p_79737
70079,p_15041
70081,p_15041
70082,p_15041
70097,p_80243
70338,p_210746
70341,p_192979
70342,p_192979
70377,p_90179
70393,p_86915
70493,p_86915
70575,p_79333
70675,p_15041
71052,p_55195
71157,p_36185
71176,p_56131
71187,p_191096
71545,p_108632
71826,p_28976
71938,p_34289
71939,p_34289
71944,p_16187
71945,p_34289
71961,p_119232
72024,p_14396
72084,p_221114
72311,p_44142
72322,p_44142
72324,p_41349
72335,p_133130
72343,p_34289
72344,p_76630
72382,p_14396
72389,p_103369
72562,p_121035
72563,p_121035
72568,p_86377
72598,p_88007
72676,p_133130
72711,p_90558
72721,p_17272
72722,p_17272
73078,p_79104
73106,p_119307
73107,p_57115
73108,p_88388
73109,p_221509
73110,p_147103
73111,p_223200
73112,p_101325
73113,p_196786
73114,p_119307
73115,p_79172
73116,p_15047
73157,p_51964
73158,p_51964
73536,p_89066
73569,p_15041
73575,p_15041
73815,p_56131
73832,p_56132
74006,p_44142
74144,p_56131
74254,p_191096
74255,p_191096
74285,p_38755
74318,p_191096
74335,p_191096
74336,p_100338
74432,p_215191
74540,p_55195
74662,p_88093
74889,p_60024
74897,p_87734
74907,p_28976
74912,p_28976
74913,p_28976
74975,p_65506
74976,p_79172
74977,p_15047
74978,p_196786
74979,p_103371
74980,p_226026
74981,p_101325
74982,p_88493
75002,p_243233
75195,p_85763
75528,p_64030
75529,p_73295
75595,p_95107
75659,p_52034
75665,p_36185
75694,p_85733
75698,p_227627
75703,p_85732
75922,p_40243
76361,p_33913
76362,p_33913
76373,p_132609
76375,p_99486
76382,p_133480
76494,p_165170
76495,p_165170
76500,p_33913
76501,p_33913
76545,p_42105
76631,p_65506
76687,p_58072
76712,p_79544
76721,p_55447
76722,p_55447
76725,p_92525
76727,p_45642
77047,p_225319
77049,p_152006
77058,p_100072
77136,p_180947
77152,p_85717
77405,p_40599
77406,p_40599
77411,p_165170
77412,p_165170
77423,p_185335
77424,p_185335
77448,p_2380
77462,p_159357
77464,p_54027
77631,p_225372
77694,p_14065
77733,p_185335
77855,p_12988
77921,p_15041
77995,p_85700
78058,p_19143
78063,p_133511
78226,p_15959
78227,p_15959
78229,p_70765
78314,p_80480
78315,p_55278
78321,p_55450
78326,p_55278
78597,p_25581
78837,p_109601
78838,p_109601
78898,p_34194
78930,p_89473
78965,p_34421
78972,p_185335
79098,p_21278
79120,p_14874
79184,p_41215
79270,p_88881
79272,p_110511
79440,p_15041
79441,p_15041
79457,p_109601
79458,p_109601
79459,p_109601
79730,p_221509
79849,p_21278
79855,p_200310
79861,p_21278
80093,p_91855
80183,p_33913
80196,p_95771
80204,p_173565
80494,p_15451
80665,p_80243
80666,p_156631
80810,p_21278
80883,p_12345
80884,p_12345
80953,p_16375
80955,p_16375
81174,p_33485
81297,p_87205
81305,p_177770
81332,p_29779
81600,p_111780
82080,p_44132
82703,p_44132
82917,p_23946
82953,p_26034
83724,p_141016
84012,p_44506
84154,p_242908
84490,p_88965
84900,p_128884
86905,p_55195
86906,p_55195
86912,p_210594
86917,p_25543
87907,p_32175
88694,p_196786
88710,p_219659
88714,p_110562
88715,p_110562
88777,p_94995
90617,p_155363
90899,p_59287
91447,p_92917
91449,p_163279
91853,p_102457
92685,p_133069
93592,p_164865
93593,p_164865
93594,p_164865
93595,p_164865
93596,p_164865
93597,p_164865
94525,p_177770
94526,p_243233
94821,p_25580
94830,p_91960
94831,p_91960
94834,p_88127
94966,p_32393
95027,p_116209
95486,p_236633
95902,p_34517
97508,p_116209
97773,p_110557
98525,p_231551
99011,p_231549
99012,p_176875
99013,p_231551
100366,p_15862
100405,p_67990
101475,p_88968
101478,p_100121
103111,p_90445
103530,p_15043
103531,p_15043
103945,p_15043
103947,p_15043
103950,p_15043
103990,p_15451
104317,p_61357
104366,p_19346
104460,p_15043
104522,p_90711
105453,p_15043
105455,p_15043
105457,p_15043
105992,p_15043
106759,p_63272
106881,p_15521
107939,p_141521
108406,p_184215
108409,p_85763
108749,p_37041
108843,p_276435
109021,p_58059
109370,p_38599
109509,p_95517
109527,p_51853
109534,p_85810
110095,p_59287
111032,p_89764
111065,p_135967
111068,p_135967
111070,p_55450
111080,p_16117
111081,p_112485
111082,p_112485
111086,p_27728
111834,p_119307
112300,p_134874
113521,p_53657
114180,p_14396
114222,p_14396
114751,p_249179
114943,p_76630
115357,p_162848
115362,p_162848
117241,p_251521
117251,p_251521
117252,p_251521
117269,p_251522
117293,p_38250
117307,p_251521
117419,p_16794
117420,p_16794
117422,p_16794
117423,p_16794
118408,p_67570
118507,p_32393
121927,p_235004
122610,p_92525
122615,p_92525
122616,p_92525
122654,p_53216
122674,p_53216
122702,p_53215
123115,p_34517
123346,p_87445
123528,p_62378
123546,p_71901
123568,p_94987
123595,p_86081
123602,p_29009
123630,p_147534
124020,p_14172
124084,p_136855
124161,p_257418
125006,p_252278
125302,p_86285
126470,p_52049
126484,p_257418
126563,p_14405
126771,p_94987
126772,p_94987
126786,p_29009
126789,p_121650
126796,p_267355
126814,p_94987
126905,p_29009
126907,p_162848
127177,p_58573
128014,p_98250
129551,p_100121
130341,p_61750
130342,p_61750
130344,p_61750
130345,p_229664
130346,p_229664
130347,p_229664
130348,p_229664
131344,p_257418
132270,p_90558
132902,p_88756
135060,p_20814
135470,p_88607
135524,p_196786
135658,p_148018
135663,p_148018
136424,p_15858
136425,p_17278
136854,p_242908
138276,p_110562
138277,p_15047
138325,p_106148
138328,p_106148
138329,p_106148
138330,p_106148
138332,p_106148
138333,p_106148
138334,p_106148
139490,p_15239
139491,p_15239
141807,p_7145
141808,p_93016
141809,p_87868
143799,p_21819
144441,p_242303
145126,p_15798
145127,p_84828
145359,p_15106
145361,p_7145
145363,p_107134
145364,p_15106
145365,p_47005
145366,p_87505
145367,p_97131
145368,p_70777
145369,p_15042
145370,p_121035
145371,p_15106
145372,p_107134
145373,p_47005
145374,p_121035
145375,p_47640
145376,p_85732
145377,p_88751
145378,p_92525
145379,p_15106
149304,p_468
149539,p_88756
149544,p_89000
149556,p_85810
149637,p_121035
149638,p_121035
154489,p_1776
156668,p_68580
158217,p_9660
158677,p_9660
163530,p_98250
163531,p_98250
168729,p_276383
170456,p_87734
170724,p_59595
171160,p_264045
176342,p_85717
181388,p_244960
181503,p_278167
181504,p_278167
184940,p_125627
188513,p_2388
190933,p_284057
971,p_15041
973,p_14396
1020,p_15043
1118,p_15047
1764,p_15239
1764,p_90179
6234,p_89683
6240,p_197
6247,p_484
6259,p_54911
6260,p_54908
6263,p_15037
6449,p_54911
6452,p_87422
6648,p_54908
6649,p_54913
6651,p_54821
6666,p_54908
6669,p_197
6674,p_54911
6676,p_87422
6686,p_54821
6857,p_484
6859,p_91661
6866,p_197
7264,p_15020
7322,p_87422
7330,p_15020
7470,p_14997
7472,p_15020
7489,p_54916
7526,p_197
7546,p_88015
7573,p_54911
7579,p_54911
7582,p_234064
7605,p_106515
7618,p_484
7663,p_54821
7676,p_54908
7706,p_15020
7758,p_85766
7724,p_54913
7730,p_234064
7731,p_54908
7744,p_88082
7762,p_53215
7764,p_54911
7768,p_54821
7776,p_54916
8586,p_76924
8907,p_56215
8925,p_8600
8930,p_56836
11735,p_71048
12015,p_15041
12188,p_71595
12324,p_59781
12325,p_59781
12336,p_59781
12431,p_12180
13547,p_74534
13549,p_803
13854,p_54911
13862,p_88015
14033,p_27744
14668,p_78880
14762,p_81765
15134,p_14996
15453,p_55116
15524,p_85701
15787,p_83926
17868,p_14396
19639,p_87123
19639,p_69791
20011,p_89736
20068,p_88751
20248,p_85701
20877,p_14396
20890,p_14396
21427,p_102065
21924,p_26182
21928,p_91998
21943,p_15047
22121,p_14396
22176,p_14396
22193,p_14396
22200,p_14396
22201,p_14396
22210,p_14396
22236,p_14396
23237,p_93118
24911,p_15254
24956,p_178145
25308,p_92525
26137,p_239786
26629,p_85810
27352,p_98502
29267,p_30074
29561,p_90179
29561,p_15239
29562,p_90179
29562,p_15239
29563,p_90179
29563,p_15239
29564,p_90179
29564,p_15239
29566,p_90179
29566,p_15239
29568,p_90179
29568,p_15239
29569,p_90179
29569,p_15239
29571,p_90179
29571,p_15239
29572,p_90179
29572,p_15239
29574,p_90179
29574,p_15239
29575,p_90179
29575,p_15239
29576,p_90179
29576,p_15239
29577,p_90179
29577,p_15239
29578,p_90179
29578,p_15239
29579,p_90179
29579,p_15239
29581,p_90179
29581,p_15239
29582,p_90179
29582,p_15239
29583,p_90179
29583,p_15239
29584,p_90179
29584,p_15239
29585,p_90179
29585,p_15239
29618,p_86579
29618,p_138915
29879,p_27319
29895,p_8054
30110,p_15041
30619,p_100637
31633,p_194036
31635,p_136793
32682,p_12982
35213,p_110920
36979,p_50719
38495,p_119411
39336,p_110232
39754,p_54911
39759,p_88757
39871,p_107448
41618,p_125642
42379,p_128928
42652,p_85376
43220,p_132609
44107,p_88873
44552,p_138743
44880,p_101220
46614,p_177530
46908,p_6818
46910,p_6818
46911,p_6818
46913,p_6818
46916,p_146872
47204,p_69759
47783,p_510
49049,p_152836
49099,p_152909
49133,p_116209
49580,p_84258
49581,p_115064
49933,p_154933
50047,p_155216
50144,p_102457
50429,p_155803
50511,p_155986
50524,p_155993
50579,p_156059
51033,p_76082
51659,p_40506
51703,p_5125
51970,p_85849
51970,p_11824
52087,p_169887
52156,p_158892
52206,p_158959
52906,p_88490
52908,p_14994
53086,p_9956
53485,p_161911
53843,p_162658
53867,p_162685
54055,p_97679
54855,p_164568
54953,p_93604
55184,p_68002
55631,p_54913
55636,p_95532
55640,p_54913
55641,p_126172
55642,p_54911
55968,p_102457
55969,p_167254
56237,p_116209
57128,p_170903
57725,p_38810
58770,p_176646
58922,p_176640
59317,p_145918
59471,p_178606
59605,p_150123
59619,p_179233
59622,p_179235
59643,p_179305
59676,p_179351
59693,p_120627
59742,p_150661
59809,p_150661
59815,p_150661
60073,p_180074
60164,p_180361
60417,p_181013
61388,p_253618
61503,p_184694
61665,p_185278
61676,p_185303
62287,p_85701
62964,p_144369
62966,p_113514
63676,p_112860
63838,p_24011
64186,p_195968
64553,p_25598
64831,p_90094
64958,p_164643
65813,p_11523
65966,p_203960
66307,p_81184
66308,p_81184
66417,p_151166
66728,p_205724
66730,p_205726
66735,p_205783
66736,p_205784
66887,p_103787
67015,p_54908
67016,p_95532
67024,p_95532
67026,p_85766
67413,p_71174
67634,p_144369
67877,p_207758
67991,p_41604
68182,p_282373
68192,p_208650
68454,p_221637
68691,p_150745
69093,p_24
69311,p_212129
69829,p_214172
69831,p_214172
69833,p_214171
69890,p_214363
69912,p_171383
70014,p_90324
70109,p_55466
70621,p_163786
70878,p_151218
71490,p_16187
71490,p_51964
71491,p_16187
71491,p_51964
71782,p_219767
71891,p_219767
72087,p_105581
72531,p_222594
74074,p_271230
74313,p_84855
74503,p_85701
74959,p_54821
75245,p_126172
75250,p_54821
75344,p_85701
75650,p_54908
76546,p_41228
76546,p_42105
76629,p_155803
76897,p_41349
76897,p_133557
76898,p_41349
76898,p_133557
79240,p_54908
79243,p_54913
79246,p_207060
81573,p_19271
81573,p_19272
83843,p_133988
84843,p_182322
84955,p_71729
85081,p_229082
85126,p_85701
85127,p_85701
85410,p_229350
85652,p_91786
85808,p_229579
85809,p_211911
85958,p_67642
86062,p_229777
86304,p_54821
86306,p_95532
87045,p_40506
87799,p_117126
88372,p_231551
90747,p_254900
91857,p_234638
92081,p_54821
92386,p_211912
92416,p_234954
92545,p_54901
92644,p_162848
93242,p_97956
93621,p_235911
93622,p_67217
93869,p_236061
93889,p_18525
93954,p_235464
94704,p_18831
94724,p_235080
95045,p_167256
95095,p_122330
96008,p_20556
96909,p_99001
97269,p_71797
99342,p_6818
99509,p_238517
99709,p_238611
99803,p_238629
99944,p_238711
101988,p_239693
102110,p_88963
102114,p_88968
103561,p_241234
103893,p_54913
104264,p_95532
104265,p_207060
104589,p_219659
105471,p_88082
106369,p_2559
106455,p_242559
107109,p_242930
107448,p_243079
108431,p_120908
108435,p_243597
108671,p_243785
108694,p_243800
108695,p_141620
109252,p_244092
109358,p_244153
109996,p_160102
110155,p_244778
110678,p_243199
110907,p_162050
111219,p_187677
111388,p_107687
111434,p_18525
111464,p_171446
111661,p_141608
111662,p_141608
111663,p_115064
111664,p_225985
111671,p_141608
111731,p_141608
111766,p_112494
111928,p_112494
112061,p_141608
112097,p_246349
112132,p_163319
112252,p_246483
112357,p_163319
112486,p_207060
112492,p_163319
112631,p_17501
112660,p_246937
112759,p_247142
112791,p_78867
113136,p_247488
113324,p_247648
113347,p_163319
113385,p_163319
113386,p_163319
113690,p_173357
113811,p_173357
113836,p_3776
114182,p_173357
114250,p_173357
114292,p_67606
114625,p_158088
114971,p_177700
115102,p_249434
115436,p_249653
115845,p_250023
116015,p_156560
116068,p_250180
116069,p_250181
116070,p_250182
116355,p_250182
116486,p_250500
116762,p_84743
116819,p_84743
116983,p_84743
117010,p_251053
117162,p_84743
117699,p_141608
117853,p_252136
117925,p_252248
118280,p_117126
118478,p_252659
119046,p_253068
119463,p_143002
119621,p_167256
119903,p_253665
120151,p_161348
120378,p_100566
120383,p_103449
121163,p_250500
121219,p_84876
122726,p_484
122726,p_85820
122984,p_254679
123397,p_250182
123399,p_250182
125097,p_250182
126047,p_255082
126048,p_255082
126624,p_207060
126825,p_1524
126825,p_63272
127075,p_246030
127190,p_107634
127903,p_255434
128621,p_54911
128821,p_255481
129601,p_84880
130240,p_238388
130351,p_54913
131724,p_257018
135460,p_153560
135684,p_158892
135984,p_257685
136125,p_257716
136126,p_19864
136806,p_257774
137000,p_225978
137034,p_101854
137074,p_133988
137238,p_141555
137327,p_39012
138308,p_106148
138309,p_106148
138310,p_106148
138311,p_106148
138354,p_190570
138354,p_190571
138778,p_156531
138976,p_258520
139378,p_258732
140662,p_152627
141504,p_259395
142312,p_259539
142319,p_158990
142347,p_115074
142354,p_259557
142727,p_259636
143123,p_259863
143441,p_259957
143459,p_259971
143597,p_257389
143984,p_260184
144447,p_88015
144457,p_260412
144783,p_260540
145469,p_173357
145578,p_260925
146142,p_261066
146744,p_162226
147142,p_15115
147155,p_261824
147478,p_261895
147800,p_259863
148619,p_126640
148664,p_83573
148691,p_95532
148695,p_97956
148712,p_163888
149214,p_262869
149270,p_262947
149275,p_7017
149643,p_21037
150034,p_16137
150397,p_96817
150398,p_263370
150414,p_193319
150867,p_263806
151015,p_263960
151065,p_253573
151402,p_264273
151451,p_65602
152107,p_264648
152166,p_257365
152779,p_54913
153058,p_265351
153484,p_265482
153794,p_265768
154620,p_253922
155837,p_187094
156166,p_267000
156167,p_213413
158094,p_65414
158094,p_65630
158752,p_267716
160175,p_72301
161349,p_153563
163116,p_89615
163585,p_102328
163586,p_277433
163588,p_102192
163643,p_36417
163652,p_229916
163752,p_264648
167256,p_45134
167306,p_243079
167455,p_39298
168069,p_243079
168914,p_243079
172640,p_86176
172664,p_254116
173821,p_273933
174198,p_172881
174547,p_267480
175342,p_274881
175596,p_39012
175972,p_275445
176191,p_113787
176387,p_275802
176391,p_81590
176547,p_275961
176726,p_276022
176834,p_276092
177451,p_276433
178072,p_84753
178284,p_276868
178849,p_65429
179283,p_215329
179316,p_277636
180347,p_85376
180524,p_31654
180876,p_22020
181007,p_278301
181023,p_278318
181070,p_257018
181116,p_278420
181118,p_278429
181143,p_254690
181243,p_278491
181276,p_278521
181379,p_140580
181830,p_55018
182187,p_279341
182553,p_279381
185189,p_76596
185294,p_279889
185409,p_76596
185410,p_76596
186528,p_280453
186537,p_95471
186947,p_2338
187146,p_48193
187696,p_281604
187699,p_250181
187704,p_281614
187934,p_265351
187999,p_281828
188140,p_89683
188191,p_223
188262,p_250182
188757,p_282461
188995,p_65429
189293,p_6817
189563,p_96816
190108,p_65314
190154,p_201098
190156,p_283777
190176,p_283779
190178,p_283780
190233,p_1868
190267,p_68002
91,p_793
125,p_1126
959,p_14396
969,p_14396
972,p_15042
974,p_14396
1042,p_15043
1078,p_14396
1121,p_14400
1260,p_223926
1260,p_223927
2647,p_26767
2867,p_15344
3923,p_34140
6628,p_50862
6760,p_67300
6768,p_67300
6952,p_34289
8977,p_56458
9069,p_56893
10667,p_67319
10793,p_66833
12270,p_15425
13201,p_79546
13214,p_16834
13236,p_28976
13256,p_80488
13270,p_884
13704,p_74760
13721,p_99711
14695,p_19283
16363,p_85474
16403,p_86039
16441,p_34289
17348,p_86176
18403,p_15041
18715,p_58826
19191,p_236124
19707,p_89203
20887,p_14396
21042,p_90575
21947,p_219659
22206,p_14396
22226,p_14396
22752,p_12891
24800,p_270905
24953,p_108746
25051,p_281705
25901,p_239787
26723,p_96837
26723,p_49786
28378,p_33279
29255,p_14987
29259,p_34651
30760,p_25581
30785,p_103889
31297,p_201
31425,p_111916
33703,p_108542
33940,p_48193
33940,p_108723
34809,p_110092
36548,p_113787
39463,p_94481
39921,p_123030
41664,p_125920
42025,p_21768
42130,p_67919
44549,p_138731
45291,p_56370
45507,p_97956
46658,p_64438
47842,p_150260
48202,p_151064
49155,p_148538
51010,p_13015
51044,p_99711
51089,p_157065
51145,p_157118
51229,p_90
51572,p_89096
51572,p_89097
52002,p_30715
52169,p_24346
52548,p_171778
52989,p_65414
53174,p_161323
53992,p_51447
54944,p_7348
58676,p_175462
58676,p_175463
59512,p_281975
59531,p_67075
59608,p_179210
59613,p_179215
59641,p_1126
59660,p_17282
59863,p_75937
59863,p_170974
60074,p_53859
60246,p_180437
61210,p_16862
61330,p_184037
61330,p_71353
61350,p_65429
61512,p_184726
61512,p_184728
61513,p_184732
61513,p_184733
61947,p_174993
61947,p_174994
63505,p_54913
64322,p_236828
64398,p_70103
65262,p_114919
65398,p_58448
65825,p_203326
65833,p_164998
66084,p_76906
66302,p_103947
66305,p_103947
66355,p_53218
66765,p_195958
66826,p_87482
66826,p_273291
67114,p_86915
67707,p_207487
67772,p_41147
67778,p_9603
68395,p_78674
68860,p_107448
68896,p_208509
69514,p_212929
69826,p_214172
70125,p_628
70136,p_215105
70691,p_216538
71398,p_86069
71783,p_219767
71934,p_3776
75420,p_81184
75994,p_156205
76767,p_105041
79954,p_11523
81226,p_226816
81725,p_80387
81727,p_73391
81951,p_628
81960,p_152754
82134,p_98494
82487,p_227536
82750,p_227633
82751,p_227633
83389,p_227633
83390,p_227633
85103,p_70100
85122,p_85701
85412,p_229353
85412,p_229354
85902,p_92525
86147,p_65429
86272,p_229916
86272,p_15389
86622,p_230188
86622,p_230189
87722,p_230091
87964,p_212310
87986,p_93278
87988,p_55251
91063,p_109484
91064,p_233605
91396,p_234320
91702,p_228839
91755,p_177476
92152,p_95162
92152,p_113716
92466,p_197876
92657,p_155220
92908,p_235338
93223,p_235603
93223,p_110837
93240,p_97956
93240,p_235619
94406,p_15778
94522,p_152754
94543,p_155516
94543,p_236298
95540,p_45916
95835,p_85701
96140,p_236970
96428,p_60682
97192,p_20030
97192,p_90416
97947,p_237542
98496,p_96124
98721,p_19542
98950,p_211912
100404,p_67990
101100,p_239140
101824,p_230091
102375,p_240241
102653,p_175490
102705,p_89179
102705,p_89180
102898,p_89179
103312,p_241007
104068,p_241364
104582,p_67273
104582,p_241601
105708,p_126345
106447,p_242557
107204,p_179440
107779,p_58874
107782,p_243199
107858,p_243261
108234,p_243473
108400,p_127433
108438,p_238321
108451,p_243614
109087,p_243968
109265,p_244106
110213,p_111126
110222,p_244843
111195,p_20030
111195,p_90416
111370,p_245681
111547,p_75908
111584,p_90324
111584,p_245997
111626,p_6159
111631,p_246031
111660,p_141608
111707,p_246085
111707,p_246086
112900,p_230091
113009,p_4339
113174,p_221203
113174,p_247519
114162,p_100287
115103,p_213637
115564,p_35372
116572,p_163319
116639,p_209403
117361,p_251563
117442,p_240241
117447,p_251663
117447,p_251664
117631,p_57323
117631,p_88952
117957,p_223926
117957,p_223927
119026,p_228115
119026,p_47826
120107,p_190269
120286,p_253922
120386,p_6817
120386,p_253972
120542,p_169176
120542,p_169177
120550,p_254040
120550,p_254041
120626,p_254116
121252,p_71174
121277,p_254558
121334,p_84810
121334,p_254586
124325,p_254783
124325,p_67273
125693,p_254962
125693,p_254963
126051,p_229881
126906,p_29009
127567,p_240241
127902,p_78737
128811,p_255580
128814,p_255592
129058,p_52870
129647,p_256180
129722,p_33542
129754,p_256363
130754,p_256832
131616,p_161719
133248,p_257194
133248,p_257195
135356,p_184863
135356,p_257541
135555,p_257590
135667,p_255082
135983,p_257684
137006,p_257808
137006,p_257809
137270,p_11523
137331,p_257970
137331,p_257971
137986,p_21999
137986,p_74534
138603,p_89227
138954,p_96124
138968,p_155113
139374,p_258724
139374,p_258725
139916,p_258984
141150,p_259325
141862,p_259444
141862,p_178360
142537,p_259608
142537,p_158505
142687,p_103449
144895,p_143002
145529,p_230091
148214,p_262312
148214,p_262313
148218,p_143002
148562,p_262392
148538,p_4415
148625,p_262432
148625,p_158477
148975,p_58269
150415,p_5281
150744,p_263721
150744,p_263722
150896,p_263813
151047,p_90268
151377,p_264226
151377,p_264227
151400,p_11523
158460,p_57535
158644,p_72876
158644,p_72881
160489,p_95162
161071,p_8452
161071,p_15191
163054,p_268900
163365,p_135562
163365,p_135563
163497,p_54675
163596,p_269198
163596,p_269199
164051,p_30886
164218,p_163872
164387,p_11523
166287,p_270152
168074,p_270905
168075,p_270905
169468,p_272843
170284,p_147844
171132,p_164121
171945,p_169887
174407,p_274360
174407,p_274361
174509,p_274518
175610,p_275351
175970,p_57917
175970,p_275443
176739,p_5970
176739,p_9234
177662,p_276639
177662,p_276640
178742,p_41299
178742,p_277119
178769,p_277200
178769,p_57917
178796,p_162086
178816,p_277362
178816,p_277363
179307,p_277632
179307,p_277633
179308,p_277632
179308,p_277633
179327,p_277647
179327,p_277648
179506,p_564
179609,p_6817
179609,p_198624
179918,p_278110
179918,p_278111
181019,p_278314
181019,p_273656
181084,p_57617
181831,p_72156
181831,p_278847
182058,p_139841
182162,p_279250
184888,p_279599
184984,p_279633
185177,p_279785
185220,p_60473
185499,p_279940
185867,p_18335
185972,p_280204
185972,p_280205
186419,p_253324
186527,p_95162
186527,p_280451
186962,p_280667
186962,p_280668
187893,p_11523
188580,p_282403
188580,p_282404
188758,p_40336
188758,p_282462
189076,p_282788
189076,p_216538
189081,p_223
189102,p_282813
189560,p_177557
189560,p_177558
189803,p_257452
189803,p_173357
189804,p_257452
189804,p_173357
190232,p_283812
190243,p_11523
190246,p_41616
31,p_187
135,p_1486
960,p_14396
1009,p_15043
1242,p_484
1242,p_14997
1242,p_197
2537,p_16435
2663,p_27744
2896,p_17282
3829,p_33878
4000,p_34517
4005,p_34517
4009,p_34517
4010,p_34517
5818,p_27875
6730,p_81933
8415,p_52909
8421,p_55403
8421,p_55404
8654,p_12995
8868,p_56146
8868,p_56147
8878,p_56174
8904,p_56213
8908,p_15254
9577,p_36417
10811,p_26969
10957,p_67604
10957,p_67606
11625,p_57291
11693,p_71080
11728,p_66169
11891,p_4489
11991,p_15041
11995,p_15041
12420,p_72156
13310,p_25882
15205,p_81645
15926,p_88992
16117,p_84887
16412,p_88963
16414,p_86039
16416,p_85733
16421,p_88881
16428,p_81933
16429,p_81933
19354,p_88881
19946,p_89615
19999,p_89708
20229,p_85701
20734,p_71617
21050,p_84939
21230,p_17272
23532,p_93432
24726,p_1126
25445,p_62880
25740,p_67649
26007,p_15389
26679,p_9723
29182,p_101526
29182,p_101527
29254,p_101697
29348,p_102788
30885,p_104339
31044,p_49555
31242,p_16384
31510,p_2710
32264,p_16863
34869,p_1032
35347,p_111126
35724,p_65040
36320,p_135967
37077,p_115064
37141,p_65429
37329,p_28976
37460,p_282558
37460,p_282559
38311,p_66109
38617,p_120083
40050,p_106905
40981,p_124470
40983,p_25645
41580,p_125606
41581,p_125607
42434,p_103428
42784,p_132955
43335,p_281466
43423,p_245894
43436,p_133988
44292,p_96124
44481,p_84756
45141,p_140914
45361,p_5026
45391,p_141546
45436,p_19864
45498,p_141785
45972,p_11233
45979,p_143662
46642,p_145929
46909,p_6818
46912,p_6818
47152,p_64992
47255,p_45134
47270,p_85970
47594,p_149321
47689,p_149721
47941,p_148461
48643,p_199892
48738,p_152342
48845,p_152546
49423,p_153630
49423,p_79008
50158,p_155357
50232,p_137718
50234,p_155526
50234,p_283173
50303,p_100703
50902,p_106591
51026,p_36465
51356,p_108746
51480,p_157334
51823,p_158088
52239,p_159100
52856,p_156839
52858,p_152627
53144,p_229361
53788,p_100599
53861,p_279629
53861,p_279630
55183,p_165179
55283,p_165434
55402,p_165896
55798,p_166760
55882,p_150661
56162,p_137104
56843,p_169812
56988,p_5065
57832,p_173113
58097,p_25897
58518,p_111715
58692,p_175489
59331,p_177964
59610,p_1868
59611,p_179211
59740,p_116745
59934,p_56206
59946,p_53859
60064,p_53859
60065,p_53859
60072,p_53859
60072,p_44216
60075,p_53859
60080,p_53859
60554,p_93692
60586,p_98642
61119,p_166575
61605,p_91185
61606,p_91185
61902,p_185889
61967,p_186182
62145,p_164123
62145,p_186783
63013,p_84680
63426,p_21183
63538,p_13848
63607,p_34733
63689,p_92157
63689,p_92155
64088,p_167781
64174,p_195958
64255,p_76894
64355,p_85226
64482,p_91185
64607,p_198449
64716,p_37948
64814,p_103088
64842,p_199857
65145,p_96652
65260,p_114919
66082,p_64992
66082,p_204309
66082,p_204310
66254,p_6817
67094,p_100207
67113,p_86915
67414,p_71174
67643,p_155513
67643,p_155514
67711,p_38585
67757,p_150661
67804,p_58052
67822,p_207643
67822,p_207644
67972,p_30207
68001,p_111511
68195,p_86482
68496,p_27866
68624,p_48330
68690,p_126668
68690,p_163783
68802,p_28118
69113,p_158692
69113,p_158206
69780,p_167178
69832,p_214187
69950,p_214584
70123,p_608
70287,p_24280
70287,p_24281
70508,p_40485
70769,p_86481
70827,p_141463
71418,p_45642
72022,p_3776
72083,p_221114
72468,p_43664
72642,p_86200
73034,p_222998
73045,p_160221
73962,p_160726
74096,p_70008
75805,p_94147
76027,p_224545
81726,p_80387
81819,p_20026
82079,p_223617
82229,p_227372
82229,p_227373
82570,p_227542
83040,p_190269
84105,p_177530
84560,p_105721
85215,p_24530
85223,p_7
85962,p_16806
86383,p_18525
86418,p_230091
86460,p_68762
86582,p_177504
86582,p_226816
86822,p_230340
87064,p_230581
87329,p_230861
88405,p_231578
88405,p_231579
88405,p_231580
88679,p_231797
88679,p_231798
88770,p_231776
90529,p_233605
90768,p_186783
91559,p_234421
91734,p_234557
91863,p_234644
92367,p_5690
92523,p_793
92884,p_4147
92884,p_152754
93023,p_235464
93113,p_152342
93620,p_235908
93620,p_235909
93620,p_235910
95362,p_96124
95545,p_49618
95645,p_92547
95645,p_61300
95739,p_236749
96816,p_44114
97521,p_237417
98046,p_152754
98046,p_234264
98237,p_165339
99060,p_127433
99198,p_108446
99800,p_238621
102490,p_240296
104542,p_241594
104709,p_18864
105489,p_67259
106592,p_155787
106594,p_20658
106851,p_212315
107843,p_93604
107843,p_74284
108144,p_49252
108537,p_27213
109117,p_80574
110236,p_244890
111523,p_162086
111523,p_23683
111614,p_84880
113200,p_67570
113353,p_247720
113353,p_247721
113452,p_247836
113452,p_247837
114771,p_7087
115135,p_249453
115135,p_249454
117429,p_203594
117600,p_251861
118550,p_607
119394,p_225202
119394,p_253324
119532,p_67547
119532,p_178360
119532,p_253431
121280,p_226834
121280,p_254559
121416,p_68998
121427,p_68998
124570,p_230443
126855,p_86285
127901,p_255432
127901,p_255433
130061,p_256541
130169,p_178180
130794,p_109319
132176,p_85376
134488,p_257404
134488,p_257405
137291,p_257951
137893,p_258116
139306,p_258706
139306,p_125637
139306,p_258707
139741,p_258857
144484,p_260434
144717,p_260505
146693,p_168995
148973,p_262715
148973,p_89179
148973,p_159439
149064,p_262775
149064,p_262776
149258,p_262922
150399,p_263371
150400,p_85685
150409,p_263390
150409,p_263391
150536,p_263530
150868,p_66642
150868,p_257365
151059,p_172429
153002,p_243261
153302,p_2408
153538,p_103656
153538,p_265517
154446,p_309
154927,p_262435
155786,p_266811
158096,p_207479
159338,p_74195
159338,p_74194
159681,p_3977
163571,p_269162
165502,p_111001
171979,p_272988
175956,p_275420
175956,p_275421
176912,p_1650
179145,p_43951
179145,p_85969
179145,p_277480
179707,p_278049
181080,p_99089
181420,p_278635
181505,p_278167
181827,p_251889
182033,p_237276
182033,p_237275
187694,p_281596
187845,p_62985
187845,p_62987
188206,p_282122
190242,p_11523
190363,p_135359
3,p_16767
130,p_1414
736,p_10887
1122,p_14400
1141,p_1745
1142,p_135967
1394,p_8452
1983,p_20421
2740,p_27766
3168,p_31008
3680,p_33640
3697,p_32495
3830,p_33878
3867,p_31804
3922,p_31804
4373,p_15766
5074,p_41049
7376,p_55705
8128,p_53859
8585,p_55501
8932,p_56376
9487,p_7879
9662,p_21768
9907,p_4489
10380,p_64949
10380,p_21879
10666,p_66150
11047,p_67919
11125,p_68233
11225,p_68656
11402,p_14293
11836,p_70651
12474,p_72404
12552,p_72876
12726,p_73429
13573,p_62410
14574,p_19842
14613,p_209507
14630,p_78641
14650,p_78755
15179,p_87063
15533,p_76573
16216,p_85341
16333,p_85376
16368,p_85495
17046,p_85831
17345,p_86167
17365,p_25395
17472,p_57608
20676,p_90319
21019,p_17272
21019,p_70766
21020,p_17272
21020,p_70766
21062,p_90622
22775,p_92407
22902,p_31409
23006,p_16401
23017,p_92690
23231,p_93103
23232,p_93108
23280,p_93139
23453,p_18899
24218,p_93704
24886,p_268454
25084,p_94147
25440,p_78060
25450,p_47059
25965,p_88252
26095,p_95496
26102,p_95517
26393,p_96107
26678,p_96652
26695,p_96688
26803,p_52094
26907,p_97078
27038,p_97246
27364,p_31310
27506,p_98854
27531,p_98981
27610,p_99133
27610,p_99134
28183,p_99855
29229,p_101613
29261,p_102788
29272,p_30074
31591,p_20732
33238,p_40301
33819,p_108556
34313,p_110407
34313,p_56339
34466,p_109767
34876,p_110320
35702,p_27875
35941,p_112452
35963,p_55785
36339,p_30956
36643,p_114081
37002,p_114919
37089,p_36148
38007,p_14396
38793,p_66942
38793,p_57035
38858,p_120880
39051,p_14396
39081,p_121267
39584,p_122190
39717,p_122495
39920,p_123030
41588,p_125613
41696,p_126080
41975,p_205550
42071,p_85586
42089,p_86167
42343,p_128903
42386,p_20025
42496,p_129561
42522,p_130568
42785,p_55018
42785,p_125177
43625,p_135155
44210,p_53859
44479,p_84753
44698,p_139180
44742,p_139440
44759,p_139560
44811,p_40613
45330,p_141317
45359,p_5026
45363,p_5026
45501,p_141795
45518,p_37626
46447,p_114919
46824,p_146633
46844,p_95909
47257,p_36417
47375,p_148689
47605,p_190374
48231,p_151136
48564,p_151896
48852,p_88216
49634,p_18863
49634,p_44114
49914,p_133010
50138,p_5854
50329,p_6817
50404,p_155767
50683,p_156205
50931,p_156850
51102,p_157078
51261,p_108746
51481,p_157334
51554,p_103947
51570,p_76894
51578,p_108746
51655,p_26595
51704,p_157934
51816,p_158094
51941,p_105440
52217,p_158990
52217,p_71797
52252,p_159121
52422,p_157334
53016,p_64423
53088,p_70945
53148,p_47252
53837,p_52701
53837,p_91758
53994,p_76894
54061,p_28615
54079,p_104733
54100,p_2303
54138,p_55161
54480,p_2294
54848,p_8452
55061,p_103088
55118,p_134975
55160,p_6817
55163,p_165854
55664,p_166462
55786,p_166654
55998,p_23683
55998,p_162086
56574,p_157334
56690,p_117352
57033,p_170342
57781,p_68315
58069,p_129296
58221,p_65981
58378,p_168310
58668,p_175439
58740,p_2801
58747,p_175849
59150,p_100202
59150,p_177504
59255,p_16973
59409,p_155787
59733,p_150661
59817,p_150661
59915,p_1868
59926,p_1868
59940,p_1868
59941,p_1868
60088,p_180169
60239,p_107359
60278,p_148118
60467,p_84625
60593,p_181615
60927,p_55156
61479,p_184624
61604,p_91185
61631,p_185336
61659,p_157334
62406,p_113278
63012,p_190345
63045,p_152159
63047,p_152159
63199,p_20869
63444,p_192683
63444,p_192684
63446,p_192687
63606,p_230443
63606,p_230444
63683,p_154648
63835,p_24011
63920,p_194520
63927,p_194525
63934,p_194540
64083,p_112452
64084,p_112452
64090,p_167781
64091,p_115417
64313,p_196750
64323,p_124526
64323,p_196794
64490,p_91185
64496,p_91185
64544,p_198079
64566,p_73761
64630,p_6817
64670,p_205886
64761,p_157334
64733,p_199198
64751,p_199232
64839,p_155787
64841,p_121737
64843,p_155787
65261,p_114919
65488,p_34289
66167,p_161657
66229,p_105485
66236,p_40506
66313,p_20023
66409,p_163627
66410,p_163627
66660,p_205538
66909,p_37860
67007,p_206180
67056,p_206232
67057,p_206236
67058,p_206238
67059,p_206232
67293,p_206639
67293,p_89078
67672,p_52870
67678,p_150661
67685,p_18899
67703,p_75584
67727,p_150991
67733,p_17268
67734,p_207527
67787,p_66228
67787,p_207609
67832,p_207663
68041,p_5763
68350,p_88011
68473,p_2814
68586,p_122485
68605,p_127433
68699,p_105212
68774,p_209792
68829,p_166286
68850,p_47157
69126,p_77619
69126,p_50314
69582,p_17282
70023,p_87868
70132,p_215099
70132,p_215100
70132,p_215101
70143,p_141463
70476,p_3776
70630,p_95299
70839,p_86167
70844,p_217373
71426,p_19303
71905,p_46230
71933,p_224397
72089,p_105581
72090,p_105581
72110,p_221144
72233,p_9607
72434,p_78749
72453,p_222313
72455,p_222318
72554,p_86081
73037,p_124526
73038,p_223007
73852,p_88664
74099,p_70008
74160,p_223373
75451,p_126906
75727,p_36639
75829,p_224378
75902,p_43982
75973,p_224464
75986,p_224481
75992,p_24011
75995,p_156205
76026,p_224541
76031,p_125177
76031,p_214190
76068,p_87865
76399,p_94075
76785,p_200122
77246,p_224955
77297,p_67813
77356,p_20026
77378,p_225026
77565,p_90967
77766,p_225141
77841,p_225241
79183,p_225578
79606,p_97636
79674,p_225786
79707,p_225836
79775,p_225865
80238,p_226196
80238,p_226197
80364,p_223000
80475,p_203326
80475,p_226375
81017,p_71174
81076,p_226774
81408,p_226884
82021,p_9264
82204,p_227332
82780,p_136251
83077,p_226065
84106,p_177530
84166,p_44508
84902,p_228839
85208,p_48070
85585,p_36185
86063,p_151458
86064,p_179156
86354,p_20658
86754,p_69759
87026,p_230539
87178,p_230698
87302,p_226883
87755,p_231212
88603,p_91957
88610,p_108746
88795,p_226881
89646,p_232448
91180,p_231541
91784,p_34017
92205,p_39639
92464,p_234980
92677,p_67590
92677,p_67589
93098,p_117352
93759,p_89179
93792,p_108746
94043,p_85701
94045,p_236103
94190,p_236124
94598,p_236329
95074,p_85701
95075,p_85701
95412,p_96124
95491,p_39639
95745,p_236770
97143,p_237275
97143,p_237276
98232,p_199198
98234,p_199198
98235,p_165339
98916,p_238171
99197,p_108446
101147,p_213413
102600,p_245495
102605,p_240350
103175,p_235057
103583,p_158889
103583,p_241160
105508,p_242082
105909,p_57917
105909,p_242249
106113,p_242336
106113,p_242337
106658,p_89427
108535,p_243713
108607,p_226834
109706,p_150661
110815,p_226974
112156,p_47621
112286,p_174542
112380,p_117249
112847,p_66942
113004,p_247373
113342,p_25395
114254,p_158332
114750,p_64195
114967,p_57917
114967,p_249310
115192,p_249470
116683,p_244172
117122,p_12160
117132,p_72248
117529,p_20503
117529,p_61300
119032,p_253060
121012,p_254313
121012,p_254314
121091,p_199416
125394,p_254876
125956,p_255021
125956,p_255022
126081,p_37942
126954,p_87241
129483,p_8296
129483,p_46366
129483,p_27992
130203,p_123224
130203,p_123225
137410,p_258011
137410,p_258012
137410,p_231776
145552,p_260907
147480,p_261896
148212,p_66843
148911,p_262642
148972,p_130610
148972,p_158692
152203,p_264762
152383,p_264938
152946,p_265308
153749,p_92368
153877,p_91272
162465,p_67924
166295,p_270177
169378,p_265870
172316,p_123225
172316,p_123224
172532,p_40345
172532,p_12881
172576,p_273257
172576,p_273258
172576,p_273259
172576,p_273260
174346,p_266505
174347,p_274261
174412,p_1012
174497,p_156808
175377,p_256904
175461,p_103504
175462,p_275184
175600,p_96402
176199,p_263391
176199,p_263390
176426,p_275882
176428,p_249216
176428,p_275892
176810,p_163607
177826,p_276736
178355,p_276952
178380,p_276984
179260,p_276205
181083,p_57617
181310,p_236972
181490,p_149726
181500,p_268454
181501,p_268454
181502,p_268454
181919,p_27954
182083,p_93709
185100,p_279675
185975,p_70333
186413,p_235022
186978,p_11523
187695,p_281600
187835,p_281641
187853,p_281655
188149,p_2061
188193,p_231854
188397,p_282260
189112,p_257821
189816,p_271596
190287,p_283875
190287,p_283876
190287,p_164750
190287,p_283877
190966,p_284082
126,p_1126
126,p_1396
1008,p_15043
1658,p_18428
2010,p_20658
2534,p_25873
2751,p_27847
2804,p_28217
3041,p_32166
3692,p_33724
4709,p_39058
5843,p_45996
8447,p_55038
8821,p_71468
8894,p_24011
8935,p_56379
8959,p_56423
9502,p_57741
9502,p_57742
9633,p_18502
9730,p_64195
10259,p_64452
10369,p_33036
10792,p_2352
10797,p_66879
10797,p_66880
10797,p_58268
11150,p_41788
11334,p_69038
11389,p_69174
11390,p_69174
11530,p_11201
11599,p_71056
11682,p_38048
11719,p_56033
12098,p_38822
12135,p_71405
12221,p_73752
12256,p_23799
12406,p_23393
12428,p_72195
12434,p_25471
12480,p_72430
12602,p_33542
12800,p_73656
13112,p_124916
13553,p_65859
13802,p_69174
14181,p_43786
14399,p_76617
14632,p_78660
14633,p_78670
14635,p_78690
14643,p_78713
14647,p_78744
14782,p_79685
14878,p_82875
15466,p_81855
15539,p_82680
15727,p_975
15841,p_31074
15875,p_73282
15940,p_84444
16134,p_56865
16134,p_10099
16134,p_17282
16331,p_31214
18398,p_6817
18879,p_110530
19698,p_89179
19698,p_89180
19835,p_89377
19948,p_89618
19948,p_89619
20136,p_138
20138,p_18209
20296,p_10346
20314,p_90092
20316,p_90094
20446,p_21171
20463,p_628
20658,p_90311
21580,p_91430
22238,p_14396
23230,p_93099
23239,p_93119
23245,p_93127
23268,p_93136
23535,p_92131
23911,p_88873
24522,p_52567
24525,p_52567
25441,p_94704
25447,p_62880
25448,p_62880
25638,p_94916
26099,p_95510
26162,p_97613
26173,p_72430
26289,p_85226
26290,p_54767
26683,p_96663
27036,p_97245
27043,p_97277
27353,p_98509
27382,p_110358
27387,p_281552
27415,p_98756
27528,p_98974
27530,p_98980
27532,p_72647
27535,p_98996
27612,p_99149
27732,p_99411
28334,p_29448
28872,p_89066
29231,p_72191
29365,p_102788
29990,p_107515
30073,p_102823
30611,p_244791
31061,p_83967
31123,p_105000
31177,p_105052
31213,p_239788
31353,p_105723
31565,p_106219
31909,p_74024
33108,p_107340
33137,p_107359
33564,p_54607
33705,p_108376
34084,p_70580
35021,p_31074
35078,p_110624
35204,p_203426
35478,p_90351
35686,p_111762
35686,p_111763
35699,p_111792
36059,p_112245
36099,p_112860
36217,p_201610
36274,p_113218
36540,p_113741
36822,p_114454
37172,p_115419
37536,p_116543
37986,p_14396
38008,p_14396
38615,p_64508
38939,p_121019
39052,p_14396
39082,p_20025
39083,p_31074
39341,p_121737
39370,p_121799
39711,p_32244
39716,p_122489
40068,p_123426
41585,p_125612
41589,p_125614
41597,p_125623
41598,p_125624
41601,p_125626
41605,p_125630
41606,p_86107
41649,p_125822
41717,p_58608
41718,p_126164
41814,p_12698
41945,p_127231
42324,p_12180
42415,p_129067
42631,p_1844
42631,p_88952
42685,p_74384
42686,p_130777
43639,p_135159
43802,p_97167
43966,p_19516
44209,p_53859
44475,p_84855
44608,p_81933
44645,p_195188
44676,p_158827
44881,p_20025
45101,p_150192
45325,p_3831
45360,p_5026
45362,p_5026
45384,p_235758
45445,p_141739
45542,p_141991
45997,p_11809
46181,p_86167
46390,p_110232
46524,p_5306
46648,p_31775
46899,p_107185
47081,p_49010
47203,p_147986
47455,p_175654
47616,p_33542
47799,p_57665
47804,p_21841
48109,p_14396
48111,p_150849
48127,p_29888
48131,p_67753
48199,p_151055
48501,p_151630
48972,p_37860
49125,p_94881
49134,p_29471
49147,p_153047
49169,p_89614
49169,p_89179
49258,p_51073
49289,p_153364
49612,p_154301
49853,p_154648
49893,p_154895
50103,p_42365
50106,p_155246
50508,p_155984
50568,p_25513
50586,p_55728
50590,p_156070
50746,p_39639
50820,p_130851
50873,p_74408
51253,p_42274
51491,p_157481
51538,p_97803
51558,p_157687
51571,p_71174
51587,p_31890
51599,p_64992
51685,p_157885
51702,p_157591
51706,p_73639
51808,p_281363
51886,p_89704
51957,p_158751
52101,p_158827
52202,p_106302
52207,p_102628
52210,p_146003
52250,p_793
52354,p_3776
52487,p_19865
52819,p_160588
52953,p_11688
53000,p_125662
53000,p_149462
53166,p_64992
53205,p_161350
53234,p_155419
53283,p_64992
53472,p_161890
53601,p_265390
53685,p_19850
53695,p_162222
53803,p_162731
53847,p_73236
54014,p_166466
54053,p_126013
54054,p_139516
54177,p_36919
54229,p_67106
54304,p_163681
54570,p_37577
54711,p_95592
54739,p_127309
55270,p_24011
55278,p_92866
55296,p_91185
55382,p_52587
55469,p_60220
55615,p_166388
55682,p_113130
55975,p_116431
55987,p_102823
56202,p_156882
56278,p_89066
56385,p_157334
56467,p_93732
56553,p_169010
56577,p_169132
56844,p_169814
56900,p_32495
57140,p_100556
57353,p_171527
57532,p_172125
57743,p_150661
57871,p_173400
57897,p_56379
57912,p_150661
58190,p_174072
58347,p_157334
58520,p_73624
58706,p_103088
58732,p_93737
58836,p_17282
59097,p_19864
59174,p_8635
59373,p_102376
59539,p_178933
59539,p_178934
59621,p_11523
59698,p_10517
59705,p_67792
59739,p_131024
59741,p_162423
59847,p_179785
59850,p_21404
59870,p_179800
59929,p_1868
60082,p_179333
60122,p_41147
60130,p_180312
60181,p_64992
60548,p_181411
60574,p_6414
60585,p_98642
60588,p_98642
60614,p_101543
60757,p_72258
60944,p_182322
61352,p_119116
61570,p_184865
61754,p_91185
61845,p_69982
61989,p_186319
62236,p_37860
62237,p_187063
62279,p_48995
62298,p_111760
62527,p_188068
62595,p_120420
63002,p_190312
63002,p_142983
63046,p_152159
63433,p_192593
63604,p_8
63610,p_98700
63865,p_117697
63938,p_194588
64051,p_195133
64060,p_195220
64086,p_112452
64204,p_196049
64481,p_56578
64586,p_198234
64844,p_155787
64846,p_155787
64847,p_155787
65023,p_69579
65144,p_76894
65144,p_200682
65144,p_200684
65144,p_200686
65278,p_53657
65423,p_50870
65487,p_2388
65541,p_202391
65542,p_87241
65831,p_203357
66063,p_41147
66080,p_3200
66086,p_76894
66088,p_204322
66233,p_3317
66235,p_56213
66238,p_22562
66251,p_100898
66255,p_148118
66438,p_32244
66609,p_3776
66609,p_53782
66609,p_103071
66609,p_205478
66665,p_159572
66681,p_205587
66817,p_27002
67005,p_206177
67005,p_206178
67060,p_206240
67141,p_121092
67350,p_206861
67372,p_87830
67479,p_33485
67633,p_207308
67681,p_62410
67689,p_207469
67691,p_41092
67694,p_150661
67697,p_309
67702,p_78687
67706,p_25826
67706,p_44965
67722,p_150991
67765,p_197183
67775,p_18899
67788,p_3776
67788,p_1650
67792,p_163681
67797,p_95299
67823,p_5561
67838,p_207667
67844,p_207669
67911,p_207801
68138,p_208422
68141,p_208443
68151,p_119210
68172,p_281765
68314,p_208846
68320,p_208877
68410,p_180102
68430,p_2801
68456,p_118611
68471,p_209172
68472,p_84534
68488,p_184375
68501,p_72908
68512,p_57641
68515,p_48049
68537,p_13899
68546,p_180614
68669,p_209463
68697,p_48995
68730,p_27002
68801,p_209817
68815,p_53914
68823,p_20877
68830,p_166286
69051,p_210674
69051,p_151459
69278,p_236103
69673,p_221894
69824,p_214148
69843,p_27002
69903,p_214399
69921,p_59781
69952,p_6818
70108,p_134805
70240,p_73654
70443,p_6648
70474,p_3776
70539,p_86893
70612,p_281422
70690,p_112493
70869,p_217591
70936,p_32552
71088,p_72343
71228,p_40506
71433,p_219390
71691,p_219979
71879,p_160221
71929,p_15389
72118,p_3776
72118,p_53782
72208,p_84086
72211,p_221557
72327,p_97300
72456,p_222320
72461,p_222360
72477,p_76729
73041,p_223010
73473,p_4600
73967,p_10797
74091,p_11528
74166,p_52968
74652,p_95909
75048,p_21377
75216,p_223861
75241,p_20028
75826,p_36443
75833,p_89358
75947,p_224434
75972,p_224462
75974,p_150879
75975,p_66969
75978,p_92396
76021,p_69257
76025,p_153080
76342,p_26470
76344,p_104332
77521,p_22812
77549,p_36778
77570,p_223915
77840,p_65874
77845,p_141784
78089,p_31119
78090,p_27811
78557,p_225415
78721,p_223000
78894,p_87070
79092,p_116846
79651,p_225141
79655,p_223800
79705,p_223008
79706,p_173113
79956,p_20660
80036,p_94533
80072,p_226084
80302,p_15156
80353,p_226322
80637,p_88881
81136,p_155235
81145,p_69174
81236,p_11523
81281,p_50899
81285,p_226834
81289,p_4410
81342,p_18563
81365,p_108746
81405,p_226878
81557,p_104332
81622,p_173113
81624,p_35256
81653,p_37163
81738,p_121956
82006,p_51915
82112,p_184375
82169,p_227279
82394,p_56727
82490,p_40016
82923,p_5069
83180,p_81933
83363,p_227972
83616,p_25826
83727,p_124526
83733,p_90
83825,p_228191
83836,p_228215
84844,p_100573
85059,p_229068
85216,p_24530
85216,p_57542
85216,p_68448
85216,p_57543
85647,p_137071
85801,p_225987
85850,p_25340
86035,p_19937
86039,p_24011
86059,p_26882
86061,p_63868
86245,p_162311
86559,p_161918
86777,p_230315
86947,p_230369
87104,p_123644
87215,p_223811
87289,p_229650
87338,p_47242
87508,p_53090
88269,p_231497
88362,p_231541
88635,p_37899
88718,p_79151
88797,p_90351
88855,p_43553
88864,p_231843
88871,p_231854
88938,p_6818
88955,p_129459
88979,p_231941
89080,p_231982
89183,p_231997
89187,p_156882
89215,p_11528
89215,p_232024
89355,p_232199
89368,p_19069
89429,p_223811
89464,p_232363
89465,p_232363
89467,p_20718
89468,p_83151
89624,p_232426
89653,p_232454
89720,p_232597
90208,p_70100
90458,p_68
90488,p_11037
90593,p_103176
90771,p_19244
90850,p_225457
91127,p_138170
91132,p_70765
91143,p_111736
91402,p_136251
91413,p_234343
91582,p_106962
91599,p_56214
91767,p_234575
91843,p_8500
92050,p_145517
92054,p_91367
92239,p_56807
92323,p_234877
92409,p_234947
92429,p_29433
92467,p_148118
92471,p_20028
92561,p_38585
92565,p_235080
92580,p_31775
92749,p_235200
92793,p_20665
92794,p_232601
92911,p_38516
92961,p_20665
92974,p_170012
92979,p_235433
93025,p_4635
93095,p_81975
93101,p_235499
93193,p_108746
93271,p_235654
93334,p_235677
93375,p_160052
93391,p_235701
93392,p_235701
93488,p_99403
93488,p_99405
93522,p_235822
93522,p_235823
93579,p_196709
93582,p_208650
93713,p_235958
93750,p_91336
94086,p_166039
94171,p_9740
94222,p_126146
94358,p_64423
94409,p_14227
94475,p_152356
94476,p_89673
95007,p_225752
95071,p_26775
95079,p_236446
95342,p_236558
95361,p_160221
95381,p_39639
95383,p_236603
95419,p_11523
95446,p_67990
95447,p_109483
95617,p_236671
95631,p_225615
95679,p_223801
95687,p_25645
95747,p_236778
95748,p_42412
96343,p_237021
96558,p_136251
97013,p_39639
97083,p_96124
97239,p_3113
97575,p_39639
97596,p_75364
97645,p_237484
97647,p_237494
98279,p_148118
98340,p_11676
98942,p_135635
99046,p_64219
99196,p_108446
99801,p_238623
99856,p_238666
99939,p_223009
100003,p_86006
100424,p_125920
101132,p_223000
101133,p_223000
101510,p_239436
102262,p_29482
102462,p_41704
102669,p_111001
103177,p_235057
103567,p_73508
104238,p_241482
104326,p_241503
104326,p_241504
104357,p_229796
104396,p_729
104854,p_170738
105169,p_241938
105691,p_225216
106198,p_17119
106378,p_18356
106463,p_68519
106595,p_56206
106845,p_54794
107131,p_3556
107449,p_240950
107721,p_156205
108222,p_1188
108419,p_40599
108468,p_1188
108808,p_21305
109067,p_70333
109102,p_68
109635,p_244373
109810,p_24380
109849,p_37872
110693,p_245256
111668,p_19684
111687,p_246070
112275,p_246508
112512,p_97300
112527,p_49264
112668,p_89865
112733,p_96822
112793,p_247172
112797,p_240645
112921,p_27183
113345,p_89762
113398,p_135620
113541,p_68834
113838,p_24011
114121,p_248586
114154,p_248596
114823,p_21673
115261,p_36431
115328,p_249593
115461,p_249674
116031,p_18502
116151,p_33542
116173,p_18502
116692,p_5629
117012,p_251058
117019,p_251065
117216,p_251457
117379,p_251578
117542,p_134875
117620,p_49252
117633,p_37716
117635,p_37716
117636,p_37716
119105,p_48262
119134,p_47275
119775,p_253589
119986,p_253707
120667,p_115041
121254,p_45791
121433,p_254633
126251,p_5834
129479,p_166396
129669,p_2636
129672,p_4112
129753,p_157139
129782,p_1063
129933,p_179802
129942,p_226878
130060,p_256539
130185,p_172577
132172,p_257086
133571,p_242972
133862,p_37626
133863,p_250493
134487,p_175163
135718,p_257643
135816,p_10847
137001,p_20658
137649,p_12079
137971,p_56380
138270,p_73962
138737,p_258408
138969,p_139417
142408,p_175489
145915,p_260978
145915,p_138465
147459,p_14293
147864,p_262154
149215,p_85069
150422,p_263409
152127,p_264661
152175,p_264728
152925,p_50567
153057,p_146662
153527,p_265493
153551,p_154387
154719,p_70017
156994,p_9747
157844,p_17825
159883,p_268052
161638,p_229044
161640,p_73654
162090,p_78438
162305,p_268692
163279,p_269184
163349,p_269045
163587,p_276885
163597,p_78687
163965,p_96102
164382,p_269848
164391,p_269859
164627,p_98787
165290,p_40940
165295,p_134765
165397,p_124374
165961,p_78860
165961,p_78859
165961,p_270101
165961,p_56341
166306,p_40260
167279,p_270673
167283,p_22323
167494,p_70333
168033,p_123077
168930,p_119164
168931,p_59781
170129,p_271849
171398,p_272434
171975,p_91272
174211,p_65981
174318,p_274175
174348,p_163472
174351,p_129318
174401,p_274353
174435,p_235202
174494,p_142762
175327,p_274851
175386,p_86395
175458,p_73693
175572,p_275298
175622,p_266623
175627,p_275366
175827,p_96402
175926,p_275405
175930,p_161908
175949,p_262519
176080,p_275469
176081,p_70343
176321,p_209817
176419,p_275863
176423,p_227338
176424,p_194520
176432,p_143450
176563,p_72543
176914,p_276120
176929,p_276135
176943,p_276152
176945,p_84534
176969,p_151236
177047,p_276222
177051,p_276232
177078,p_69221
177086,p_276257
177087,p_47059
177147,p_21905
177147,p_31033
177288,p_276340
177443,p_276417
177468,p_119114
177659,p_34492
178277,p_276852
178311,p_157672
178319,p_96123
178324,p_276934
178351,p_29504
178400,p_102148
178792,p_257045
178820,p_277368
179111,p_197263
179115,p_277455
179189,p_245484
179236,p_155563
179614,p_34264
179693,p_73189
179706,p_278045
179846,p_278084
179929,p_278130
179931,p_246860
180187,p_2294
180637,p_278246
180964,p_278272
180993,p_5026
181000,p_59758
181006,p_20732
181009,p_278246
181020,p_173400
181046,p_278327
181051,p_278335
181059,p_102448
181062,p_234877
181078,p_278366
181079,p_278371
181082,p_75191
181087,p_278386
181090,p_278390
181094,p_134765
181095,p_226268
181096,p_278395
181098,p_278396
181101,p_278401
181103,p_278403
181109,p_66969
181292,p_107202
181380,p_278591
181396,p_129318
181401,p_276540
181422,p_155787
181475,p_85231
181481,p_46295
181510,p_26775
181523,p_258651
181526,p_73748
181528,p_126213
181529,p_263198
181530,p_278798
181532,p_85069
181847,p_145937
181849,p_102504
181864,p_204743
181865,p_43553
181937,p_70109
182659,p_9915
182668,p_56842
182705,p_279423
183270,p_126213
183366,p_127934
184913,p_279603
184919,p_279611
184934,p_23961
185060,p_39743
185062,p_21227
185097,p_270795
185182,p_279790
185204,p_148356
185205,p_229483
185206,p_59758
185218,p_139468
185240,p_74470
185257,p_246324
185268,p_279862
185273,p_158826
185278,p_279871
185415,p_126213
185416,p_279908
185417,p_126213
185500,p_166630
185502,p_279945
185511,p_224548
185819,p_280153
185822,p_96905
185868,p_18335
185974,p_250317
186001,p_198079
186186,p_266865
186399,p_79897
186407,p_14227
186408,p_33166
186418,p_280412
186494,p_280432
186533,p_280462
186618,p_72151
186887,p_270024
186896,p_158827
186950,p_116987
186963,p_280669
187043,p_20869
187231,p_183466
187233,p_47320
187237,p_281311
187238,p_281314
187302,p_72913
187303,p_158827
187370,p_52580
187424,p_69038
187431,p_190384
187571,p_81805
187608,p_281537
187616,p_65282
187617,p_65282
187690,p_263549
187932,p_281730
187963,p_24501
187967,p_225047
187972,p_109484
187976,p_281808
187989,p_208639
188040,p_7324
188041,p_281865
188060,p_179443
188199,p_242800
188208,p_94174
188209,p_270024
188214,p_282132
188355,p_181362
188356,p_181362
188376,p_282232
188383,p_260585
188395,p_31155
188398,p_123176
188401,p_150614
188402,p_156069
188404,p_160589
188411,p_172211
188415,p_18834
188420,p_52172
188487,p_150861
188560,p_282381
188561,p_282383
188599,p_282418
188763,p_131891
188775,p_282518
188784,p_117611
188795,p_121983
188804,p_71485
188812,p_99979
188877,p_282589
188879,p_282593
188880,p_242005
188905,p_282620
188934,p_183558
188994,p_225435
189001,p_81063
189002,p_282731
189007,p_74408
189012,p_282745
189015,p_137071
189111,p_282823
189117,p_37770
189127,p_157934
189129,p_178683
189132,p_138387
189133,p_167036
189154,p_227467
189155,p_282885
189190,p_282958
189261,p_126011
189262,p_70642
189268,p_283029
189307,p_282767
189339,p_283164
189439,p_60962
189471,p_12361
189499,p_48035
189501,p_162281
189534,p_5561
189540,p_158563
189577,p_159300
189624,p_123752
189809,p_134765
189815,p_238904
189953,p_138181
190258,p_8741
190272,p_26969
190283,p_231966
190293,p_283880
190294,p_103320
190340,p_86167
190352,p_5026
190356,p_34264
190357,p_138485
190372,p_283920
190378,p_137381
190395,p_60981
190400,p_283946
190409,p_132595
190542,p_10491
190547,p_106905
190898,p_3131
190905,p_31155
190958,p_155939
30,p_183
474,p_5602
774,p_1868
774,p_1867
1034,p_15043
1128,p_2352
1160,p_15793
1963,p_1188
2903,p_28791
2963,p_11523
2987,p_29328
3177,p_31073
3177,p_31074
3693,p_24492
4323,p_36384
4325,p_36394
4890,p_39819
5054,p_40907
5073,p_41046
5087,p_41131
5139,p_18525
5154,p_2042
5888,p_46367
7216,p_38585
7860,p_53090
8214,p_16767
8383,p_54794
8652,p_1188
8653,p_1188
8692,p_5561
8771,p_56281
8779,p_53859
8900,p_56210
8927,p_56370
9551,p_57917
9551,p_56477
9632,p_18502
9634,p_18502
9669,p_26875
9704,p_59990
9704,p_59991
9728,p_58712
10221,p_10895
10291,p_64770
10374,p_46203
10422,p_62872
10448,p_8300
10506,p_65460
10686,p_66601
10697,p_28279
10722,p_57865
10770,p_33806
10831,p_30309
10880,p_6046
10931,p_1071
10960,p_33880
10980,p_67745
11214,p_68626
11466,p_69646
11479,p_69537
11492,p_71049
11569,p_48965
11612,p_56033
11810,p_70552
11819,p_50125
11876,p_25950
11914,p_24425
11948,p_46230
11953,p_5026
11981,p_38822
12156,p_71485
12217,p_71699
12302,p_264733
12424,p_72191
12468,p_24555
12470,p_24555
12496,p_72496
12544,p_20587
12562,p_270117
12583,p_72952
12592,p_69174
12595,p_35525
12604,p_73072
12607,p_73082
12765,p_73577
12838,p_1642
12838,p_66022
13115,p_48303
13497,p_3776
13570,p_74726
13624,p_120671
14082,p_70103
14099,p_130957
14141,p_76051
14141,p_76052
14141,p_76055
14446,p_76808
14634,p_78665
14761,p_263378
14761,p_263379
14786,p_22895
15204,p_81657
15635,p_83437
15738,p_26182
15779,p_83926
15851,p_65569
15861,p_47061
15927,p_36387
15938,p_84430
16002,p_84688
16206,p_58608
16739,p_85677
16749,p_85684
17026,p_23841
17318,p_86100
17357,p_86210
17593,p_57623
18880,p_146600
18893,p_88161
18952,p_58116
19044,p_6707
19048,p_83677
19189,p_164560
19478,p_223
20008,p_89732
20141,p_259290
20297,p_10346
20313,p_17407
20412,p_90184
20735,p_90342
20919,p_90453
21178,p_90769
21296,p_90960
21395,p_91193
21470,p_91255
21488,p_91295
21550,p_91367
21798,p_91870
21799,p_91872
21877,p_17361
21879,p_49625
22082,p_92155
22369,p_254190
22532,p_36417
22769,p_15602
22871,p_92497
23185,p_93049
23221,p_93063
23374,p_67217
24213,p_93699
24520,p_86075
24551,p_52567
24551,p_67259
24649,p_94046
25442,p_36423
25443,p_94709
25444,p_199198
25904,p_95071
25913,p_15774
25913,p_224265
26141,p_80541
26284,p_70109
26288,p_56150
26309,p_96027
26572,p_96541
26666,p_96637
26666,p_96638
26832,p_96981
26832,p_96982
27041,p_97262
27172,p_21769
27180,p_97744
27413,p_98746
27536,p_99000
27536,p_99001
27536,p_99002
27536,p_99003
27733,p_99414
27832,p_99585
28195,p_87449
28335,p_56807
28380,p_50739
28716,p_100605
29277,p_86601
29721,p_102328
29752,p_102454
31267,p_269581
31346,p_105678
31499,p_106036
31905,p_56206
33010,p_107227
33041,p_107255
33058,p_27213
33471,p_73082
33756,p_108446
33944,p_17282
34086,p_25645
34618,p_109874
34721,p_74857
35115,p_85921
35121,p_110702
35188,p_68412
35393,p_111219
35492,p_31074
35525,p_111589
36162,p_113002
36166,p_204243
36251,p_14268
36278,p_5970
36458,p_113555
36736,p_48863
37265,p_115695
37419,p_116206
37484,p_116431
37797,p_117112
37799,p_185
38017,p_81986
38057,p_118127
38249,p_89066
38404,p_119157
38405,p_119161
38516,p_279138
39115,p_40615
39465,p_121874
39509,p_86199
39661,p_58728
39737,p_35256
39979,p_40615
40800,p_15488
40975,p_115950
41590,p_125615
41590,p_125616
41592,p_125617
41594,p_125619
41594,p_125620
41619,p_92104
41656,p_125899
41788,p_24882
42030,p_71174
42069,p_38585
42073,p_29433
42085,p_46230
42197,p_25735
42264,p_111753
42446,p_122438
43026,p_70008
43334,p_133708
43523,p_134503
43540,p_134647
43602,p_134959
43724,p_69719
43759,p_117838
43871,p_137071
44130,p_137365
44202,p_71097
44216,p_137816
44693,p_77880
44747,p_139485
44747,p_139486
44750,p_97210
44806,p_139841
44806,p_158692
45070,p_118416
45071,p_140808
45147,p_140949
45283,p_10316
45379,p_37833
45385,p_141514
45492,p_89913
45652,p_112452
45737,p_102171
45753,p_26436
45818,p_142993
45821,p_143002
45951,p_143513
46161,p_5026
46248,p_86167
46291,p_86167
46296,p_144799
46349,p_33542
46793,p_146413
47079,p_147459
47950,p_76606
48006,p_28615
48055,p_65817
48106,p_2305
48222,p_151106
48227,p_225538
48240,p_41632
48252,p_47924
48260,p_43789
48304,p_33924
48427,p_28976
48434,p_137873
48442,p_155997
48934,p_152726
49000,p_47924
49144,p_153037
49149,p_153052
49264,p_153329
49305,p_45672
49459,p_70235
49642,p_154346
49661,p_37461
49747,p_116908
49801,p_16666
50042,p_33721
50089,p_155236
50110,p_47157
50111,p_58129
50112,p_155257
50177,p_53831
50189,p_91330
50206,p_26575
50214,p_87482
50262,p_112145
50373,p_5524
50426,p_155801
50440,p_50870
50440,p_58129
50509,p_93318
50526,p_38048
50584,p_20869
50592,p_5306
50709,p_155787
50760,p_156531
50770,p_78287
50772,p_156559
50875,p_156669
50936,p_34580
50937,p_40391
50941,p_156855
51135,p_136837
51216,p_157136
51219,p_50739
51337,p_44492
51364,p_81063
51368,p_157334
51459,p_133203
51521,p_155964
51553,p_103947
51567,p_157762
51569,p_76894
51710,p_56207
51713,p_25645
51800,p_136402
51801,p_157955
51801,p_157956
51801,p_157957
51826,p_158135
51880,p_47822
51885,p_158578
51959,p_793
52021,p_65242
52025,p_102451
52036,p_128047
52061,p_48330
52215,p_35585
52218,p_159313
52225,p_107673
52817,p_74030
52817,p_78966
52878,p_229624
52882,p_160617
52898,p_15042
52932,p_160735
53528,p_103478
53672,p_161358
53688,p_793
53839,p_55916
53875,p_92795
53972,p_162902
54059,p_6818
54101,p_10249
54123,p_163177
54172,p_122049
54262,p_7288
54319,p_155997
54429,p_163764
54431,p_12180
54512,p_99411
54651,p_71506
54656,p_51590
54662,p_35673
54666,p_34580
54846,p_148479
54857,p_18957
54860,p_164569
54937,p_163975
55029,p_74409
55159,p_155559
55166,p_165165
55178,p_91272
55182,p_36700
55197,p_4410
55197,p_1650
55197,p_110854
55197,p_19789
55197,p_2801
55264,p_165362
55280,p_138181
55310,p_91185
55331,p_111511
55360,p_165820
55384,p_165862
55471,p_166050
55544,p_141711
55679,p_49450
55705,p_37742
56195,p_78690
56218,p_40235
56219,p_124365
56226,p_167859
56295,p_168002
56305,p_168062
56460,p_36963
56472,p_2428
56477,p_93146
56507,p_47081
56508,p_104332
56699,p_10092
56822,p_21370
56888,p_68976
56908,p_130165
56985,p_100121
57034,p_90769
57052,p_38131
57057,p_103071
57131,p_88680
57599,p_32813
57660,p_172429
58192,p_140610
58321,p_174549
58610,p_111511
58682,p_8393
58742,p_175812
59087,p_28233
59088,p_105904
59311,p_177837
59369,p_178208
59382,p_74343
59386,p_122047
59401,p_33721
59422,p_178360
59462,p_96486
59609,p_11523
59625,p_138723
59746,p_150661
59820,p_29148
59868,p_179795
59897,p_11523
60055,p_122348
60112,p_48330
60499,p_78408
60540,p_181404
60583,p_98642
60591,p_41616
60742,p_92599
60762,p_72258
61296,p_15002
61345,p_184164
62303,p_41671
62367,p_90967
63014,p_62410
63021,p_56210
63183,p_191231
63211,p_191364
63475,p_106285
63492,p_192965
63555,p_193184
63608,p_104733
63860,p_154629
63908,p_156882
64021,p_194896
64113,p_195554
64249,p_196418
64254,p_64992
64286,p_112452
64536,p_137124
64536,p_137123
64576,p_78690
64617,p_149822
64701,p_2725
64718,p_16187
64738,p_36842
64912,p_70854
65461,p_201994
65495,p_34289
65497,p_47020
65925,p_6241
66079,p_95479
66237,p_204743
66314,p_20023
66333,p_156560
66758,p_205816
66764,p_144369
66764,p_69759
66764,p_157591
66764,p_205834
66764,p_96652
66764,p_205835
66820,p_47256
66908,p_88508
67061,p_206241
67062,p_206242
67264,p_6818
67267,p_104332
67328,p_55119
67669,p_69799
67686,p_62410
67688,p_207466
67774,p_207604
67813,p_207640
67815,p_118210
67815,p_32495
67827,p_207308
67935,p_20023
68142,p_125253
68154,p_208509
68193,p_208659
68204,p_182270
68478,p_209181
68517,p_211171
68532,p_12160
68560,p_14566
68596,p_209372
68601,p_188604
68602,p_209375
68602,p_209376
68635,p_209403
68639,p_209423
68650,p_211023
68688,p_107359
68694,p_48995
68698,p_120683
68734,p_91181
68737,p_209191
68737,p_211701
68752,p_47406
68752,p_37657
68765,p_84473
68768,p_55969
68771,p_55969
68773,p_209791
68776,p_34264
68780,p_37974
68828,p_37126
68831,p_211032
68835,p_9740
68855,p_33166
68886,p_44931
69057,p_12948
69436,p_212589
69468,p_122485
69505,p_212875
69603,p_34264
69604,p_213124
69615,p_168313
69615,p_26850
69615,p_139844
69615,p_107858
69615,p_86741
69712,p_128437
69942,p_121026
70272,p_215599
70550,p_216213
70620,p_117835
70697,p_114919
70756,p_33955
70770,p_217003
70838,p_86167
70840,p_217365
70870,p_68707
70986,p_86039
70988,p_95909
71409,p_31890
71410,p_31890
71441,p_64992
71469,p_133829
71627,p_219767
71889,p_157949
71914,p_220512
72019,p_111412
72129,p_72258
72131,p_26470
72132,p_31119
72134,p_72258
72157,p_132301
72184,p_49243
72236,p_221637
72267,p_28244
72275,p_162089
72277,p_81063
72377,p_24298
72378,p_222086
72430,p_222144
72465,p_111511
72473,p_110232
72644,p_222808
72739,p_81933
72954,p_154387
73036,p_223003
73474,p_42111
73719,p_242340
73972,p_34966
74033,p_29078
74223,p_110530
74418,p_28487
75031,p_223708
75199,p_223822
75313,p_46085
75379,p_108867
75417,p_110232
75626,p_223861
75757,p_224311
75787,p_20026
75804,p_94147
75896,p_70070
75899,p_69741
75979,p_224475
76029,p_224548
76069,p_11657
76103,p_37526
76129,p_90975
76400,p_164865
76766,p_210594
77113,p_224911
77113,p_224912
77300,p_224969
77531,p_102702
77799,p_90271
77799,p_90272
77799,p_225202
78091,p_26470
78164,p_6554
78191,p_155235
78720,p_225457
78873,p_74752
79010,p_225532
79017,p_223955
79200,p_225584
79250,p_74857
79605,p_56207
79652,p_55609
79652,p_55610
79713,p_102693
79777,p_223000
79962,p_26767
79968,p_133829
80035,p_90187
80048,p_88820
80180,p_224504
81042,p_107788
81043,p_42999
81138,p_226779
81146,p_64575
81172,p_81796
81221,p_5844
81224,p_187592
81287,p_77144
81392,p_37845
81398,p_68
81400,p_10647
81407,p_224980
81407,p_225178
81411,p_27436
81467,p_226903
81468,p_226909
81584,p_26328
81596,p_104332
81703,p_190384
82120,p_118447
82207,p_227338
82211,p_125177
82234,p_35042
82384,p_20025
82387,p_15254
82390,p_83967
82799,p_48330
82900,p_71280
82921,p_136251
83114,p_134797
83361,p_51116
83528,p_142017
83531,p_228039
83826,p_225584
83829,p_226909
83832,p_228205
83908,p_18834
84333,p_7288
84369,p_71506
84372,p_228519
84374,p_162147
84612,p_228668
84613,p_56206
84827,p_86105
84943,p_20605
85044,p_229044
85137,p_29022
85415,p_74543
85644,p_137071
85646,p_137071
86044,p_229738
86060,p_229773
86065,p_229780
86246,p_31214
86328,p_55499
86392,p_230008
86395,p_230013
86504,p_40
86523,p_230135
86792,p_41783
86968,p_32395
87019,p_6818
87225,p_70109
87305,p_96050
87323,p_6648
87503,p_40364
87519,p_163356
87677,p_231168
87701,p_96822
87725,p_131792
87759,p_25873
87785,p_27449
87795,p_231275
87802,p_4818
88124,p_65994
88127,p_175461
88192,p_231466
88357,p_32096
88376,p_11195
88458,p_64061
88630,p_231712
88630,p_231713
88659,p_231722
88670,p_231727
88760,p_231758
88791,p_86100
88846,p_54794
89073,p_39557
89186,p_156882
89237,p_32632
89260,p_154346
89316,p_89022
89329,p_232166
89337,p_83915
89369,p_16988
89425,p_223811
89427,p_232311
89627,p_6521
89631,p_91367
89632,p_200361
89636,p_232437
89805,p_164840
89908,p_232931
89986,p_232983
89992,p_72005
90017,p_120083
90084,p_233065
90085,p_233070
90086,p_33145
90122,p_233104
90205,p_49101
90475,p_192275
90494,p_40983
90516,p_57115
90598,p_91282
90663,p_233801
90697,p_233813
90703,p_152473
90716,p_233838
90947,p_22617
90961,p_1011
90985,p_226702
91009,p_56742
91058,p_118532
91075,p_97522
91093,p_187508
91133,p_234122
91150,p_88508
91172,p_37613
91234,p_39639
91269,p_97202
91277,p_27449
91403,p_134875
91453,p_105268
91549,p_234410
91577,p_130165
91585,p_99920
91600,p_56214
91653,p_234510
91692,p_135202
91700,p_47157
91708,p_38048
91714,p_265810
91747,p_161381
91749,p_23104
91827,p_716
91847,p_56396
91900,p_24389
91968,p_94709
91976,p_234689
92047,p_70171
92048,p_54510
92051,p_156758
92087,p_111214
92094,p_234754
92097,p_99964
92101,p_234761
92177,p_234806
92181,p_9855
92187,p_97679
92189,p_2679
92245,p_71288
92246,p_67217
92247,p_167696
92365,p_43553
92371,p_31775
92396,p_56383
92403,p_48583
92430,p_71468
92472,p_234995
92474,p_125505
92502,p_16862
92554,p_92176
92583,p_108975
92585,p_18969
92621,p_41098
92637,p_119488
92659,p_235132
92733,p_56207
92748,p_7256
92750,p_235202
92754,p_83577
92754,p_14997
92788,p_235278
92820,p_39379
92881,p_31894
92910,p_30851
92912,p_96209
92919,p_117530
92920,p_170012
92959,p_48663
92960,p_71871
92963,p_191712
92967,p_11688
92973,p_67794
92977,p_235427
92978,p_170012
93017,p_8500
93024,p_150455
93055,p_47059
93057,p_101849
93058,p_235481
93067,p_6648
93069,p_235491
93099,p_235498
93100,p_151896
93111,p_50870
93154,p_95249
93158,p_235540
93159,p_49552
93161,p_84534
93221,p_39298
93262,p_235642
93342,p_233315
93352,p_235690
93445,p_33190
93468,p_109484
93497,p_92866
93535,p_26481
93548,p_81796
93611,p_40903
93619,p_47822
93623,p_14606
93711,p_225457
93761,p_153632
93770,p_236010
94038,p_103088
94089,p_116588
94097,p_84534
94099,p_179612
94221,p_33542
94230,p_157318
94236,p_50325
94271,p_119889
94272,p_157326
94426,p_93318
94474,p_61632
94707,p_38048
94710,p_236351
95012,p_236407
95078,p_130165
95117,p_56570
95380,p_89036
95417,p_20657
95449,p_97334
95495,p_37845
95542,p_70055
95633,p_89641
95652,p_39557
95661,p_236707
95678,p_56213
95691,p_236734
95743,p_204743
95744,p_194520
95746,p_236773
95746,p_236774
95749,p_236783
95751,p_236785
95752,p_196731
95752,p_196733
95810,p_10647
96033,p_119403
96044,p_37842
96209,p_236988
96273,p_47157
96318,p_14396
96328,p_19499
96344,p_91018
96409,p_65282
96421,p_19665
96448,p_118494
96454,p_49667
96472,p_82434
96548,p_89673
96759,p_237126
96899,p_47214
96937,p_237174
96947,p_237178
96950,p_36842
96958,p_72125
96960,p_49450
97134,p_55813
97456,p_142414
97517,p_112949
97518,p_237414
97518,p_51959
97584,p_237174
97595,p_237435
97772,p_237169
98152,p_237735
98158,p_6258
98359,p_118535
98384,p_86131
98386,p_18502
98409,p_57727
98707,p_125625
99118,p_20026
99189,p_155787
99194,p_16973
99542,p_118535
99851,p_63709
100094,p_148118
100422,p_151044
100425,p_238904
100628,p_239061
100629,p_239066
100656,p_33166
100658,p_10491
101102,p_239142
101131,p_123243
101142,p_22140
101226,p_171432
101380,p_89865
101511,p_194525
101773,p_221116
101928,p_239606
102268,p_2352
102302,p_2490
102454,p_11558
102454,p_86199
102463,p_11431
102463,p_33690
102646,p_18598
102647,p_5005
102673,p_116745
102826,p_240610
102830,p_136251
102869,p_240661
103041,p_179258
103179,p_235057
103411,p_34017
103440,p_40312
103443,p_32166
103477,p_238003
103598,p_48440
103607,p_98481
103857,p_91780
103874,p_50870
104066,p_155787
104091,p_241399
104183,p_224451
104625,p_75558
104820,p_36236
104895,p_224980
104907,p_241826
104926,p_46230
105251,p_89922
105262,p_241966
105481,p_242071
105761,p_242168
105787,p_242203
105789,p_242207
105847,p_184196
105908,p_24887
105908,p_24889
106020,p_94047
106134,p_242376
106148,p_130814
106392,p_226026
106405,p_135258
106459,p_67717
106460,p_72430
106467,p_17387
106552,p_242624
106630,p_22795
106687,p_10316
106790,p_193119
106793,p_25165
106824,p_118720
106841,p_242800
106842,p_3310
106849,p_59848
106916,p_88481
106959,p_102376
106979,p_225858
106982,p_242845
107112,p_242935
107411,p_133141
107711,p_243157
107876,p_65677
108232,p_126050
108293,p_243512
108434,p_4453
108443,p_243608
108449,p_95592
108475,p_84534
108479,p_21839
108527,p_49450
108568,p_126618
108698,p_105130
108884,p_8823
108886,p_22987
109089,p_64438
109104,p_228803
109165,p_70333
109256,p_25854
109264,p_133229
109288,p_244118
109296,p_94047
109315,p_160492
109357,p_28615
109502,p_24516
109761,p_109142
109818,p_2801
109847,p_46230
109893,p_97202
109947,p_35452
109972,p_244622
109972,p_105021
110118,p_78641
110119,p_78641
110309,p_225866
110446,p_245074
110548,p_238727
110552,p_245163
110680,p_965
110864,p_70800
110890,p_159896
111002,p_965
111126,p_145896
111364,p_150991
111404,p_245752
111469,p_72430
111676,p_56375
111686,p_111615
111691,p_97798
111695,p_47242
111704,p_46544
111885,p_246211
111925,p_246247
111933,p_17282
111934,p_225578
111963,p_9789
112104,p_246351
112273,p_30956
112382,p_93748
112391,p_228248
112504,p_177837
112628,p_103088
112629,p_189820
112630,p_213576
112630,p_246888
112928,p_74406
112928,p_247284
112932,p_177021
113003,p_247361
113010,p_92690
113049,p_111733
113053,p_247413
113093,p_247456
113586,p_19069
113666,p_231581
113738,p_223811
113748,p_248148
113839,p_248257
113912,p_7288
113913,p_56214
113959,p_248322
114075,p_58728
114159,p_192554
114160,p_128707
114218,p_248628
114289,p_238754
114365,p_103589
114369,p_94593
114602,p_248959
114752,p_33008
114795,p_227059
114858,p_25421
115023,p_249349
115036,p_18526
115119,p_88963
115152,p_43317
115225,p_249501
115254,p_249558
115256,p_35375
115611,p_249735
115616,p_179211
115734,p_37197
116045,p_250140
116204,p_86006
116277,p_250317
116671,p_136837
116784,p_22334
117015,p_20412
117112,p_251163
117590,p_251853
117644,p_20732
117830,p_232166
117920,p_46644
117951,p_252271
117960,p_252289
118065,p_126683
118232,p_252473
118439,p_252640
118544,p_81796
118545,p_74024
118548,p_252753
118711,p_46644
118968,p_46688
119030,p_234322
119066,p_48330
119076,p_244172
119095,p_167859
119111,p_253123
119178,p_5069
119272,p_49662
119432,p_37577
119470,p_72068
119565,p_54525
119573,p_120261
119573,p_243512
119619,p_253509
119648,p_253536
119777,p_78749
120057,p_163533
120115,p_33542
120293,p_27744
120642,p_168310
120645,p_121028
121030,p_254334
121086,p_26436
121109,p_246324
121255,p_25645
121360,p_17361
121916,p_244110
124567,p_28118
125865,p_254993
126451,p_2428
126748,p_255254
126946,p_255261
127212,p_255357
127475,p_255385
127906,p_108646
128337,p_120854
128729,p_255570
129496,p_256010
129497,p_35377
129593,p_109722
129610,p_256113
129676,p_31211
129694,p_256443
129716,p_207629
130155,p_20789
130162,p_607
130164,p_17282
130198,p_256703
130200,p_256705
130205,p_98598
130524,p_24893
131167,p_33542
131547,p_43499
131547,p_153798
131748,p_255208
131895,p_14855
131899,p_133829
131908,p_257061
132150,p_143347
132443,p_223000
132635,p_156470
133018,p_227783
133250,p_19377
133319,p_175461
133326,p_194525
133575,p_242809
133578,p_179389
133855,p_122030
133856,p_93036
133857,p_257304
133858,p_257309
134056,p_196671
134193,p_27991
134422,p_33717
134430,p_69721
134879,p_55161
135198,p_34264
135233,p_163522
135270,p_5026
135293,p_257533
135304,p_71174
135305,p_33145
135542,p_55969
135545,p_209191
135546,p_187656
135547,p_5026
135548,p_12150
135549,p_71522
135571,p_56195
135640,p_20658
136079,p_235902
136736,p_257749
136772,p_171377
136774,p_45989
137004,p_44334
137010,p_257814
137014,p_257821
137015,p_137071
137023,p_6759
137053,p_29662
137075,p_162923
137326,p_99844
137526,p_244976
137618,p_258057
137931,p_258137
137981,p_91542
138216,p_16767
138226,p_81400
138751,p_5029
138752,p_3632
138972,p_25340
139372,p_16922
139376,p_227699
139912,p_242256
142189,p_227693
142674,p_255193
142911,p_259672
142939,p_65843
143602,p_235540
143976,p_260162
144166,p_260273
145358,p_65368
145468,p_206143
145629,p_260946
146232,p_32831
146684,p_261530
146731,p_55969
146741,p_72901
147483,p_84425
147528,p_37577
147536,p_189775
147879,p_262179
148123,p_262249
148618,p_126213
148886,p_1188
149073,p_262792
149202,p_262839
149206,p_262850
150420,p_125694
150531,p_92803
150548,p_78866
150725,p_263677
150968,p_27005
150972,p_263891
150981,p_180304
150981,p_180305
151048,p_63571
151395,p_264261
151385,p_264245
151873,p_237435
151913,p_81400
152083,p_26875
152102,p_244172
152245,p_264805
152270,p_188615
152287,p_67075
152384,p_55793
152540,p_62772
152553,p_261460
152893,p_21475
152938,p_50955
153106,p_16973
153287,p_31894
153306,p_119164
153311,p_265449
153525,p_265489
153537,p_265512
153732,p_73654
153736,p_11641
153739,p_46543
153742,p_89666
153760,p_265707
153765,p_255204
154483,p_51677
154484,p_29907
154569,p_39058
154585,p_266274
154588,p_133234
154624,p_266354
155240,p_22799
155484,p_85186
156055,p_266922
156766,p_17386
157099,p_267238
157570,p_267342
159556,p_3831
159868,p_69488
160128,p_236774
160182,p_268085
160187,p_29386
160483,p_64210
160585,p_55916
160837,p_44507
161073,p_12329
161677,p_268519
161902,p_10249
161990,p_90453
162094,p_119636
162249,p_190625
162308,p_32685
162355,p_78670
162595,p_14643
162602,p_268804
162723,p_90393
162771,p_268842
162979,p_92866
163281,p_55785
163293,p_268978
163340,p_69038
163436,p_160673
163625,p_269220
163662,p_269282
163746,p_172928
163751,p_214971
163767,p_269335
163772,p_269349
163909,p_269372
163930,p_108844
163935,p_269419
163937,p_27866
163962,p_100662
164058,p_119889
164063,p_56213
164069,p_18209
164080,p_20646
164083,p_25826
164384,p_112452
164570,p_245140
164570,p_245141
164576,p_100694
164716,p_150882
164725,p_236546
164727,p_14292
165365,p_270017
165398,p_108030
165413,p_270024
165504,p_143254
166307,p_72769
166308,p_270199
166315,p_93063
166822,p_213109
167051,p_242935
167119,p_96105
167222,p_270621
167288,p_270686
167491,p_270795
167510,p_88216
167709,p_128423
167865,p_103056
167920,p_270958
168032,p_170339
168032,p_271008
168919,p_8750
169446,p_271319
169608,p_41634
169609,p_162106
169617,p_212627
169640,p_157934
169666,p_249807
170119,p_2166
170127,p_271848
170403,p_272000
170470,p_243911
171004,p_85683
171068,p_248945
171077,p_249807
171178,p_57608
171329,p_95592
171331,p_21475
171332,p_272392
171394,p_244235
171396,p_93548
171448,p_272528
171452,p_50542
171454,p_270024
171636,p_89177
171738,p_106905
171916,p_272920
171928,p_193817
171933,p_269425
172665,p_268317
173238,p_5834
173244,p_3849
173257,p_242003
173259,p_129086
173820,p_229771
174196,p_148259
174202,p_190534
174408,p_254104
174512,p_227495
174515,p_5030
174519,p_190384
174530,p_33040
175341,p_274875
175448,p_129381
175449,p_275169
175464,p_70109
175555,p_275251
175624,p_171983
175927,p_249492
175942,p_3849
175968,p_275438
176083,p_261595
176139,p_196049
176218,p_156452
176314,p_275700
176367,p_275762
176368,p_275764
176397,p_266274
176411,p_264728
176422,p_114913
176427,p_275886
176429,p_56842
176441,p_247456
176549,p_275964
176553,p_275966
176556,p_84426
176587,p_57641
176590,p_276005
176902,p_276108
176903,p_235380
176913,p_276121
176916,p_53861
176918,p_276115
176938,p_244690
176952,p_227972
176955,p_157051
176964,p_225045
176971,p_49861
177053,p_30008
177053,p_112816
177060,p_92866
177073,p_250960
177074,p_158169
177279,p_203452
177616,p_276586
177618,p_12786
177646,p_181643
177652,p_249995
177851,p_19684
177863,p_276763
177863,p_276764
177864,p_276768
177864,p_276771
178274,p_276838
178275,p_276843
178275,p_276844
178361,p_11201
178377,p_155419
178394,p_50739
178406,p_277043
178407,p_20658
178442,p_277057
178447,p_14353
178453,p_277089
178455,p_277092
178799,p_94929
178803,p_68662
178805,p_72266
178813,p_96105
178826,p_39612
178829,p_56746
179107,p_277445
179113,p_72430
179232,p_19684
179234,p_235422
179249,p_8910
179252,p_108868
179302,p_98086
179321,p_56381
179488,p_10076
179599,p_240203
179613,p_10139
179613,p_277891
179632,p_277921
179691,p_277968
179692,p_73189
179913,p_278102
180853,p_137983
180855,p_29627
180965,p_30099
180997,p_57865
181060,p_162707
181077,p_84688
181081,p_3317
181281,p_127546
181290,p_62410
181308,p_130053
181394,p_150836
181413,p_262071
181432,p_278646
181477,p_96905
181488,p_80885
181518,p_26767
181844,p_278855
181858,p_56209
181858,p_45138
181860,p_38883
181863,p_90955
181863,p_78997
181875,p_129085
181897,p_10099
181900,p_25645
182043,p_221894
182045,p_279113
182156,p_225550
182158,p_279240
182661,p_33781
182670,p_279410
182709,p_142517
184715,p_279528
184882,p_90655
184885,p_231408
184920,p_115216
184986,p_69038
185101,p_279677
185107,p_54794
185134,p_81395
185179,p_46366
185201,p_246518
185217,p_169707
185234,p_70308
185261,p_1724
185267,p_95592
185761,p_280146
185865,p_18335
185865,p_280178
186118,p_142579
186218,p_26436
186218,p_157803
186246,p_5065
186501,p_280434
186684,p_161890
186893,p_255521
186932,p_237741
187136,p_281268
187142,p_226970
187834,p_246316
187834,p_226198
188063,p_281873
188182,p_124526
188211,p_282126
188283,p_77880
188292,p_96679
188301,p_22323
188348,p_92284
188378,p_233822
188423,p_257542
188485,p_256947
188753,p_31155
188780,p_97202
188799,p_119164
188811,p_244622
188811,p_105021
188876,p_233870
188903,p_126806
188906,p_102536
188920,p_142517
188921,p_142517
189031,p_86199
189032,p_47059
189110,p_282818
189110,p_282819
189121,p_282842
189128,p_27213
189134,p_266354
189160,p_98085
189162,p_54222
189169,p_282944
189259,p_126806
189443,p_224415
189535,p_188655
189542,p_231713
189542,p_231712
189559,p_272585
189827,p_48035
190201,p_70298
190389,p_32012
190390,p_20023
190970,p_284089
127,p_1126
554,p_7588
1386,p_16862
1388,p_16864
1388,p_16865
1616,p_18064
2012,p_20660
2097,p_21491
2101,p_21536
2777,p_1188
3403,p_31698
3984,p_34492
4208,p_26182
4277,p_35934
4371,p_39503
4560,p_37999
4573,p_38135
4924,p_40048
5040,p_40615
5098,p_41238
5113,p_41215
5320,p_42805
5422,p_31775
5425,p_31775
5845,p_45996
6057,p_47671
6180,p_47142
6636,p_50922
7215,p_52041
7219,p_29433
7276,p_52244
7513,p_52811
8015,p_19864
8017,p_53631
8213,p_3702
8648,p_55813
8651,p_32836
8776,p_55969
8897,p_56207
8972,p_38600
9048,p_67259
9060,p_56865
9076,p_28403
9262,p_21792
9385,p_24530
9385,p_57542
9385,p_24531
9385,p_57543
9424,p_33316
9534,p_57865
9572,p_37705
9592,p_58116
9646,p_27014
9674,p_58677
9731,p_64197
9835,p_12936
9943,p_21737
9994,p_15810
9994,p_61677
9994,p_61678
9994,p_15811
10160,p_2042
10255,p_31033
10260,p_11201
10281,p_64722
10286,p_64749
10408,p_21440
10444,p_32516
10458,p_61087
10524,p_1957
10532,p_19924
10545,p_62047
10545,p_62048
10566,p_65877
10597,p_66162
10703,p_56807
10791,p_66830
10809,p_66900
10834,p_2303
10886,p_65314
10898,p_60725
10903,p_67407
11084,p_21440
11119,p_32277
11143,p_18899
11166,p_68421
11181,p_26532
11181,p_68475
11192,p_48432
11292,p_44562
11295,p_26436
11297,p_68905
11303,p_68976
11316,p_3556
11332,p_30309
11396,p_32012
11471,p_11401
11480,p_35208
11491,p_69583
11594,p_70854
11656,p_6648
11658,p_70343
11669,p_70171
11872,p_70800
11958,p_17520
11960,p_71063
12124,p_71353
12126,p_223914
12128,p_71380
12176,p_71522
12198,p_64992
12276,p_607
12308,p_20646
12317,p_59781
12318,p_44132
12449,p_72253
12510,p_258523
12510,p_258524
12527,p_72646
12527,p_72647
12579,p_1650
12594,p_62020
12608,p_73088
12636,p_73189
12707,p_20412
12753,p_133712
12758,p_73624
12807,p_73740
12809,p_38193
12840,p_54675
13116,p_117287
13494,p_74408
14448,p_5077
14586,p_78126
14739,p_81590
14811,p_70333
15629,p_83332
15700,p_83594
15756,p_11401
15776,p_83939
15881,p_84258
15897,p_29148
15901,p_47157
15929,p_50613
15999,p_84680
16173,p_85216
16209,p_71080
16738,p_85676
16754,p_85688
17224,p_85997
17263,p_25165
17480,p_64901
19482,p_88161
19485,p_88868
19653,p_50312
20656,p_119488
20865,p_488
21546,p_91337
21671,p_23799
21671,p_91573
21715,p_91612
21876,p_74008
21937,p_81047
22767,p_92394
22768,p_92396
22777,p_25506
22999,p_92638
23124,p_4955
24204,p_73391
24265,p_93711
24265,p_93712
24293,p_93720
24894,p_94233
24916,p_94267
25005,p_278167
25031,p_94384
25456,p_6011
25611,p_15459
25637,p_38131
25882,p_40213
26139,p_95546
26145,p_97759
26295,p_58608
26311,p_96048
26316,p_72253
26332,p_96073
26625,p_96565
26726,p_7191
27040,p_5066
27040,p_5067
27045,p_97280
27097,p_97528
27320,p_45572
27379,p_41238
27417,p_78690
27418,p_98765
27424,p_98790
27523,p_16819
27533,p_58159
27795,p_99554
27834,p_72005
27862,p_99675
28181,p_99846
28181,p_99847
29228,p_184334
29278,p_86601
29594,p_55761
29678,p_59357
30523,p_103442
31037,p_104721
31063,p_36842
31364,p_105748
31372,p_92866
31389,p_5561
31520,p_29214
32990,p_107192
33237,p_107534
33249,p_56506
33266,p_107673
33277,p_58614
33624,p_45791
33712,p_108739
33754,p_32831
33781,p_108536
33872,p_108590
33872,p_108591
33897,p_108646
33898,p_108637
33924,p_95406
33945,p_17282
34046,p_108930
34149,p_109125
34170,p_50015
34236,p_20025
34600,p_109834
34687,p_109888
34795,p_110036
35019,p_5026
35023,p_31074
35127,p_6295
35154,p_110804
35308,p_67729
35324,p_27450
35360,p_111169
35360,p_111170
35394,p_111226
35471,p_111407
35514,p_111548
35596,p_74532
35596,p_111705
35668,p_114097
35895,p_112349
35897,p_112352
36034,p_112369
36135,p_234455
36142,p_70308
36150,p_112972
36684,p_115041
36807,p_52194
36813,p_35911
36931,p_103176
36938,p_92866
37108,p_38960
37146,p_115417
37160,p_11401
37281,p_52169
37326,p_88673
37431,p_41159
37435,p_16830
37453,p_30089
37721,p_58608
37764,p_116987
37833,p_70333
37859,p_77880
37862,p_31177
38205,p_118599
38206,p_118611
38344,p_29148
38367,p_46411
38368,p_108434
38392,p_119121
38400,p_119138
38447,p_78690
38466,p_119297
38789,p_26775
38828,p_163764
38843,p_6349
38855,p_120872
38930,p_62410
38988,p_121107
39537,p_122049
39666,p_24555
39692,p_107448
39722,p_122520
40016,p_123514
40568,p_58021
40989,p_6011
41424,p_53657
41434,p_125138
41434,p_37526
41448,p_125184
41470,p_125253
41587,p_32166
41603,p_96958
41647,p_39463
41648,p_39463
41686,p_12329
41730,p_244583
41780,p_126429
41786,p_126443
41993,p_117835
41993,p_127481
42012,p_207386
42134,p_36235
42163,p_128207
42206,p_128308
42206,p_128309
42265,p_37860
42338,p_97202
42443,p_129196
42585,p_607
42845,p_107448
42895,p_6603
42927,p_37313
42997,p_12329
43042,p_133008
43051,p_157803
43328,p_56209
43328,p_45138
43404,p_126336
43488,p_29662
43493,p_134319
43638,p_61357
43896,p_75907
44073,p_91110
44080,p_91430
44262,p_46712
44486,p_138463
44544,p_24547
44565,p_48566
44567,p_102522
44568,p_6648
44570,p_11720
45096,p_10346
45097,p_73624
45213,p_103176
45364,p_5026
45373,p_3831
45380,p_123535
45421,p_141672
45431,p_149977
45975,p_143630
45990,p_143708
46386,p_54148
46486,p_5561
46502,p_79897
46646,p_145935
46654,p_9888
46655,p_64438
46854,p_88881
46969,p_85685
47202,p_156923
47359,p_109892
47360,p_56807
47373,p_51590
47474,p_90855
47622,p_149389
47622,p_149390
47699,p_149747
47800,p_28233
47833,p_120397
48010,p_46603
48044,p_34194
48191,p_17419
48236,p_21031
48632,p_122049
48676,p_42309
48974,p_39298
49123,p_152905
49237,p_149332
49607,p_77136
50113,p_3768
50228,p_30632
50258,p_20556
50374,p_97522
50439,p_97418
50676,p_98250
50747,p_150991
50761,p_156532
50895,p_156758
50913,p_83385
50955,p_156889
51038,p_156995
51038,p_156997
51096,p_5069
51206,p_129459
51465,p_97777
51506,p_157572
51564,p_89666
51579,p_89036
51673,p_157880
51692,p_122490
51708,p_57865
51716,p_27213
52032,p_158772
52058,p_22175
52143,p_91901
52192,p_91901
52310,p_54607
52350,p_3776
52417,p_55728
52421,p_137816
52485,p_19865
52779,p_57970
52864,p_160492
52887,p_90967
53043,p_161043
53240,p_161421
53471,p_118821
53471,p_121937
53477,p_161894
53483,p_133098
53503,p_161928
53600,p_152726
53895,p_70854
53975,p_162908
53978,p_37302
53987,p_162928
53987,p_162929
53988,p_162933
54124,p_163178
54255,p_25161
54338,p_44305
54652,p_42412
54653,p_37741
54681,p_26579
54815,p_107499
54847,p_164560
54869,p_161381
55447,p_51141
55461,p_153646
55539,p_166286
55691,p_23393
55983,p_167257
56011,p_167365
56175,p_6648
56390,p_7483
56466,p_168650
56874,p_140929
56889,p_51656
56967,p_170009
56982,p_69982
57068,p_23799
57148,p_102128
57148,p_170969
57268,p_171395
57447,p_171904
57462,p_171944
57578,p_148728
58238,p_174258
58337,p_174664
58735,p_29911
58816,p_37807
58826,p_17282
58839,p_139508
58904,p_176587
58946,p_176701
58946,p_176702
58946,p_176703
59043,p_56458
59045,p_56458
59094,p_64864
59566,p_165221
59604,p_97246
59620,p_67792
59620,p_4818
59624,p_137816
59632,p_91185
59647,p_160956
59688,p_179405
59699,p_74343
59737,p_150661
59743,p_150661
59812,p_150661
59816,p_150661
59838,p_26775
59919,p_157812
59919,p_179817
59967,p_29168
59970,p_2801
60118,p_78690
60133,p_182200
60258,p_74169
60351,p_116270
60416,p_19937
60587,p_178765
60587,p_98642
60743,p_88881
60756,p_4600
60925,p_55156
60952,p_51915
61004,p_510
61087,p_54794
61295,p_32813
61347,p_207176
61480,p_56807
61496,p_70346
61546,p_19864
61598,p_98428
61658,p_185244
61921,p_185984
61948,p_47242
62138,p_186741
62157,p_186792
62157,p_116083
62321,p_97030
62389,p_187375
62410,p_174352
62410,p_187530
62645,p_165225
62656,p_90351
62717,p_20657
63011,p_26724
63391,p_192381
63436,p_192596
63560,p_193214
63615,p_193248
63755,p_193248
63821,p_64831
63945,p_104915
64140,p_51915
64189,p_122047
64282,p_196557
64491,p_91185
64514,p_191712
64525,p_160221
64532,p_124598
64532,p_137123
64532,p_137124
64558,p_158751
64776,p_115867
64894,p_253857
65272,p_201098
65460,p_201994
65500,p_90445
65503,p_42111
65962,p_103947
66038,p_4410
66166,p_204456
66228,p_204724
66228,p_204726
66301,p_95299
66311,p_144587
66335,p_21701
66342,p_85352
66492,p_50870
66657,p_43553
66722,p_51524
66828,p_259588
66935,p_201765
66956,p_164038
67137,p_206285
67257,p_110514
67758,p_88591
67781,p_150661
67802,p_50583
67810,p_16389
67810,p_207638
67816,p_111753
67850,p_207671
67854,p_150991
68043,p_9740
68076,p_6648
68077,p_17282
68128,p_32495
68137,p_208416
68405,p_180102
68434,p_53767
68435,p_112959
68438,p_209113
68451,p_209116
68451,p_209119
68470,p_141170
68509,p_209207
68543,p_143699
68548,p_115172
68552,p_209283
68590,p_24397
68648,p_26436
68651,p_209451
68674,p_50870
68695,p_48995
68696,p_48995
68731,p_27002
68736,p_209191
68736,p_211701
68738,p_20869
68757,p_211704
68764,p_84473
68788,p_209802
68803,p_28118
68836,p_9740
68853,p_211037
68864,p_34613
69104,p_11572
69120,p_66936
69127,p_224507
69134,p_53925
69298,p_162090
69413,p_211037
69440,p_115417
69441,p_122485
69601,p_27449
69627,p_4522
69727,p_102577
69883,p_214327
69961,p_127942
69961,p_127943
69967,p_214657
69969,p_214699
69989,p_214770
70308,p_149673
70439,p_52567
70444,p_6648
70606,p_216352
70876,p_217591
70904,p_86167
70985,p_92599
71323,p_127943
71323,p_127942
71435,p_3776
71437,p_49168
71472,p_219499
71780,p_90590
71809,p_119889
71930,p_124052
72064,p_37126
72111,p_3776
72117,p_48566
72127,p_42111
72136,p_47020
72187,p_221374
72187,p_221376
72196,p_221462
72206,p_9740
72371,p_222046
72376,p_116827
72437,p_152720
72471,p_111511
72476,p_222386
72509,p_65314
72645,p_222815
72650,p_222840
73407,p_223236
73973,p_110116
74103,p_51870
75201,p_223824
75201,p_30370
75239,p_223893
75798,p_66960
75957,p_75129
75997,p_224507
75998,p_123243
76017,p_224532
76073,p_224607
76140,p_95909
76339,p_88965
76783,p_195188
77043,p_26648
77355,p_20556
77357,p_225011
77375,p_198088
77547,p_202622
77624,p_225113
77831,p_225223
77833,p_223813
77877,p_159570
78159,p_98481
78190,p_225311
78287,p_4410
78717,p_225448
78949,p_109933
79009,p_56214
79251,p_38755
79512,p_225752
79897,p_35927
79951,p_45791
79963,p_6011
80296,p_38507
80850,p_12329
81205,p_226811
81397,p_7554
81620,p_57607
81620,p_137405
81630,p_177616
81633,p_1558
81704,p_49450
81751,p_54053
81810,p_22795
81995,p_11195
81997,p_11195
82038,p_227198
82070,p_121124
82168,p_227269
82205,p_148118
82206,p_223801
82235,p_35042
82338,p_2636
82381,p_21678
82386,p_16988
82389,p_115172
82403,p_56727
82431,p_26502
82435,p_227487
82454,p_227506
82460,p_18514
82486,p_227531
82637,p_103088
82683,p_132598
82748,p_227631
82756,p_49846
82794,p_227693
82898,p_44644
82915,p_227793
82935,p_227819
82937,p_227826
83079,p_227884
83115,p_146390
83527,p_93036
83530,p_38625
83534,p_94614
83538,p_63418
83583,p_201610
83746,p_97033
83827,p_228199
83830,p_72905
83838,p_72195
83997,p_88965
84328,p_47724
84334,p_85236
84391,p_228541
84563,p_68813
84584,p_228659
84839,p_228809
84889,p_793
84906,p_72430
84928,p_118447
84937,p_228888
84986,p_228958
84997,p_18563
85001,p_18563
85006,p_228994
85016,p_18209
85037,p_101663
85224,p_161086
85243,p_77880
85277,p_6759
85328,p_57579
85329,p_125623
85358,p_229275
85359,p_166575
85402,p_18823
85403,p_22323
85404,p_89704
85488,p_89066
85669,p_108667
85766,p_122532
85770,p_118535
85784,p_50838
85800,p_4956
85804,p_155997
85807,p_74887
86034,p_7288
86038,p_64992
86049,p_120420
86055,p_210600
86058,p_229771
86230,p_31539
86260,p_4415
86262,p_4415
86266,p_65314
86345,p_52342
86403,p_223000
86458,p_13488
86604,p_108590
86631,p_230191
86631,p_230192
86632,p_34580
86726,p_9054
86738,p_151896
86741,p_157884
86743,p_67990
86779,p_34613
86821,p_11916
87023,p_133849
87058,p_95889
87313,p_157139
87462,p_91288
87470,p_28781
87630,p_153047
87637,p_39909
87681,p_74460
87696,p_92402
87726,p_54794
87757,p_52102
87762,p_144374
87789,p_231252
87819,p_6648
87954,p_19864
87965,p_169630
87992,p_34264
87994,p_34264
88082,p_84534
88089,p_34580
88097,p_16862
88270,p_67217
88300,p_57692
88312,p_146662
88360,p_4081
88406,p_231581
88453,p_8500
88539,p_39639
88580,p_5066
88580,p_5067
88597,p_5029
88633,p_3632
88671,p_67743
88761,p_63904
88768,p_21504
88833,p_19376
88868,p_90351
88870,p_90259
88930,p_64532
89064,p_156882
89076,p_52325
89195,p_31894
89209,p_24389
89234,p_2303
89261,p_211413
89302,p_16794
89333,p_156899
89362,p_70854
89418,p_232248
89431,p_59911
89614,p_232409
89664,p_157808
89750,p_232640
89787,p_232672
89868,p_1011
89869,p_232856
89881,p_232877
89891,p_56194
89925,p_232949
89979,p_49662
89989,p_232993
90071,p_32940
90200,p_233242
90259,p_46295
90290,p_26470
90445,p_233535
90467,p_157591
90647,p_233781
90711,p_48035
90713,p_97989
90742,p_4645
90750,p_46675
90753,p_233870
90757,p_233875
90772,p_98765
90789,p_156088
90801,p_123243
90802,p_233905
91062,p_47062
91071,p_78690
91077,p_18090
91082,p_54794
91087,p_18854
91095,p_65314
91096,p_234106
91271,p_234223
91338,p_3239
91355,p_44518
91397,p_234322
91454,p_17246
91548,p_51402
91553,p_46712
91567,p_58021
91581,p_177700
91589,p_234455
91697,p_81805
91701,p_234531
91710,p_234545
91716,p_11983
91730,p_24380
91781,p_221894
91785,p_32082
91825,p_162908
91834,p_234618
91838,p_209191
91842,p_24882
91850,p_234355
91851,p_115691
91862,p_6241
91926,p_157315
91957,p_69309
92032,p_102580
92118,p_234612
92121,p_30508
92224,p_6648
92231,p_225026
92259,p_88881
92321,p_22691
92326,p_150418
92328,p_132598
92362,p_84534
92369,p_56807
92407,p_193248
92408,p_234944
92494,p_98588
92497,p_235022
92499,p_12150
92501,p_232931
92520,p_127433
92526,p_140929
92540,p_81796
92543,p_143432
92547,p_74830
92589,p_226779
92617,p_83908
92653,p_25182
92720,p_49214
92744,p_232448
92746,p_71929
92746,p_71930
92747,p_18175
92814,p_31894
92880,p_57641
92883,p_31894
92909,p_235339
92915,p_186534
92958,p_111516
92968,p_11905
92971,p_235410
92972,p_235415
92975,p_1128
92981,p_235438
92981,p_235439
92983,p_5231
92985,p_20023
93066,p_6648
93118,p_26436
93121,p_148692
93155,p_27014
93157,p_212640
93160,p_2801
93176,p_73153
93210,p_117992
93220,p_205621
93347,p_5844
93379,p_46712
93420,p_19069
93421,p_170012
93437,p_97246
93479,p_65877
93486,p_235771
93525,p_19684
93633,p_127934
93635,p_65686
93740,p_185397
93762,p_72266
93764,p_235999
94164,p_85849
94218,p_65678
94248,p_95592
94266,p_29662
94359,p_133608
94425,p_160956
94501,p_72280
94502,p_39009
94553,p_38048
94597,p_64114
94597,p_236316
94731,p_5561
94850,p_81933
95025,p_120872
95146,p_83915
95159,p_98588
95324,p_236533
95334,p_90
95415,p_133829
95484,p_20869
95509,p_99393
95621,p_14163
95630,p_48035
95637,p_16802
95742,p_236761
95812,p_6258
95844,p_236830
96138,p_226903
96144,p_56000
96210,p_98481
96312,p_24485
96554,p_27449
96564,p_101133
96690,p_86415
96692,p_38048
96930,p_83819
96932,p_120738
96934,p_11195
96986,p_39639
97176,p_109896
97250,p_22686
97347,p_48330
97361,p_89666
97522,p_35443
97576,p_183632
97644,p_38883
97681,p_237504
97771,p_99898
98014,p_84534
98044,p_37626
98050,p_237690
98154,p_237741
98179,p_74752
98202,p_237781
98202,p_12329
98275,p_37626
98387,p_237954
98404,p_5029
98487,p_238003
98514,p_238029
98573,p_37613
98629,p_238103
98944,p_64575
98945,p_238174
98983,p_14293
98984,p_143347
98985,p_43318
99020,p_65569
99108,p_32593
99116,p_238260
99120,p_238279
99146,p_138182
99236,p_69719
99352,p_31439
99355,p_238479
99528,p_137095
99576,p_243290
99596,p_238563
99608,p_2636
99621,p_238585
99621,p_238586
99643,p_39058
99908,p_125994
99943,p_238707
99960,p_158826
100033,p_39639
100095,p_9888
100124,p_69667
100236,p_238863
100384,p_39639
100427,p_238912
100447,p_238925
100540,p_239002
100654,p_78287
100655,p_5015
100659,p_90184
101129,p_75752
101136,p_72496
101238,p_120891
101239,p_71485
101251,p_239282
101284,p_37493
101383,p_39639
101385,p_134765
101503,p_111708
101703,p_239523
102064,p_6295
102083,p_239736
102123,p_240109
102269,p_11201
102456,p_176052
102456,p_39009
102469,p_188574
102655,p_106905
102746,p_26128
102829,p_25735
102897,p_37526
103040,p_179258
103230,p_37577
103262,p_234898
103263,p_19841
103351,p_18068
103420,p_16767
103439,p_37526
103597,p_9780
103696,p_1128
103762,p_213971
104029,p_241348
104070,p_241367
104079,p_65062
104120,p_5561
104122,p_73577
104199,p_20073
104414,p_241543
104418,p_16794
104570,p_71755
104579,p_41634
104586,p_47773
104617,p_25165
104742,p_71468
104746,p_166129
104801,p_25165
104896,p_241819
104905,p_167251
104978,p_85969
105056,p_45703
105065,p_237457
105170,p_34021
105266,p_125936
105399,p_59031
105512,p_242086
105692,p_90009
105769,p_242197
105817,p_242222
105910,p_48330
106112,p_65314
106132,p_242362
106144,p_242391
106152,p_148356
106251,p_1241
106368,p_48035
106430,p_56736
106473,p_38439
106474,p_38439
106549,p_97208
106700,p_5069
106744,p_32375
106745,p_8823
106789,p_54441
106826,p_228021
106836,p_172509
106840,p_32121
106848,p_57851
106893,p_25165
106985,p_226322
107022,p_18072
107028,p_242886
107030,p_73007
107100,p_39271
107416,p_2725
107417,p_69384
107422,p_243075
107422,p_243076
107452,p_22562
107541,p_89666
107586,p_74152
107607,p_243135
107661,p_149045
107666,p_68750
107749,p_30089
107750,p_243179
107781,p_243197
107827,p_59998
107830,p_243225
107830,p_243226
107851,p_121643
107921,p_243334
107924,p_204550
107937,p_24977
107937,p_77179
107950,p_226026
108141,p_223824
108141,p_30370
108163,p_81796
108182,p_36921
108240,p_222639
108259,p_73764
108322,p_20646
108368,p_35667
108399,p_49785
108403,p_23116
108428,p_73752
108432,p_243290
108433,p_243591
108477,p_67075
108488,p_31119
108514,p_209817
108526,p_4601
108550,p_18320
108616,p_118447
108647,p_243765
108675,p_195188
108807,p_243824
108883,p_20869
108936,p_243895
108938,p_16862
109114,p_17520
109138,p_59023
109163,p_244018
109362,p_177489
109456,p_148260
109456,p_244209
109617,p_228021
109618,p_244367
109707,p_107750
109752,p_19730
109753,p_244440
109829,p_32632
109831,p_244542
109832,p_19119
109844,p_229618
109865,p_57763
109879,p_1071
109879,p_20254
109879,p_17549
110004,p_8741
110086,p_139180
110086,p_244687
110087,p_244690
110088,p_110465
110120,p_3776
110139,p_95263
110211,p_4112
110234,p_6011
110308,p_244976
110465,p_72218
110479,p_86632
110492,p_65879
110550,p_225311
110649,p_37461
110686,p_33254
110712,p_22558
110788,p_245353
110819,p_51677
110828,p_5561
110834,p_245395
110912,p_92073
110970,p_237457
111248,p_48035
111310,p_37360
111316,p_175278
111319,p_96511
111346,p_66586
111368,p_6284
111444,p_48995
111522,p_90393
111575,p_21669
111613,p_146458
111615,p_237457
111648,p_79723
111677,p_244311
111786,p_91255
111840,p_146483
111877,p_246186
111937,p_36521
111983,p_243532
112012,p_226705
112039,p_100644
112239,p_34763
112257,p_246504
112284,p_246521
112348,p_246731
112355,p_70221
112390,p_93709
112501,p_246811
112507,p_96212
112607,p_96093
112708,p_42111
112720,p_3849
112721,p_3849
112726,p_90351
112732,p_140763
112737,p_72299
113087,p_247439
113092,p_59338
113241,p_46544
113248,p_77068
113352,p_90784
113264,p_24560
113269,p_170012
113326,p_55728
113332,p_25854
113346,p_162792
113405,p_247808
113438,p_247823
113457,p_226705
113585,p_247916
113702,p_91721
113724,p_16269
113753,p_18064
113786,p_35408
113834,p_97388
113835,p_64194
114208,p_86146
114296,p_10231
114312,p_248732
114367,p_105723
114512,p_236356
114683,p_125630
114747,p_248832
115095,p_249427
115121,p_115697
115126,p_148280
115196,p_249477
115306,p_138170
115310,p_156743
115460,p_118884
115696,p_75633
115807,p_249997
115963,p_211734
116023,p_21678
116028,p_39104
116233,p_250287
116250,p_250311
116304,p_142779
116406,p_94047
116408,p_30833
116482,p_250493
116597,p_965
116785,p_167251
117020,p_82921
117058,p_251090
117358,p_251550
117387,p_113271
117448,p_191712
117461,p_45030
117520,p_127410
117583,p_53334
117637,p_92073
117702,p_90393
117749,p_251993
117800,p_22911
117823,p_47157
117826,p_1176
117827,p_72430
117831,p_111214
117844,p_252123
117847,p_52044
117857,p_252149
117858,p_252155
117896,p_98787
117919,p_252228
117950,p_103056
117956,p_16862
117988,p_184770
118070,p_252344
118122,p_16862
118234,p_51193
118244,p_252485
118273,p_90
118278,p_96486
118295,p_227487
118296,p_173337
118300,p_121475
118395,p_49418
118398,p_194036
118420,p_47242
118430,p_118494
118541,p_227638
118546,p_184307
118549,p_227338
118559,p_163764
118569,p_153558
118648,p_2061
118832,p_91430
118843,p_106263
118873,p_40485
118892,p_39502
119047,p_35211
119083,p_88680
119112,p_231876
119190,p_5069
119204,p_187418
119205,p_175278
119208,p_15115
119208,p_239431
119289,p_253283
119431,p_112716
119499,p_226903
119551,p_229986
119556,p_166038
119582,p_236126
119589,p_233783
119721,p_223960
119749,p_253579
119776,p_64205
119861,p_85685
119871,p_16862
120007,p_253718
120034,p_151348
120049,p_253753
120098,p_7288
120116,p_35408
120618,p_84512
120836,p_155997
120850,p_254217
120851,p_227693
120907,p_25873
121085,p_108844
121181,p_96958
121434,p_33542
121436,p_234947
121618,p_219659
123104,p_77880
123106,p_162904
123145,p_226376
123642,p_111121
124512,p_56207
125093,p_51116
125326,p_254869
125326,p_254870
125359,p_37742
125398,p_37860
125627,p_17386
126448,p_255204
127476,p_83967
127780,p_103504
128568,p_205248
128894,p_2873
128898,p_89357
128981,p_86004
129607,p_256107
129704,p_256261
129824,p_63571
129941,p_256449
130055,p_93193
130065,p_256547
130123,p_28442
130128,p_256564
130156,p_129080
130195,p_17407
130204,p_39463
130217,p_127934
130354,p_27005
130791,p_56533
130972,p_89647
130973,p_15115
131031,p_33542
131249,p_1961
131309,p_256972
131891,p_103753
131896,p_34264
131905,p_31890
132028,p_26134
132082,p_119164
132141,p_257079
132171,p_254519
133080,p_75129
133249,p_44367
133574,p_257079
133574,p_257213
133579,p_257221
133611,p_56349
133662,p_83967
133746,p_255305
133886,p_257329
134063,p_209423
134141,p_77961
134428,p_257378
134473,p_106282
134880,p_93036
135423,p_30365
135543,p_33008
135544,p_65843
135556,p_257591
135708,p_135996
135709,p_257628
135763,p_14163
135889,p_52268
136052,p_40492
136133,p_24891
136285,p_11859
136549,p_16672
136552,p_20665
136994,p_257789
136999,p_257802
137013,p_90351
137017,p_53230
137018,p_165862
137021,p_37526
137037,p_72709
137081,p_18969
137248,p_225233
137333,p_180785
137442,p_258018
137487,p_175956
137525,p_28615
137614,p_72248
137895,p_258123
137904,p_232454
137974,p_34264
137979,p_10346
138219,p_112353
138302,p_55018
138788,p_225011
138789,p_90703
138811,p_96119
138847,p_52542
138957,p_100644
138973,p_125277
139018,p_258578
139075,p_258636
139081,p_19346
139253,p_14353
139305,p_251880
139566,p_84426
139570,p_102756
139816,p_258882
140533,p_259129
140535,p_259137
140674,p_71468
140676,p_236356
140812,p_16988
140814,p_28615
141399,p_11720
141892,p_259465
141893,p_259467
141932,p_162909
141932,p_162910
142536,p_259603
142672,p_155787
142673,p_122767
143349,p_37493
143604,p_183969
143971,p_254738
144065,p_37577
144132,p_260249
144165,p_146410
144264,p_117924
144706,p_31890
145254,p_260729
146061,p_211772
146140,p_74470
146227,p_144758
146235,p_50194
146245,p_31775
146249,p_244324
146357,p_46000
146573,p_155799
146683,p_81400
146707,p_92129
146718,p_261597
146991,p_248448
147247,p_261853
147473,p_261891
147493,p_177065
147501,p_227486
147512,p_14293
147521,p_227819
147530,p_81400
147542,p_63003
147861,p_228521
147865,p_262158
147867,p_262163
147873,p_250884
147886,p_3124
148693,p_262489
148694,p_8721
148877,p_24298
148914,p_233320
149056,p_215796
149199,p_126146
149232,p_106710
149236,p_262902
149446,p_56801
149448,p_247456
149802,p_263188
149805,p_263198
149810,p_52070
149821,p_244690
149823,p_263224
150539,p_186673
150543,p_108738
150555,p_18598
150558,p_18598
150731,p_94709
150858,p_263780
150990,p_19516
150994,p_222861
151057,p_22676
151093,p_264052
151134,p_254376
151144,p_182296
151150,p_264100
151243,p_74096
151248,p_158169
151346,p_237435
151391,p_120753
151429,p_264292
151465,p_72757
151529,p_59781
151924,p_264509
152042,p_91272
152046,p_155787
152085,p_264636
152151,p_264689
152151,p_217366
152171,p_204289
152339,p_70110
152561,p_265046
152574,p_49150
152771,p_265149
152788,p_247318
152798,p_265198
152894,p_89370
152931,p_21825
152932,p_171017
152941,p_234410
153297,p_150991
153552,p_154387
153637,p_193663
153689,p_154467
153692,p_265593
153722,p_253447
153729,p_178564
153740,p_96905
153761,p_92897
153764,p_98407
153830,p_201606
153830,p_265791
153831,p_14268
153969,p_25645
154099,p_28118
154152,p_266032
154471,p_204879
154474,p_175461
154573,p_230228
154613,p_18175
154619,p_266345
154621,p_266348
154690,p_266397
154720,p_78690
154856,p_266505
154965,p_245140
155050,p_2334
155386,p_12160
155388,p_12160
155488,p_112383
155504,p_243179
155795,p_31074
156604,p_85685
156693,p_267139
156991,p_267209
157095,p_54222
157104,p_171519
157205,p_33882
157569,p_188839
157653,p_238238
158078,p_262543
158567,p_44384
158814,p_267733
158814,p_267734
158815,p_267736
158910,p_267747
158911,p_267749
159352,p_71609
160131,p_268072
160134,p_115695
160176,p_120738
160184,p_87113
160493,p_238771
160494,p_39058
160500,p_268153
160578,p_57639
160581,p_2166
160592,p_268207
161230,p_36431
161236,p_268328
161261,p_244644
161525,p_254376
161533,p_11201
161567,p_268443
161671,p_19865
161675,p_50300
161678,p_49450
161692,p_125270
161827,p_18574
161892,p_27014
161897,p_268613
162235,p_20073
162307,p_166575
162312,p_19912
162593,p_268791
162952,p_58189
162962,p_134733
163274,p_252897
163294,p_268984
163313,p_1011
163352,p_149836
163364,p_64210
163438,p_162106
163562,p_224415
163595,p_5077
163618,p_209817
163621,p_269210
163634,p_33806
163641,p_51417
163642,p_32958
163653,p_46367
163655,p_106905
163769,p_235462
163899,p_269364
163929,p_269401
163931,p_108844
163953,p_8574
163958,p_24909
163973,p_81796
163996,p_67011
163997,p_97636
164048,p_74855
164067,p_39853
164078,p_72611
164202,p_254376
164290,p_269755
164295,p_128423
164296,p_133999
164302,p_269813
164303,p_45037
164390,p_59466
164430,p_35452
164558,p_309
164564,p_56194
164571,p_7288
164575,p_65874
164617,p_269934
164718,p_269966
164722,p_269973
164726,p_120540
165399,p_19333
165519,p_64508
165571,p_270072
165955,p_59781
166318,p_109933
166816,p_36521
166818,p_71522
166818,p_37493
167168,p_241426
167277,p_48583
167703,p_22323
167916,p_270946
167917,p_270950
167922,p_257267
168167,p_256868
168248,p_123410
168719,p_121656
168911,p_67217
168911,p_35452
169029,p_271258
169455,p_204879
169514,p_197664
169602,p_268111
169604,p_271402
169606,p_72191
169610,p_138400
169636,p_225319
169667,p_250881
169843,p_232672
169860,p_271589
169860,p_234264
169860,p_152432
169873,p_271596
169984,p_17496
170125,p_271845
171046,p_152711
171071,p_132960
171139,p_265002
171146,p_98086
171166,p_272298
171166,p_264337
171171,p_272306
171207,p_8812
171402,p_17439
171456,p_15602
171923,p_272940
171924,p_64909
171942,p_136837
172099,p_38048
172147,p_69174
172392,p_9049
172484,p_6129
172641,p_273321
172658,p_273350
172674,p_273376
172719,p_12786
172726,p_270795
173230,p_184770
173234,p_250317
173237,p_273637
173246,p_91639
173258,p_125505
173473,p_273779
173745,p_37451
174209,p_219586
174315,p_246324
174315,p_274167
174350,p_251016
174591,p_51421
175326,p_201606
175344,p_274885
175363,p_274906
175376,p_213951
175392,p_274952
175465,p_160492
175925,p_90646
175952,p_26882
175978,p_269812
176084,p_163522
176134,p_12733
176137,p_275544
176206,p_99110
176212,p_178208
176318,p_66058
176400,p_19119
176401,p_186534
176415,p_90637
176421,p_97388
176430,p_196418
176503,p_273637
176506,p_275945
176548,p_224378
176561,p_78287
176567,p_249453
176567,p_249454
176586,p_275992
176586,p_275993
176591,p_56857
176811,p_47826
176907,p_261460
176915,p_67887
176928,p_232448
176933,p_268791
176937,p_101543
176953,p_486
176958,p_37770
176972,p_276192
177058,p_64575
177283,p_17520
177431,p_233875
177621,p_40199
177628,p_140920
177641,p_84688
177642,p_7746
177647,p_22676
177822,p_16435
177827,p_267236
177858,p_73088
177861,p_249453
177861,p_249454
178320,p_276910
178389,p_277013
178389,p_243990
178452,p_277079
178800,p_18068
178810,p_238577
178824,p_32576
178836,p_55520
179117,p_236546
179233,p_155802
179282,p_91289
179311,p_50583
179317,p_72197
179511,p_237391
179603,p_277867
179936,p_67750
180182,p_171944
180852,p_132595
180854,p_5026
181107,p_278408
181107,p_278409
181255,p_32375
181261,p_278510
181291,p_278542
181381,p_278592
181392,p_113821
181397,p_262081
181397,p_262082
181417,p_142697
181522,p_278785
181833,p_51402
181833,p_278854
181862,p_235771
181866,p_88513
181874,p_278887
181903,p_252228
181924,p_128884
181926,p_21013
181984,p_33721
182018,p_22323
182019,p_271316
182034,p_180304
182034,p_180305
182053,p_30089
182151,p_257108
182152,p_279222
182657,p_279400
182658,p_236558
182666,p_86105
182711,p_111412
182771,p_279446
184732,p_265467
184931,p_254376
184937,p_256842
185061,p_107673
185098,p_279669
185173,p_16988
185203,p_122495
185344,p_214818
185344,p_279896
185823,p_84512
185828,p_280171
185874,p_15459
185955,p_21678
186264,p_47062
186435,p_238029
186644,p_211988
186954,p_33717
187235,p_91205
187301,p_166212
187432,p_57641
187568,p_90714
187573,p_83385
187607,p_90184
187965,p_47469
187966,p_281785
187974,p_115172
188177,p_6648
188192,p_129080
188200,p_86069
188287,p_161989
188596,p_2245
188752,p_169474
188756,p_282458
188993,p_54222
189047,p_6241
189088,p_282802
189115,p_282837
189292,p_190822
189533,p_283293
189566,p_96611
189610,p_283366
190279,p_259465
190280,p_194428
190281,p_24485
190923,p_9740
190965,p_46471
160,p_1867
160,p_1868
836,p_12386
1133,p_15630
1723,p_18854
2379,p_24406
2379,p_24777
2388,p_24833
2390,p_24481
2398,p_24533
2401,p_24555
2402,p_20849
2402,p_20239
2402,p_24559
2402,p_24560
2402,p_18563
2402,p_25339
2402,p_25340
2452,p_25127
2760,p_2636
2814,p_26265
2866,p_15344
3146,p_18598
3404,p_31849
3416,p_31809
3419,p_31822
3703,p_33924
3983,p_7554
4049,p_34639
4182,p_30632
4255,p_35723
4457,p_37363
4507,p_37577
4730,p_39153
4785,p_39449
4888,p_39804
4948,p_27436
4962,p_40260
5060,p_40940
5094,p_41228
5421,p_31775
5434,p_31775
5481,p_25826
5483,p_25826
5483,p_44965
5484,p_25826
5485,p_25826
5600,p_44305
5617,p_28615
5620,p_30956
5649,p_4590
5688,p_44833
5803,p_30683
5904,p_46493
6548,p_27481
6697,p_51193
7277,p_52248
7294,p_16767
8269,p_15254
8281,p_54296
8357,p_55420
8357,p_55421
8379,p_20430
8743,p_55884
8778,p_27000
8902,p_21771
8902,p_8574
8906,p_4617
8990,p_56477
9050,p_67259
9063,p_42
9098,p_48685
9318,p_57290
9439,p_54525
9514,p_57796
9514,p_56477
9575,p_59432
9873,p_43786
10014,p_62020
10068,p_7270
10131,p_16938
10171,p_10249
10283,p_64735
10353,p_64909
10376,p_65314
10406,p_56911
10487,p_67039
10552,p_21819
10556,p_81671
10624,p_66058
10689,p_24074
10800,p_66856
10800,p_66857
10832,p_56735
10832,p_56736
10864,p_14614
10914,p_69168
10916,p_31900
10927,p_47021
10927,p_66942
10933,p_56477
11039,p_33806
11126,p_68233
11142,p_28117
11299,p_56342
11299,p_12178
11534,p_69759
11563,p_64438
11607,p_35475
11672,p_16862
11714,p_28403
11768,p_70429
11782,p_11401
11809,p_24375
11809,p_24376
11818,p_70579
11984,p_66830
12104,p_9168
12108,p_71288
12116,p_28615
12147,p_71455
12174,p_5005
12204,p_40016
12231,p_69174
12234,p_33542
12285,p_39639
12416,p_22676
12443,p_142806
12450,p_72258
12469,p_24555
12473,p_89546
12495,p_72493
12497,p_72516
12534,p_41159
12536,p_64877
12539,p_48995
12549,p_72913
12549,p_72914
12603,p_67259
12603,p_56807
12614,p_1927
12713,p_19069
12803,p_73671
13560,p_24492
14071,p_74886
14580,p_16862
14596,p_78436
14771,p_7314
15112,p_56214
15124,p_81184
15626,p_55728
15767,p_608
15777,p_83945
15777,p_83946
15877,p_84248
15878,p_84248
15882,p_84259
15885,p_73121
15886,p_84265
15894,p_33721
15943,p_20789
15945,p_39168
16026,p_84743
16028,p_84747
16029,p_24010
16030,p_84748
16032,p_84750
16034,p_84753
16035,p_34928
16036,p_84756
16037,p_84758
16038,p_84751
16085,p_84839
16090,p_84870
16128,p_57639
16129,p_107448
16161,p_17520
16164,p_85186
16181,p_85231
16253,p_88008
16257,p_33056
16748,p_67716
16991,p_56739
17045,p_30956
17230,p_16137
17346,p_86167
17466,p_65314
17481,p_86459
18396,p_83967
18427,p_6817
18750,p_29433
18934,p_88209
19810,p_64654
19941,p_89599
20147,p_89865
20466,p_17501
20738,p_90343
21059,p_90614
21217,p_90862
21257,p_90890
21373,p_73153
21483,p_9083
21501,p_91327
21518,p_91330
21585,p_91528
21591,p_52070
21595,p_24299
21674,p_89704
21677,p_26767
22772,p_69309
22872,p_92498
22927,p_92584
23032,p_92720
23121,p_50739
23131,p_92980
23132,p_92980
23187,p_93052
23332,p_86893
23381,p_93252
23398,p_93318
23400,p_93324
23568,p_55839
23977,p_55839
24296,p_93721
24521,p_52567
24725,p_84359
24764,p_29433
24884,p_277882
25058,p_38595
25457,p_66109
26152,p_97975
26168,p_72254
26305,p_66839
26406,p_6818
26507,p_52094
26684,p_96666
26684,p_96667
26689,p_96683
27031,p_97219
27316,p_98371
27369,p_98598
27384,p_98676
27712,p_99393
28194,p_29888
28330,p_88305
28331,p_56807
28394,p_100317
28604,p_100499
28837,p_64845
29181,p_18864
29291,p_30074
29647,p_14132
29766,p_102535
30447,p_103348
30631,p_41147
31359,p_105732
31457,p_24318
31458,p_105923
31479,p_57436
31498,p_106029
31588,p_106285
32663,p_58075
32973,p_67217
32980,p_93052
33487,p_50870
33623,p_108248
33706,p_108705
33707,p_70877
33707,p_108742
33774,p_108511
33900,p_46054
34048,p_108931
34416,p_51984
34463,p_103428
34940,p_103320
34969,p_110465
35013,p_110514
35022,p_31074
35024,p_31074
35077,p_32083
35079,p_31775
35126,p_84512
35361,p_72319
35460,p_41092
35476,p_73639
35618,p_111735
35830,p_43347
35830,p_65874
35912,p_39557
35942,p_2801
35951,p_11201
35958,p_112493
36073,p_21227
36077,p_35216
36137,p_20430
36140,p_39474
36242,p_111753
36277,p_5970
36368,p_34580
36414,p_38258
36518,p_70017
36588,p_102577
36618,p_18357
36629,p_114031
36629,p_115041
37003,p_114919
37163,p_8452
37188,p_115494
37283,p_90343
37360,p_115967
37377,p_63744
37485,p_116441
37549,p_117126
37551,p_23230
37632,p_116745
37742,p_116908
37746,p_97300
37754,p_31074
37831,p_69371
37899,p_117611
37903,p_69912
38125,p_15127
38143,p_102535
38169,p_70300
38228,p_89641
38506,p_94435
38506,p_119473
38593,p_112452
38606,p_24944
38623,p_120103
38643,p_120158
38674,p_120299
38771,p_120627
38788,p_144369
38811,p_8626
38811,p_120770
38830,p_135948
38830,p_110552
39114,p_121427
39116,p_40615
39228,p_26595
39404,p_121848
39408,p_150991
39493,p_19069
39608,p_24425
39662,p_58728
39714,p_122466
39774,p_24389
40048,p_107448
40563,p_97167
40567,p_49629
40619,p_124129
40852,p_70636
41378,p_67632
41425,p_25826
41444,p_26959
41486,p_111412
41538,p_71930
41538,p_71929
41559,p_119161
41583,p_125611
41663,p_90655
41680,p_126011
41716,p_126158
41727,p_93709
41732,p_126213
41787,p_126454
42001,p_41147
42299,p_33717
42339,p_128873
42528,p_112452
42557,p_10346
42673,p_52070
42738,p_4415
42738,p_119889
42930,p_20869
42952,p_69830
42954,p_132598
42963,p_149680
43183,p_133227
43285,p_133613
43319,p_133634
43323,p_86167
43472,p_54794
43512,p_98085
43547,p_134694
43585,p_134860
43702,p_135227
43703,p_135237
43843,p_106901
43874,p_136385
43890,p_108891
44013,p_41117
44146,p_122528
44177,p_5629
44246,p_37770
44467,p_11528
44477,p_138412
44489,p_4818
44553,p_91330
44646,p_66843
44649,p_69174
44660,p_98435
44814,p_35208
44983,p_74460
45022,p_140610
45022,p_140611
45205,p_10099
45205,p_169581
45367,p_141453
45381,p_37313
45383,p_111511
45550,p_139639
45712,p_122129
45765,p_10491
46039,p_41644
46202,p_104388
46407,p_145327
46859,p_47020
47206,p_183806
47265,p_148274
47267,p_148277
47342,p_148589
47578,p_88951
47625,p_149397
47695,p_3831
47807,p_51000
47856,p_150585
47856,p_150661
47874,p_150411
48047,p_47081
48049,p_47081
48050,p_25882
48054,p_25882
48099,p_39996
48125,p_150879
48176,p_150991
48446,p_37915
48460,p_94481
48577,p_45030
48739,p_152343
48832,p_152481
48847,p_152554
48847,p_156681
48939,p_15657
49181,p_153175
49260,p_8929
49334,p_86167
49602,p_154248
49888,p_50542
50032,p_112673
50062,p_35896
50196,p_94047
50201,p_155500
50212,p_121899
50231,p_86006
50402,p_17282
50422,p_71609
50514,p_70520
50574,p_39557
50679,p_33166
50766,p_21669
50818,p_157812
50920,p_148480
50969,p_156910
51093,p_157068
51371,p_17623
51457,p_157407
51597,p_91651
51658,p_157872
51720,p_40506
51898,p_158637
52051,p_33542
52262,p_68424
52268,p_159210
52299,p_146088
52315,p_159388
52351,p_3776
52352,p_103071
52352,p_3776
52429,p_140575
52926,p_160694
53084,p_3317
53217,p_161358
53288,p_70854
53620,p_162106
53704,p_162287
54117,p_163164
54134,p_44955
54305,p_118119
54571,p_45572
54586,p_163978
54586,p_163979
54586,p_163980
54650,p_39104
54661,p_133035
54672,p_164123
54782,p_164440
54782,p_164441
54868,p_26971
54936,p_164651
54971,p_99176
54972,p_35256
54999,p_34613
55244,p_125116
55290,p_124526
55299,p_165549
55322,p_135202
55379,p_129318
55432,p_31336
55485,p_166080
55569,p_166353
55756,p_24555
55866,p_131792
56066,p_167595
56098,p_76872
56188,p_8373
56361,p_168302
56470,p_109142
56585,p_54525
56685,p_167696
56701,p_56998
56777,p_72005
56892,p_1865
56922,p_150661
56995,p_170174
57150,p_66928
57354,p_2428
57391,p_96956
57610,p_50873
57626,p_24022
57718,p_793
57873,p_141608
57892,p_11983
58081,p_141608
58338,p_174664
58340,p_5629
58741,p_97388
59248,p_3556
59251,p_3556
59497,p_80904
59626,p_104549
59638,p_179333
59717,p_2878
59767,p_179540
59810,p_150661
59814,p_150661
59932,p_1868
59956,p_55735
60330,p_13488
60755,p_104332
60761,p_88137
60768,p_202787
61186,p_177489
61188,p_177489
61346,p_281401
61611,p_184943
61612,p_28615
62181,p_35137
62297,p_107202
62402,p_187375
62484,p_45138
62484,p_56209
62718,p_63973
62993,p_190269
63023,p_137071
63220,p_191386
63232,p_191500
63232,p_191501
63530,p_173632
63834,p_253176
64085,p_112452
64257,p_140975
64306,p_22812
64317,p_104711
64601,p_72430
64608,p_73693
64612,p_198484
64835,p_50870
65135,p_200622
65148,p_9603
65148,p_9607
65498,p_72258
65550,p_12840
65849,p_28615
65893,p_203632
65995,p_92836
65939,p_17282
66184,p_109877
66272,p_24280
66272,p_24281
66306,p_177616
66310,p_144587
66344,p_85352
66540,p_55728
66541,p_55728
66655,p_205528
66655,p_205529
66675,p_103092
66691,p_205625
66819,p_27002
66821,p_70298
66913,p_167578
67086,p_84425
67403,p_5077
67520,p_88963
67600,p_164839
67622,p_207257
67726,p_150661
67806,p_207630
67830,p_31775
67834,p_92866
67858,p_108076
67858,p_100338
67880,p_207763
67882,p_11720
67933,p_83516
67940,p_12962
67973,p_98085
68190,p_208639
68413,p_180102
68426,p_97167
68431,p_2801
68442,p_51417
68453,p_26611
68461,p_58129
68463,p_209149
68487,p_184375
68553,p_137413
68604,p_69681
68767,p_55969
68783,p_209801
68822,p_20877
69058,p_3849
69100,p_4645
69196,p_87058
69197,p_85730
69246,p_15189
69256,p_17554
69289,p_211988
69422,p_9076
69431,p_34591
69443,p_212640
69512,p_1869
69709,p_106901
69710,p_102577
69762,p_11523
70220,p_122466
70291,p_72005
70417,p_3776
70440,p_6648
70741,p_16830
70741,p_216893
70933,p_111511
71696,p_57832
71810,p_41634
71918,p_220541
71918,p_220543
72018,p_31890
72279,p_212975
72291,p_175001
72330,p_17623
72439,p_222205
72440,p_70235
72458,p_113419
72463,p_222358
72561,p_71329
72648,p_222836
72740,p_95909
73126,p_160221
73470,p_88965
73475,p_72258
73703,p_13496
73975,p_34682
73993,p_86889
74032,p_49624
74275,p_182270
74282,p_89022
75170,p_223801
75218,p_81796
75295,p_223915
75319,p_117287
75321,p_89472
75728,p_56735
75824,p_100121
75825,p_224372
75825,p_224373
75828,p_31662
75976,p_224470
76072,p_11983
76335,p_42111
76336,p_4600
76337,p_94481
76341,p_4600
76397,p_207920
76627,p_20665
77302,p_224980
77304,p_32301
77522,p_18969
77527,p_14855
77530,p_54607
77802,p_123243
77843,p_14614
77843,p_14632
77878,p_21678
78160,p_42
78214,p_10249
78252,p_108867
78514,p_38507
79844,p_39588
79895,p_71307
80078,p_6648
80638,p_89066
81235,p_81796
81414,p_86761
81463,p_226897
81470,p_89998
81634,p_68
81705,p_226978
81766,p_89371
81882,p_227132
81955,p_39557
82028,p_227178
82030,p_102457
82074,p_223617
82104,p_227209
82171,p_227285
82191,p_221120
82247,p_170012
82383,p_10316
82385,p_19684
82447,p_64901
82447,p_70900
82475,p_55006
82606,p_73088
82636,p_67435
82636,p_32958
82739,p_13884
82754,p_66109
82766,p_110456
82795,p_227693
82838,p_28118
82842,p_80883
82901,p_67259
82903,p_227775
82907,p_227783
82924,p_4617
82946,p_24501
82976,p_49625
83110,p_97418
83272,p_89472
83501,p_257108
83501,p_224981
83657,p_11037
83738,p_66022
83738,p_1642
83844,p_113201
83845,p_7832
83848,p_228248
84030,p_18618
84360,p_2245
84378,p_228526
84484,p_86006
84611,p_150628
84672,p_9740
84828,p_66842
84922,p_38625
84993,p_228973
85019,p_19069
85020,p_19069
85168,p_52102
85218,p_229216
85282,p_2725
85354,p_36384
85360,p_229283
85396,p_14353
85405,p_43786
85444,p_229369
85499,p_3359
85640,p_44562
85645,p_137071
85648,p_138774
85650,p_6648
85658,p_229458
85720,p_87505
85733,p_87505
85742,p_117287
85772,p_118535
85776,p_4617
85834,p_229614
85835,p_69488
86040,p_25645
86073,p_177700
86163,p_229815
86231,p_121962
86256,p_102522
86275,p_111412
86338,p_31894
86391,p_57832
86408,p_40312
86529,p_37597
86586,p_57608
86730,p_230208
86742,p_189673
86745,p_155238
86755,p_230251
86764,p_18209
87015,p_56807
87053,p_54796
87297,p_226883
87443,p_230885
87618,p_231124
87631,p_46588
87633,p_73577
87720,p_58863
87801,p_169909
87821,p_57607
87829,p_35256
87989,p_2415
87989,p_231382
87999,p_31894
88094,p_231428
88249,p_17549
88544,p_20718
88587,p_70155
88634,p_34580
88920,p_78866
88920,p_231861
88960,p_231904
89214,p_11528
89219,p_11528
89229,p_24
89336,p_83915
89412,p_110190
89605,p_10249
89620,p_1963
89766,p_88727
89978,p_173087
89981,p_213576
90087,p_19942
90087,p_51084
90089,p_151048
90132,p_93136
90138,p_205287
90194,p_118669
90239,p_54559
90285,p_27811
90287,p_4600
90339,p_52629
90372,p_142697
90699,p_47853
90746,p_22691
90767,p_37626
90769,p_14405
90932,p_233937
90962,p_1558
91056,p_21769
91070,p_36148
91181,p_234160
91257,p_180275
91276,p_119889
91308,p_163086
91339,p_88926
91339,p_88925
91344,p_24634
91486,p_19228
91487,p_89641
91550,p_178821
91558,p_232043
91584,p_234448
91597,p_112890
91703,p_22558
91828,p_234612
91839,p_234612
91852,p_79723
91865,p_40199
92052,p_232601
92125,p_34644
92250,p_167696
92297,p_26436
92372,p_68998
92465,p_223800
92469,p_98085
92470,p_81796
92786,p_54222
92818,p_52567
92970,p_157934
93070,p_90965
93112,p_26436
93117,p_13899
93175,p_73153
93186,p_89177
93327,p_235660
93338,p_233811
93341,p_1744
93390,p_235701
93490,p_26134
93533,p_29226
93601,p_126806
93714,p_16938
94219,p_236126
94229,p_39639
94276,p_59031
94276,p_41029
94504,p_205287
94563,p_118615
95006,p_184770
95072,p_236440
95333,p_236546
95351,p_26436
95365,p_224311
95528,p_26436
95736,p_30053
95772,p_102376
95830,p_65061
95967,p_13899
96002,p_21769
96007,p_20556
96022,p_99538
96043,p_57641
96088,p_45943
96415,p_89357
96525,p_237054
96566,p_48084
96615,p_237078
96908,p_14198
96918,p_36842
96927,p_48262
96957,p_37360
96971,p_37186
97092,p_33806
97101,p_227758
97101,p_157569
97101,p_157570
97121,p_16919
97229,p_161919
97284,p_176117
97286,p_59338
97312,p_72197
97326,p_35216
97632,p_237457
97661,p_68998
97679,p_107230
97693,p_48330
97725,p_113701
97932,p_25165
98162,p_222588
98171,p_120515
98233,p_199198
98236,p_165339
98277,p_85591
98402,p_78296
98471,p_39639
98488,p_238014
98613,p_67750
98617,p_128293
98620,p_96048
98952,p_44426
99049,p_2725
99143,p_138182
99305,p_107230
99357,p_91367
99571,p_55806
99577,p_125994
99828,p_38883
99920,p_143347
99980,p_66203
99983,p_2873
100253,p_31898
100401,p_72197
100421,p_40213
100430,p_37538
100534,p_51116
100570,p_239035
101145,p_9740
101230,p_239241
101230,p_81803
101499,p_239417
101517,p_25826
101574,p_78787
101994,p_28741
102061,p_51116
102090,p_38883
102254,p_132014
102287,p_240215
102287,p_96666
102288,p_237409
102306,p_36443
102422,p_223003
102698,p_240464
102725,p_64763
102752,p_120872
102828,p_72322
103061,p_91181
103147,p_234689
103173,p_225092
103173,p_225220
103174,p_225092
103174,p_225220
103180,p_242470
103215,p_235587
103229,p_90862
103502,p_157318
103506,p_230228
103648,p_67813
103670,p_223798
103982,p_63550
104028,p_6241
104532,p_241563
104534,p_66969
104543,p_150991
104745,p_225047
104745,p_101852
104845,p_241785
104887,p_59031
104887,p_41029
104908,p_241832
104927,p_241855
104955,p_29922
105067,p_223617
105252,p_36394
105295,p_24173
105403,p_242005
105405,p_1927
105406,p_207140
105440,p_8392
105513,p_237417
105607,p_242112
105620,p_88109
105624,p_96958
105637,p_69403
105656,p_107788
105686,p_39639
105695,p_13899
105785,p_150991
105828,p_245171
106108,p_19798
106138,p_236830
106199,p_72195
106214,p_52567
106314,p_48330
106381,p_26470
106417,p_47573
106689,p_232877
106787,p_59879
106984,p_242850
107059,p_238388
107095,p_242912
107098,p_226705
107177,p_42111
107212,p_143016
107306,p_22323
107756,p_48165
107777,p_43440
107780,p_243197
107847,p_95973
107881,p_241649
107974,p_28615
107997,p_243377
107998,p_40235
108097,p_131880
108188,p_62531
108402,p_91269
108450,p_14292
108450,p_14293
108516,p_243671
108551,p_86763
108582,p_17282
108611,p_110546
108932,p_1744
109177,p_108967
109225,p_244065
109244,p_33721
109254,p_227338
109334,p_27811
109336,p_26470
109338,p_75558
109341,p_75558
109344,p_104237
109345,p_42111
109412,p_43347
109415,p_244197
109501,p_162904
109515,p_20556
109568,p_128602
109643,p_244384
109704,p_14198
109820,p_19665
109851,p_244570
109990,p_33064
110053,p_79010
110093,p_4955
110113,p_209423
110116,p_41238
110116,p_38048
110145,p_18558
110172,p_231854
110200,p_54296
110208,p_87537
110212,p_8823
110212,p_244819
110369,p_238103
110373,p_55969
110408,p_12361
110431,p_43347
110545,p_241377
110588,p_245174
110647,p_56396
110648,p_50862
110657,p_80904
110659,p_7312
110911,p_52112
110936,p_68219
111196,p_9740
111224,p_245596
111430,p_111976
111633,p_37362
111635,p_84512
111761,p_234618
111761,p_246122
111762,p_2725
111865,p_55916
112033,p_44644
112051,p_238523
112182,p_1961
112241,p_129087
112277,p_131512
112349,p_11214
112450,p_241423
112502,p_68656
112510,p_246832
112510,p_184198
112560,p_246867
112657,p_6273
112665,p_40903
112722,p_247035
112739,p_72280
112825,p_2260
112872,p_72834
112929,p_40235
112967,p_236831
113085,p_16767
113086,p_37360
113169,p_247504
113227,p_46719
113265,p_95592
113367,p_107788
113471,p_247863
113519,p_43681
113620,p_50922
113735,p_58220
113857,p_25645
113988,p_248352
114368,p_11201
114385,p_40235
114478,p_21981
114652,p_49687
114749,p_249175
114765,p_94209
114796,p_74752
114848,p_203301
114848,p_273981
114859,p_49438
114896,p_72248
114923,p_85226
114982,p_110486
115004,p_91430
115046,p_46295
115064,p_80113
115105,p_24443
115147,p_12804
115194,p_78866
115475,p_82841
115506,p_78866
115623,p_141247
115643,p_32836
115670,p_73236
115673,p_249807
115677,p_34580
115731,p_37770
115808,p_136793
116102,p_67164
116136,p_250208
116152,p_104662
116153,p_13527
116155,p_12150
116159,p_250223
116232,p_160694
116356,p_22911
116364,p_250379
116410,p_1869
116426,p_144591
116743,p_55728
116786,p_80446
116875,p_40983
116967,p_251034
117016,p_124201
117024,p_106976
117114,p_116400
117377,p_183665
117445,p_18308
117449,p_102702
117524,p_155294
117527,p_49030
117659,p_22936
117662,p_34919
117709,p_57359
117792,p_125936
117793,p_221120
117798,p_122490
117802,p_37633
117840,p_156500
117843,p_228953
117854,p_240464
117865,p_252172
118071,p_252346
118152,p_37860
118271,p_90093
118274,p_1128
118277,p_205640
118301,p_19370
118302,p_224415
118334,p_104237
118431,p_54874
118449,p_39639
118633,p_75558
118692,p_162923
118693,p_19912
118909,p_234322
118931,p_80484
118953,p_35375
119071,p_253081
119107,p_72327
119136,p_68519
119140,p_253155
119181,p_253176
119422,p_244011
119516,p_253414
119535,p_41035
119628,p_57607
119630,p_16544
119638,p_45138
119638,p_56209
119642,p_15488
119698,p_23058
119699,p_246969
119774,p_225216
119858,p_180660
120193,p_31119
120217,p_22775
120217,p_253819
120224,p_54975
120393,p_253990
120402,p_254000
120439,p_67263
120501,p_254018
120888,p_234995
120892,p_123535
120992,p_46680
120993,p_145858
120994,p_254285
121061,p_14520
121061,p_236316
121065,p_28898
121087,p_29132
121236,p_104197
121356,p_38683
121778,p_244011
122596,p_237391
123182,p_74234
123640,p_254731
123643,p_254738
123644,p_68813
124761,p_233970
124762,p_233970
125879,p_73654
126029,p_255048
126050,p_26077
126337,p_27846
126365,p_255193
126378,p_236483
126450,p_255208
126951,p_255286
126957,p_255298
127056,p_56587
127715,p_18563
128490,p_156559
128616,p_255521
128834,p_8373
128896,p_243376
128978,p_255743
129007,p_44683
129375,p_15868
129437,p_255860
129609,p_178688
129625,p_248278
129706,p_1071
129706,p_20254
129706,p_17549
129823,p_249290
130208,p_203934
130793,p_256842
130910,p_46203
131546,p_235771
132178,p_90351
132182,p_257100
132594,p_95263
132654,p_49625
133242,p_9108
133242,p_56721
133583,p_89357
133625,p_88926
133625,p_88925
133670,p_151163
133808,p_257288
134687,p_46280
135550,p_33166
136070,p_93108
136070,p_257701
136284,p_257731
136996,p_31890
137008,p_38883
137011,p_254376
137012,p_10316
137030,p_23724
137031,p_244983
137070,p_17386
137080,p_257890
137142,p_110456
137261,p_257921
137261,p_257922
137488,p_258023
137488,p_258024
137615,p_3776
137639,p_32082
137976,p_31894
137977,p_217650
137978,p_9740
138303,p_121020
138304,p_251964
138304,p_258329
138304,p_156895
138373,p_4453
138533,p_158577
138561,p_258382
138848,p_54794
139016,p_38804
139071,p_81400
139300,p_258692
139393,p_20869
139858,p_258955
139989,p_259012
139991,p_93720
139992,p_259018
140106,p_146662
140549,p_141784
140758,p_108846
140813,p_28615
141053,p_256086
141053,p_256087
141452,p_259375
141503,p_72430
142256,p_33166
142257,p_146537
142258,p_244235
142907,p_21769
142923,p_48995
142938,p_19066
143090,p_213109
143093,p_38131
143209,p_259884
143457,p_89652
143806,p_86229
143974,p_65843
144064,p_72496
144126,p_260237
144708,p_18899
145291,p_260795
145301,p_45037
145302,p_32301
145305,p_12846
145309,p_56857
145473,p_19401
145583,p_127546
145909,p_92073
146051,p_261009
146565,p_56807
146577,p_52194
146582,p_178821
146595,p_157259
146680,p_15218
146688,p_249807
146732,p_253990
146976,p_216852
146990,p_226253
147062,p_179258
147132,p_97078
147150,p_261804
147251,p_127410
147455,p_116786
147496,p_162770
147890,p_139414
148049,p_30058
148126,p_53767
148200,p_81400
148210,p_6603
148213,p_231797
148231,p_86814
148564,p_141016
148653,p_262467
148661,p_19684
148692,p_160522
148704,p_262254
148706,p_262526
148837,p_118716
148868,p_161069
148871,p_36700
149063,p_231975
149075,p_72103
149208,p_262860
149237,p_47157
149238,p_115772
149243,p_98528
149244,p_84616
149798,p_29605
149818,p_240464
150035,p_263258
150145,p_92803
150403,p_78866
150412,p_72757
150413,p_72757
150499,p_263476
150547,p_207771
150551,p_263583
150551,p_263584
150552,p_263587
150554,p_263598
150556,p_128649
150557,p_263609
150594,p_239488
150736,p_70235
150859,p_263786
150859,p_263787
150961,p_16745
150982,p_255127
151231,p_8373
151260,p_239336
151374,p_264217
151381,p_264239
151387,p_25819
151450,p_264337
151458,p_67737
151460,p_264352
151466,p_72757
151895,p_33882
151912,p_81395
151919,p_29433
151926,p_965
152043,p_223006
152043,p_237021
152045,p_3872
152084,p_98528
152133,p_201610
152202,p_264759
152211,p_58728
152212,p_259884
152261,p_250042
152290,p_1957
152302,p_264890
152345,p_35968
152515,p_115867
152927,p_50739
152939,p_265296
152943,p_236546
153167,p_148558
153308,p_119164
153717,p_113191
153789,p_113278
153865,p_39243
154128,p_243765
154203,p_18335
154453,p_55446
154809,p_169935
154809,p_21892
154848,p_222588
154854,p_27213
154855,p_125611
154966,p_266535
155222,p_266567
155284,p_266601
155284,p_266602
155379,p_151012
155482,p_19937
155497,p_266747
156168,p_267009
156692,p_1558
156768,p_90975
157090,p_90393
157097,p_32012
157565,p_253711
157716,p_237748
158330,p_267574
158461,p_2127
158462,p_267546
158740,p_233605
158812,p_267726
158909,p_267746
159554,p_91780
159746,p_267971
159885,p_268057
160173,p_97679
160174,p_20646
160499,p_16862
160572,p_196418
160857,p_268233
161072,p_19266
161246,p_268333
161540,p_20660
161682,p_118391
161696,p_12741
161696,p_132301
161895,p_10146
161895,p_25826
162088,p_268633
162374,p_213971
162520,p_268777
162948,p_231563
162961,p_239736
162980,p_251262
162980,p_251263
163343,p_73383
163348,p_109484
163561,p_16269
163575,p_124201
163583,p_232407
163593,p_108030
163598,p_3395
163637,p_214584
163647,p_28319
163649,p_14110
163650,p_157803
163747,p_188362
163756,p_27319
163906,p_32958
163928,p_95249
163932,p_235540
163959,p_209817
163961,p_269448
163963,p_242659
163975,p_175280
163980,p_269481
164039,p_37633
164049,p_38193
164179,p_118535
164181,p_97246
164198,p_75770
164200,p_100694
164204,p_35256
164385,p_73153
164433,p_269888
164720,p_17623
165360,p_270014
165396,p_45427
165572,p_270073
165918,p_145896
165964,p_270104
166132,p_37705
166288,p_270158
166290,p_194537
166812,p_252300
167137,p_270489
167243,p_190384
167542,p_225548
167921,p_270964
168172,p_271107
168172,p_69646
168247,p_244739
168247,p_244741
168247,p_244740
168946,p_235968
169379,p_271301
169642,p_58255
169642,p_201036
169833,p_163745
169840,p_271543
169840,p_258418
169985,p_248013
170114,p_21825
170490,p_163055
171163,p_272293
171172,p_29605
171415,p_37627
171457,p_77880
171730,p_54767
171744,p_40301
171921,p_272936
171925,p_272941
171925,p_272942
171934,p_119636
172616,p_34289
172708,p_263224
173055,p_226197
173226,p_246527
173247,p_47062
173260,p_229533
173260,p_83640
174190,p_273965
174190,p_176192
174192,p_111121
174207,p_165199
174312,p_40983
174501,p_45982
174507,p_241377
174534,p_20646
175357,p_274925
175521,p_229773
176198,p_243376
176208,p_227671
176383,p_275798
176420,p_133829
176504,p_275940
176509,p_101849
176742,p_78060
176951,p_69646
177602,p_49855
177650,p_206362
178064,p_276813
178276,p_276848
178358,p_276958
179151,p_18711
179915,p_22676
179919,p_278112
181497,p_277882
181498,p_277882
181499,p_277882
181848,p_20024
181934,p_13015
182020,p_18865
182030,p_133967
182030,p_133968
182153,p_224462
184867,p_279571
184874,p_49870
185191,p_66548
185202,p_171944
185493,p_279940
185594,p_89370
186414,p_56382
186524,p_72372
187293,p_106818
187543,p_224607
187543,p_281456
187685,p_20869
188175,p_158826
188289,p_262081
188289,p_262082
188744,p_282439
188744,p_282440
188747,p_282442
188747,p_282444
188773,p_282492
188942,p_88139
189044,p_259402
189717,p_101838
190175,p_112276
190266,p_99545
190303,p_8635
190303,p_13953
478,p_15858
484,p_15798
485,p_8750
486,p_15794
487,p_5602
491,p_243290
499,p_6817
690,p_10346
904,p_13876
908,p_85974
977,p_9076
1244,p_16802
1392,p_53384
1392,p_53385
1589,p_17784
1684,p_18618
1721,p_18834
1863,p_12329
2015,p_20732
2111,p_19837
2172,p_22558
2199,p_22539
2417,p_24773
2455,p_1650
2702,p_28671
2748,p_4410
2887,p_1724
2908,p_28816
2995,p_29504
3102,p_30397
3412,p_31775
3689,p_33721
3696,p_33797
4194,p_25950
4276,p_35934
4615,p_38585
4656,p_38766
4679,p_29494
4736,p_39204
4976,p_40312
5049,p_40884
5076,p_24409
5083,p_41060
5104,p_41215
5104,p_102609
5252,p_42793
5464,p_28403
5486,p_25826
5595,p_44263
5595,p_44264
5596,p_44267
5598,p_44288
5623,p_30956
5770,p_9740
6001,p_47144
6436,p_51694
6553,p_5844
6584,p_50542
6584,p_50546
6962,p_51601
7266,p_69830
7267,p_52169
7460,p_52670
8070,p_1650
8355,p_5714
8380,p_55520
8494,p_55273
8583,p_9182
8852,p_11770
9257,p_47640
9323,p_12180
9467,p_18969
9596,p_10620
9617,p_1869
9840,p_19377
9875,p_17701
10039,p_62335
10072,p_26713
10100,p_63418
10305,p_19069
10361,p_51034
10364,p_5342
10484,p_38507
10500,p_672
10593,p_4955
10698,p_45966
10798,p_23945
10818,p_68813
10830,p_518
10835,p_11401
10837,p_67056
10941,p_67576
10989,p_67813
10992,p_64191
10992,p_56412
11055,p_67924
11057,p_26595
11095,p_20869
11162,p_28898
11195,p_10249
11291,p_55006
11367,p_49450
11391,p_69174
11392,p_69174
11394,p_18400
11435,p_69430
11435,p_69437
11444,p_38507
11548,p_12677
11572,p_69938
11572,p_69940
11579,p_33464
11626,p_55006
11651,p_51601
11657,p_3831
11670,p_24380
11710,p_6818
11913,p_39138
11925,p_72681
11925,p_72682
11947,p_55006
11961,p_64796
12078,p_11720
12207,p_26775
12269,p_69174
12481,p_70333
12481,p_72433
12482,p_2725
12492,p_72480
12513,p_5069
12529,p_18834
12543,p_52567
12553,p_5029
12609,p_58268
12609,p_73094
12609,p_73095
12650,p_73253
12652,p_20789
12702,p_73962
12705,p_67767
12799,p_49855
12813,p_70887
12884,p_1927
12946,p_58608
12978,p_75418
13394,p_24389
13520,p_74460
13542,p_24419
13702,p_107534
14134,p_75958
14425,p_76727
14730,p_33821
14780,p_18957
14810,p_39639
15427,p_70360
15464,p_25983
15656,p_53599
15699,p_83594
15725,p_3929
15771,p_83918
15771,p_83919
15773,p_83924
15773,p_83925
15775,p_24391
15845,p_84086
15876,p_84248
15884,p_84262
15884,p_84248
15887,p_84267
15948,p_1961
16027,p_84744
16027,p_84745
16039,p_84258
16062,p_84810
16084,p_187
16086,p_84843
16087,p_84753
16088,p_84753
16137,p_49130
16174,p_85218
16196,p_25819
16546,p_85586
16724,p_85664
16751,p_85685
17221,p_85989
17223,p_86004
17337,p_40549
17474,p_30956
18554,p_1865
19112,p_88432
19247,p_88506
19253,p_54607
19646,p_9264
19895,p_53767
19945,p_73094
19945,p_89614
20654,p_90312
20654,p_90313
20673,p_20718
20673,p_5005
21114,p_37526
21292,p_90951
21294,p_90954
21471,p_21227
21545,p_10316
21631,p_90393
22021,p_92095
23096,p_44955
23110,p_92866
23112,p_29433
23113,p_50739
23224,p_93084
23819,p_93477
24524,p_69759
24796,p_178336
24923,p_124981
25004,p_278167
25041,p_88680
25179,p_52961
25446,p_199198
26006,p_17361
26049,p_95249
26154,p_56207
26243,p_95708
26299,p_95973
26396,p_96117
26477,p_17309
26512,p_96486
26685,p_57898
27049,p_97351
27096,p_97512
27096,p_97513
27147,p_97798
27168,p_97888
27171,p_21769
27188,p_19983
27343,p_27073
27388,p_98700
27420,p_98770
27422,p_98787
27518,p_98929
28178,p_99844
28189,p_99898
28397,p_68580
28546,p_16644
28645,p_100541
28877,p_57359
29189,p_134931
29519,p_33806
29674,p_102148
31036,p_104719
31111,p_104909
31352,p_105721
31380,p_32154
31386,p_4955
31464,p_61750
31489,p_64194
31906,p_69759
32131,p_105581
32223,p_58164
32699,p_58385
32815,p_73153
32853,p_106991
33014,p_70864
33145,p_107376
33269,p_6400
33275,p_63429
33704,p_108372
33747,p_103176
33785,p_108538
33814,p_27221
33814,p_108555
33827,p_19069
33843,p_102823
33902,p_89036
34069,p_108956
34234,p_33727
34302,p_84534
34540,p_109788
34622,p_109876
34862,p_68656
34970,p_110469
35080,p_110630
35095,p_35216
35116,p_88109
35133,p_46230
35165,p_52567
35197,p_110878
35205,p_44267
35208,p_5629
35444,p_111354
35597,p_111708
35617,p_111733
35660,p_111753
35684,p_36148
35714,p_56584
35829,p_112145
35909,p_44433
35943,p_74339
36145,p_56807
36152,p_172960
36156,p_25161
36163,p_78687
36241,p_45572
36245,p_49892
36306,p_38595
36328,p_8843
36333,p_113389
36333,p_113390
36398,p_94796
36527,p_113590
36602,p_45672
36680,p_114137
36940,p_114728
36989,p_86039
37039,p_98441
37226,p_6095
37227,p_115626
37259,p_19304
37293,p_115769
37293,p_259380
37332,p_115850
37340,p_115893
37389,p_116082
37389,p_116083
37398,p_17089
37477,p_69253
37477,p_116399
37563,p_91639
37652,p_116775
37658,p_150661
37658,p_116793
37702,p_70109
37739,p_2245
37751,p_116935
37762,p_116978
37770,p_49010
37794,p_11688
37847,p_117367
37858,p_25938
37892,p_98787
37957,p_117835
38068,p_39298
38116,p_118272
38152,p_118379
38170,p_70298
38179,p_118494
38354,p_31890
38369,p_119073
38382,p_58268
38382,p_89179
38382,p_90225
38399,p_119136
38514,p_119508
38597,p_119882
38605,p_100048
38702,p_90224
38743,p_24485
38794,p_120709
39027,p_121157
39027,p_11429
39095,p_121368
39112,p_17282
39401,p_121835
39402,p_49374
39497,p_121908
39507,p_121944
39534,p_2428
39536,p_122047
39565,p_34639
39697,p_5561
39746,p_25240
39746,p_122575
39803,p_122715
40031,p_31033
40031,p_21905
40613,p_45981
41156,p_101801
41505,p_55006
41660,p_12180
41667,p_120899
41669,p_125928
41740,p_126260
41789,p_126443
42075,p_5678
42093,p_4600
42093,p_5877
42093,p_54526
42093,p_127941
42093,p_18184
42093,p_127942
42093,p_127943
42093,p_45996
42093,p_41041
42171,p_117574
42267,p_111412
42271,p_128602
42273,p_25317
42327,p_12180
42503,p_72133
42746,p_130957
42876,p_32919
42964,p_86167
42966,p_112452
42967,p_132739
43211,p_133360
43438,p_133999
43485,p_106585
44009,p_44644
44037,p_19639
44065,p_89177
44069,p_56570
44110,p_137277
44165,p_78661
44181,p_137576
44213,p_137791
44297,p_113002
44302,p_52332
44335,p_30252
44476,p_138411
44545,p_138723
44681,p_73577
44687,p_274188
44740,p_139424
44761,p_86167
44779,p_139820
44779,p_139875
44779,p_139876
44779,p_139821
44849,p_140068
45041,p_85739
45092,p_72197
45266,p_69788
45271,p_45672
45387,p_141524
45510,p_140824
45545,p_72908
45736,p_44411
45736,p_30956
45840,p_143085
45840,p_121100
45840,p_121101
45840,p_121102
46034,p_6693
46315,p_26265
46315,p_144884
46421,p_106282
46487,p_10146
46573,p_29226
46576,p_24011
46733,p_72769
46837,p_146662
47105,p_103296
47174,p_147844
47208,p_147997
47275,p_54525
47362,p_52567
47565,p_88756
47840,p_150253
47840,p_150254
47857,p_120397
47979,p_150549
48057,p_25882
48059,p_47020
48183,p_151011
48187,p_73280
48209,p_8333
48387,p_16261
48423,p_29765
48496,p_67426
48827,p_152450
48905,p_16794
48940,p_10051
49255,p_39009
49333,p_86167
49609,p_27014
49873,p_56742
49998,p_97956
50048,p_88347
50330,p_26575
50432,p_156006
50522,p_155991
50848,p_33519
50917,p_156824
51103,p_91185
51449,p_29664
51475,p_54526
51523,p_155803
51831,p_158259
51893,p_66674
52191,p_158927
52191,p_91901
52263,p_68424
52263,p_37846
52304,p_159358
52381,p_4410
52397,p_83332
52470,p_159903
52541,p_160087
52693,p_138182
52946,p_33166
53131,p_85683
53171,p_52102
53352,p_33166
53487,p_232343
53715,p_162357
53715,p_126082
53774,p_88679
54051,p_37742
54073,p_67717
54249,p_163601
54249,p_163602
54251,p_163607
54253,p_25161
54423,p_163757
54630,p_74864
54772,p_26990
54772,p_88146
54783,p_164440
54783,p_164441
54808,p_84081
54895,p_150746
54978,p_12178
55858,p_120578
55961,p_167251
55962,p_167252
55962,p_67924
56368,p_168342
56370,p_33166
56483,p_45966
56496,p_168745
56511,p_72258
56820,p_53431
57149,p_157687
57264,p_171383
57275,p_171409
57400,p_171655
57509,p_103884
57594,p_1148
57863,p_16837
57864,p_173281
57944,p_72891
58068,p_173629
58072,p_149954
58760,p_17282
58822,p_1188
58863,p_176397
58972,p_176776
59113,p_83865
59170,p_12890
59244,p_177616
59247,p_3556
59420,p_52567
59420,p_131327
59645,p_138794
59646,p_20877
59652,p_102504
59806,p_85272
59881,p_152839
59952,p_179915
59957,p_53859
60268,p_86007
60268,p_180613
60306,p_180705
60306,p_180710
60399,p_10249
60597,p_98642
60728,p_68457
60763,p_74234
60766,p_181615
60775,p_56570
60953,p_43222
61333,p_184054
61391,p_184257
61596,p_92803
62393,p_178803
62674,p_129385
62729,p_188735
63717,p_3055
64038,p_21008
64046,p_195098
64068,p_59781
64250,p_71485
64308,p_196731
64308,p_196733
64439,p_197586
64494,p_91185
64951,p_160972
65014,p_309
65113,p_11983
65113,p_9956
65153,p_12964
65721,p_178991
65830,p_3776
65847,p_203457
65879,p_5561
65963,p_103947
66074,p_173400
66227,p_53995
66227,p_91285
66343,p_85352
66402,p_205019
66463,p_205280
66689,p_9730
66689,p_205621
66768,p_205847
67049,p_31621
67148,p_114241
67199,p_65973
67245,p_37302
67268,p_72258
67362,p_30614
67543,p_41795
67667,p_33183
67745,p_114799
67799,p_207627
67803,p_50739
67861,p_188985
68121,p_89115
68121,p_208393
68126,p_32495
68449,p_136492
68468,p_211011
68468,p_211012
68489,p_184375
68518,p_209944
68676,p_162090
68680,p_209485
68681,p_211024
68681,p_211025
68684,p_5026
68719,p_209698
68720,p_209709
68769,p_55969
68878,p_56960
69072,p_111214
69075,p_106610
69110,p_57851
69225,p_45419
69228,p_11572
69244,p_15189
69275,p_9833
69391,p_95627
69393,p_101224
69394,p_78749
69442,p_212627
69530,p_212975
69617,p_71063
69623,p_18899
69850,p_113388
69932,p_59781
70016,p_214848
70017,p_157139
70032,p_162923
70245,p_188579
70435,p_65282
70441,p_6648
70442,p_6648
70645,p_4586
70696,p_73654
70882,p_63429
71022,p_31370
71276,p_30956
71330,p_9603
71602,p_219586
72042,p_72191
72130,p_74234
72235,p_8392
72269,p_38097
72292,p_83669
72435,p_32244
72555,p_133999
72844,p_59781
72855,p_59781
73044,p_192596
73413,p_85763
73464,p_32958
73467,p_104332
73969,p_18695
73970,p_18695
74071,p_128076
74574,p_87952
75169,p_223800
75220,p_223873
75296,p_5953
75377,p_113807
75551,p_15798
75579,p_24560
75758,p_48583
75956,p_75129
75983,p_133360
75983,p_70579
76064,p_93692
76132,p_88881
76136,p_86039
77532,p_101133
78093,p_42111
78489,p_66728
78719,p_225141
78736,p_56214
79671,p_128707
79708,p_225837
80047,p_198079
80069,p_226065
80853,p_90965
81041,p_31119
81045,p_42111
81140,p_56370
81201,p_157407
81227,p_57982
81280,p_100312
81290,p_56377
81394,p_25950
81594,p_8789
81621,p_226939
81627,p_187979
81676,p_16214
81697,p_29471
81752,p_54273
81754,p_169959
82224,p_86849
82233,p_35042
82342,p_18502
82377,p_227443
82377,p_27954
82632,p_74008
82771,p_227669
82798,p_37535
82883,p_64750
82919,p_20239
83275,p_280636
83407,p_137095
83790,p_65377
83790,p_155497
83839,p_228229
83841,p_71871
83841,p_143699
83946,p_228323
84033,p_228436
84615,p_36564
84677,p_108844
84680,p_4453
84727,p_160081
84729,p_38072
84729,p_228775
84730,p_132923
84817,p_211734
84947,p_20869
85165,p_229161
85211,p_39557
85221,p_164057
85284,p_2725
85285,p_66893
85355,p_40983
85496,p_37845
85674,p_113867
85741,p_117287
85785,p_60353
85796,p_9789
85832,p_3929
85963,p_229691
86033,p_17496
86053,p_135808
86074,p_229792
86242,p_66830
86257,p_11528
86261,p_4415
86355,p_229978
86379,p_67813
86405,p_135202
86411,p_28753
87324,p_230853
87788,p_90259
87952,p_231325
87997,p_56033
87998,p_141170
88077,p_231404
88423,p_9076
88464,p_88385
88537,p_39804
88927,p_195188
89057,p_100556
89062,p_53831
89233,p_2303
89315,p_17361
89594,p_27811
89654,p_23058
89662,p_4645
89747,p_88347
89795,p_39639
89823,p_182270
89831,p_90524
89835,p_56210
89839,p_104549
89924,p_89357
89980,p_123248
89987,p_48165
90119,p_37076
90133,p_146003
90277,p_4600
90280,p_42111
90281,p_31119
90289,p_104332
90292,p_82440
90521,p_47062
90552,p_19370
90596,p_89036
90658,p_16847
91024,p_78436
91395,p_232407
91715,p_11983
91790,p_51193
91864,p_71950
91866,p_19983
91986,p_90092
92468,p_4453
92473,p_38446
92480,p_5281
92654,p_45703
92982,p_37313
93110,p_235504
93110,p_29123
93114,p_47256
93237,p_36804
93250,p_81975
93757,p_97934
93757,p_97937
93937,p_18710
94247,p_77888
94401,p_236214
94405,p_4967
94851,p_34289
95148,p_66995
95166,p_95538
95251,p_37526
95253,p_236524
95371,p_16794
95639,p_20646
95689,p_227291
95831,p_125706
96045,p_45773
96045,p_129899
96046,p_156500
96087,p_39639
96399,p_22334
97082,p_73654
97182,p_237310
97590,p_98691
97660,p_102376
97882,p_239674
97948,p_237550
98264,p_70235
98270,p_18161
98611,p_81091
98618,p_115172
98824,p_65817
98954,p_28369
99009,p_18392
99094,p_72197
99159,p_73764
99250,p_32424
99333,p_19069
99615,p_48679
99806,p_36842
99855,p_10076
100423,p_1963
100450,p_6011
101101,p_170981
101149,p_18161
101231,p_239244
101231,p_239245
101340,p_42804
101379,p_20658
101449,p_4955
101986,p_10249
101991,p_15858
102255,p_1633
102255,p_240196
102257,p_119210
102279,p_104899
102385,p_1333
102472,p_31786
102723,p_5029
102787,p_56807
102896,p_158169
102923,p_61244
102925,p_1724
102925,p_250990
103151,p_198146
103178,p_242470
103190,p_64909
103216,p_51121
103856,p_116353
104178,p_63394
104186,p_123388
104240,p_18308
104298,p_5844
104577,p_5629
104594,p_27436
104817,p_36394
104897,p_37577
104951,p_133480
105398,p_37626
105448,p_73391
105654,p_42111
105655,p_31119
105765,p_114845
106127,p_44498
106382,p_107788
106551,p_78296
106555,p_53831
106556,p_39557
106661,p_242644
106977,p_5696
107002,p_101778
107178,p_107788
107608,p_236524
107846,p_185363
107860,p_48583
107915,p_48995
108236,p_34580
108320,p_243532
108487,p_42111
108549,p_42111
108705,p_169959
109327,p_42111
109342,p_42111
109347,p_243333
109471,p_244235
109551,p_18023
109610,p_244356
109782,p_244463
109783,p_244462
109853,p_107230
110022,p_5192
110201,p_244810
110226,p_11493
110262,p_55379
110311,p_244983
110370,p_18563
110414,p_245046
110480,p_10601
110539,p_245140
110539,p_245141
110776,p_2390
110822,p_238268
110888,p_194036
111201,p_17282
111268,p_37626
111433,p_92621
111439,p_26611
111452,p_35867
111763,p_2725
111922,p_238992
112040,p_246324
112040,p_246325
112080,p_104197
112205,p_18209
112223,p_33722
112356,p_43993
112389,p_205287
112416,p_4645
112513,p_21737
112658,p_148118
112699,p_247366
112776,p_247154
112776,p_247155
113089,p_28615
113172,p_64909
113202,p_2778
113261,p_201036
113403,p_145935
113621,p_49130
113841,p_157407
114016,p_22306
114016,p_61985
114029,p_7736
114644,p_223601
115020,p_15115
115153,p_78665
115266,p_38692
115286,p_118513
115743,p_249876
115760,p_249929
115844,p_250018
115958,p_140
116114,p_106302
116340,p_67853
116404,p_30058
116499,p_128207
116500,p_250516
116647,p_137198
116920,p_237310
116935,p_179438
117117,p_240464
117155,p_42111
117197,p_20442
117446,p_92897
117536,p_251777
117536,p_251778
117538,p_251782
117555,p_7396
117641,p_101133
117791,p_243376
117939,p_2163
117940,p_72496
118087,p_227671
118146,p_39895
118237,p_252483
118254,p_103171
118254,p_138181
118335,p_42111
118432,p_86395
118616,p_93737
118635,p_33485
118695,p_252851
118695,p_252852
118727,p_17614
118925,p_52803
118992,p_28426
119039,p_164823
119133,p_153052
119141,p_34262
119203,p_54559
119343,p_14606
119415,p_36061
119420,p_72068
119503,p_236533
119639,p_96987
119779,p_106682
120032,p_32375
120047,p_253745
120081,p_45878
120164,p_23097
120203,p_191712
120336,p_253949
120431,p_188971
120562,p_254063
120622,p_254104
120646,p_34341
120722,p_223500
120784,p_249908
121068,p_254382
121068,p_254383
122379,p_38755
125582,p_226987
125758,p_72842
125901,p_252900
125959,p_43347
126305,p_79723
127114,p_255335
127768,p_112383
128449,p_255479
129184,p_38193
129243,p_57576
130238,p_21549
130709,p_256818
130785,p_40357
130785,p_40290
130850,p_53918
131224,p_256947
131258,p_93678
131903,p_201
133616,p_62768
134514,p_69258
134690,p_257429
136131,p_236126
137239,p_17458
138112,p_12361
138112,p_258205
138220,p_26882
138559,p_155235
138680,p_84115
138849,p_258477
139019,p_258578
139073,p_73508
139074,p_37742
139076,p_14293
139252,p_9076
139252,p_5030
139295,p_258678
139851,p_9200
139855,p_64575
139975,p_11528
140154,p_259086
140580,p_74887
140775,p_89200
140811,p_59911
140936,p_68424
141551,p_232856
141929,p_125505
142254,p_80624
142409,p_32375
142602,p_259613
142904,p_223859
142922,p_115417
143088,p_83399
143091,p_259820
143206,p_6648
143609,p_260018
143978,p_260168
144177,p_260302
144499,p_260446
144711,p_67924
145312,p_59821
145312,p_59824
145322,p_10017
145464,p_114958
145472,p_249492
145914,p_128602
146059,p_72543
146071,p_72197
146225,p_163831
146255,p_80888
146531,p_44847
146559,p_58112
146694,p_37915
146972,p_2087
147063,p_49415
147064,p_31336
147454,p_237457
147471,p_81400
147481,p_20869
147492,p_18502
147538,p_97140
147790,p_156560
147792,p_262081
147792,p_262082
147807,p_58518
147870,p_118210
148105,p_90351
148125,p_39885
148201,p_237457
148853,p_130378
149072,p_119164
149363,p_124702
149508,p_28444
149954,p_198469
150144,p_20646
150336,p_137071
150431,p_163356
150524,p_63973
150535,p_25826
150593,p_263636
150847,p_263762
150863,p_263794
150907,p_46719
150946,p_45037
150955,p_196709
150992,p_263944
151091,p_225899
151143,p_40903
151145,p_84896
151245,p_89546
151246,p_264168
151264,p_126011
151270,p_44683
151270,p_33880
151408,p_2245
151428,p_56194
151464,p_257542
151676,p_249876
151876,p_106921
151887,p_156098
151892,p_93692
151896,p_4346
151899,p_81395
151900,p_150882
151911,p_81395
152081,p_36842
152163,p_264704
152199,p_258466
152265,p_238395
152341,p_96073
152556,p_125630
152686,p_265097
152940,p_138170
152944,p_107388
153056,p_14606
153246,p_155989
153286,p_31894
153469,p_158169
153481,p_16922
153530,p_24280
153530,p_24281
153531,p_72322
153542,p_265522
153545,p_88881
153687,p_172955
153715,p_176052
153725,p_108739
153772,p_21175
154470,p_266170
154586,p_266277
154605,p_19840
154611,p_111121
154718,p_24692
154721,p_84303
154766,p_113827
154849,p_54525
154850,p_54874
155220,p_266552
155387,p_12160
155449,p_266662
155466,p_35211
155492,p_72891
156774,p_267174
157091,p_267230
158464,p_224396
158563,p_259435
159516,p_53767
159516,p_3582
159747,p_7740
159750,p_143568
161989,p_268622
162946,p_231563
163230,p_268911
163234,p_32958
163345,p_93548
163441,p_269088
163461,p_21678
163636,p_95487
163901,p_129061
163927,p_269397
164299,p_161069
164569,p_5844
164826,p_269985
165745,p_32940
165963,p_270104
167059,p_270436
167234,p_33405
167369,p_35256
168072,p_271060
171070,p_238987
171404,p_4762
171929,p_17282
173282,p_98588
174186,p_268692
174193,p_194704
174373,p_238624
174374,p_78287
174533,p_274557
175354,p_59338
176984,p_46391
179019,p_26436
179146,p_65314
179146,p_70235
179146,p_136217
179507,p_150418
179606,p_277882
180085,p_102725
180107,p_278167
180108,p_278167
181399,p_49785
181846,p_97522
182811,p_162908
186974,p_280702
188181,p_101170
189164,p_111121
189336,p_152711
189465,p_254519
189754,p_283567
189755,p_283567
189817,p_95120
189817,p_81482
189950,p_14614
190271,p_46203
190568,p_39847
26,p_160
270,p_867
286,p_1869
1253,p_2239
1264,p_16819
1283,p_10847
1450,p_21931
1484,p_17280
1663,p_18502
1686,p_18626
1686,p_18627
1836,p_19359
1855,p_19528
1917,p_18176
1918,p_19939
2008,p_65282
2032,p_7588
2106,p_21598
2131,p_21839
2192,p_150991
2409,p_24636
2430,p_24859
2443,p_25165
2459,p_25182
2646,p_56807
2694,p_27073
2753,p_27866
2761,p_2636
3029,p_29720
3148,p_30817
4227,p_35522
4287,p_24380
4288,p_12989
4391,p_24619
4398,p_18072
4529,p_37775
4552,p_37942
4558,p_9730
4579,p_18627
4705,p_39018
4789,p_12329
4809,p_33064
4949,p_29907
4993,p_37360
5035,p_40583
5061,p_40940
5079,p_41092
5188,p_42043
5519,p_43877
5522,p_43907
5634,p_33542
5661,p_44685
5732,p_45215
5890,p_46366
6013,p_47242
6015,p_47320
6109,p_47442
6967,p_51634
6976,p_44725
6983,p_51768
7088,p_51932
7507,p_49450
7734,p_52959
8062,p_53741
8144,p_54022
8216,p_108
8267,p_8577
8268,p_41518
8418,p_55761
8430,p_4410
8749,p_16767
8772,p_55968
8853,p_49625
8892,p_38883
8964,p_56429
9033,p_56746
9302,p_18250
9371,p_39243
9379,p_57530
9379,p_46029
9421,p_38507
9513,p_49903
9628,p_18957
9639,p_58260
9679,p_58498
9765,p_673
10061,p_11770
10309,p_2725
10310,p_2725
10370,p_65271
10434,p_2303
10469,p_56570
10582,p_16830
10638,p_33542
10695,p_29123
10695,p_9833
10757,p_35736
10813,p_66936
10826,p_18598
10870,p_67716
10906,p_56263
10915,p_35256
10915,p_4385
11053,p_67924
11183,p_37626
11405,p_32958
11418,p_57434
11419,p_69353
11550,p_69820
11553,p_64992
11608,p_40391
11608,p_44131
11613,p_56742
11681,p_25317
11696,p_39138
11700,p_6648
11842,p_9855
11877,p_70800
11878,p_5026
11985,p_71174
11986,p_37451
12130,p_71174
12131,p_5192
12166,p_3317
12167,p_73547
12175,p_71672
12222,p_8029
12222,p_71729
12316,p_59781
12531,p_72667
12561,p_50651
12622,p_3317
12648,p_73236
12826,p_15196
13296,p_34999
13395,p_19069
14063,p_74865
14116,p_75539
14154,p_17282
14532,p_65368
14754,p_78859
14754,p_78861
14803,p_36387
15719,p_53859
15786,p_83969
16061,p_84810
16089,p_84855
16109,p_84870
16112,p_84878
16133,p_8514
16150,p_28117
16405,p_85506
17572,p_86560
17577,p_75584
17648,p_86740
17864,p_86923
18280,p_87449
19358,p_78222
19697,p_89177
19828,p_89371
19931,p_89551
20672,p_90315
20788,p_90353
20830,p_232856
20830,p_90393
21510,p_55728
21759,p_91747
21792,p_84625
21966,p_92050
22083,p_168078
22862,p_15488
23015,p_92675
23130,p_92980
23399,p_93319
23674,p_19509
23685,p_88222
23707,p_25938
24670,p_44955
24727,p_29433
25002,p_277882
25706,p_94949
25706,p_32632
26150,p_71174
26151,p_97386
26264,p_95786
26404,p_281987
26401,p_70103
26676,p_72430
26720,p_96822
26987,p_97167
27133,p_97648
27142,p_16862
27146,p_97795
27148,p_97803
27513,p_35408
27782,p_88951
27782,p_96655
27874,p_99707
27959,p_6778
28338,p_41092
28381,p_45672
28606,p_67217
28706,p_86167
28752,p_100644
28756,p_100661
28846,p_100892
28960,p_83527
29179,p_41040
29293,p_102788
29336,p_101663
29414,p_53218
29458,p_24949
29724,p_102355
29741,p_102402
29751,p_12733
30077,p_102811
30321,p_103171
30432,p_103320
30448,p_87113
30615,p_12447
30660,p_13265
30737,p_51572
31194,p_93548
31492,p_3831
32942,p_71729
32942,p_123421
32997,p_107202
33025,p_85685
33107,p_208336
33189,p_5636
33196,p_107448
33206,p_28117
33632,p_46502
33713,p_92980
33810,p_108548
33877,p_80888
33891,p_16136
33942,p_108725
34172,p_67075
34176,p_67075
34298,p_67217
34300,p_40476
34398,p_29148
34462,p_83924
34596,p_56033
34717,p_109925
34729,p_109933
35002,p_2388
35052,p_22795
35164,p_110819
35199,p_5561
35541,p_57035
35541,p_66942
35600,p_111715
35624,p_111738
35674,p_111756
35711,p_56584
35818,p_62410
35818,p_35452
36004,p_112627
36063,p_113649
36074,p_102645
36074,p_39168
36122,p_120908
36144,p_41632
36146,p_112972
36147,p_55379
36157,p_41147
36181,p_145896
36316,p_40972
36525,p_113701
36556,p_52102
36609,p_62573
36638,p_7554
36641,p_32082
36678,p_114130
36678,p_115041
36825,p_114457
37038,p_69741
37149,p_88951
37189,p_115501
37235,p_15115
37335,p_115867
37367,p_62658
37423,p_116209
37534,p_18771
37542,p_21227
37662,p_33279
37696,p_116823
37761,p_93829
37883,p_117530
37987,p_14396
38084,p_63937
38177,p_118485
38182,p_118514
38186,p_118532
38201,p_21825
38226,p_85807
38462,p_119264
38471,p_119326
38474,p_119345
38513,p_79005
38589,p_14396
38638,p_31039
38701,p_72266
38775,p_120644
38782,p_31033
38782,p_21905
38807,p_18899
38822,p_68554
38835,p_120824
38851,p_6295
38882,p_120955
38882,p_82330
39087,p_104229
39089,p_121243
39521,p_121983
39557,p_45030
39660,p_112638
39663,p_122343
39728,p_30632
39777,p_24389
39843,p_122761
39895,p_14396
39905,p_20025
40057,p_123410
40059,p_20254
40384,p_75129
40437,p_372
40586,p_85226
40965,p_84473
40987,p_39243
41387,p_81222
41507,p_45572
41745,p_67971
41745,p_67972
41791,p_126461
41811,p_5602
41891,p_23724
41936,p_65282
42022,p_127631
42027,p_59
42080,p_46543
42117,p_32576
42204,p_128292
42326,p_128423
42328,p_29433
42335,p_128857
42388,p_46650
42411,p_17208
42440,p_90862
42467,p_21227
42500,p_129592
42773,p_131081
42935,p_132595
42977,p_96905
42978,p_61985
42998,p_150699
43035,p_132971
43256,p_51696
43437,p_104549
43462,p_94333
43475,p_57865
43599,p_50583
44058,p_137033
44123,p_6648
44127,p_49892
44156,p_19069
44178,p_94796
44306,p_138182
44566,p_6648
44673,p_139042
44864,p_85223
45038,p_57639
45094,p_10346
45211,p_29388
45235,p_118210
45345,p_141384
45660,p_5970
45716,p_142414
45762,p_9340
45833,p_17549
45847,p_40282
46122,p_32375
46168,p_103088
46319,p_27853
46343,p_30956
46345,p_30956
46396,p_145236
46582,p_38843
46608,p_145753
46626,p_24397
46638,p_145879
46738,p_64508
46975,p_110465
47130,p_117042
47201,p_115041
47468,p_4163
47471,p_120397
47698,p_149732
47715,p_149822
47803,p_35452
47803,p_197667
47830,p_150211
48025,p_40583
48038,p_31775
48046,p_25882
48056,p_94481
48088,p_86006
48096,p_150826
48399,p_151458
48562,p_88591
48865,p_114137
48865,p_152620
49065,p_49450
49122,p_51875
49161,p_49168
49319,p_153393
49335,p_86167
49542,p_57613
49662,p_73764
49674,p_154411
49760,p_6707
50084,p_155235
50164,p_78222
50191,p_13581
50382,p_155729
50418,p_155799
50418,p_156435
50458,p_30956
50494,p_70854
50532,p_135695
50771,p_11593
50771,p_126013
50892,p_21683
50950,p_30956
50993,p_141170
51106,p_93721
51252,p_150661
51367,p_45943
51374,p_118210
51591,p_157803
51600,p_17282
51947,p_15361
52265,p_159202
52272,p_88751
52376,p_37461
52443,p_58712
52621,p_15305
53014,p_160859
53040,p_161031
53040,p_161033
53145,p_45030
53275,p_75559
53531,p_6593
53840,p_162651
53865,p_24112
54120,p_74789
54205,p_11528
54422,p_118119
54568,p_115403
54647,p_164100
54716,p_26990
55006,p_164816
55022,p_184215
55057,p_6094
55098,p_20883
55174,p_39295
55337,p_165708
55403,p_162031
55470,p_166038
56089,p_63571
56093,p_91185
56187,p_151906
56261,p_60981
56386,p_19516
56798,p_28615
56869,p_169888
56937,p_169992
57765,p_88680
57805,p_96633
57805,p_124756
57920,p_173378
58071,p_141608
58071,p_173633
58228,p_55018
58351,p_33166
58353,p_174758
58439,p_17623
58459,p_175001
58479,p_94593
58513,p_15189
58812,p_123420
58812,p_176021
58948,p_63689
59034,p_59958
59274,p_120190
59495,p_178688
59667,p_150249
59787,p_179568
59796,p_179587
59807,p_179612
59945,p_137816
59974,p_137381
60311,p_56807
60346,p_124942
60464,p_91669
60500,p_181313
60538,p_92525
60594,p_181625
60594,p_1032
60637,p_184334
60670,p_68682
60767,p_181615
60813,p_98642
60923,p_2428
61080,p_183294
61249,p_180305
61249,p_180304
61470,p_184594
61485,p_184656
61552,p_184784
61702,p_185363
61831,p_4956
61884,p_185757
61971,p_186208
61984,p_186280
62721,p_50312
62958,p_190030
62958,p_190031
62958,p_190032
62958,p_113953
62994,p_34733
62994,p_90312
62994,p_90313
62994,p_190281
63022,p_190384
63159,p_18558
63474,p_155787
63532,p_193176
63679,p_141199
63811,p_69982
64040,p_195070
64611,p_198469
65201,p_92866
65326,p_173343
65589,p_99998
65720,p_165954
65731,p_74384
65982,p_104721
65997,p_92980
66037,p_4410
66428,p_122466
66469,p_105212
66536,p_205352
66605,p_85352
66656,p_43553
66714,p_205640
66766,p_65282
66954,p_91771
66962,p_111001
67265,p_123243
67298,p_32958
67657,p_207372
67875,p_207743
67907,p_207787
67908,p_207800
67978,p_207909
68380,p_19864
68422,p_8823
68428,p_2801
68452,p_209118
68452,p_209119
68485,p_23660
68485,p_72906
68542,p_90351
68542,p_4956
68542,p_3776
68542,p_104549
68542,p_5970
68542,p_209269
68565,p_209292
68588,p_38254
68589,p_112452
68591,p_102522
68594,p_32375
68787,p_8500
68799,p_209804
68871,p_34341
69091,p_17282
69237,p_15189
69372,p_155363
69761,p_11523
69895,p_106958
69931,p_59781
70004,p_161924
70262,p_102259
71223,p_95013
71242,p_16137
71348,p_41962
72119,p_125262
72274,p_161544
72472,p_111511
72599,p_222707
72843,p_59781
73448,p_35408
73687,p_26575
73728,p_158520
73957,p_128966
74267,p_223617
74269,p_154378
74417,p_28487
75013,p_24076
75013,p_223760
75036,p_167792
75328,p_223617
75575,p_224116
75989,p_101187
75989,p_101188
75990,p_173378
76067,p_224588
76343,p_82540
76345,p_42111
76815,p_26063
76816,p_26063
77358,p_28523
77797,p_225178
78392,p_26502
80476,p_226376
80632,p_88881
80855,p_10249
80857,p_17700
81200,p_21269
81219,p_34341
81818,p_48276
81994,p_68
82069,p_121124
82622,p_38507
82744,p_187418
82759,p_227643
82878,p_38048
82942,p_64278
83483,p_25161
83564,p_109484
83652,p_55379
83850,p_27614
83851,p_96958
83875,p_5970
83943,p_90611
84616,p_6011
84667,p_52567
84676,p_2352
84946,p_84115
85005,p_47853
85018,p_19069
85053,p_155564
85227,p_6521
85392,p_42457
85393,p_5844
85407,p_5696
85653,p_229446
85655,p_129061
85781,p_10001
85799,p_19069
85838,p_101663
86076,p_229797
86170,p_18139
86214,p_86241
86446,p_225216
86598,p_32831
86819,p_27014
87155,p_20869
87298,p_17496
87320,p_9740
87448,p_52388
87724,p_224
87941,p_18502
88098,p_20718
88130,p_100312
88414,p_16808
88415,p_172960
88417,p_231594
88465,p_47020
88863,p_1634
89357,p_48679
89426,p_17010
89788,p_81796
89789,p_81796
91170,p_57370
92299,p_19032
92358,p_20556
92360,p_234905
92485,p_56207
92544,p_232856
92682,p_17700
93054,p_72914
93106,p_56209
93106,p_45138
93188,p_45878
93362,p_89066
93771,p_113701
94292,p_56359
94495,p_51634
95155,p_236485
95366,p_92902
95675,p_24485
95859,p_66739
96148,p_122015
96557,p_234456
97454,p_237390
97454,p_237391
97515,p_237409
98153,p_49090
98472,p_39639
98628,p_18563
98706,p_34262
99537,p_238523
101504,p_239431
101548,p_239264
102065,p_239716
102215,p_81796
102663,p_2725
102831,p_2034
102972,p_16862
103176,p_225092
103176,p_225220
103223,p_15337
103311,p_96822
103608,p_39905
103612,p_37538
103758,p_44508
104209,p_88222
104623,p_4600
104630,p_9556
104855,p_25777
105290,p_2559
105788,p_235218
105831,p_25934
106201,p_122348
106379,p_27811
106915,p_75558
107179,p_18356
107878,p_243293
108704,p_62872
108941,p_56401
109115,p_25735
109332,p_4600
109340,p_26470
109609,p_35968
109762,p_17361
109792,p_25508
110124,p_106250
110134,p_244739
110134,p_244740
110134,p_244741
110134,p_244742
110219,p_244838
110490,p_196786
110782,p_86051
110855,p_93699
111309,p_77069
111355,p_15337
111372,p_234115
111398,p_14353
111417,p_243377
111417,p_245781
112503,p_246816
112705,p_117249
112746,p_37346
112881,p_26502
113082,p_89276
113084,p_97934
113084,p_97937
113091,p_205996
113129,p_47092
113228,p_39639
113442,p_28369
113525,p_247193
113622,p_247950
113745,p_204538
113787,p_35408
113790,p_248194
114179,p_219965
114504,p_58245
114678,p_91430
114882,p_72206
114882,p_72205
115047,p_17460
115134,p_249449
115134,p_249450
115615,p_179211
115799,p_249972
115850,p_35042
115959,p_52070
116016,p_38446
116154,p_225045
116332,p_179915
116424,p_52169
116441,p_241670
116675,p_42111
116833,p_5005
117153,p_41297
117432,p_244942
117453,p_32375
117500,p_250495
117828,p_65062
117829,p_40485
117958,p_309
118149,p_252398
118231,p_122330
118268,p_237879
118275,p_99898
118276,p_252520
118921,p_107534
118933,p_42111
118961,p_4633
119183,p_99960
119223,p_10832
119418,p_163829
119570,p_149954
119603,p_55329
120344,p_65470
120654,p_169814
120816,p_233320
120908,p_25873
121096,p_94871
121240,p_100312
123646,p_177700
124621,p_57270
125098,p_5192
125399,p_254881
126947,p_22691
129464,p_226798
129648,p_256183
129936,p_156205
129940,p_46680
130025,p_228509
130176,p_10076
130303,p_42111
130308,p_33485
131223,p_231314
131650,p_117611
131902,p_90967
132029,p_116775
133659,p_257277
135360,p_15189
136081,p_265861
137915,p_230303
139243,p_33724
139322,p_58608
139335,p_61789
139335,p_258712
139568,p_21305
139568,p_125823
139591,p_258793
139593,p_258802
139595,p_233937
139743,p_113518
139854,p_258905
140150,p_1496
140815,p_28615
141114,p_22807
141393,p_232879
141451,p_259372
142908,p_259667
142916,p_235869
143035,p_103320
143094,p_224
143272,p_238174
143595,p_86392
144123,p_260231
144128,p_117450
144453,p_4955
144789,p_260544
145181,p_260701
145298,p_96958
145531,p_40972
145584,p_104662
145631,p_150418
145912,p_102702
146205,p_27005
146247,p_119164
146379,p_261229
146533,p_249807
146674,p_9777
146746,p_32831
146989,p_226322
147157,p_261831
147519,p_190827
147796,p_129318
147799,p_161381
147888,p_262185
147945,p_86160
148348,p_119210
148662,p_249807
148666,p_229226
148845,p_262552
148895,p_10965
149190,p_31894
149228,p_262886
149239,p_243591
149274,p_236830
149283,p_1012
149331,p_49870
149746,p_33781
149762,p_228994
150433,p_17282
150500,p_74856
150529,p_136837
150947,p_46184
151049,p_41671
151058,p_249876
151149,p_264098
151674,p_37461
151934,p_54338
152049,p_112152
152094,p_69488
152158,p_126807
152200,p_37942
152273,p_24280
152273,p_24281
152453,p_264952
152453,p_264953
152537,p_243535
152775,p_135695
153107,p_51896
153312,p_28426
153535,p_20400
153546,p_88881
153727,p_43652
153731,p_69845
154009,p_98980
154103,p_265870
154668,p_246247
155752,p_86788
156767,p_225594
158028,p_40684
159550,p_265512
160484,p_91295
163581,p_129061
163659,p_2305
164297,p_269766
164413,p_268692
164469,p_21504
164711,p_261294
164711,p_269958
165789,p_1128
166740,p_270257
167061,p_270436
167242,p_25826
167242,p_50818
168867,p_56865
169983,p_271675
170024,p_32516
171032,p_239606
171458,p_42457
172148,p_102457
172152,p_64278
172696,p_48304
174314,p_162908
174375,p_78287
174485,p_177503
175620,p_66681
175620,p_230558
176215,p_88513
176311,p_56573
176392,p_66833
176392,p_141090
179989,p_12329
181449,p_278167
181935,p_162904
181941,p_279021
186846,p_280579
189417,p_283194
189622,p_67367
256,p_1650
514,p_5602
826,p_12238
905,p_13899
1039,p_15115
1285,p_10847
1416,p_1188
1540,p_17386
1614,p_18072
1829,p_1650
1849,p_19457
1914,p_19912
2003,p_6295
2126,p_21825
2137,p_65994
2156,p_21849
2166,p_22151
2173,p_22230
2191,p_22451
2195,p_18710
2197,p_22812
2375,p_24389
2382,p_24425
2383,p_2352
2440,p_10099
2802,p_28217
2912,p_19069
3066,p_30025
3144,p_30745
3145,p_30700
3344,p_31561
3347,p_31603
3701,p_150991
3783,p_11431
3783,p_33368
3982,p_35096
4034,p_34613
4181,p_35216
4265,p_35867
4273,p_35867
4275,p_35934
4368,p_39167
4369,p_38446
4495,p_37833
4565,p_38048
4746,p_39271
4884,p_39785
4885,p_39787
4902,p_39909
5047,p_40881
5082,p_41159
5335,p_5970
5626,p_35673
5640,p_39298
5684,p_9108
5728,p_45192
5802,p_45574
5839,p_83967
5871,p_46199
5887,p_46333
6113,p_47946
6187,p_48583
6443,p_40476
6536,p_50348
7213,p_13383
7218,p_52084
7248,p_53215
7248,p_24345
7462,p_22175
7983,p_10139
8436,p_55806
8444,p_8557
8444,p_54976
8668,p_55609
8668,p_55610
8703,p_55728
8704,p_55728
8898,p_56208
8989,p_56506
9044,p_8300
9317,p_39138
9412,p_21892
9418,p_58701
9478,p_21737
9524,p_14614
9657,p_3768
9657,p_46029
10335,p_64845
10505,p_68329
10519,p_18039
10581,p_16830
10584,p_22617
10755,p_16819
10930,p_19069
10939,p_25182
11080,p_88952
11080,p_57323
11312,p_65877
11350,p_36417
11350,p_69114
11379,p_18179
11399,p_28279
11476,p_58701
11539,p_15140
11567,p_69912
11616,p_56033
11680,p_11187
11680,p_39138
11874,p_18834
11951,p_21544
12438,p_33781
12446,p_72248
12546,p_6220
12547,p_22007
12585,p_71468
12674,p_73307
12699,p_58209
12764,p_143199
12798,p_73639
12801,p_73658
14519,p_77136
14569,p_78861
14569,p_78859
14573,p_78060
14731,p_42518
15438,p_56000
15589,p_88280
15765,p_34613
15772,p_24391
15785,p_83967
15959,p_19516
15967,p_47214
16059,p_84810
16111,p_84876
16113,p_84880
16114,p_84882
17326,p_86131
17349,p_86184
17475,p_57608
17588,p_28352
18046,p_87113
18070,p_87125
18559,p_58728
19484,p_9730
19514,p_89012
19585,p_65420
19932,p_28403
20139,p_89841
20164,p_42712
20253,p_25873
20255,p_90007
20328,p_1126
20475,p_73153
21052,p_90593
21052,p_90595
21183,p_90784
21469,p_20430
21480,p_91269
21482,p_91279
21751,p_33880
21781,p_91819
21787,p_63550
22028,p_92104
22186,p_44955
22617,p_15358
22998,p_92629
23283,p_93146
24795,p_270436
24958,p_42227
25018,p_8686
26146,p_72322
26256,p_66548
26598,p_96548
26715,p_27014
26719,p_34017
27044,p_97300
27048,p_58385
27139,p_19069
27185,p_58179
27347,p_98481
27358,p_98528
27423,p_11983
27594,p_99089
27623,p_8501
27775,p_100229
27836,p_72543
27844,p_99626
28182,p_607
28184,p_89184
28607,p_100517
29449,p_101852
29457,p_42175
29759,p_102491
29940,p_102726
30323,p_44878
30428,p_63550
30833,p_33880
30835,p_5953
31049,p_53806
31049,p_53805
31367,p_25826
31449,p_105898
31468,p_19656
32220,p_106543
32662,p_101986
32673,p_106799
33143,p_70070
33444,p_24509
33829,p_39639
33910,p_39295
33937,p_7709
33986,p_56807
34183,p_5632
34245,p_20382
34306,p_102454
34800,p_110054
34800,p_110057
34800,p_110059
34800,p_110061
34824,p_110206
34825,p_51875
34861,p_56213
35060,p_110569
35271,p_57090
35350,p_97388
35352,p_111132
35353,p_111138
35386,p_91612
35451,p_45672
35468,p_84512
35589,p_51875
35592,p_47201
35652,p_111746
35876,p_112274
35986,p_11201
35987,p_112570
35996,p_112600
36304,p_21227
36752,p_4385
36861,p_35927
36876,p_34262
36942,p_30956
36984,p_114848
36984,p_114849
37036,p_87940
37075,p_94709
37140,p_64532
37244,p_14632
37270,p_115711
37437,p_116279
37543,p_62020
37927,p_117681
37931,p_117703
38130,p_118300
38175,p_5561
38244,p_55728
38300,p_47634
38309,p_70221
38339,p_2414
38352,p_38810
38353,p_47869
38358,p_109142
38362,p_97744
38406,p_119164
38444,p_104549
38477,p_119355
38489,p_17282
38530,p_33056
38556,p_119673
38602,p_119889
38658,p_120243
38666,p_1870
38692,p_120353
38708,p_120397
38713,p_46680
38714,p_36431
38727,p_116384
38727,p_70333
38727,p_64438
38834,p_120812
38853,p_59143
38892,p_8966
39050,p_118599
39185,p_66109
39344,p_82841
39495,p_121899
39516,p_14246
39552,p_122086
39558,p_150991
39610,p_24425
39694,p_116431
39782,p_24389
39976,p_84625
40036,p_91528
40969,p_9032
41220,p_2801
41221,p_67924
41235,p_119210
41388,p_125039
41388,p_125040
41391,p_125053
41415,p_51834
41442,p_49892
41489,p_125379
41524,p_55006
41699,p_126086
41830,p_126683
41989,p_117838
41991,p_35042
41999,p_127490
41999,p_127492
42058,p_30956
42078,p_52070
42092,p_127932
42133,p_118416
42170,p_128245
42213,p_21227
42287,p_128649
42347,p_107629
42348,p_40243
42349,p_44847
42382,p_31603
42481,p_9076
42482,p_121267
42490,p_86167
42662,p_130441
42681,p_48330
42692,p_92980
42740,p_18384
42975,p_96905
43031,p_127942
43031,p_127943
43047,p_93048
43242,p_41783
43444,p_32375
43730,p_135363
43775,p_135695
43811,p_59911
43987,p_37845
43997,p_136786
44142,p_119157
44228,p_137909
44303,p_138170
44473,p_84810
44490,p_138637
44642,p_138929
44643,p_108844
44738,p_65062
44739,p_139417
44741,p_139425
45098,p_140878
45230,p_99055
45491,p_84625
45541,p_141971
45713,p_3776
45879,p_89022
45939,p_143367
46092,p_144106
46260,p_134587
46267,p_33542
46380,p_46533
46583,p_39557
46620,p_24397
46819,p_51043
46869,p_146694
46887,p_46644
46903,p_30956
47002,p_147147
47003,p_6818
47016,p_147245
47074,p_147436
47191,p_105904
47207,p_145605
47446,p_48583
47626,p_149416
47687,p_91185
47785,p_149977
47870,p_65994
47896,p_42309
48095,p_150836
48105,p_54748
48123,p_2087
48140,p_75435
48141,p_137123
48141,p_137124
48395,p_151439
48884,p_152663
49413,p_92836
49489,p_129385
49586,p_70171
49631,p_56956
49837,p_18899
50022,p_30477
50326,p_23058
50375,p_141353
50377,p_56214
50385,p_45138
50385,p_56209
50690,p_156229
50694,p_156263
50763,p_20442
51048,p_36640
51821,p_117085
52030,p_18563
52255,p_23990
52294,p_127546
52314,p_109765
52314,p_109764
52804,p_45645
52865,p_228892
52923,p_31155
53030,p_160956
53281,p_65678
53522,p_113934
53529,p_78452
53673,p_92866
53687,p_37633
53783,p_145790
53793,p_92280
54195,p_163319
54199,p_3317
54200,p_163356
54257,p_163627
54573,p_41159
54590,p_70017
54786,p_5561
54787,p_55916
54801,p_164508
54806,p_35408
54807,p_3722
54896,p_150746
55195,p_34613
55338,p_165721
55343,p_150991
55348,p_162031
55354,p_165794
55496,p_166094
55496,p_166095
55815,p_94880
56012,p_167366
56012,p_167367
56101,p_66058
56322,p_139875
56502,p_83924
56505,p_83924
56510,p_25882
56850,p_56131
57106,p_121427
57224,p_2725
57233,p_92836
57297,p_171473
57297,p_171474
57513,p_18710
57614,p_146390
57661,p_172425
58319,p_60438
58381,p_106263
58572,p_175242
58601,p_175278
58754,p_50739
58762,p_175956
59051,p_32831
59095,p_94432
59490,p_98642
59492,p_98642
59527,p_178803
59530,p_53188
59550,p_41159
59690,p_2765
59780,p_150661
59936,p_2897
59936,p_179876
59959,p_53859
60148,p_177522
60334,p_26559
60744,p_89066
60958,p_43439
60991,p_51677
61120,p_121973
61185,p_92176
61231,p_73253
61356,p_91330
61451,p_879
61634,p_185101
61705,p_44562
61757,p_91185
61759,p_91185
62378,p_187323
62759,p_37495
62890,p_16544
62901,p_228856
63001,p_158589
63024,p_62880
63271,p_56215
63280,p_191793
63443,p_46203
63840,p_104661
64118,p_126668
64118,p_163783
64208,p_17268
64245,p_170360
64273,p_70192
64369,p_84625
64441,p_197653
64614,p_198494
64756,p_30956
64759,p_91185
64820,p_133849
65286,p_49450
65311,p_201243
65494,p_106475
65834,p_84534
65862,p_106522
66159,p_92155
66159,p_92157
66426,p_205144
66426,p_168078
66471,p_102504
66591,p_11720
66659,p_2801
66666,p_159572
66686,p_12386
66901,p_206033
67050,p_23946
67197,p_1650
67424,p_20718
67876,p_12386
68060,p_163627
68579,p_138774
68649,p_26436
69112,p_36417
69445,p_212657
69446,p_27014
69543,p_87830
69618,p_16187
69737,p_213777
69934,p_110190
70021,p_120775
70452,p_2725
70622,p_61244
70632,p_29662
70703,p_92659
70902,p_112452
71068,p_111511
71266,p_173676
71267,p_65207
71352,p_157591
71803,p_220282
71893,p_3776
71893,p_103071
72020,p_3776
72020,p_205478
72020,p_53782
72020,p_282394
72041,p_113821
72464,p_111511
72469,p_111511
72854,p_59781
73259,p_28117
73421,p_188362
73449,p_72430
73837,p_32301
75576,p_25340
76105,p_4918
76182,p_42111
76625,p_99898
77518,p_141228
79607,p_73579
79714,p_18209
80633,p_89066
81044,p_88965
81595,p_20556
81632,p_226963
81682,p_93374
82076,p_121124
82172,p_227291
82913,p_1963
83049,p_116400
83539,p_228051
83656,p_36979
83797,p_39298
84040,p_101543
84459,p_57062
84661,p_49150
84663,p_66936
84673,p_140808
84903,p_125505
85048,p_21569
85400,p_229328
85951,p_14158
86267,p_106905
86356,p_51402
86385,p_65877
86505,p_230122
86531,p_27014
87193,p_16780
87721,p_35155
87993,p_81063
88443,p_231601
88463,p_114958
88834,p_22562
89122,p_88963
89840,p_84241
90261,p_233315
90274,p_4600
90286,p_82540
90293,p_18356
90294,p_75558
91273,p_201610
91540,p_188071
91709,p_7746
91709,p_234543
91975,p_19639
92063,p_234743
92184,p_39909
92437,p_18563
92475,p_90967
93381,p_2725
93384,p_235701
93669,p_44334
94163,p_85849
95578,p_84241
96398,p_21053
96416,p_157408
96990,p_50955
97149,p_217707
97240,p_28741
99188,p_28615
100635,p_55637
100635,p_168233
101158,p_79401
101828,p_239581
102856,p_106727
103645,p_19983
104624,p_107788
106402,p_243641
106918,p_27811
107180,p_42111
108552,p_33485
109328,p_88481
109329,p_107788
109337,p_67853
109346,p_221509
110323,p_47020
110351,p_219464
111282,p_14800
111799,p_158622
111799,p_158621
111800,p_49208
112290,p_246565
112290,p_106202
112290,p_246566
112315,p_223800
112499,p_52576
112530,p_42111
112704,p_75558
112707,p_25867
112968,p_51023
113183,p_118230
114191,p_90558
115859,p_250038
116161,p_244739
116161,p_244741
116161,p_244740
116161,p_190384
116440,p_250459
117025,p_87505
117431,p_153641
117511,p_138637
117618,p_86699
117740,p_98377
117841,p_252103
117967,p_227495
118056,p_244739
118056,p_244741
118056,p_244740
118056,p_190384
118147,p_1963
118166,p_38868
118491,p_226798
118656,p_243788
118696,p_228973
118760,p_34682
118958,p_48419
119450,p_54291
119716,p_98206
120052,p_87403
120394,p_38439
120638,p_226026
124099,p_26850
124622,p_245287
127813,p_83627
129084,p_39075
129509,p_94481
130028,p_155628
130278,p_31906
130349,p_78452
131112,p_256904
134871,p_235701
137541,p_67853
138558,p_66936
138753,p_9054
139370,p_197620
139849,p_19866
140776,p_180141
140897,p_259293
141502,p_4453
141864,p_257921
141864,p_257922
141979,p_72319
142512,p_66642
143080,p_13980
143889,p_163689
144129,p_57982
144700,p_116909
144700,p_55265
144978,p_111169
144978,p_111170
145626,p_260942
146195,p_18710
146250,p_34751
146254,p_8626
146373,p_261202
146589,p_29168
146658,p_261460
146704,p_261567
146764,p_89036
146885,p_191712
147850,p_4883
149058,p_262760
149361,p_77961
149451,p_86105
150390,p_38516
150993,p_235872
150995,p_126050
151880,p_264462
151880,p_264463
151880,p_264464
151880,p_264465
151880,p_264466
152041,p_22686
152781,p_59031
152781,p_41029
152781,p_41878
153549,p_2390
153550,p_2390
155118,p_225418
155228,p_156605
155765,p_130584
155790,p_72205
155790,p_72206
157642,p_120618
158350,p_57256
158742,p_71930
158742,p_71929
158942,p_47020
158950,p_260218
161051,p_9894
162947,p_231563
164395,p_252779
165744,p_54559
167060,p_270436
167181,p_178336
167213,p_187604
167292,p_178336
167707,p_87514
171918,p_272932
171920,p_222451
171935,p_272958
172676,p_34644
173629,p_72842
174531,p_72299
175096,p_274659
179686,p_277882
181459,p_19069
181538,p_77138
186972,p_2428
187004,p_91288
188194,p_281980
189159,p_282915
189594,p_48679
189718,p_39557
222,p_2798
516,p_15798
992,p_8635
1488,p_17295
1679,p_18603
2132,p_21849
2335,p_21647
2381,p_24419
2389,p_19639
2393,p_2356
2692,p_28579
2805,p_28233
2816,p_28283
2817,p_11983
2823,p_28316
2991,p_29386
3002,p_29471
3026,p_11528
3028,p_29705
3115,p_30561
3160,p_18598
3166,p_30988
3397,p_31662
3418,p_20556
3427,p_20789
3581,p_33094
4113,p_34763
4243,p_33040
4285,p_6094
4435,p_37236
4465,p_21833
4537,p_33542
4683,p_1650
4786,p_12529
4839,p_22686
4887,p_40025
5071,p_41040
5443,p_43330
5589,p_44216
5632,p_33542
6010,p_1869
6108,p_47956
6160,p_39503
6176,p_48432
6179,p_47142
6416,p_49625
6470,p_51910
7312,p_111421
7349,p_49415
7502,p_52728
7508,p_52763
8048,p_53657
8277,p_26971
8286,p_19069
8332,p_54559
8340,p_54607
8351,p_54675
8416,p_4956
8420,p_53767
8443,p_54975
8854,p_19142
8883,p_56195
8891,p_73849
9088,p_57323
9088,p_88952
9307,p_16589
9579,p_49010
9629,p_18502
9733,p_6648
9789,p_59911
10042,p_62378
10146,p_18969
10232,p_64219
10363,p_9740
10626,p_26436
10768,p_43513
10812,p_66928
10814,p_57035
10814,p_66942
10848,p_67163
11088,p_1255
11130,p_1201
11134,p_44916
11447,p_69488
11464,p_37076
11482,p_3556
11514,p_23116
11580,p_33464
11666,p_16862
11674,p_18356
11675,p_58712
11687,p_64909
11717,p_70356
11717,p_70828
11717,p_70829
11796,p_37626
11813,p_53657
11862,p_56106
11915,p_70937
11915,p_39138
12093,p_11037
12097,p_55006
12152,p_71475
12266,p_32096
12638,p_50799
12692,p_73364
12692,p_73369
12775,p_10491
12817,p_73824
12939,p_8373
14556,p_18209
14577,p_78962
14779,p_72101
14816,p_42457
14831,p_48419
15445,p_56008
15744,p_55447
15774,p_24391
16101,p_84865
16110,p_84870
16186,p_4955
16218,p_85347
16261,p_39212
16274,p_87671
16919,p_85767
17347,p_84625
17355,p_86193
18466,p_39298
18656,p_2636
18933,p_19460
19502,p_57323
19502,p_88952
20020,p_52968
20145,p_1558
20285,p_20839
20291,p_133608
21289,p_90393
21317,p_90979
21320,p_91012
21481,p_91272
21606,p_3776
21797,p_59
21863,p_48679
22846,p_92481
22996,p_29433
23066,p_92732
23115,p_21227
23128,p_92976
23133,p_92980
23696,p_80243
23709,p_88222
25019,p_94343
25019,p_94344
25054,p_94432
25412,p_58705
25581,p_94796
25674,p_59338
26272,p_87125
26652,p_44508
26991,p_67217
27035,p_66969
27138,p_19069
27195,p_20310
27311,p_98328
27324,p_56570
27512,p_60045
27556,p_3289
27805,p_99563
27823,p_45192
28139,p_94147
28188,p_97167
28193,p_39379
28291,p_100101
29230,p_97388
29451,p_37561
29520,p_21053
29761,p_102504
30274,p_17458
30613,p_57832
30637,p_36387
30902,p_89022
30958,p_93548
31101,p_32733
31190,p_23841
31222,p_105212
31470,p_42309
31566,p_17010
31912,p_5069
32305,p_58269
32305,p_106622
32665,p_78452
32671,p_28369
32672,p_106788
32785,p_56435
33649,p_28615
33764,p_40
33782,p_84267
33968,p_57364
34385,p_64190
34595,p_113710
34610,p_30956
34779,p_57895
34782,p_101778
34900,p_93819
34966,p_110457
34974,p_89036
35102,p_110671
35109,p_110698
35136,p_46230
35270,p_111008
35397,p_89357
35452,p_45672
35651,p_150661
35732,p_72842
35745,p_27977
35758,p_18384
35812,p_112088
36011,p_37633
36064,p_111961
36075,p_34580
36088,p_38459
36167,p_113004
36222,p_102577
36275,p_5970
36312,p_19032
36391,p_29388
36554,p_113821
36648,p_114095
36688,p_46533
36830,p_52567
36846,p_16862
37010,p_114941
37034,p_108030
37046,p_150240
37156,p_90926
37315,p_70070
37345,p_29433
37567,p_111720
37622,p_3026
37645,p_116254
37649,p_116764
37740,p_26775
37772,p_1963
37861,p_117439
37885,p_35904
37886,p_117546
37896,p_4955
37928,p_117681
37958,p_117838
38126,p_2406
38163,p_41632
38164,p_109601
38173,p_118462
38189,p_118548
38195,p_37361
38245,p_118770
38310,p_227873
38458,p_38507
38535,p_56998
38600,p_84512
38604,p_86043
38610,p_73153
38624,p_120112
38665,p_16566
38704,p_73189
38715,p_120420
38779,p_120658
38815,p_61346
39079,p_121242
39079,p_121243
39407,p_118535
39500,p_35042
39533,p_122031
39653,p_24757
39740,p_67472
39914,p_17312
39970,p_76894
40469,p_35927
40570,p_97167
41234,p_10249
41385,p_46325
41440,p_92803
41456,p_15127
41477,p_125277
41525,p_5306
41540,p_17700
41701,p_126096
41701,p_126097
41773,p_39474
41798,p_126499
41800,p_126434
41824,p_126657
41857,p_15890
41988,p_27614
42026,p_127637
42055,p_223917
42068,p_14268
42091,p_124554
42131,p_118416
42172,p_20025
42216,p_25510
42300,p_74470
42448,p_122438
42655,p_8789
42679,p_128824
42679,p_128826
42770,p_52961
42844,p_111511
42892,p_132014
42894,p_24485
42970,p_30956
43001,p_5026
43439,p_78687
43461,p_52304
43484,p_47399
43739,p_39058
43924,p_87113
44034,p_136904
44141,p_41147
44168,p_50778
44184,p_121427
44296,p_138127
44667,p_18308
44699,p_125633
44745,p_139468
44832,p_78222
45075,p_96565
45352,p_25826
45414,p_63198
45748,p_81796
45870,p_16938
46038,p_53090
46398,p_36443
46483,p_131024
46786,p_146390
46788,p_45672
46788,p_28859
46868,p_29720
46898,p_30956
46963,p_146916
46988,p_147074
46989,p_119161
47011,p_147168
47022,p_147260
47199,p_57530
47239,p_148154
47457,p_112245
47485,p_150661
47485,p_145045
47612,p_149361
47700,p_107359
47730,p_149954
47986,p_114879
47990,p_6012
48082,p_150810
48309,p_151310
48422,p_133130
48729,p_152304
49001,p_37709
49002,p_24485
49473,p_97202
49493,p_129385
50190,p_3776
50433,p_157377
50447,p_143662
50684,p_35452
50705,p_133849
50934,p_18899
51487,p_70109
51809,p_157963
51955,p_57641
52400,p_58666
52483,p_19865
53041,p_92039
53674,p_33924
53780,p_46230
53966,p_117838
53971,p_74920
53989,p_162934
54115,p_56339
54126,p_39009
54430,p_163765
54564,p_49450
54770,p_26990
54991,p_50739
55330,p_163888
55542,p_17554
55543,p_17554
55573,p_92980
55781,p_166630
55783,p_166645
55799,p_31351
55814,p_163627
55817,p_166910
56001,p_38097
56178,p_167781
56223,p_607
56229,p_165780
56410,p_168419
56554,p_169015
56687,p_16794
56846,p_131005
56989,p_21251
57602,p_30052
57849,p_173182
57862,p_67840
58080,p_49846
58214,p_88680
58230,p_40542
58261,p_67361
58817,p_72891
58835,p_176172
58835,p_176173
58837,p_176192
58864,p_29168
58933,p_93819
58947,p_176707
58974,p_120397
59041,p_56458
59208,p_177608
59246,p_3556
59250,p_3556
59498,p_72769
59556,p_25161
59735,p_150661
59826,p_179673
59886,p_33880
60100,p_129459
60244,p_156559
60735,p_61244
60956,p_182433
60999,p_49450
61076,p_112414
61085,p_125143
61112,p_183492
61206,p_31849
61473,p_30956
61660,p_72496
62225,p_187042
62581,p_10316
62642,p_15189
62704,p_188615
62897,p_17386
62897,p_1121
62897,p_16435
62897,p_14597
62897,p_189820
62897,p_72647
62897,p_56210
62954,p_118716
63027,p_39639
63195,p_68580
63343,p_192080
63491,p_41147
63493,p_41147
63668,p_193370
63918,p_99538
63939,p_194589
63978,p_18957
64082,p_195417
64082,p_195418
64141,p_125553
64299,p_196671
64493,p_91185
64763,p_199281
64765,p_199292
64785,p_52567
64900,p_2303
65246,p_85352
65382,p_87113
65539,p_39009
65573,p_202483
65587,p_99998
65725,p_74384
65726,p_74384
65727,p_74384
65728,p_74384
65743,p_37197
65881,p_5561
65961,p_203934
66216,p_49208
66354,p_53270
66421,p_212540
66538,p_157949
66673,p_205550
66855,p_32121
66879,p_205996
67042,p_87195
67154,p_18598
67360,p_206872
67502,p_207119
67599,p_207233
67661,p_1357
67664,p_166620
67927,p_207812
68215,p_408
68551,p_84515
68592,p_34613
68592,p_19069
68592,p_24882
68592,p_3776
68592,p_24380
68592,p_53767
68917,p_38756
69090,p_113735
69622,p_134765
69880,p_214304
69913,p_31370
70506,p_20839
70531,p_29664
70633,p_175902
70638,p_188574
70754,p_9855
70906,p_27853
70914,p_78687
71010,p_90093
71355,p_157591
71439,p_49450
71874,p_133130
72370,p_222034
72438,p_222199
72517,p_35585
72558,p_34613
73122,p_99295
73472,p_42999
73956,p_88007
75210,p_72908
77525,p_225047
78087,p_15148
79000,p_40230
79000,p_100121
82448,p_227495
82456,p_234444
82456,p_20657
82456,p_125699
82456,p_234445
82456,p_234446
82629,p_43347
82892,p_14158
83050,p_5125
83287,p_26063
83500,p_98573
84212,p_90558
84364,p_177770
84723,p_228759
85007,p_21394
85017,p_38883
85352,p_52070
85662,p_32424
86217,p_51915
86396,p_36744
86422,p_68762
86520,p_230133
86520,p_230134
88790,p_44325
90275,p_27811
90276,p_42111
90278,p_104332
90283,p_88481
90538,p_58385
91353,p_49010
91368,p_5125
92366,p_132301
92366,p_221317
92411,p_46680
94549,p_223617
97160,p_238789
97359,p_43347
98344,p_70155
99101,p_92732
100023,p_73076
100669,p_204311
101127,p_160463
101150,p_236056
101265,p_73433
102980,p_74855
104622,p_31119
105446,p_7832
106380,p_42111
106821,p_44562
106891,p_242818
108437,p_69646
109230,p_247318
109330,p_25867
109335,p_42111
109993,p_38755
111359,p_43222
112706,p_18320
112931,p_17361
113073,p_33485
113080,p_64750
113341,p_23799
113368,p_27811
113437,p_43681
113439,p_52961
113906,p_88127
115534,p_17245
116217,p_244011
116231,p_49625
116339,p_75558
116341,p_27811
116525,p_37076
116676,p_26470
116813,p_64171
117041,p_113404
117156,p_75558
117491,p_85763
117943,p_160522
118932,p_27811
119186,p_151044
119247,p_253225
119477,p_56502
119477,p_56501
119602,p_115915
119604,p_16819
119927,p_88727
120637,p_200361
122381,p_34289
126241,p_255127
126325,p_250976
130297,p_256758
130297,p_256759
133627,p_83399
139984,p_33036
142901,p_51895
142913,p_259681
143207,p_14643
143419,p_259938
143608,p_21737
144169,p_28279
144800,p_12329
145178,p_260693
146761,p_135201
146969,p_96573
147526,p_262001
148537,p_262387
148537,p_262388
148537,p_262389
148882,p_1844
148915,p_128700
149362,p_20860
150176,p_207900
150541,p_67361
150928,p_21807
150969,p_86331
151966,p_243135
152093,p_96958
152780,p_27014
152902,p_73282
153641,p_91430
153919,p_91430
155231,p_121102
155498,p_72891
163547,p_254477
163548,p_21549
167257,p_52961
167370,p_178336
167841,p_270905
171439,p_230228
171559,p_256759
172902,p_104254
175520,p_4617
175870,p_17278
175966,p_93477
175966,p_93479
179711,p_277882
180476,p_60100
181636,p_46230
182059,p_50799
185418,p_279912
186274,p_280313
189753,p_283567
190308,p_150456
139,p_1558
481,p_6521
530,p_7314
661,p_2725
689,p_10316
822,p_12160
870,p_3317
896,p_12160
899,p_8812
1059,p_5026
1194,p_2225
1196,p_15798
1543,p_17407
1685,p_18635
1720,p_18823
1799,p_15858
1840,p_19396
1860,p_19556
1864,p_19606
1935,p_20073
1962,p_20254
1964,p_3702
1987,p_6011
2014,p_5125
2057,p_21136
2072,p_21251
2090,p_21404
2102,p_21544
2139,p_21916
2204,p_2303
2282,p_16988
2298,p_23660
2303,p_12647
2304,p_23724
2306,p_23741
2361,p_24281
2361,p_24280
2414,p_24692
2532,p_25873
2644,p_26724
2747,p_27829
2857,p_21437
2894,p_28615
3009,p_40
3023,p_29627
3043,p_18627
3122,p_30648
3122,p_30647
3159,p_30652
3199,p_30956
3405,p_31890
3423,p_20789
3426,p_20789
3515,p_17281
3561,p_32831
4162,p_18209
4213,p_35375
4240,p_31381
4253,p_35784
4272,p_35137
4370,p_32069
4377,p_36778
4436,p_37705
4453,p_36842
4466,p_1865
4555,p_37969
4571,p_38119
4572,p_33542
4574,p_33542
4678,p_38883
4682,p_38900
4826,p_39612
4838,p_24386
4947,p_32096
4998,p_40506
5068,p_40972
5086,p_31775
5186,p_41986
5242,p_35318
5242,p_42197
5242,p_5561
5246,p_42252
5482,p_25826
5592,p_19069
5602,p_32940
5625,p_44433
5630,p_33542
5823,p_46298
5873,p_46203
5911,p_46543
5911,p_46544
6005,p_47157
6006,p_47174
6279,p_1103
6663,p_48330
7291,p_52342
7295,p_68207
7837,p_44132
7973,p_53431
7974,p_16767
8074,p_3776
8219,p_309
8282,p_21678
8424,p_55379
8425,p_20556
8462,p_13899
8705,p_55735
8785,p_27002
8899,p_56209
8899,p_45138
8982,p_57214
9301,p_1071
9474,p_57639
9474,p_4385
9589,p_15868
9644,p_56953
9845,p_57865
9881,p_49625
10021,p_18378
10103,p_63429
10109,p_63571
10114,p_43064
10241,p_28615
10421,p_25182
10499,p_10249
10516,p_39138
10583,p_16830
10628,p_48980
10645,p_66109
10711,p_13776
10746,p_28193
11042,p_38516
11333,p_49450
11792,p_5231
11829,p_56033
11898,p_70864
11975,p_1776
12107,p_13426
12127,p_55006
12214,p_71661
12272,p_71997
12697,p_57323
12697,p_88952
12781,p_20869
12823,p_7554
13119,p_64219
13540,p_74516
13541,p_74529
14064,p_38439
14142,p_100287
14456,p_25826
15199,p_81565
15458,p_37770
15712,p_44683
15743,p_83774
15781,p_19069
15951,p_49662
16162,p_85188
16195,p_85264
16226,p_85371
16272,p_33056
16273,p_33056
18647,p_46719
19353,p_89066
19811,p_89254
20050,p_75221
20326,p_1126
20471,p_90259
20476,p_90271
20476,p_90272
20736,p_90345
21322,p_7348
21468,p_91251
21468,p_91252
21544,p_91337
21593,p_70070
21727,p_91653
22399,p_50739
23706,p_25938
23913,p_7145
24075,p_90440
24109,p_93656
24424,p_76872
24898,p_150991
25609,p_94827
25609,p_94829
25647,p_19866
25655,p_92547
25990,p_95162
26292,p_68750
26398,p_80885
26466,p_96351
26516,p_109142
26624,p_57090
27032,p_73671
27136,p_19069
27548,p_91629
27613,p_99152
27643,p_99296
27661,p_26595
27829,p_9789
28191,p_99919
29000,p_105055
29265,p_101640
29415,p_37076
29448,p_67990
29767,p_102536
29811,p_102580
30313,p_95525
30515,p_103439
31035,p_104711
31290,p_105560
31388,p_18907
31388,p_14566
32142,p_106471
33445,p_95889
33771,p_29433
33901,p_129963
34088,p_17387
34299,p_70703
34543,p_62575
34609,p_30956
34713,p_109922
34801,p_55785
34845,p_110232
34846,p_110232
34870,p_110293
34870,p_69719
34944,p_32012
34949,p_33469
35150,p_64195
35203,p_25819
35601,p_56396
35602,p_111719
35605,p_111721
35634,p_150661
35637,p_120791
35641,p_150661
35644,p_70333
35687,p_109142
35690,p_111765
35690,p_111766
35691,p_109142
35694,p_18969
35920,p_35585
35979,p_72258
36127,p_28267
36305,p_92789
36429,p_113518
36533,p_26265
36555,p_72477
36681,p_21227
36751,p_71329
36759,p_16794
36773,p_92039
37276,p_27875
37355,p_19866
37642,p_117566
37718,p_21394
37766,p_23799
37791,p_92980
37843,p_41159
38032,p_71097
38071,p_118210
38202,p_22558
38246,p_39167
38283,p_33880
38484,p_119378
38523,p_97934
38523,p_97937
38557,p_120379
38636,p_44955
38710,p_72197
38726,p_39612
38825,p_57207
38825,p_57274
38877,p_120963
38942,p_121020
38949,p_121028
39044,p_34262
39188,p_33880
39188,p_86875
39494,p_34999
39568,p_34639
39708,p_122466
39709,p_122466
39734,p_5678
39780,p_122607
40879,p_88951
41229,p_41092
41414,p_34613
41542,p_83908
41558,p_29433
41614,p_73752
41683,p_126013
41692,p_105364
41741,p_118941
41918,p_53121
41938,p_81671
41984,p_3582
42063,p_127805
42306,p_49892
42319,p_31890
42330,p_92866
42421,p_129080
42422,p_129086
42436,p_34580
42442,p_26265
42648,p_130165
42659,p_23430
42659,p_130374
42690,p_98770
42905,p_132162
42981,p_75752
43060,p_3831
43217,p_9723
43440,p_20932
43505,p_3531
43828,p_136042
43981,p_36384
44075,p_137095
44143,p_41147
44187,p_29433
44305,p_138181
44305,p_52594
44653,p_40301
44654,p_227859
44678,p_92378
45029,p_18565
45139,p_140906
45146,p_55813
45289,p_16862
45528,p_103224
45704,p_142357
45756,p_21678
45976,p_49892
46253,p_118770
46344,p_115041
46363,p_109142
46423,p_14268
46428,p_145438
46621,p_145820
46904,p_607
47012,p_147168
47013,p_147168
47250,p_137983
47463,p_148959
47466,p_148959
47717,p_103348
47852,p_53859
48031,p_150716
48032,p_132595
48150,p_45030
48153,p_45030
48333,p_6817
48825,p_30956
48826,p_152447
49090,p_30074
49549,p_129385
49599,p_7740
49638,p_31894
49832,p_129385
49901,p_94880
49901,p_129385
50141,p_20849
50193,p_26265
50756,p_53348
50810,p_137841
50921,p_62421
51258,p_97388
51547,p_17282
51869,p_86392
52195,p_112321
52195,p_118846
52221,p_158992
52221,p_102589
52221,p_117658
52221,p_110984
52273,p_159233
52309,p_23357
52507,p_83332
52519,p_5844
52782,p_27991
52812,p_147079
53235,p_150991
53431,p_161824
53696,p_18563
53699,p_162244
53716,p_92866
53769,p_140824
53776,p_14643
53779,p_53188
53869,p_121937
53962,p_162869
54078,p_85676
54242,p_163595
54433,p_163787
54433,p_163786
54572,p_45572
54574,p_118210
54643,p_116552
54646,p_160388
54674,p_117838
54712,p_150991
54713,p_164314
54729,p_39463
55024,p_11528
55325,p_78690
55340,p_94728
55350,p_69038
55455,p_32375
55803,p_30956
55807,p_33724
55811,p_166881
55813,p_26570
55833,p_166960
55833,p_166961
55861,p_138181
56393,p_94333
56443,p_168528
56457,p_1822
56458,p_52094
56461,p_52094
56761,p_169417
56841,p_140610
57024,p_49450
57084,p_137779
57084,p_94596
57262,p_171365
57669,p_112485
57775,p_172928
57854,p_58728
57923,p_173394
58057,p_48583
58239,p_94333
58254,p_174325
58263,p_8420
58606,p_56742
58700,p_5561
58713,p_23430
58713,p_175654
58713,p_175655
58713,p_91252
58713,p_130378
58768,p_86814
58895,p_176550
59018,p_5561
59026,p_38585
59064,p_177138
59064,p_137489
59067,p_49450
59067,p_5561
59481,p_178647
59528,p_41159
59529,p_53188
59567,p_98642
59590,p_179159
59607,p_94796
59685,p_179390
59922,p_64992
59953,p_55728
59972,p_9888
60281,p_180545
60288,p_157934
60289,p_107359
60400,p_61750
60498,p_127501
60509,p_44508
61002,p_21227
61198,p_56213
61229,p_84512
61290,p_32576
61668,p_72496
61986,p_4109
62082,p_76729
62537,p_126013
62542,p_126013
62577,p_10316
62578,p_10316
62647,p_92155
62910,p_149547
62930,p_21230
62960,p_121880
63117,p_190778
63208,p_84534
63213,p_191366
63225,p_87482
63640,p_74008
63692,p_140610
63713,p_116786
63734,p_99898
63970,p_58608
64025,p_3556
64201,p_156943
64340,p_67316
64424,p_47399
64597,p_29388
64818,p_133849
64848,p_96124
64945,p_54441
65100,p_61824
65399,p_201555
65403,p_201584
65526,p_202209
65564,p_3776
65836,p_99998
65869,p_108434
65975,p_5561
65999,p_5561
66002,p_34590
66040,p_15127
66201,p_87696
66315,p_4956
66336,p_6295
67145,p_162031
67263,p_50869
67559,p_37076
67632,p_207291
67644,p_28523
67663,p_166620
68057,p_53943
68067,p_32495
68145,p_31155
68398,p_105862
68423,p_9730
68505,p_94109
68549,p_115172
68622,p_92866
68633,p_46543
68725,p_6817
68742,p_32552
68925,p_38756
69020,p_210426
69079,p_210805
69167,p_21536
69711,p_102577
70433,p_70300
70628,p_29662
70635,p_128423
70637,p_29662
70747,p_49450
70908,p_92789
71927,p_64139
75203,p_56194
76241,p_86893
81833,p_51634
83910,p_72842
84210,p_33316
84488,p_89357
84905,p_25508
84915,p_207920
85128,p_81
88188,p_106478
88538,p_39639
90272,p_42111
90469,p_56533
90612,p_57865
91130,p_16794
93116,p_14158
93456,p_52049
94507,p_64171
95517,p_23741
95676,p_10099
96695,p_100121
102293,p_32393
104847,p_45703
105770,p_16812
105770,p_16813
106458,p_5656
106701,p_21175
106944,p_102618
109331,p_14800
109333,p_244942
109992,p_158912
110660,p_11817
112774,p_83516
113914,p_5281
114290,p_25950
115758,p_57113
116434,p_70766
116677,p_107788
117026,p_151393
118634,p_117249
119290,p_253285
119960,p_87070
121102,p_121321
121221,p_154387
121375,p_57535
126936,p_239431
129233,p_15868
129726,p_12099
130359,p_12840
131997,p_71901
138314,p_106148
139392,p_147844
144643,p_64901
146241,p_261140
147255,p_22836
147255,p_22911
148916,p_262645
149060,p_85875
149060,p_8934
150406,p_236830
153967,p_91110
154102,p_265870
163554,p_255347
164047,p_111377
168073,p_270905
170519,p_58385
176740,p_84512
176740,p_12329
176740,p_5970
176740,p_25317
176740,p_15127
177625,p_16479
181568,p_123676
189752,p_283567
60,p_197
390,p_2303
572,p_7736
799,p_4522
1195,p_13488
1197,p_5602
1199,p_15858
1255,p_21684
1393,p_15459
1448,p_17247
1556,p_17542
1615,p_18090
1627,p_1650
1651,p_1650
1711,p_18694
1719,p_1650
1851,p_19473
1875,p_19639
1899,p_19837
2038,p_10179
2075,p_6593
2094,p_21452
2098,p_21506
2125,p_21819
2152,p_22020
2217,p_22757
2228,p_22911
2286,p_186534
2299,p_21669
2363,p_19069
2436,p_24946
2524,p_2042
2800,p_3026
2856,p_28580
2974,p_2991
3425,p_20789
3477,p_32069
3485,p_30956
3523,p_32576
3593,p_3239
3699,p_150991
4252,p_35805
4286,p_15127
4339,p_26595
4395,p_36963
4728,p_39138
4813,p_39557
4972,p_1012
5259,p_42412
5497,p_54874
5528,p_43993
5906,p_46518
6032,p_33880
6123,p_9076
6222,p_25506
6224,p_48035
6460,p_49798
6461,p_18969
6593,p_50651
6733,p_20605
7237,p_52140
7346,p_52567
8049,p_53427
8266,p_54222
8327,p_55119
8388,p_4610
8426,p_55785
8689,p_45572
8768,p_18209
8887,p_672
9261,p_1614
9269,p_5844
9470,p_57607
9616,p_4723
9627,p_18502
10102,p_34264
10125,p_63868
10285,p_64743
10292,p_56263
10332,p_98538
10356,p_62659
10541,p_65569
10699,p_3224
10841,p_51875
11010,p_28898
11172,p_18323
11376,p_69219
11477,p_57865
11512,p_69681
11554,p_64992
11659,p_70235
11801,p_72430
12447,p_12962
12588,p_73007
12782,p_35408
12804,p_73674
14121,p_75618
14121,p_13594
14121,p_13595
14146,p_32072
14458,p_43993
14539,p_78102
14539,p_66731
14639,p_50778
14765,p_44916
14784,p_37742
15758,p_83879
16094,p_8534
16115,p_84884
16116,p_84870
16168,p_58608
16548,p_4955
16549,p_46543
16732,p_85671
17219,p_85974
17220,p_85969
17578,p_75584
18562,p_74650
18746,p_87990
18746,p_83577
19105,p_30089
19517,p_88347
19645,p_33036
19857,p_64098
19949,p_20605
19980,p_89666
20332,p_1126
20335,p_29433
21058,p_90615
21259,p_17361
21372,p_73153
21594,p_91542
21670,p_48084
21673,p_89704
21753,p_56263
21770,p_42309
22715,p_67011
22990,p_92619
23189,p_93058
23386,p_93297
23386,p_93298
23675,p_47007
25608,p_94811
25802,p_94987
25825,p_67259
26015,p_81091
26836,p_20789
27325,p_71485
27538,p_33036
28382,p_65961
28543,p_100436
28593,p_33721
28711,p_100573
28776,p_100694
28793,p_100712
29644,p_102107
30310,p_16590
30537,p_41211
31323,p_58159
31555,p_6593
31731,p_104025
31888,p_106905
31915,p_19359
32212,p_20085
32791,p_106884
32833,p_52594
32976,p_107158
33009,p_53657
33012,p_68575
33617,p_108239
33617,p_91967
33682,p_74752
33742,p_49450
33745,p_92803
33911,p_11435
34034,p_108891
34047,p_15127
34235,p_793
34858,p_67011
34859,p_110265
34913,p_19069
35473,p_33156
35474,p_32375
35627,p_48751
35729,p_38595
35843,p_112199
35910,p_44433
35955,p_112493
35980,p_32424
35988,p_84865
36021,p_112664
36136,p_41159
36366,p_113427
36579,p_28117
36983,p_24045
37432,p_116254
37467,p_150661
37467,p_65973
37611,p_90224
37840,p_2710
37840,p_60261
37840,p_58338
37844,p_117352
37874,p_117495
37894,p_97388
37902,p_75958
38197,p_50312
38230,p_118713
38230,p_118714
38306,p_37969
38470,p_20839
38509,p_27213
38728,p_54358
38741,p_120533
39333,p_234456
39492,p_24425
39510,p_53767
39527,p_72709
39587,p_20556
39715,p_32244
39865,p_122781
40471,p_111412
40592,p_74752
40960,p_62531
41306,p_32012
41400,p_57927
41400,p_164154
41487,p_125369
41488,p_125374
41545,p_125505
41554,p_51116
41596,p_72322
41776,p_18502
41783,p_126434
41933,p_32940
41998,p_24380
42008,p_127546
42084,p_46230
42248,p_29433
42272,p_128605
42315,p_128778
42680,p_58129
42688,p_5561
42829,p_86006
42901,p_46442
42904,p_132148
42909,p_132230
42915,p_132301
43048,p_49010
43058,p_85715
43507,p_3531
43712,p_91418
43727,p_112141
43893,p_136502
43894,p_136522
44016,p_31775
44025,p_56807
44078,p_12453
44151,p_104549
44154,p_78660
44227,p_48995
44232,p_137947
44391,p_56339
44474,p_113821
44773,p_110630
44823,p_10076
44870,p_59
45145,p_114864
45273,p_141170
45517,p_118535
45520,p_129385
45613,p_17282
45655,p_142148
45655,p_31155
45714,p_34999
45795,p_21536
45850,p_111412
45981,p_18563
46029,p_143823
46198,p_39243
46210,p_86167
46268,p_46650
46311,p_18502
46361,p_115041
46361,p_114031
46479,p_323
46572,p_145660
46623,p_37346
46747,p_49687
46752,p_32576
46770,p_146201
46840,p_115187
46840,p_146682
46972,p_146965
47008,p_147168
47009,p_147168
47010,p_147168
47101,p_3773
47200,p_46533
47321,p_137831
47576,p_17496
47806,p_7740
47894,p_17520
47966,p_126013
48156,p_136217
48567,p_44726
48751,p_16888
49159,p_28239
49171,p_77069
49399,p_49101
49414,p_129385
49457,p_153690
49470,p_129385
49592,p_3684
49600,p_67698
49605,p_11983
49956,p_53304
50154,p_155325
50195,p_90343
50197,p_85347
51504,p_157569
51504,p_157570
51504,p_227758
51522,p_16137
51723,p_52567
51839,p_158252
51910,p_92378
52275,p_159248
52503,p_160020
52803,p_28753
52854,p_38193
53773,p_25826
53819,p_58052
53819,p_52567
53973,p_162904
53984,p_69987
54224,p_163522
54243,p_162031
54543,p_74460
54567,p_57639
54591,p_119210
54694,p_164228
54730,p_39463
54765,p_12180
55054,p_65877
55306,p_114137
55341,p_165752
55341,p_165754
55778,p_147986
55780,p_166620
55790,p_166684
55795,p_30956
55796,p_166736
55805,p_110381
55820,p_92866
55830,p_166942
55855,p_61894
55996,p_167307
56244,p_57608
56341,p_16601
56350,p_80682
56350,p_80624
56362,p_168310
56441,p_102259
56444,p_60753
56445,p_102260
56519,p_55785
56527,p_168847
56529,p_102457
56778,p_19615
57113,p_16862
57125,p_68421
57426,p_9108
57450,p_9811
57453,p_51121
57476,p_171971
57684,p_155706
57921,p_31351
58299,p_162817
58352,p_34590
58366,p_174835
58486,p_21475
58603,p_112308
58605,p_175312
59028,p_38595
59037,p_150991
59069,p_164479
59253,p_106905
59267,p_177700
59477,p_53188
59520,p_16808
59828,p_92803
59837,p_14246
59924,p_137381
60101,p_166700
60290,p_180602
60298,p_111753
60303,p_34763
60446,p_70069
60449,p_70800
60555,p_21737
60967,p_57832
60975,p_272799
61131,p_63270
61446,p_18598
61624,p_102260
61664,p_72496
61896,p_7740
62040,p_164548
62294,p_8635
62294,p_187103
62352,p_21227
62379,p_187330
62437,p_98770
62470,p_92866
62538,p_126013
62543,p_126013
62543,p_110630
62579,p_10316
62580,p_10316
62776,p_162792
62961,p_49894
62963,p_71522
62995,p_141213
62995,p_50542
63110,p_47242
63155,p_41837
63155,p_37902
63160,p_38072
63178,p_32576
63335,p_59651
63445,p_192685
63526,p_193124
63526,p_145517
63966,p_194696
64029,p_23660
64078,p_195393
64199,p_57607
64199,p_137405
64233,p_26767
64256,p_55983
64301,p_196676
64305,p_194269
64347,p_50739
64358,p_196982
64374,p_110552
64596,p_35452
64637,p_20024
64667,p_111142
64805,p_107186
65197,p_200517
65197,p_8452
65200,p_118210
65391,p_36842
65451,p_191712
65511,p_202091
65531,p_202285
65570,p_6284
65729,p_65973
65730,p_70591
65841,p_203410
65870,p_33924
65875,p_30956
65891,p_5561
65908,p_5561
65917,p_5561
65954,p_203833
66043,p_12329
66098,p_29905
66232,p_1188
66328,p_167365
66592,p_3974
66941,p_206071
67084,p_2675
67144,p_206303
67261,p_206587
67931,p_4344
68002,p_141813
68033,p_37807
68063,p_65981
68063,p_140461
68064,p_78687
68385,p_208985
68443,p_24281
68443,p_24280
68559,p_92866
68643,p_9740
68686,p_50778
69078,p_116250
69078,p_150135
69508,p_212906
69691,p_47095
69718,p_213617
69719,p_102577
69879,p_31155
70015,p_149954
70436,p_169909
70513,p_39557
70514,p_37716
70554,p_150882
70797,p_158826
70843,p_124554
71273,p_62872
71692,p_5561
71692,p_45572
71695,p_220008
71764,p_166389
71858,p_220315
72304,p_34613
75198,p_223811
80046,p_68338
84678,p_72327
85272,p_76099
86036,p_63973
86070,p_91924
87191,p_173817
88940,p_73409
89224,p_90967
90453,p_173378
92129,p_37041
93383,p_235701
94594,p_90259
96524,p_237053
97102,p_227758
97102,p_157569
98181,p_37770
98334,p_237879
101749,p_52542
102687,p_5231
104072,p_21737
104078,p_164865
104621,p_42111
109967,p_225088
111796,p_9888
115281,p_141221
115311,p_70109
116814,p_88881
117154,p_14800
117214,p_222298
118307,p_247988
118307,p_252568
119222,p_88481
119729,p_230681
119926,p_91721
119959,p_86703
125334,p_122289
126950,p_366
130300,p_1614
140654,p_45703
143592,p_7746
144454,p_12698
144808,p_54597
150441,p_37948
163545,p_225460
163555,p_252698
164567,p_5844
171384,p_272425
172560,p_228786
174421,p_78690
176384,p_252219
179401,p_277709
185157,p_280302
186114,p_280221
189249,p_33887
190854,p_59624
190854,p_3776
190854,p_106901
190854,p_72299
190854,p_106962
190854,p_228759
190854,p_226878
190854,p_102040
190854,p_284029
190854,p_284030
190854,p_90622
190854,p_40485
190854,p_241217
341,p_4883
383,p_5216
407,p_5125
419,p_5636
428,p_5742
540,p_7312
662,p_9956
775,p_11523
778,p_5763
781,p_1071
835,p_12361
902,p_13837
902,p_2419
1198,p_8750
1279,p_1188
1418,p_16973
1549,p_17458
1631,p_6295
1660,p_1650
1785,p_15389
1884,p_19744
2017,p_19450
2070,p_21227
2077,p_13848
2114,p_21692
2115,p_1035
2160,p_7506
2205,p_22617
2386,p_24463
2394,p_24507
2433,p_24882
2435,p_24915
2464,p_25289
2527,p_19069
2538,p_16973
2645,p_26724
2685,p_26959
2696,p_28385
2964,p_29029
3013,p_9855
3346,p_31587
3473,p_31980
3473,p_5030
3473,p_14855
3475,p_32096
3476,p_32082
3480,p_32012
3592,p_33223
3592,p_33224
3698,p_33806
3933,p_510
3933,p_34891
4024,p_11983
4073,p_34630
4295,p_36146
4375,p_9855
4498,p_37493
4499,p_309
4532,p_37742
4569,p_33542
4731,p_150991
4996,p_40485
5003,p_65877
5067,p_39058
5286,p_42667
5527,p_43979
5729,p_793
5859,p_14158
5899,p_27875
6014,p_47307
6014,p_47308
6363,p_49208
6537,p_51894
6614,p_50778
6635,p_46508
6690,p_19942
6690,p_51084
6915,p_51416
6915,p_51417
6959,p_51590
7006,p_27226
7085,p_33542
7230,p_50899
7271,p_40195
7289,p_31775
8888,p_4522
9028,p_49450
9311,p_19684
9321,p_1844
9322,p_59
9335,p_18865
9369,p_22164
9488,p_2294
9552,p_15175
9725,p_58712
9999,p_61750
10018,p_4780
10148,p_3905
10190,p_2152
10299,p_18392
10308,p_2725
10308,p_9935
10459,p_37076
10495,p_16513
10664,p_54525
10664,p_54526
10732,p_20556
10732,p_37197
10751,p_3395
10855,p_67259
11070,p_35408
11100,p_68021
11188,p_15868
11202,p_13265
11222,p_2303
11344,p_37942
11422,p_30422
11900,p_6818
11930,p_55161
12137,p_63820
12250,p_71902
12251,p_75391
12456,p_42
12456,p_72343
12814,p_116126
12887,p_801
12958,p_77591
13486,p_74400
13572,p_62410
13576,p_57727
14088,p_19044
14550,p_77880
14742,p_79384
14752,p_22562
14794,p_34580
17324,p_86127
17340,p_2443
18288,p_13899
18288,p_87482
18467,p_74855
18590,p_26436
18616,p_87830
18616,p_87832
18650,p_1724
18831,p_68338
18836,p_4344
19111,p_11777
19648,p_44562
20324,p_1126
20329,p_1126
20331,p_1126
20553,p_146868
21542,p_36384
22873,p_6543
23105,p_92836
24419,p_45672
24419,p_45577
24431,p_24619
25028,p_12329
27770,p_99492
27801,p_12160
28844,p_54675
29008,p_101224
29186,p_101543
29592,p_102040
29757,p_84880
29956,p_28403
30271,p_3776
30271,p_103067
30271,p_103068
30271,p_103069
30271,p_103070
30271,p_103071
30271,p_103072
30831,p_40599
30900,p_100910
30908,p_104562
31181,p_105057
32978,p_107166
33741,p_3776
34096,p_51043
34806,p_26802
34844,p_110232
34953,p_3531
35082,p_25826
35097,p_35216
35104,p_68412
35222,p_63198
35754,p_112123
35817,p_18161
35860,p_112245
35885,p_112319
35885,p_112320
35904,p_24909
36014,p_112637
36025,p_112668
36033,p_14227
36228,p_84444
36250,p_16566
36353,p_9622
36524,p_260766
36552,p_113806
36562,p_31454
36950,p_92836
37143,p_115217
37143,p_99699
37241,p_50664
37392,p_2283
37607,p_31890
37829,p_112286
38054,p_118119
38074,p_18854
38082,p_118230
38140,p_118335
38151,p_18184
38190,p_4422
38289,p_118808
38863,p_46675
38895,p_53054
39049,p_35452
39299,p_23724
39346,p_80624
39528,p_122004
39548,p_3835
39628,p_73121
39665,p_65961
39980,p_123243
40340,p_24492
41420,p_125103
41432,p_150991
41446,p_125177
41855,p_30942
41858,p_39853
41898,p_54469
41961,p_127275
41967,p_24657
41979,p_33166
41981,p_127433
42074,p_29433
42098,p_78690
42226,p_51421
42245,p_20025
42643,p_129963
42914,p_132301
43694,p_6603
43850,p_136251
43862,p_12329
43991,p_57436
44131,p_118210
44207,p_72249
44237,p_137983
44907,p_141902
44981,p_140580
45078,p_45030
45499,p_40357
45506,p_129385
45835,p_73153
45866,p_66512
46026,p_143798
46233,p_37860
46244,p_99585
46247,p_92980
46318,p_119121
46413,p_39557
46569,p_48863
46586,p_145711
46615,p_145790
46618,p_24397
46797,p_146439
46797,p_146440
46838,p_62421
46879,p_146738
47005,p_46366
47007,p_147182
47149,p_147625
47149,p_143630
47149,p_147626
47158,p_793
47186,p_97351
47232,p_49888
47254,p_148233
47317,p_148437
47317,p_127275
47386,p_148724
47386,p_148726
47492,p_76744
47967,p_2675
48007,p_107448
48022,p_2303
48509,p_151899
48509,p_151900
48820,p_51043
48843,p_72191
49217,p_153192
49300,p_153375
49552,p_129385
49588,p_129385
49731,p_22323
49927,p_84512
50181,p_155419
50405,p_4617
50445,p_155879
50693,p_19707
50959,p_45878
51381,p_36236
52857,p_15043
52871,p_160540
53247,p_124554
53278,p_128076
54116,p_72205
54116,p_72206
54216,p_33807
54585,p_163975
54710,p_136217
55291,p_29700
55329,p_119073
55344,p_94432
55486,p_44685
55486,p_130689
55486,p_51767
55520,p_166218
55531,p_166255
55693,p_73677
55791,p_166620
55801,p_166776
55944,p_23430
55990,p_19937
56318,p_168130
56332,p_1341
56442,p_102260
56518,p_167781
57001,p_14353
57050,p_63589
57063,p_49618
57069,p_13524
57191,p_171201
57750,p_172789
57821,p_44923
57821,p_26990
57938,p_105576
57938,p_105578
58242,p_18176
58447,p_174967
58673,p_175456
58748,p_29491
58898,p_68662
59027,p_78690
59066,p_157867
59070,p_33724
59071,p_50739
59313,p_86167
59478,p_110206
59491,p_98642
59493,p_98642
59562,p_178973
59593,p_78660
59612,p_30956
59758,p_78687
59825,p_150991
60292,p_180614
60295,p_180643
60445,p_72646
60510,p_10249
60596,p_98642
60960,p_180283
61007,p_32082
61101,p_151458
61255,p_131327
61439,p_126807
61444,p_184412
61540,p_87830
61555,p_31155
61667,p_72496
61733,p_185387
61745,p_16794
61829,p_801
61904,p_33781
62042,p_186382
62043,p_35256
62050,p_47061
62395,p_67750
62424,p_2897
62502,p_183798
62513,p_90926
62550,p_54767
62551,p_10316
62582,p_10316
62653,p_188383
62670,p_188438
62680,p_188574
62763,p_146916
62781,p_17623
62848,p_137707
63095,p_6648
63096,p_6648
63101,p_118447
63127,p_190833
63127,p_29310
63144,p_37742
63144,p_37716
63144,p_30821
63202,p_156696
63246,p_29386
63282,p_4614
63539,p_48055
63669,p_98727
63725,p_74409
64170,p_18899
64200,p_52567
64209,p_17247
64230,p_38595
64243,p_11401
64243,p_65973
64276,p_26729
64279,p_65994
64298,p_137381
64307,p_196709
64365,p_30956
64559,p_9855
64688,p_199014
65108,p_200512
65108,p_8452
65108,p_200517
65151,p_88679
65258,p_58255
65258,p_201036
65408,p_45342
65527,p_95407
65540,p_39009
65590,p_99998
65756,p_29721
66035,p_118447
66187,p_34590
66187,p_28669
66210,p_16597
66211,p_56075
66331,p_32082
66404,p_122348
66734,p_205771
67255,p_18335
67260,p_118618
67423,p_18209
68031,p_72427
68110,p_50778
68303,p_142806
68312,p_208569
68506,p_126013
68627,p_92866
68718,p_205374
68945,p_43553
69097,p_107322
69238,p_211734
69368,p_88139
69426,p_99176
69902,p_40940
69939,p_10620
70279,p_215641
70279,p_215642
70730,p_39785
70743,p_38595
70765,p_37197
70879,p_158751
70903,p_86167
70915,p_217771
71327,p_118119
72014,p_220826
72160,p_259695
72559,p_34613
72643,p_222800
79073,p_120515
79670,p_136157
82396,p_95089
83914,p_34341
84664,p_51193
85120,p_229109
86719,p_20310
90296,p_42111
91417,p_19228
93296,p_43954
94928,p_65874
95153,p_236483
97170,p_60712
97889,p_30461
101959,p_16938
106339,p_87505
109030,p_63477
110169,p_25396
111141,p_56570
114401,p_38599
115054,p_249412
116188,p_30461
116532,p_93829
116704,p_41563
118356,p_204548
119341,p_20355
119769,p_90558
121098,p_31155
122380,p_88881
128505,p_158912
128668,p_103052
131013,p_32393
133318,p_59611
142538,p_6155
148922,p_90485
150411,p_72757
157566,p_35267
159506,p_17697
167175,p_270566
167698,p_271071
179485,p_50719
189437,p_260701
4,p_27436
234,p_2991
259,p_1650
780,p_11572
823,p_12178
906,p_13884
1653,p_8574
1700,p_3026
1791,p_6011
1846,p_19424
1868,p_19629
2030,p_20869
2031,p_14110
2078,p_13848
2122,p_26502
2136,p_19921
2140,p_21931
2164,p_6046
2181,p_22334
2285,p_2801
2346,p_24011
2374,p_24386
2437,p_24936
2444,p_16435
2463,p_52567
2648,p_26775
2997,p_29447
3004,p_29494
3163,p_30956
3479,p_19069
3521,p_38258
3524,p_32516
3560,p_32826
3590,p_33199
3590,p_33200
4051,p_34639
4226,p_35479
4267,p_34262
4483,p_38494
4544,p_37899
4897,p_39871
4898,p_19069
4911,p_4037
5070,p_34262
5177,p_18823
5601,p_30632
5742,p_4590
5849,p_32576
5874,p_32576
5881,p_46280
5905,p_46502
5931,p_32516
5992,p_32576
6296,p_48995
6372,p_6258
6556,p_39557
6618,p_45030
6645,p_29148
6647,p_46650
6647,p_39557
6794,p_37860
6957,p_41039
7979,p_12995
8016,p_4410
8333,p_15663
8347,p_54667
8349,p_55322
9565,p_57982
10265,p_46325
10275,p_64685
10763,p_9789
10983,p_18175
11310,p_66548
11328,p_21183
11490,p_45138
11490,p_56209
11546,p_69801
11841,p_26775
12089,p_25182
12169,p_71506
12487,p_17282
12574,p_31903
12601,p_65271
12952,p_74855
13379,p_74339
13492,p_74404
15596,p_57207
15596,p_57274
15707,p_83627
15734,p_83685
16202,p_73153
16203,p_14999
17222,p_86006
18399,p_17496
18837,p_26436
19050,p_30089
19278,p_39104
19432,p_38516
19896,p_26134
19996,p_89689
21261,p_90899
21295,p_90955
24891,p_90611
25093,p_94453
25094,p_94453
26070,p_95366
26080,p_28523
26138,p_73579
26397,p_96119
26727,p_18502
28966,p_101170
29680,p_17282
29754,p_28445
30504,p_103439
30634,p_16597
30750,p_68002
31243,p_105310
31518,p_85715
31519,p_55710
31563,p_106213
31918,p_73577
32954,p_7736
33534,p_18855
33755,p_10346
33760,p_28615
35100,p_33724
35128,p_84512
35883,p_112308
35908,p_112383
36017,p_68626
36027,p_32012
36526,p_113710
37121,p_115172
37238,p_11770
37351,p_115772
37664,p_13871
37841,p_26887
38031,p_23945
38079,p_118225
38165,p_26182
38168,p_12329
38347,p_67750
38357,p_118210
38365,p_146542
39319,p_5572
39334,p_66166
39496,p_20556
39724,p_48995
39735,p_74186
39743,p_58728
39790,p_122644
39794,p_89106
39806,p_3556
39841,p_122767
39928,p_123077
40606,p_20926
40697,p_84473
41646,p_3836
41655,p_125885
41695,p_126075
41724,p_4780
42017,p_4415
42278,p_29433
42484,p_74752
42554,p_129947
42799,p_55735
43515,p_134393
43708,p_107515
43808,p_135845
43826,p_11720
43891,p_136480
44047,p_5561
44112,p_28239
44225,p_150991
44388,p_138317
44580,p_107448
44640,p_119164
45229,p_50739
45290,p_141213
45496,p_141784
45687,p_18209
45698,p_45888
45710,p_69681
45739,p_65271
45854,p_85069
45965,p_48863
46190,p_122466
46197,p_144394
46199,p_25161
46369,p_115041
46610,p_11720
46624,p_24397
46653,p_49892
46730,p_67039
46996,p_49867
46996,p_30956
47014,p_46366
47015,p_46366
47061,p_31890
47340,p_148566
47340,p_148568
49577,p_129385
49983,p_120775
50165,p_155373
50420,p_56382
50444,p_155872
50444,p_102645
50444,p_14158
50708,p_5069
50991,p_39639
52105,p_158833
52318,p_52968
52318,p_64163
52479,p_88347
52852,p_86419
53515,p_161989
53707,p_162311
53790,p_51712
53996,p_30956
54265,p_163646
54593,p_32670
54738,p_78690
54812,p_130165
55271,p_21227
55319,p_40599
55351,p_114137
55351,p_43704
55380,p_94333
55800,p_121770
55808,p_87865
55810,p_126311
55829,p_144940
55893,p_33542
56003,p_30956
57004,p_85236
57055,p_63932
57617,p_172231
57703,p_672
58206,p_74460
58206,p_174119
58361,p_174832
58454,p_84219
58852,p_34919
59031,p_177021
59031,p_177022
59039,p_177065
59061,p_31621
59754,p_68662
59830,p_92803
60293,p_180627
60294,p_122466
60425,p_157073
60503,p_30956
60508,p_181362
60566,p_132595
60659,p_91185
60937,p_182296
61125,p_59584
61195,p_122047
61325,p_164228
61340,p_18598
62053,p_186477
62054,p_186477
62055,p_186477
62069,p_33125
62304,p_84625
62407,p_57639
62541,p_88314
62541,p_126013
62650,p_92155
62650,p_92157
62669,p_188438
62703,p_15189
62972,p_190144
63068,p_74752
63069,p_74752
63102,p_190661
63172,p_126146
63267,p_191688
63463,p_192835
63520,p_29009
63733,p_71063
64032,p_85685
64191,p_195985
64560,p_165005
64803,p_49415
65205,p_18598
65405,p_201606
65407,p_16830
65512,p_202111
65852,p_84880
65981,p_204039
66436,p_3776
66436,p_53782
66968,p_206143
67063,p_206243
67142,p_162031
67751,p_151547
68148,p_133961
68305,p_37807
68399,p_105862
68427,p_11572
68534,p_126434
68942,p_43553
69716,p_102577
69729,p_102577
70230,p_155235
70600,p_62081
70722,p_30956
71012,p_135947
71702,p_110630
71881,p_144309
72557,p_34613
73035,p_223000
80698,p_8949
81143,p_69174
81996,p_157361
84610,p_20789
84948,p_81671
94514,p_92599
95413,p_106962
96439,p_86788
98448,p_56998
99674,p_120880
102416,p_51634
103984,p_241336
104071,p_4014
107952,p_243332
109227,p_38755
109228,p_85791
109949,p_51870
109951,p_102618
111719,p_54248
112179,p_88591
113354,p_247723
113903,p_122015
113920,p_118513
114627,p_33279
115241,p_250750
115242,p_44508
117199,p_18072
118849,p_230303
119221,p_25867
120140,p_173087
120573,p_25396
128617,p_231992
131729,p_158621
131729,p_158622
136808,p_4415
136808,p_15189
136808,p_119889
136808,p_104549
136808,p_57641
136808,p_12330
136808,p_188604
144513,p_20869
152289,p_71506
152682,p_105904
155499,p_72891
159350,p_72430
159547,p_267922
167695,p_270854
167697,p_271071
167699,p_271071
113,p_1188
148,p_90
427,p_5763
537,p_7288
624,p_2778
633,p_10491
860,p_12840
877,p_11435
917,p_14088
1433,p_10828
1553,p_17496
1626,p_3776
1688,p_18659
1834,p_64114
1835,p_19333
1841,p_19406
1919,p_98
2000,p_6818
2060,p_20556
2079,p_13848
2145,p_19921
2161,p_2087
2194,p_22496
2391,p_24492
2566,p_72430
2828,p_28352
3007,p_68
3031,p_29755
3053,p_3556
3107,p_18598
3474,p_13899
3528,p_32443
3564,p_111679
3685,p_33542
4146,p_34999
4191,p_1650
4268,p_34630
4307,p_309
4383,p_36842
4397,p_37860
4519,p_37633
4814,p_39570
5473,p_43630
5618,p_44399
5631,p_36431
5748,p_4590
5909,p_36431
5912,p_46502
5939,p_46518
5960,p_46851
5960,p_46852
5998,p_68
6011,p_47242
6391,p_55045
6391,p_55046
6630,p_47242
6658,p_39557
6881,p_51360
6960,p_38048
7070,p_38048
9254,p_4918
9282,p_57125
9316,p_57214
9508,p_4617
9736,p_37633
9805,p_18072
10161,p_53334
10244,p_2725
10257,p_35452
10257,p_64423
10280,p_64796
10580,p_16830
10976,p_67726
11431,p_7395
11431,p_7396
11786,p_24380
12550,p_72891
13361,p_24481
13525,p_24909
13708,p_46466
15994,p_5696
16138,p_35452
16153,p_21769
16210,p_21475
16727,p_85667
17218,p_85970
17218,p_85969
17585,p_672
18944,p_71031
19471,p_88679
19902,p_29802
20323,p_1126
20325,p_1126
22086,p_56151
23098,p_92789
24041,p_70500
24453,p_25506
26079,p_2294
27425,p_95503
27783,p_50542
29129,p_29433
29129,p_45577
29129,p_45672
29876,p_31074
30294,p_103092
30890,p_104388
31124,p_105004
31426,p_105866
31459,p_206292
32153,p_40243
32231,p_51894
32690,p_33036
32917,p_107055
32921,p_107081
33019,p_53657
33378,p_16544
34031,p_108883
35194,p_20025
35323,p_119508
35946,p_11983
35948,p_34590
36002,p_39243
36095,p_15135
36281,p_57865
36633,p_41147
37445,p_106072
37735,p_95082
37855,p_109142
37884,p_117543
38034,p_53767
38060,p_69681
38176,p_120671
39025,p_45572
39045,p_24909
39352,p_121770
39491,p_18563
39511,p_20665
39788,p_39244
40348,p_31894
40584,p_37860
40967,p_4610
41623,p_125649
41869,p_70862
41869,p_41159
42162,p_88679
42670,p_38756
42749,p_130985
43043,p_24909
43153,p_26265
43184,p_133229
43863,p_86167
43892,p_136492
44036,p_20556
44083,p_33781
44133,p_31775
44160,p_56807
44186,p_137616
44188,p_31775
44275,p_52528
44275,p_138101
44275,p_8557
44275,p_8559
44275,p_8560
44275,p_138102
44539,p_105904
45288,p_37807
45324,p_148356
45505,p_37742
45733,p_46533
45814,p_83924
45956,p_46650
46035,p_49846
46375,p_39557
46482,p_29744
46581,p_39639
46960,p_146896
47147,p_48995
47181,p_36387
47796,p_150047
47827,p_105581
49429,p_153632
49494,p_129385
49550,p_129385
49573,p_129385
49800,p_129385
50039,p_57641
50572,p_156045
51482,p_34341
51684,p_21904
51684,p_67217
51943,p_55761
52238,p_35452
52320,p_26611
52360,p_175997
52504,p_150991
52796,p_96124
53024,p_59502
53787,p_100599
53812,p_16812
53812,p_16813
54675,p_44955
55295,p_121528
55295,p_165527
55818,p_38585
56055,p_24280
56055,p_24281
56224,p_32940
56231,p_111723
56319,p_168130
56320,p_168147
56321,p_26784
56321,p_168156
56476,p_77961
56514,p_2332
56883,p_65569
56968,p_11528
57022,p_33464
57686,p_9888
57820,p_164677
58318,p_174522
58323,p_168147
58510,p_34170
58516,p_67075
58717,p_175662
58717,p_97989
58734,p_17282
59025,p_166389
59035,p_150991
59050,p_43993
59413,p_5844
59444,p_38595
60059,p_38131
61640,p_115626
61976,p_32576
62528,p_14158
62528,p_188071
62534,p_4614
62666,p_188438
63260,p_191626
63687,p_92863
64016,p_13079
64017,p_162929
64202,p_26775
64568,p_5917
64770,p_34590
65139,p_83774
65788,p_67632
65910,p_5561
65913,p_5561
65949,p_20556
66041,p_12329
66406,p_3776
68577,p_19093
69251,p_45981
69722,p_213641
70733,p_33724
71008,p_10051
71064,p_41147
71407,p_41634
72052,p_3663
72608,p_62410
73039,p_90967
75202,p_98009
75202,p_94995
77768,p_225148
79268,p_225594
80065,p_102372
80241,p_226141
80241,p_226142
80347,p_94047
83113,p_62872
85787,p_21370
93477,p_95479
93629,p_74611
95650,p_90485
96117,p_63306
99021,p_100881
104469,p_30477
104611,p_87505
107869,p_219586
107951,p_243213
108594,p_67632
109071,p_47020
109072,p_151393
109229,p_171666
109950,p_45645
112253,p_139398
119292,p_90558
148897,p_52342
152865,p_18903
155502,p_266765
204,p_2559
224,p_2801
276,p_3722
299,p_2000
315,p_4590
410,p_4617
631,p_9076
720,p_12987
787,p_11694
808,p_5524
808,p_12058
897,p_12160
930,p_14110
1040,p_15127
1088,p_15287
1254,p_21669
1585,p_2662
1848,p_19450
1955,p_5602
2002,p_6295
2035,p_20909
2076,p_21285
2123,p_7396
2123,p_7395
2124,p_21806
2226,p_22911
2254,p_23270
2283,p_23511
2290,p_18204
2586,p_176571
2703,p_27213
2855,p_22757
2909,p_22334
2914,p_29148
2970,p_29132
3428,p_26603
3988,p_34402
4106,p_7588
4387,p_673
4479,p_30038
4526,p_37716
4680,p_35585
4735,p_16862
4739,p_39243
4765,p_24397
4922,p_7467
5691,p_5970
5914,p_32576
6002,p_37899
6105,p_33513
6368,p_46544
6591,p_14268
6916,p_51421
8276,p_54273
8324,p_564
8441,p_54974
8558,p_46719
8841,p_17386
8856,p_16513
9336,p_28904
9797,p_9603
9803,p_59338
10031,p_62178
10038,p_62317
10588,p_5133
11147,p_68338
11163,p_4415
11633,p_70100
12196,p_53982
12196,p_54059
12504,p_40235
12565,p_72842
12879,p_77896
13129,p_74812
13169,p_72496
13329,p_39243
13355,p_24909
14072,p_58728
14130,p_70100
14461,p_76894
14517,p_21825
14564,p_77961
15662,p_55006
15762,p_29765
15872,p_17835
15950,p_84485
15950,p_74462
15979,p_27992
16737,p_63571
17476,p_109888
18086,p_15810
18086,p_15811
18936,p_3110
19510,p_77888
19649,p_89103
19814,p_78673
20294,p_10346
20330,p_1126
20691,p_65167
20829,p_90380
21146,p_59649
21530,p_91337
22084,p_168078
23010,p_49892
23100,p_92803
23104,p_44765
23104,p_18384
23383,p_93278
23383,p_93279
23402,p_93330
24486,p_93829
25023,p_65678
25092,p_94453
26156,p_38883
26184,p_97777
26296,p_21769
27863,p_21849
28179,p_21269
28187,p_99886
28192,p_4634
29764,p_102520
30507,p_103441
30743,p_103789
30847,p_67717
31247,p_105352
34154,p_109148
35731,p_111924
35938,p_112446
36067,p_86160
36863,p_146335
37073,p_115041
37239,p_104613
37854,p_468
37879,p_252520
37926,p_4600
37963,p_91181
38364,p_39138
39022,p_121142
39351,p_18563
39749,p_122582
40973,p_39243
41441,p_21227
41964,p_127309
42305,p_37618
42642,p_130130
42778,p_131125
43442,p_37633
43467,p_81975
43709,p_31155
43758,p_135583
43758,p_92732
44033,p_33485
44470,p_25161
44860,p_66880
44860,p_163125
44876,p_140455
44982,p_140575
45344,p_121840
45349,p_20709
45349,p_20659
45493,p_90967
45504,p_141801
45838,p_19069
45980,p_114199
45988,p_143699
46195,p_39168
46232,p_37860
46232,p_37969
46352,p_109142
46425,p_39557
46764,p_135947
46798,p_146459
47146,p_18957
47180,p_94453
47231,p_100338
47653,p_85514
47713,p_149808
47733,p_100520
47733,p_149910
47733,p_149911
48348,p_51607
48678,p_70591
48678,p_152159
49458,p_68648
49611,p_17282
49876,p_53177
49950,p_43914
50156,p_84939
50299,p_94880
50313,p_4883
51234,p_35673
51446,p_67632
52212,p_24281
52212,p_24280
52330,p_66880
52330,p_66879
52330,p_159439
52439,p_7395
52439,p_7396
53432,p_108766
53432,p_161838
53917,p_162788
54592,p_163996
54728,p_39463
55312,p_165591
55521,p_112452
55779,p_166620
55885,p_6648
56008,p_4491
56008,p_3416
56008,p_72208
56008,p_6884
56008,p_58448
56040,p_151551
56085,p_167638
56146,p_19457
56302,p_9603
56446,p_102260
56583,p_168567
57506,p_2166
57666,p_42461
57850,p_173187
58110,p_173905
58703,p_71080
58830,p_156758
59015,p_176950
59017,p_166389
59074,p_30477
59142,p_177489
59190,p_56501
59190,p_56502
59362,p_31155
59394,p_31155
59516,p_178821
59831,p_92803
60058,p_38131
60068,p_180033
60070,p_137816
60085,p_180126
60340,p_180797
60340,p_196646
60340,p_119289
60394,p_11147
60441,p_100877
60560,p_181445
60769,p_35585
60966,p_150661
61440,p_34613
62139,p_21227
62350,p_21227
62392,p_50739
62394,p_187388
62526,p_3776
62529,p_14158
62661,p_1011
62706,p_18565
62728,p_188749
63122,p_30956
63149,p_190961
63149,p_92980
63251,p_27213
63621,p_110190
63700,p_193504
63963,p_38516
64020,p_195188
64070,p_195288
64070,p_51298
64150,p_56807
64244,p_152159
64333,p_117352
64432,p_96124
64599,p_17282
64816,p_103085
68044,p_147624
68062,p_78687
68382,p_162147
68544,p_105862
69141,p_41147
69247,p_145517
69367,p_29765
69920,p_59781
70122,p_215064
70767,p_90351
70832,p_140610
70847,p_92789
70850,p_113454
71878,p_147079
72045,p_6912
75627,p_25508
77242,p_16808
81993,p_1241
91006,p_234028
91763,p_116427
98853,p_183376
102892,p_30259
102935,p_226141
102935,p_226142
105098,p_102065
107954,p_235004
109234,p_11817
110132,p_57347
111773,p_55116
113205,p_226141
113205,p_226142
113935,p_88127
113936,p_17308
114347,p_98777
114940,p_58316
115003,p_170738
116366,p_245800
116411,p_50583
118281,p_138
129702,p_256257
138246,p_107355
138787,p_55075
139852,p_258904
152904,p_248078
156606,p_267101
167696,p_270854
177809,p_212118
188979,p_282499
27,p_172
147,p_1650
210,p_2775
225,p_2801
317,p_4634
391,p_4385
408,p_5446
761,p_11201
798,p_11919
878,p_13383
893,p_4617
1090,p_15361
1114,p_15459
1114,p_15460
1818,p_1650
2039,p_13563
2117,p_21737
2141,p_21958
2149,p_15868
2214,p_9840
2216,p_22562
2229,p_22936
2233,p_11629
2240,p_23097
2380,p_24409
2475,p_105041
2487,p_109263
2497,p_44990
2599,p_23685
2676,p_10051
2792,p_28118
2882,p_20718
2969,p_9833
2971,p_29148
2973,p_29186
3005,p_5231
3529,p_32427
3541,p_32495
3686,p_33542
3929,p_34170
3977,p_34357
4235,p_34580
4384,p_36387
4386,p_25161
4487,p_37449
4557,p_18957
4630,p_39379
4710,p_3776
4719,p_24380
4762,p_10249
4762,p_39298
5063,p_19829
5235,p_18969
5817,p_45791
5850,p_46054
5967,p_24882
6165,p_48330
6225,p_48863
6401,p_49477
6497,p_3746
6693,p_6241
6693,p_6242
8088,p_309
8389,p_8843
8740,p_18335
8860,p_52038
9652,p_15189
9690,p_22496
9702,p_18596
10119,p_63744
10594,p_44138
10604,p_65843
11439,p_3556
11847,p_70703
11912,p_24389
13290,p_74194
13290,p_74195
14651,p_70602
15780,p_1961
15946,p_47242
15961,p_50899
16166,p_85199
16406,p_85514
16891,p_18072
17567,p_24074
17573,p_31775
17647,p_43786
19246,p_29433
19511,p_10965
20477,p_86069
21370,p_46151
21748,p_16848
21918,p_63820
21931,p_2801
22764,p_90259
23005,p_49892
26073,p_13899
26169,p_97679
26242,p_149808
27618,p_4458
29596,p_50613
30269,p_25735
31278,p_105512
31278,p_105513
31278,p_105515
31278,p_105516
31294,p_105581
31592,p_20556
32310,p_53935
33740,p_53914
34173,p_109241
34794,p_18565
35363,p_83967
35454,p_21737
36282,p_40187
37313,p_81395
37562,p_11701
37566,p_2352
38783,p_36177
38796,p_52968
39085,p_27002
39570,p_10249
39609,p_24425
40430,p_29433
40573,p_123925
41045,p_4955
41476,p_125270
41750,p_126311
41808,p_21536
42174,p_14999
42247,p_88679
42465,p_31155
43377,p_133849
44128,p_137381
44137,p_607
44163,p_72477
44193,p_59395
44215,p_132767
44484,p_34580
45045,p_5561
45519,p_64575
46357,p_45982
46376,p_39557
46900,p_47924
47069,p_46533
47598,p_111752
47735,p_16830
47984,p_20869
48034,p_21227
48228,p_46650
48232,p_92980
48308,p_39779
49773,p_68113
49890,p_154884
50502,p_69488
50904,p_156787
50904,p_10620
51035,p_156994
51050,p_157036
52516,p_160052
52879,p_160615
53044,p_161046
53230,p_21227
53241,p_54972
53243,p_161446
53786,p_2428
55013,p_34453
55317,p_147560
55352,p_127058
55405,p_2725
56041,p_95299
56086,p_41604
56222,p_77961
56417,p_49892
56570,p_10601
57163,p_159960
57164,p_171012
57198,p_11572
57826,p_26875
57919,p_173357
58448,p_64992
58831,p_33721
58833,p_18598
58853,p_153233
59038,p_50739
59254,p_2801
59596,p_179185
59596,p_18579
60071,p_179908
60410,p_139443
60410,p_139444
60512,p_39271
60772,p_159410
61219,p_126668
61219,p_94728
61219,p_16862
61219,p_6817
61219,p_3776
61219,p_9956
61219,p_11983
61251,p_51246
61443,p_19708
61449,p_184440
61744,p_185670
61744,p_10907
62077,p_186576
62141,p_186777
62351,p_21227
62474,p_187833
62540,p_64992
62665,p_173400
62672,p_36043
62747,p_107558
62876,p_96282
63036,p_10723
63283,p_31775
63283,p_37363
64013,p_70360
64242,p_56807
64242,p_67259
64242,p_196370
64345,p_56807
64647,p_198681
65092,p_49415
65438,p_30956
65898,p_5561
66150,p_86200
66157,p_26134
66250,p_125625
68134,p_41406
68198,p_208569
69111,p_51715
69698,p_213442
69714,p_102577
69771,p_116431
69886,p_46644
70128,p_32576
70202,p_4614
70223,p_215368
70292,p_173357
70858,p_133849
70911,p_33542
70913,p_48995
71401,p_96124
71931,p_164038
72212,p_61357
72229,p_14568
72229,p_221616
72285,p_85685
74599,p_223630
80066,p_102372
83567,p_165828
85222,p_138
88407,p_177766
91260,p_78453
91420,p_120515
94671,p_100121
100541,p_93374
104669,p_207920
105293,p_244421
106016,p_72619
107158,p_64190
109986,p_33279
110166,p_105904
111407,p_88951
111583,p_238789
112255,p_225750
113710,p_223693
114642,p_104618
114642,p_16501
114642,p_223601
114642,p_249008
114642,p_19144
114642,p_184890
115240,p_223964
115753,p_5125
116184,p_65817
117651,p_247193
121376,p_237053
121576,p_101087
129725,p_57608
139373,p_258720
148839,p_25703
149590,p_263069
149590,p_263070
155490,p_266728
156776,p_267177
189756,p_150826
173,p_2087
273,p_3722
351,p_5091
442,p_5974
458,p_6241
542,p_7348
760,p_11195
1421,p_1650
1492,p_578
1699,p_15115
1896,p_19804
2016,p_20665
2044,p_21031
2215,p_22562
2218,p_22775
2219,p_22833
2225,p_22895
2227,p_22562
2237,p_23058
2842,p_22795
3015,p_9076
3099,p_30309
4023,p_34580
4244,p_12962
4540,p_37845
4554,p_18957
4727,p_39138
4799,p_39494
4995,p_4762
5338,p_23116
5676,p_44767
6365,p_49243
6501,p_26600
6509,p_47242
6639,p_10723
6656,p_26600
6913,p_51402
7735,p_52961
8273,p_54584
8434,p_21175
8681,p_35453
8810,p_20629
9677,p_58483
9677,p_25509
10636,p_53339
10799,p_21931
10852,p_67217
10852,p_62410
11653,p_44916
11964,p_71117
14447,p_27745
14523,p_160
14565,p_58385
15764,p_34613
15770,p_34613
15933,p_84418
17393,p_56570
17404,p_12325
18606,p_42025
19362,p_24
19703,p_89184
20653,p_90306
20764,p_9730
21771,p_91799
21771,p_91807
21940,p_172
24088,p_90187
27083,p_58189
28544,p_83774
29006,p_101224
29374,p_96573
31374,p_92980
31857,p_17282
34211,p_89022
35498,p_51875
35501,p_19101
35898,p_112353
35949,p_19639
35975,p_63286
35984,p_24909
36318,p_29132
38819,p_60196
39695,p_26731
39695,p_122421
40566,p_39743
40566,p_92806
41632,p_125680
43690,p_135202
43952,p_136671
43952,p_136672
44169,p_41159
45042,p_140760
45073,p_19639
45502,p_141813
45522,p_141813
46282,p_115041
46659,p_132361
46703,p_26521
46983,p_142579
47353,p_110948
47845,p_46366
48000,p_29433
48212,p_134319
48715,p_68580
49544,p_11195
49563,p_129385
51830,p_92980
52278,p_159258
54248,p_35959
54988,p_164729
56061,p_2000
56796,p_77961
57651,p_88139
57940,p_141608
58104,p_173861
58620,p_17282
59532,p_23858
60938,p_182296
61316,p_160726
61979,p_4955
62160,p_186821
62396,p_169909
63273,p_9894
64012,p_155686
64023,p_70360
64024,p_70360
64461,p_124526
65030,p_58233
65267,p_45037
65392,p_51121
66214,p_113249
68034,p_30689
68065,p_78687
68069,p_17282
68109,p_33717
68113,p_57639
68880,p_95162
68880,p_209914
68881,p_209916
68918,p_38756
70642,p_29662
70711,p_40402
71238,p_75909
71405,p_150661
72234,p_5014
72234,p_32765
72234,p_32327
90336,p_16214
91762,p_234566
94407,p_58005
98854,p_102372
99083,p_85791
99624,p_94372
110278,p_134723
111582,p_94496
112186,p_238459
113453,p_247840
114761,p_122015
115065,p_56411
115065,p_56412
118282,p_239312
118282,p_239313
118282,p_239314
119219,p_94047
121577,p_101087
124571,p_40644
128895,p_250093
129453,p_255902
130000,p_80985
146536,p_261294
167515,p_270821
174187,p_113867
177285,p_165225
179286,p_277592
62,p_240
191,p_2332
347,p_5028
347,p_5029
347,p_4065
347,p_5030
363,p_5125
685,p_10139
711,p_5216
743,p_11069
776,p_11528
846,p_12523
872,p_13284
872,p_13294
1558,p_17549
1580,p_2636
1586,p_508
1670,p_18502
1718,p_4109
1913,p_19840
1973,p_20310
2200,p_22562
2234,p_22795
2378,p_24403
2387,p_24471
2476,p_25394
2476,p_25395
2476,p_25396
2972,p_29168
2972,p_29123
3577,p_33036
3865,p_34017
3961,p_34357
4204,p_24248
4266,p_19069
4300,p_36206
4311,p_27436
4707,p_38048
5206,p_42
5233,p_42113
5511,p_3831
5558,p_793
5637,p_18502
5816,p_27875
5869,p_32576
6173,p_17496
6216,p_48784
6399,p_49450
6554,p_44884
6689,p_51121
6793,p_9076
7862,p_15115
8211,p_8721
8211,p_16323
8211,p_8723
8280,p_17458
9041,p_37633
9347,p_18502
9510,p_1844
9510,p_49828
9815,p_59521
9949,p_60744
10004,p_61824
10854,p_68207
11357,p_56998
12455,p_72322
14588,p_50729
14764,p_109888
15778,p_34988
16132,p_84944
16132,p_18355
16167,p_85209
20005,p_150415
21263,p_90911
21498,p_19303
23125,p_21227
26157,p_38883
27317,p_98373
28989,p_101187
28989,p_101188
29746,p_21678
29755,p_102474
30168,p_102941
30791,p_103909
33203,p_103701
33242,p_3146
33252,p_107632
33252,p_107634
33582,p_18710
33950,p_66719
33950,p_70192
34102,p_2294
34871,p_110310
35822,p_64438
35921,p_112416
36092,p_32096
37413,p_43980
38464,p_61824
38501,p_102260
39403,p_91181
39783,p_48330
40725,p_43403
41707,p_4603
41963,p_127292
42088,p_114839
42826,p_956
43201,p_33781
43849,p_45672
44136,p_120671
44658,p_138982
45703,p_20556
45791,p_25938
46381,p_44433
46796,p_112369
47051,p_44433
47051,p_9120
47338,p_58053
49428,p_110755
51829,p_97010
52623,p_40235
57372,p_136944
57372,p_171555
57463,p_70100
58225,p_1150
58756,p_17282
60447,p_144268
60579,p_102504
60600,p_113701
61001,p_21227
61656,p_22012
61919,p_93701
62008,p_186340
62068,p_186534
62539,p_126013
63085,p_151458
63245,p_11195
63616,p_66936
63708,p_235829
64019,p_70360
64278,p_65994
64685,p_56214
65017,p_200142
65722,p_67217
66332,p_88347
67619,p_70703
67934,p_207848
68058,p_208168
70783,p_12515
71360,p_219180
71610,p_136532
71610,p_135258
71913,p_220503
72065,p_46544
77566,p_57623
81283,p_18957
91844,p_85687
95035,p_30715
97622,p_2127
98608,p_172921
104347,p_10051
105267,p_37932
109291,p_244123
112289,p_54469
114005,p_42309
115535,p_107788
117038,p_251117
118355,p_94075
118472,p_252651
129695,p_256220
145177,p_20750
147832,p_64141
149733,p_147783
170025,p_271766
186409,p_226141
186409,p_226142
166,p_1961
186,p_2291
271,p_3849
279,p_3974
338,p_4780
766,p_7623
1256,p_16794
1541,p_578
1611,p_1869
1687,p_9108
1697,p_18710
1923,p_5602
2371,p_24375
2371,p_24376
2410,p_24619
2457,p_25161
2546,p_15389
2587,p_24657
2598,p_23685
2841,p_2419
3095,p_30310
3478,p_15127
3511,p_32250
3944,p_34170
4279,p_25950
4880,p_39758
4991,p_3395
5004,p_32552
5004,p_40569
5720,p_4590
5724,p_45134
5825,p_34682
5991,p_9076
6107,p_47893
6153,p_36387
6154,p_48207
6695,p_46503
7009,p_49010
7297,p_48589
7452,p_30309
9287,p_15140
9910,p_68086
9992,p_59
10006,p_61866
10045,p_35453
10116,p_63689
10254,p_57274
10754,p_1126
10808,p_52112
10846,p_4818
11348,p_54525
12828,p_73875
12960,p_801
13111,p_648
15405,p_63709
15720,p_35318
15844,p_84081
18361,p_19850
21208,p_66947
21303,p_90967
26059,p_85376
27197,p_57370
29523,p_52102
31452,p_105904
33952,p_309
34065,p_37451
39347,p_86006
39356,p_64205
42095,p_73671
42095,p_21997
42303,p_128736
42640,p_130104
43851,p_30956
43851,p_44411
44120,p_110948
44191,p_137643
44564,p_8741
44578,p_95299
44774,p_139704
45680,p_142213
45764,p_3055
46002,p_37860
46005,p_37860
46283,p_115041
46289,p_36387
46292,p_115041
46372,p_39557
46959,p_38843
48679,p_56807
49613,p_154305
50581,p_49010
52319,p_20561
55302,p_55456
55303,p_16556
55374,p_165828
56365,p_2725
56513,p_68424
56513,p_37846
56688,p_4014
58339,p_105904
59766,p_15189
59832,p_92803
60682,p_125277
61450,p_104171
62415,p_128508
62415,p_115670
62415,p_187575
62415,p_113604
62421,p_26436
63244,p_191496
64277,p_67259
64277,p_56807
64277,p_87830
64277,p_168310
64277,p_196370
64277,p_196487
65096,p_72427
65323,p_97167
65890,p_36394
66369,p_32082
67650,p_57082
68384,p_208971
68582,p_92866
69885,p_49867
70746,p_216924
71013,p_135947
71601,p_10781
71601,p_323
72046,p_11195
72282,p_48995
72282,p_32516
72282,p_104549
72282,p_9855
72366,p_93701
72593,p_161380
72593,p_222678
81229,p_226817
82642,p_56501
82642,p_56502
87029,p_42309
87705,p_231197
87705,p_231198
90335,p_6817
98840,p_89472
107016,p_33279
109948,p_88494
113147,p_247494
115988,p_55075
117078,p_243641
118512,p_102372
118513,p_102372
149447,p_56998
151468,p_83385
152681,p_265082
172698,p_15868
176434,p_275916
181157,p_103052
228,p_2891
316,p_4617
459,p_6241
580,p_15663
678,p_10146
721,p_12987
794,p_7187
1269,p_16812
1269,p_16813
1407,p_16919
2187,p_22373
2609,p_11505
2927,p_6046
3539,p_32415
3543,p_32632
3578,p_33062
3943,p_34170
4196,p_35256
4254,p_35735
4610,p_32958
4733,p_37126
5800,p_45595
5953,p_37361
5999,p_26575
6633,p_50899
6792,p_38048
7392,p_4695
7456,p_42457
8556,p_18969
8769,p_11770
9003,p_31211
9817,p_59584
12119,p_28352
12206,p_68
12289,p_11401
13508,p_63571
14662,p_56739
18278,p_68086
18428,p_18161
26058,p_95299
26134,p_95538
27170,p_63820
27345,p_84596
30747,p_103836
30893,p_104420
30907,p_104549
35982,p_35216
35982,p_33166
35982,p_107534
35982,p_70854
35982,p_37126
35982,p_34580
35982,p_48995
36696,p_52479
38131,p_37126
39046,p_46533
39342,p_54248
39595,p_24471
42006,p_72913
42393,p_18502
43429,p_11181
44652,p_90862
45100,p_47498
45830,p_46650
45961,p_26595
46211,p_37860
46239,p_46533
46354,p_145045
46354,p_115041
46358,p_115041
46964,p_140153
46971,p_115041
47895,p_48863
48388,p_18957
49209,p_18598
49859,p_67753
52279,p_158992
52279,p_9660
56525,p_133254
57851,p_173196
60435,p_172928
62132,p_17554
63559,p_193212
63861,p_173629
64022,p_195188
64380,p_122330
66405,p_137071
67539,p_207175
68061,p_150991
69071,p_146682
70258,p_215562
70729,p_200107
70845,p_117838
70848,p_150991
71396,p_118287
71765,p_166389
75580,p_224131
75580,p_224132
86210,p_86367
87260,p_133557
92033,p_122277
94135,p_66240
97418,p_146868
107822,p_128313
116909,p_12962
123152,p_99111
131086,p_2945
142905,p_83151
148220,p_65133
175,p_59
242,p_1776
342,p_5192
422,p_4415
464,p_6284
692,p_10367
765,p_7623
843,p_12453
1600,p_1126
1716,p_1650
1771,p_4945
1924,p_7187
1986,p_20430
2024,p_6046
2257,p_14198
2259,p_19684
2784,p_2897
4195,p_19069
4543,p_10707
4543,p_280
5855,p_38048
5855,p_46101
5964,p_46891
6114,p_1776
6914,p_20869
7840,p_6046
8453,p_35784
8882,p_63973
9793,p_58260
10000,p_61714
10036,p_59338
10046,p_56401
10123,p_63820
10542,p_46981
10620,p_62410
11463,p_9915
12158,p_5140
14553,p_25873
16005,p_2675
18045,p_50739
19507,p_190
19516,p_59
20861,p_7087
21057,p_90611
22761,p_19346
27558,p_99046
28590,p_78860
28590,p_78859
31300,p_105581
31322,p_105581
35185,p_110849
36087,p_114075
36644,p_41147
37960,p_20789
38207,p_11641
39779,p_24389
40977,p_74752
41678,p_125994
41995,p_104700
42308,p_27436
42553,p_129929
43209,p_78453
43489,p_61357
43791,p_134067
43819,p_135948
43819,p_135947
43819,p_45992
44192,p_63772
44195,p_109913
44195,p_19707
44195,p_9258
44195,p_64722
44195,p_104070
44195,p_45989
44195,p_137672
44471,p_2559
44755,p_81063
44824,p_30956
45932,p_15389
46148,p_46650
46408,p_17407
46417,p_39557
47161,p_53333
52486,p_19865
53871,p_7447
54796,p_134360
54799,p_38072
56094,p_64856
56979,p_37633
59009,p_45672
59009,p_28859
60639,p_15115
61379,p_578
63315,p_31119
63495,p_193011
63667,p_83967
63696,p_110190
64309,p_15389
64455,p_197713
65764,p_203020
68313,p_208844
68885,p_13905
69327,p_123925
69717,p_102577
71354,p_138253
71431,p_56807
72192,p_88881
79093,p_16919
85816,p_37948
86329,p_229942
87180,p_122015
93494,p_105268
95644,p_54507
98839,p_102372
100453,p_5387
114964,p_21504
116314,p_11817
116367,p_94496
116691,p_37860
117897,p_252202
117897,p_235012
130229,p_865
134750,p_245605
138323,p_106148
154111,p_244976
155442,p_253050
78,p_578
300,p_201
490,p_6648
584,p_6482
615,p_2461
618,p_8812
677,p_10139
852,p_12733
890,p_14614
1710,p_15148
2232,p_22987
3784,p_1201
4550,p_10099
5590,p_24882
5913,p_19516
6029,p_47442
6585,p_18502
6590,p_26611
6932,p_26575
6947,p_11614
8220,p_309
10051,p_1963
10417,p_32424
10761,p_66548
12578,p_72906
12578,p_72907
12578,p_2725
12578,p_50870
12578,p_20554
12578,p_69689
12578,p_72908
12578,p_38906
12578,p_10249
12578,p_72909
12578,p_23660
13331,p_25182
14442,p_76744
15972,p_84603
17334,p_366
20327,p_1126
21179,p_21684
26441,p_40309
26762,p_96872
27544,p_74865
30787,p_103836
32060,p_33316
33067,p_81671
33100,p_46366
35122,p_39058
36985,p_20646
39086,p_168156
39771,p_24389
42536,p_129742
42536,p_129749
46414,p_39557
46934,p_47092
49218,p_18598
51798,p_157949
55179,p_165176
55504,p_38393
55842,p_11435
56480,p_2725
56755,p_14566
56996,p_86763
57680,p_172753
58073,p_173645
59021,p_12733
59834,p_39298
59960,p_4956
60123,p_149121
60123,p_180283
60123,p_180284
60123,p_180286
61208,p_2127
61334,p_24045
61382,p_2291
61905,p_31074
61918,p_185954
62767,p_70070
63243,p_180075
64011,p_155686
64210,p_160859
66720,p_37852
68153,p_112959
68891,p_210009
69170,p_33954
69170,p_34078
69466,p_145045
70118,p_18598
70593,p_216312
71700,p_148437
71883,p_30956
87787,p_70213
92397,p_30711
95036,p_85683
96119,p_53120
112212,p_233544
128956,p_112979
188978,p_46333
55,p_223
106,p_1090
348,p_578
387,p_5231
1281,p_16462
1366,p_16513
1996,p_2209
2013,p_7482
2100,p_21526
6116,p_47974
9989,p_7791
10032,p_57962
11127,p_7722
26143,p_97304
27223,p_23799
29634,p_956
30749,p_103836
30842,p_45091
30844,p_104171
30844,p_104172
31381,p_56339
33267,p_1114
33556,p_234148
35992,p_38007
36842,p_146265
38139,p_12786
40857,p_14158
41626,p_40940
42433,p_129164
43348,p_30089
43801,p_135781
44472,p_138400
45546,p_31310
45998,p_37860
46637,p_38007
46894,p_46675
46895,p_20718
47163,p_147736
47163,p_147737
47163,p_147738
47637,p_137031
47659,p_114106
47659,p_149627
47659,p_31690
47818,p_99046
57895,p_173337
58611,p_175369
59328,p_112959
61106,p_578
62130,p_186673
63690,p_62410
64009,p_1558
64431,p_3224
65325,p_174107
67635,p_207313
68459,p_163511
69946,p_51984
70062,p_118210
71236,p_163900
71280,p_218996
86277,p_1011
93105,p_488
102107,p_239834
112485,p_64815
112664,p_246952
114970,p_17510
146598,p_185397
28,p_1776
429,p_4385
446,p_6094
583,p_10707
932,p_14158
1369,p_16566
1925,p_672
2250,p_23230
2262,p_2725
2981,p_29250
4858,p_7832
5840,p_1869
6364,p_49221
8077,p_7467
12967,p_57895
22878,p_22676
25352,p_94539
25697,p_58552
31178,p_103439
31257,p_105406
41684,p_110381
42502,p_129600
43208,p_32940
43535,p_134611
43814,p_41604
44101,p_137240
44101,p_137241
44138,p_78452
44688,p_103194
45237,p_2333
46000,p_37860
46275,p_44433
46280,p_115041
46570,p_48863
46613,p_49335
47154,p_64992
47660,p_114106
57040,p_45992
57040,p_170360
57177,p_171153
61882,p_11091
62731,p_81805
68550,p_33806
69465,p_6778
69703,p_1487
70126,p_32576
70935,p_44644
81883,p_74855
90235,p_212397
96761,p_33315
102900,p_30981
103189,p_70703
104076,p_241377
104294,p_40644
105249,p_102628
110081,p_127934
113005,p_59521
116029,p_8193
119575,p_207018
119575,p_207017
130193,p_256692
659,p_10249
769,p_1032
1566,p_9894
4203,p_309
5858,p_36431
5870,p_46184
6477,p_49903
12402,p_87411
15706,p_83623
15952,p_37770
15952,p_84512
15952,p_3776
15952,p_84514
15952,p_84515
15952,p_34613
26773,p_60922
26773,p_60923
28616,p_100520
35926,p_8685
37278,p_80005
38613,p_11201
38669,p_74752
39656,p_122327
45794,p_92795
46003,p_37860
46373,p_115041
46472,p_71871
46594,p_135201
46896,p_18959
46987,p_46644
47640,p_149522
49942,p_15002
53256,p_4453
56543,p_18039
58096,p_173809
61057,p_957
64293,p_133008
64387,p_22895
66339,p_62941
67637,p_74024
69777,p_19142
70438,p_215963
70472,p_26205
88996,p_173531
90072,p_80382
95151,p_52934
95826,p_3055
97457,p_57535
114900,p_204456
120318,p_37932
138322,p_106148
188961,p_86849
582,p_8193
4781,p_11983
4953,p_201
10211,p_4617
10429,p_55116
12950,p_69882
13327,p_80570
13327,p_80571
13509,p_35896
14120,p_75584
15515,p_58766
24798,p_271071
31493,p_57535
37688,p_11694
39581,p_26875
39664,p_122348
46040,p_143689
46040,p_143904
46238,p_39639
46259,p_39639
46325,p_46533
46328,p_18957
46365,p_115041
46759,p_46533
52371,p_11343
52795,p_160203
56045,p_167421
59099,p_3556
60438,p_29605
62459,p_187750
66329,p_20267
71397,p_118287
71397,p_29148
71709,p_64909
87181,p_102372
94132,p_88968
112491,p_16214
114083,p_36693
147479,p_53267
157637,p_15218
167694,p_270854
255,p_1650
955,p_11401
1294,p_16780
1427,p_1071
1826,p_17520
2349,p_24074
2670,p_11777
2720,p_23951
4326,p_23116
4593,p_793
4841,p_19069
9530,p_5174
10075,p_62872
11774,p_11887
13412,p_793
14817,p_120097
15741,p_39853
15818,p_72908
21383,p_87696
24114,p_35771
25454,p_94728
31391,p_58728
41924,p_14812
43349,p_133789
46006,p_29148
46288,p_36387
46324,p_46533
57824,p_8684
60678,p_10346
60940,p_3974
62420,p_256086
62420,p_256087
62682,p_49214
63718,p_13496
69105,p_210924
69105,p_210925
69956,p_214599
71083,p_218405
71089,p_46184
77244,p_5575
88133,p_154378
109785,p_115767
138324,p_106148
159,p_1869
194,p_2419
389,p_39996
682,p_9915
1727,p_12840
10268,p_64532
11282,p_56591
12182,p_71548
15548,p_55299
15590,p_34721
19580,p_56807
26172,p_97742
27084,p_58189
36995,p_52567
36995,p_58052
42283,p_92836
42531,p_129713
46287,p_115041
52199,p_95173
56871,p_20023
57229,p_39298
62408,p_10790
63373,p_27213
64569,p_139417
70772,p_128423
90240,p_226769
104970,p_231176
105928,p_22558
121101,p_61760
138319,p_106148
189072,p_70103
154,p_1788
258,p_1650
309,p_4453
2525,p_6593
3083,p_2662
3681,p_33513
4564,p_38023
9543,p_10723
10196,p_11614
11232,p_366
14582,p_80005
15202,p_81600
16743,p_85681
16757,p_85690
34215,p_5140
35599,p_39244
37601,p_116708
43380,p_9032
53001,p_160811
56837,p_169672
60083,p_5970
61650,p_10001
65973,p_226914
65973,p_88663
81217,p_52934
93805,p_43347
97928,p_57200
99215,p_36602
108405,p_1176
113746,p_49415
115098,p_86896
138321,p_106148
136,p_1496
434,p_5844
1912,p_3722
1966,p_1152
2722,p_27449
6404,p_6818
8009,p_52968
9717,p_1724
11253,p_10828
12832,p_22677
14589,p_72024
27184,p_15254
27383,p_98666
29675,p_57581
33987,p_108810
55754,p_107359
56824,p_169672
64809,p_157591
69165,p_64205
71473,p_219533
79672,p_2419
106749,p_242683
138318,p_106148
157635,p_15217
2155,p_13776
2593,p_15389
9420,p_5844
10671,p_24939
10671,p_37360
11631,p_71068
28367,p_56661
30793,p_103947
34458,p_52187
46597,p_119488
53138,p_149797
53686,p_47005
61090,p_18579
64010,p_1558
80292,p_223
117580,p_94987
5,p_3110
5,p_3111
5,p_2294
5,p_138
221,p_2765
238,p_1776
3682,p_33541
8374,p_54795
8409,p_37932
12113,p_578
14775,p_37239
27521,p_99602
33549,p_14999
33549,p_4955
34202,p_88347
42066,p_15127
58243,p_956
62412,p_9033
63556,p_15389
64507,p_81063
69031,p_192198
70319,p_169672
93348,p_68573
93628,p_23799
107094,p_525
117575,p_11343
126304,p_55252
240,p_1776
579,p_16187
699,p_10179
1927,p_1614
1992,p_2294
4258,p_72024
10425,p_27846
11615,p_9168
12943,p_75479
19257,p_17825
22909,p_19865
34153,p_58552
34814,p_110111
45415,p_15002
60947,p_122466
63729,p_16395
65754,p_22670
65754,p_22814
70020,p_214886
70205,p_117128
71631,p_78749
85226,p_2127
2668,p_510
9341,p_15148
12279,p_2294
24967,p_21370
33312,p_33183
34085,p_7623
63822,p_7087
80780,p_83967
105269,p_15218
114084,p_36693
205,p_2589
1402,p_20646
5261,p_42457
6155,p_12361
6968,p_15868
13189,p_912
16120,p_84896
34200,p_2185
60968,p_169672
62083,p_112429
65782,p_19244
86783,p_10316
86783,p_21678
86783,p_19684
86783,p_10757
86783,p_20023
86783,p_65282
86783,p_12114
86783,p_1224
86783,p_1223
86783,p_224
86783,p_56209
86783,p_45138
86783,p_137071
86783,p_56836
86783,p_56205
86783,p_20024
86783,p_223
86783,p_64992
86783,p_16767
86783,p_96124
86783,p_3317
86783,p_58728
86783,p_16862
86783,p_15488
86783,p_5602
86783,p_69488
86783,p_3556
86783,p_81063
86783,p_8574
86783,p_189820
86783,p_71174
86783,p_5216
86783,p_42
86783,p_2303
86783,p_12453
86783,p_607
95418,p_193987
137654,p_16848
393,p_138
1991,p_138
2749,p_27846
6972,p_6201
8871,p_6159
10937,p_23393
13319,p_48073
14725,p_81517
18074,p_87143
19431,p_62540
31407,p_54734
31407,p_19274
52873,p_22799
58675,p_175461
65569,p_10943
81875,p_90862
112207,p_59026
187001,p_108667
3093,p_30365
10431,p_65190
24797,p_270854
31067,p_8685
33646,p_9181
43034,p_94312
75725,p_224279
85012,p_57270
339,p_4429
2099,p_17784
8338,p_8557
11679,p_7256
14518,p_15868
31514,p_6046
34417,p_109707
36130,p_29214
50306,p_2945
51906,p_96948
54076,p_9158
60313,p_1461
62460,p_8500
80797,p_56194
130141,p_256575
86,p_672
217,p_488
489,p_5216
575,p_7832
755,p_2294
1674,p_224396
4147,p_39
5336,p_5970
9024,p_5174
11808,p_2523
13483,p_74393
13483,p_74394
49056,p_41039
55401,p_72757
56291,p_3359
63468,p_17883
69983,p_27846
112254,p_11092
138315,p_106148
63,p_280
634,p_9158
2979,p_94987
8086,p_15217
15739,p_39853
36138,p_35896
49490,p_56711
56692,p_91877
62187,p_19789
64292,p_59
76700,p_10943
116060,p_83332
24,p_138
192,p_2352
452,p_42
2105,p_3289
2105,p_3288
2112,p_4723
2112,p_11002
8815,p_6037
8815,p_6038
10064,p_62697
11921,p_6011
13339,p_75434
14119,p_75559
14119,p_32813
29183,p_54507
64467,p_89704
165,p_24
364,p_510
1893,p_1
1894,p_1
6076,p_1844
9021,p_15043
15969,p_37942
36891,p_12891
37158,p_106962
47059,p_28319
55663,p_22795
71982,p_51586
93283,p_33316
4364,p_1865
13366,p_152653
18071,p_15149
66470,p_38097
67196,p_84697
67196,p_20308
85,p_488
280,p_2710
709,p_10179
754,p_11401
4708,p_9740
11137,p_63713
14138,p_70905
14551,p_78287
107978,p_233544
7516,p_40223
33522,p_55075
36960,p_114864
50704,p_96511
57415,p_27436
64119,p_19069
93104,p_57270
2978,p_8858
3563,p_17494
33226,p_42
33226,p_72913
39622,p_83659
43895,p_7399
45404,p_141585
95498,p_1201
148844,p_262551
620,p_8858
1891,p_10930
8292,p_6482
13347,p_80904
14444,p_6159
17587,p_108
34212,p_52121
50724,p_90053
93068,p_190
102089,p_865
739,p_9032
7551,p_893
64710,p_46230
163,p_1884
14814,p_15361
53991,p_66719
53991,p_70192
66754,p_14392
1895,p_1
11452,p_68573
50015,p_34580
63196,p_191257
69538,p_67367
415,p_5572
8334,p_893
16147,p_85069
34171,p_109227
49559,p_15488
109550,p_23964
35193,p_15557
39929,p_119247
18,p_59
8832,p_56194
8961,p_865
63836,p_69315
33227,p_42
33227,p_72913
61061,p_19271
61061,p_19272
61877,p_185688
32227,p_16780
49716,p_85715
68123,p_20023
1571,p_3950
8363,p_54733
45673,p_6767
110477,p_40684
187,p_2293
187,p_2294
187,p_138
1892,p_19800
1572,p_1090
11325,p_138
33960,p_70953
79677,p_92378
8290,p_11195
13400,p_64438
27203,p_98085
28323,p_83151
69539,p_15344
10040,p_58072
61336,p_184062
121449,p_207721
13338,p_27436
56731,p_166748
335,p_4385
1573,p_16938
112187,p_19271
112187,p_19272
31522,p_1108
84487,p_488
155,p_525
13332,p_80624
14124,p_25938
35198,p_15557
55706,p_166519
57782,p_94483
4251,p_35770
35216,p_1032
26454,p_96281
557,p_7623
20135,p_865
106750,p_242721
53777,p_122466
75534,p_89248
186988,p_280836
186988,p_206352
602,p_6046
9503,p_1869
64114,p_19789
8880,p_1884
87025,p_65310
61019,p_95406
64394,p_197294
15630,p_15344
8079,p_8311
24523,p_1884
18096,p_63052
64815,p_103088
