movieId,title
1,Cowboy Bebop
10,Star Wars
11,Star Wars
11,Star Wars: A New Hope
20,My Life Without Me
22,Pirates of the Caribbean: The Curse of the Black Pearl
36,Simpsons
64,Talk to Her
67,Paradise Now
79,Ying xiong
79,Hero
81,Nausicaa of the Valley of the Wind
81,Nausica?? of the Valley of the Wind
99,All About My Mother
100,"Lock, Stock & Two Smoking Barrels"
101,The Professional
102,Open Hearts
104,Run Lola Run
108,Three Colors: Blue
108,Three Colours: Blue
109,Three Colors: White
109,Three Colours: White
110,Three Colors: Red
110,Three Colours: Red
112,Italian for Beginners
124,No End
128,Princess Mononoke
129,Spirited Away
129,Sen To Chihiro No Kamikakushi
140,Bad Education
144,Wings of Desire
144,Sky Over Berlin
144,Heaven Over Berlin
146,"Crouching Tiger, Hidden Dragon"
146,Wo hu cang long
149,Akira
152,Star Trek: The Motion Picture
156,Wilbur wants to kill himself
156,Wilbur Wants to Kill Himself
157,Star Trek III: The Search for Spock
168,Star Trek IV: The Voyage Home
172,Star Trek V: The Final Frontier
174,Star Trek VI: The Undiscovered Country
189,Sin City: A Dame to Kill For
193,Star Trek: Generations
199,Star Trek: First Contact
200,Star Trek: Insurrection
201,Star Trek: Nemesis
214,Saw III
215,Saw II
216,Ali: Fear Eats the Soul
216,Fear Eats the Soul
246,Der blinde Samurai
246,Zatoichi
250,In China They Eat Dogs
252,Willy Wonka & the Chocolate Factory
266,Contempt
267,Live Flesh
269,Breathless
292,Block Party
298,Ocean's Thirteen
302,Swimming Pool
307,"Rome, Open City"
307,Open City
312,Beyond Silence
336,"Duck, You Sucker"
336,A Fistful of Dynamite
337,Monsieur Ibrahim
346,Seven Samurai
346,Shichinin no samurai
377,Nightmare on Elm Street
436,Maria Full of Grace
445,Hidden
454,William Shakespeare's Romeo + Juliet
454,William Shakespeare's Romeo & Juliet
455,Bend It Like Beckham
460,Go for Zucker
471,Bastard
472,Northwest Passage
472,1
473,Pi
496,Borat
497,Green Mile
511,Promised Land
515,Coma
531,The Wrong Trousers 
531,Wallace & Gromit: The Wrong Trousers
532,Wallace & Gromit: A Close Shave
532,A Close Shave
533,Wallace & Gromit in The Curse of the Were-Rabbit
533,The Curse of the Were-Rabbit
548,Rashomon
552,Bread and Tulips
570,Fat Girl
593,Solaris
593,Solyaris
595,To Kill a Mockingbird
596,Grapes of Wrath
598,City of God
599,Sunset Boulevard
599,Sunset Blvd.
601,E.T.
613,The Downfall
613,Downfall
614,Wild Strawberries
628, Interview with a Vampire: The Vampire Chronicles
628,Interview with the Vampire
637,Life Is Beautiful
643,The Battleship Potemkin
643,Battleship Potemkin
644,A.I. Artificial Intelligence
648,Beauty and the Biest
648,Beauty and the Beast
650,Boyz N the Hood
650,Boyz'n The Hood
650,Boys in the Hood
651,Mash
651,M*A*S*H
663,Saw IV
666,Central Station
670,Oldboy
671,Harry Potter and the Sorcerer's Stone
671,Harry Potter and the Philosopher's Stone
697,October (Ten Days that Shook the World)
697,October
722,Naked Gun 33 1/3: The Final Insult
722,The Naked Gun 33 1/3: The Final Insult
723,Triumph of the Will
733,Blade II
734,Blade: Trinity
740,X-Men 2
740,X2: X-Men United
742,Together
763,Dead Alive
772,Home Alone 2: Lost in New York
777,Grand Illustion
777,Grand Illusion
784,Kolya
789,Closely Watched Trains
803,Night and Fog
807,Seven
811,Silent Running
827,Diabolique
832,M
834,Underworld: Evolution
880,Antonia's Line
895,Andrei Rublev
895,Andrei Rublyov
895,Andrey Rublyov
895,Andrey Rublev
928,Gremlins 2
931,Don't Look Now
934,Rififi
935,Dr. Strangelove
938,For a Few Dollars More
950,Ice Age 2
950,Ice Age The Meltdown
950,Ice Age 2: The Meltdown
962,Gold Rush
979,Irreversible
1018,Mulholland Dr.
1023,Adam's Apples
1050,Shower
1075,"Black Cat, White Cat"
1093,Elevator to the Gallows
1115,Ghosts
1245,Remains of the Day
1273,Teenage Mutant Ninja Turtles
1277,Gloomy Sunday
1280,3-Iron
1364,Sex and Lucia
1368,Rambo: First Blood
1368,Rambo I
1379,Lights in the Dusk
1390,Mondays in the Sun
1391,And Your Mother Too
1396,The Mirror
1396,Mirror 
1398,Stalker
1414,Lovers of the Arctic Circle
1417,Pan's Labyrinth
1493,Miss Congeniality
1494,Curse of the Golden Flower
1567,I Stand Alone
1567,n The Bowels Of France - I Stand Alone
1591,Nowhere in Africa
1593,Night at the Museum
1613,Formula 51
1628,Jules and Jim
1639,Speed 2
1643,Last Tango in Paris
1667,March of the Penguins
1667,The Emperor's Journey
1667,The March of the Penguins
1672,The Professional
1675,Day for Night
1678,Godzilla
1698,Anatomy
1704,"House, M.D."
1704,House
1705,Battle for the Planet of the Apes
1735,Mummy: Tomb of the Dragon Emperor
1740,Naked
1786,Au revoir les enfants
1793,Max Dugan Returns
1837,The Secret
1845,2 Days in Paris
1845,Two Days in Paris
1872,Rise
1902,Open Your Eyes
1958,8 Women
1971,Juon
1971,Ju-on
1971,Ju-on: The Curse
1979,Fantastic Four: Rise of the Silver Surfer
1979,Fantastic 4: Rise of the Silver Surfer
1979,4: Rise of the Silver Surfer
1995,Tomb Raider
1997,Two Brothers
2009,"4 Months, 3 Weeks and 2 Days"
2009,"4 mois, 3 semaines et 2 jours"
2021,Jack and Sarah
2084,Birthday Girl
2210,Earth Girls Are Easy
2241,Sun Alley
2269,Night Watch 2
2269,Day Watch
2318,Inferno
2384,Black Sheep
2395,Asterix at the Olympic Games
2460,Earth
2469,Tie Me Up! Tie Me Down!
2517,Dare mo shiranai
2517,Nobody Knows
2522,24
2574,The Lovers
2602,Scary Movie
2623,Officer and a Gentleman
2671,Ring
2671,Ringu
2673,Pulse
2796,A Midsummer Night's Dream
2860,Claire's Knee
2897,Around the World in 80 Days
2899,Asterix & Obelix: Mission Cleopatra
2901,Thirst
2901,Soif
2932,Catch-22
2965,"20,000 Leagues Under the Sea"
2968,Sacrifice
3025,Dr. Jekyll and Mr. Hyde
3025,Jekyll`s Inferno
3040,Night Watch
3040,Nochnoy dozor
3050,Dr. Dolittle
3059,Intolerance: Love's Struggle Throughout the Ages
3073,Abbott and Costello Meet Frankenstein
3079,Curse of Frankenstein
3176,Battle Royale
3291,"Good Night, and Good Luck"
3421,The Hero
3512,Under Siege 2
3546,W??CIEK??Y
3546,Mad Dog
3549,After the Wedding
3640,Mostly Martha
3716,In July
3763,Onibaba
3764,Naked Island
3764,The Island
3764,The Naked Island
3777,Throne of Blood
3780,Red Beard
3780,Akahige
3782,Ikiru
3870,1900
3875,Brothers
3901,Rain
3921,Wind
3963,Crimson Rivers
3964,Crimson Rivers 2: Angels of the Apocalypse
3964,The Crimson Rivers
3965,Crimson Rivers 2: Angels of the Apocalypse
4011,Beetlejuice
4011,Beetle Juice
4031,Going Places
4043,Law of Desire
4116,An Evening with Batman and Robin
4116,Batman
4176,Murder on the Orient Express
4180,Three Men and a Cradle
4241,Visitor Q
4271,Life Is a Long Quiet River
4283,Gustave
4283,Kiss
4291,Kikujiro
4348,Pride and Prejudice
4382,Rosemary
4382,The Girl Rosemarie
4396,Eva
4421,G.I. Jane
4437,2010
4481,Manon of the Spring
4482,French Twist
4486,Jesus of Montreal
4494,Rapture
4516,My Best Friend
4527,Kiss Kiss
4528,The Count of Monte Cristo
4546,The Count of Monte Cristo
4546,Count of Monte Cristo
4548,The Count of Monte Cristo
4553,The Machinist
4561,Story of O
4561,The Story of O
4588,"Lust, Caution"
4611,Money
4655,Under Siege
4655,Hostages!
4689,Sympathy for Mr. Vengeance
4816,Ghost Dog: The Way of the Samurai
4835,Male Hunt
4918,Fourth Protocol
4921,To Live
4929,Hang 'Em High
4935,Howl's Moving Castle
4935,Howl's Moving Caslte
4973,Under the Sand
4977,Paprika
5000,Forbidden Games
5050,Las fotos de una mujer decente
5050,La machination
5050,Terrori
5050,No Way Out
5055,Ashes and Diamonds
5155,Obsession
5156,Bicycle Thieves
5156,The Bicycle Thief
5165,The Adventure
5165,L'Avventura
5168,To Be and to Have
5488,"I'm a Cyborg, But That's OK"
5488,"I'm a Cyborg, But That's Okay"
5493,Returner
5552,Immortal
5622,And the Ship Sails On
5644,Treasure Island
5654,War and Peace
5781,That Obscure Object of Desire
5801,Song of the Little Road
5801,Pather Panchali: Song of the Little Road
5801,Pather Panchali
5801,Song of the Road
5846,Sky High
5879,In the Realm of the Senses
5885,Hope
5889,Azumi
5900,The Dress
5901,The Secret
5910,Fireworks
5961,Fanny and Alexander
5961,Fanny & Alexander
5971,We're No Angels
6073,Australia
6079,Empties
6181,Fireworks
6278,Reign of Fire
6283,Mouse Hunt
6312,Brotherhood of the Wolf
6419,King Kong vs. Godzilla
6435,Practical Magic
6498,Nightwatch
6619,Death in Venice
6691,Priceless
7217,Secrets of a Soul
7229,Ruby & Quentin
7343,City of Men
7347,The Elite Squad
7347,Elite Squad
7549,Fearless
7766,Helter Skelter
7942,Run Fatboy Run
8056,Train of Life
8072,Alphaville
8073,Band of Outsiders
8075,Weekend
8078,Alien: Resurrection
8221,What Have I Done to Deserve This?
8222,High Heels
8265,Welcome to the Sticks
8265,Welcome to the Land of Shtis
8328,Step Up 2 the Streets
8342,No Man's Land
8386,How High
8392,My Neighbour Totoro
8392,My Neighbor Totoro
8422,Rocco and His Brothers
8439,Bus 174
8467,Dumb and Dumber
8469,Animal House
8672,My Best Fiend
8696,Calendar Girls
8697,Who Am I?
8816,My Life as a Dog
8833,Double Trouble
8846,Alone
8859,"Dude, Where's My Car?"
8875,Wrong Turn 2
8920,Garfield: The Movie
8923,Green Street
8938,Tokyo!
8953,Steamboy
8974,War of the Worlds
8980,Mortadelo & Filemon: The Big Adventure
9025,Dog Days
9051,10
9056,Police Story
9059,Tales from the Crypt Presents: Demon Knight
9059,Tales From the Crypt: Demon Knight
9071,Living in Oblivion
9073,Free Willy 2: The Adventure Home
9073,Free Willy 2 
9075,Black Book
9090,"To Wong Foo, Thanks for Everything! Julie Newmar"
9273,Ace Ventura: When Nature Calls
9299,Thesis
9360,The burial of the bighead anaconda
9360,Anaconda
9378,13 Ghosts
9378,Thirteen Ghosts
9393,Before the Fall
9394,They Call Me Trinity
9400,Set It Off
9431,Tales from the Crypt Presents: Bordello of Blood
9454,Ever After: A Cinderella Story
9460,Black Mask
9462,Way of the Dragon
9463,Vampire Hunter D
9464,Buffalo '66
9465,Cookie's Fortune
9465,Cookies Fortune
9472,Dodgeball
9473,South Park
9536,Bio-Dome
9550,House of Flying Daggers
9559,Perfect World
9559,A Perfect World
9564,Asterix and Obelix vs. Caesar
9564,Asterix & Obelix vs. Caesar
9571,Dazed and Confused
9581,Fulltime Killer
9642,Asterix and the Vikings
9694,One Missed Call
9696,Ichi the Killer
9753,Three
9764,Dersu Uzala
9775,November
9807,Aladdin
9833,Phantom of the Opera
9929,Asterix and Cleopatra
9945,Vampires
9945,Vampire$
10024,My Sister's Keeper
10027,Unleashed
10044,My Lucky Stars
10071,Brothers Solomon
10086,Man Bites Dog: It Happened in Your Neighborhood
10086,Man Bites Dog
10092,Cry_Wolf
10130,Gorillas in the Mist
10155,U Turn
10157,Police Academy 2
10157,Police Academy 2: The First Assignment
10162,Waking Ned Devine
10180,Flickering Lights
10216,Species II
10226,High Tension
10228,Pok??mon: The First Movie: Mewtwo Strikes Back
10228,Pok??mon: The First Movie
10235,Alexander Nevsky
10238,Cries and Whispers
10239,Autumn Tale
10258,The Madagascar Penguins in a Christmas Caper
10284,Cirque du Freak
10293,Pauline at the Beach
10315,Fantastic Mr. Fox
10327,Legally Blonde 2
10327,"Legally Blonde 2: Red, White and Blonde"
10333,Prince of Tides
10341,Until the End of the World
10348,Thunderbolt
10355,Shiri
10366,Universal Soldier: The Return
10375,Eye See You
10389,The Eye
10401,Girl on the Bridge
10404,Raise the Red Lantern
10424,Jennifer 8
10450,The Silence of the Hams
10451,Eat Drink Man Woman
10486,My Father the Hero
10515,Castle in the Sky
10515,Laputa: Castle in the Sky
10585,Child's Play
10587,Police Academy 4: Citizens on Patrol
10616,The Hitman
10616,Contract Killer 
10617,Once Upon a Time in China
10617,Wong Fei Hung
10618,Once Upon a Time in China II
10619,Once Upon a Time in China III
10619,The Invincible Shaolin
10622,Mr. Nice Guy
10643,Godzilla 2000
10681,WALL??E
10681,WALL-E
10726,American Psycho II: All American Girl
10748,St Trinian's
10753,Police Story 2
10775,Infernal Affairs
10775,Wu Jian Dao
10795,Tell No One
10819,The Wedding
10842,Strange Circus
10918,Undertaking Betty
10920,Vampire Hunter D: Bloodlust
10951,Gorgeous
10974,Operation Condor 2: The Armour of the Gods
10974,Armour of God
10975,Armour of God II: Operation Condor
10995,The Lover
10997,Ba wang bie ji
10997,B??w??ng Bi?? J??
10997,Farewell My Concubine
10998,Fatal Attraction
11011,Richie Rich
11024,Scooby-Doo 2: Monsters Unleashed
11048,The Knock Out Cop
11048,Flatfoot
11069,Tremors 2: Aftershocks
11069,Tremors II: Aftershocks
11069,Tremors 2
11075,??dishon
11075,Audition
11083,Kitchen Stories
11104,Chung hing sam lam
11104,Chungking Express
11153,National Lampoon's Vacation
11156,Coco Before Chanel
11160,Flatfoot in Egypt
11160,Flatfoot on the Nile
11174,Pelle the Conqueror
11178,My Sassy Girl
11180,Kiki's Delivery Service
11190,Vozvrashchenie
11190,The Return
11197,Evil
11198,City Hunter
11216,Cinema Paradiso
11220,Fallen Angels
11230,Drunken Master
11230,Drunk Master in the Tiger's Eye
11239,Shall We Dance?
11351,Jeepers Creepers 2
11361,Halloween 5: The Revenge of Michael Myers
11378,Traffic
11411,Superman IV: The Quest for Peace
11423,Memories of Murder
11441,Madly in Love
11451,Herbie: Fully Loaded
11488,Fire and Ice
11502,Knife in the Water
11506,The Silence
11516,Winged Migration
11523,View from the Top
11537,Snake in the Eagle's Shadow
11576,"It's a Mad, Mad, Mad, Mad World"
11577,Pat Garrett and Billy the Kid
11578,The Return of Don Camillo
11583,The Great Train Robbery
11596,Wes Craven's New Nightmare
11602,Through a Glass Darkly
11606,Last Life in the Universe
11621,Porco Rosso
11624,Everything You Always Wanted to Know About Sex
11630,Three Men and a Little Lady
11634,Show Me Love
11635,Old School
11636,New Police Story
11645,Ran
11647,Infernal Affairs 2
11677,Talk of the Town
11689,Crime Busters
11699,Bad Lieutenant
11699,The Bad Lieutenant: Port of Call - New Orleans 
11712,Sanjuro
11713,Fist of Fury
11713,The Chinese Connection
11770,Shaolin Soccer
11825,Police Academy 5
11832,Babette's Feast
11868,Horror of Dracula
11868,Dracula 1958
11895,Police Academy 6: City Under Siege
11902,Underground
11907,Nobody Loves Me
11909,Bullet in the Head
11909,Die xue jie tou
11917,Saw V
11927,Manhunt
11936,City of Women
11956,When the Cat's Away
11972,The Little World of Don Camillo
12094,Jackass Number Two
12112,He Loves Me... He Loves Me Not
12118,Police Academy 3
12122,Village of the Damned
12139,Dennis
12140,Ghost in the Shell 2: Innocence
12205,Dark Water
12417,Autumn
12429,Ponyo on the Cliff by the Sea
12429,Ponyo
12429,Ponyo on the Cliff
12444,Harry Potter and the Deathly Hallows: Part 1
12444,Harry Potter and the Deathly Hallows (1)
12445,Harry Potter and the Deathly Hallows: Part 2
12445,Harry Potter and the Deathly Hallows (2)
12471,Milk
12477,Grave of the Fireflies
12477,Hotaru no haka
12485,Candyman 3: Day of the Dead
12485,Candyman 3
12493,High and Low
12516,Akira Kurosawa's Dreams
12516,Dreams
12555,I Served the King of England
12577,Steal
12581,Shiva
12581,7 Days
12613,Street Fighter II: The Animated Movie
12659,Beijing Bicycle
12700,Dominion: Prequel to the Exorcist
12716,My Father's Glory
12717,My Mother's Castle
12720,Suicide Club
12761,Autumn Sonata
12768,We
12769,The Butterfly
12780,Iron Monkey
12796,Sebastian
12806,Nico and Dani
12928,50/50
12940,Rat Race
13294,Bait
13315,Tin Man
13363,East/West
13363,East-West
13397,Rob-B-Hood
13397,Robin-B-Hood
13398,The Count of Monte Cristo
13496,Let the Right One In
13571,Crime Story
13575,Project A
14094,Shattered
14094,Butterfly on a Wheel
14094,Shattered: Butterfly on a Wheel
14129,Fist of Legend
14144,Summer
14144,27 Missing Kisses
14170,Zeitgeist: The Movie
14221,Endgame
14228,Our Town
14656,Touching the Void
14707,Speech
14715,The Loft
14756,Neon Genesis Evangelion
14766,Half a Loaf of Kung Fu
14768,Miracles
14768,Robert Zimmermann Is Tangled Up in Love
15454,The Girl on the Train
15465,Revenge
15506,Fast & Furious
15506,Fast & Furious - New Model. Original Parts.
15506,Fast & Furious 4
15506,Fast and Furious
15540,Mortal Thoughts
15584,Mesrine: Killer Instinct
15584,Mesrine Part 1: Killer Instinct
15631,I'm Not Scared
15722,Texas Chainsaw Massacre: The Next Generation
15728,Bagman
15728,Casino Jack
15761,Only Yesterday
15868,The Count of Monte Cristo
15879,From Russia with Love
15996,Mother
15998,Leaving
16179,Accident
16205,Baar??a
16282,Buried
16324,Voices of a Distant Star
16430,Ninja Scroll
16726,District 13: Ultimatum
17003,My Father the Hero
17041,Black Sabbath
17184,Little Nemo: Adventures in Slumberland
17216,Daybreak
17319,Sherlock Holmes: Terror by Night
17319,Sherlock Holmes in Terror by Night
17319,Sherlock: Terror by Night
17322,Loss
17343,T??ky?? monogatari
17343,Tokyo Story
17351,Blood for Dracula
17591,Pirate Radio
18646,Cowboys & Aliens
18706,Buffy
18706,BtVS
18895,General's Daughter
18929,Eyes Without a Face
18930,Thirteen Princes
18930,Divided We Fall
18930,Sap sam tai bo
18930,The Heroic Ones
18949,Nine Queens
19103,The Expendables
19370,Vampire in Venice
19437,Killshot
19477,North
19496,"I Love You, Beth Cooper"
19518,Undisputed II: Last Man Standing
19641,Fallen
19813,Thirst
19890,"Yours, Mine and Ours"
19943,Three
19966,Hachiko: A Dog's Story
19994,Sons
20107,Young Victoria
20146,Okuribito
20146,Debartures
20146,Departures
20295,Diary of a Country Priest
20301,Entourage
20677,Henri-George Clouzot's Inferno
20677,Inferno
20852,Oceans
20862,Old Boy
21048,Live Wire
21065,Cell 211
21103,Tron: Legacy
21104,Mars Needs Moms
21108,Gnomeo & Juliet
21256,Knight and Day
21301,I Killed My Mother
21392,Gravity
21398,Sleepless
21410,Beauty and the Beast
21596,Fire and Ice
21773,Micmacs
21880,Brokedown Palace
21936,Unknown White Male
21938,Fools Rush In
22081,Child's Play
22845,The Hairdresser
22987,Seven Days
23034,Rules of Engagement
23034,The Rules of Engagement
23136,Alice
23290,Sweet Sixteen
23534,It's Kind of a Funny Story
23901,Carnival
23963,SpongeBob SquarePants
23963,Your Shoe's Untied/Squid's Day Off
24179,The Maid
24203,Wolf
24233,SpongeBob SquarePants
24233,Greasy Buffoons/Model Sponge
24920,War and Peace
25017,Room in Rome
25095,Hitch Hike
25644,World on a Wire
25780,Jaws III
25780,Jaws 3
26100,Get the Gringo
26147,Midnight
26164,Hostage
26165,The Road
26167,Late Marriage
26186,Testament
26225,Avalanche
26484,Kull the Conqueror
26808,Day of the Dead
26831,Scratch
27037,Dragon Lord
27037,Dragon Strike
27037,Young Master in Love
27039,Cosmos
27145,The Wolf
27169,Secret Ballot
27169,Raye makhfi
27173,Killer
27293,Just Visiting
27302,The Face
27315,Spy Next Door
27649,Breathless
27710,Warriors
27720,Paper Birds
27727,Little Girl
27760,The Night
28185,Antonia
28190,Honey
28383,Love Exposure
28680,Heartbreaker
28883,Out of Time
28888,Tekkonkinkreet
28888, Tekkonkinkreet
29003,Dragnet
29120,Barbershop 2: Back in Business
29232,Vincent Wants to Sea
29573,Valentine's Day
29685,Assembly
29735,Heavyweights
29808,Brother
29909,Angel's Egg
29914,Saw 7
29914,Saw VII
29914,Saw 3D: The Final Chapter
29914,Saw: The Final Chapter
29914,Saw VII 3D
30128,Miracles
30128,Miracles: The Canton Godfather
30322,The Jungle Book
30342,Once Upon a Time...
30435,Talk of the Town
30487,Pitfall
30632,Secret
30635,White Night
30676,Three
30800,Five Deadly Venoms
30816,Master of the Flying Guillotine
31057,Advise and Consent
31060,Hands Over the City
31083,Son of the Bride
31091,Valentin
31254,Outrage
31366,Legend of Hell House
31507,Men in Black III
31547,The Silence
31584,Flesh and Bone
31711,Ghost in the Shell: Stand Alone Complex
31712,Loose Cannons
31932,Dragon Ball Z
32126,Gin Tama
32126,Gintama
32235,Dragon Ball
32284,Welcome
32368,Anne of Green Gables
32368,Red haired Anne
32809,Certified Copy
32977,Death of a Cyclist
33003,Saturn 3
33096,Death Note
33097,Death Note
33134,Inspector Gadget
33142,Ben-Hur: A Tale of the Christ
33217,City Hunter
33223,Picnic
33245,Love Letter
33328,Mr. Bean
33362,Michael
33569,Even the Rain
33608,Neo Tokyo
33609,Patlabor: The Movie
33616,Patlabor 2: The Movie
33655,Robot Carnival
33753,Ip Man 2
33753,Ip Man 2: Legend of the Grandmaster
33761,Thirteen Assassins
33761,13 Assassins
33812,My Afternoons with Margueritte
33879,Cabin in the Woods
33892,Fullmetal Alchemist
33895,Friend
33909,Lagaan
33964,Fullmetal Alchemist the Movie: Conqueror of Shamballa
34100,Rust
34616,Lust
34616,The Alcove
34753,Bewitched
34792,Barking Dogs Never Bite
35011,Tinker Tailor Soldier Spy
35011,"Tinker, Taylor, Soldier, Spy"
35110,Swimfan
35147,Wrath of the Titans
35147,Clash of the Titans 2
35151,Face
35153,Mortal Kombat: The Journey Begins
35191,Take Aim at the Police Van
35345,Tink
35387,Rare Exports: A Christmas Tale
35387,Rare Exports: The Truth About Santa
35395,Hair
35401,Little Shop of Horrors
35448,Piranha II: The Spawning
35448,Piranha 2: The Spawning
35506,When a Woman Ascends the Stairs
35526,October
35685,Invincible Shaolin
35827,Winners and Sinners
35827,Winners & Sinners
35833,Little Big Soldier
35841,Cursed
35842,Voice
35901,Julia
35913,Ring
35939,Sansh?? day??
35939,Sansho the Bailiff
36012,The Edge
36066,Like Water for Chocolate
36158,Death Sentence
36205,Trigger Effect
36303,Dr. Jekyll and Mr. Hyde
36529,Still Walking
36586,Dead Snow
36642,Trinity and Sartana Are Coming
36716,7 Days
36878,We Are What We Are
36910,Fantastic Planet
36954,Carnosaur 2
37000,Heartbeats
37000,"Love, Imagined"
37008,Meteor
37218,Deliver Us from Evil
37295,Hidden
37370,Black Cat
37371,Brother's Keeper
37379,Dredd
37393,Silk
37402,The Cave of the Golden Rose
37725,Horrors of Spider Island
37834,Bad Girls
37901,Drive
37906,Eye in the Sky
37940,End of the Affair
37945,Hansel & Gretel: Witch Hunters
38070,Blood of the Beasts
38083,Reign of Assassins
38148,Friday the 13th
38187,Don Camillo in Moscow
38203,Othello
38210,Life Is Beautiful
38305,Godzilla 1985
38465,Lights Out
38485,Half a Loaf of Kung Fu
38599,Big Deal on Madonna Street
38599,Persons Unknown
38621,Miracle
38797,V. I. Warshawski
38829,Ashes of Time
38862,Cash
38897,Harakiri
38914,L.A.
38978,Hedgehog in the Fog
39000,Death and the Maiden
39041,Ghost in the Shell 2.0
39113,Tokyo Drifter
39113,The Man from Tokyo
39130,Undertow
39206,Samurai Rebellion
39335,Bliss
39350,Confessions
39390,Oxygen
39550,You Only Live Once
39562,Justice
39696,Passenger
39710,Confidence
39721,The Hound of the Baskervilles
39729,Blood Feast
39745,Fish Story
39792,Speed
39851,World's End
39868,Dante's Inferno
40436,I Am a Fugitive
41000,Crimson Gold
41107,Starsky & Hutch
41369,Hell
41369,El Narco
41490,Scent of a Woman
41539,Shark Night
41591,In a Better World
41595,Steam of Life
41611,Angel
41616,The Edge
41651,Betrayed
41671,Point Blank
41871,Crossfire
41978,Boomerang
42236,Man of the Year
42311,Secret World
42454,I Saw the Devil
42483,Sound of the Mountain
42505,Untitled Spider-Man Reboot
42505,Spider-Man 3D
42537,Stray Dog
42555,Rampage
42668,Brother 2
42745,Lovers
42974,The Huntsman
42976,Easy Money
43146,Bruce Lee
43146,"Bruce Lee, My Brother"
43152,Wild
43218,Good Morning
43405,Black Butler
43441,After the Fox
43565,Christmas Story
43722,Elite Squad: The Enemy Within
43820,Turbulence
43830,Strike
43853,Twilight Zone
43870,Medallion
43878,Twilight Zone
44077,Nothing to Declare
44233,Thirteen Ghosts
44274,City of Men
44384,Christian
44404,Grown Ups
44466,Robert Louis Stevenson's The Game of Death
44466,The Death Club
44466,Game of Death
44541,Intimate Strangers
44542,Labyrinth
44641,Daybreak
44694,Black Rain
44748,Phone
44820,Wonderful Life
44820,Wand??furu raifu
44820,After Life
45034,Madness
45124,Journey
45168,Conquest
45333,Kickboxer 2
45333,Kickboxer 2: The Road Back 
45337,St Trinian's 2
45375,X
45382,Fear
45537,Moby Dick
45702,Cold Fever
46067,Heart
46360,Christine
46578,Tattoo
46634,Let the Bullets Fly
46650,Stage Fright
46872,Atlas Shrugged
46872,Atlas Shrugged: Part 1
46917,Sacrifice
47169,Tinker Tailor Soldier Spy
47603,Double Trouble
47696,Invisible
47728,Absent
47844,Mad Love
47981,Rain
48043,Family
48045,Victory
48048,Accept
48051,Race
48052,Paradise
48053,Desperate Measures
48058,Pirate
48092,Strange Brew
48258,Happy End
48390,Spider-Man
48462,Sweet Sixteen
48485,State of Grace
48502,Suddenly
48719,Somewhere
48829,Headhunters
48875,Detour
48941,American Reunion
48941,American Pie 4: Reunion
48941,American Pie: Reunion
49174,BlinkyTM
49301,Fallen
49944,Swept Away
50009,Wild Reeds
50059,Alesha Popovich and Tugarin the Dragon
50219,Warriors of Heaven and Earth
50312,Hunger
50341,Sidewalls
50363,Out of Sight
50408,Beauty
50427,Dragon
50499,Neon Genesis Evangelion: Death & Rebirth
50528,Return to Never Land
50570,Go West
50791,Shogun 
50872,Catch Me If You Can
50944,Secret
51224,Iron Monkey
51320,Sword of the Beast
51458,The Island
51492,Bad Boys
51510,Delirium
51664,Hunting Party
51722,Goodbye
51848,Cold Fish
51896,Untouchable
51899,Wuthering Heights
51924,Showgirls
52040,Dragon Ball Z: Dead Zone
52089,Dragon Ball Z: Cooler's Revenge
52090,Dragon Ball Z: The Return of Cooler
52091,Dragon Ball Z: Super Android 13!
52095,Dragon Ball Z: Bojack Unbound
52098,Dragon Ball Z: Bio-Broly
52497,Wolverine
52499,Havoc
52552,Iron Man
52777,Generation P
52791,The Wailing
52791,Delirium
52791,Murder Obsession
52797,Blade
52921,Dark Places
53033,Earth
53042,Homefront
53042,The Home Front
53095,Chinese Puzzle
53228,Rain
53239,Colourful
53526,Hell
53602,Angel
53667,Three
53689,Blue Exorcist
53697,Dog Day
53705,Youth of the Beast
53782,Romeo and Juliet
53785,Happiness
53805,Brotherhood
53841,Transformers: Age of Extinction
53960,The Monk
54070,Black Orpheus
54187,North & South
54301,Dead Like Me
54321,Vagabond
54589,Delirium
54625,Timecrimes
54798,Shaolin
54951,Stranger in the House
55004,Time of the Gypsies
55068,Fatal Instinct
55157,Voice
55157,Whispering Corridors 4: Voice
55196,King of Hearts
55202,Stars
55207,Silence
55251,Everyone
55326,Madness
55336,Mood Indigo
55489,The Count of Monte Cristo
55528,Gold Diggers
55661,The Circle
55661,Dayereh
55980,Wheels on Meals
56043,Dragon Ball GT
56046,By the Law
56046,Po zakonu
56052,The Pumaman
56069,Gintama: The Movie
56099,Nymphomaniac: Volume I
56099,Nymphomaniac - Volume 1
56099,Nymphomaniac: Vol 1
56205,Rust and Bone
56328,G.I. Joe: The Movie
56363,The Raid
56509,Revenge
56512,Trust
56561,Shattered Glass
56776,Play Misty for Me
56809,Seven Days
56823,Being Elmo: A Puppeteer's Journey
56838,Lavender Hill Mob
56970,Nurse
57029,Ugetsu monogatari
57029,Ugetsu
57281,"Bruc, the Manhunt"
57281,Bruc
57333,Beyond
57383,Great White
57411,Once Upon a Time
57412,Company
57413,Nights of Cabiria
57429,Guilty of Romance
57467,Lupin III
57511,Expelled: No Intelligence Allowed
57668,Daughters
57855,City Hunter
57869,Angel Heart
57902,Proof of Life
57936,4
58107,Wo ai chu fang
58107,Kitchen
58232,Craft
58541,The Secret
58607,Foul Play
58616,Winter Light
58705,Labyrinth
58860,Come Back
58874,Haunted
58976,Triangle
59014,Sugar & Spice
59053,Comedian
59053,Comedians
59091,Caf??
59140,Don Juan
59279,Robot & Frank
59306,"For a Good Time, Call..."
59425,Cast Away
59484,"20,000 Leagues Under the Sea"
59568,Atonement
59584,Oblivion
59615,High Crime
59682,Suna no onna
59682,The Woman in the Dunes
59682,Woman in the Dunes
59736,Five Element Ninjas
59745,Masked Avengers
59873,Robinson Crusoe
59938,Tar
59938,Forever Love
59958,Source
60056,Three Outlaw Samurai
60316,Juliet of the Spirits
60344,Balls
60595,Spring
60750,Unbreakable
60751,Taken
60752,The Hero
60753,Treasure
60754,Clean
60758,Identity
60759,Deceiver
60760,Trap
60764,One Night
60936,Butterfly
60963,One-Armed Swordsman
60965,Return of the One-Armed Swordsman
60998,Sugar
61072,Coming Home
61117,Spirits of the Dead
61202,The Players
61403,Heat
61438,Shame
61482,Hour of the Wolf
61541,Sister
61662,The Runner
61755,Jabberwocky
61756,Don Juan
61850,Cops and Robbers
62224,Starship Troopers
62390,Sleepwalker
62404,"All This, and Heaven Too"
62466,Cinderella
62475,Time
62524,Our Town
62664,Rory O'Shea Was Here
62976,Turkish Delight
63094,Prison
63249,One Fine Day
63258,Black Rain
63430,Vegas
63479,The Hunt
63628,The End
63724,Camera Buff
63820,Mogambo
63841,Come and See
63841,Idi i smotri
63962,Pushing Hands
64069,Hong gao liang
64069,Red Sorghum
64080,Eddie
64153,Another
64198,Walkabout
64280,On the Other Side of the Tracks
64331,Me and You
64352,Larger Than Life
64397,Omen
64448,Food
64529,Happy Together
64529,Chun gwong cha sit
64546,Ta'm e guilass
64546,Ta'm-e g??l??s
64546,Taste of Cherry
64549,Sisters
64562,Texas Chainsaw 3D
64584,Sweet Home
64680,Kandahar
64680,The Sun Behind the Moon
64836,Ni neibian jidian
64836,Ni na bian ji dian
64836,Ni nei pien chi tien
64836,What Time Is It There?
64902,I.O.U.
64957,Mat
64957,Mother
65110,The House
65143,Reefer Madness
65302,Tormented
65496,Out of the Past
65499,Radio
65501,Abandoned
65642,Magic Mike XXL
65861,Into the Blue
65872,Cat Soup
65900,What If
65932,Spacehunter: Adventures in the Forbidden Zone
65938,Gone Baby Gone
65942,Lee Daniels' The Butler
65974,Jumanji
66039,White Nights
66042,Minions
66042,Despicable Me: Minions Spin-Off
66206,Day of Wrath
66266,Umbrella
66312,Happiness
66439,Love
66593,Black Peter
66593,Black Sheep
66593,Peter and Paula
66723,Quince Tree of the Sun
66723,The Quince Tree Sun
66723,Dream of Light
67004,School
67006,Labyrinth
67035,Ex Machina
67064,Comedy
67152,Pure
67152,Beloved
67162,Boy
67248,Love
67793,Atragon
67904,Lightning
67913,Generation War
67917,War of the Roses
67999,Crime and Punishment
68000,Mother
68114,Mysterious
68114,Sirens of the Caribbean
68114,Sirens of Eleuthera
68400,Bootleggers
68432,Nutty
68474,Sword Art Online
68593,Cops and Robbers
68647,Accused
68900,Father
68913,Blood Feast
69227,Once Upon a Time
69236,Blindness
69320,Imagine
69359,Scooby-Doo! and the Loch Ness Monster
69520,Pirates
69531,Star Wars: The Force Awakens
69531,Star Wars: Episode VII - The Force Awakens
69616,West
69621,Last Hurrah for Chivalry
69749,Night and Day
70225,Bacheha-Ye aseman
70225,Children of Heaven
70309,The End
70344,Coma
70378,Up Close and Personal
70502,Knafayim Shvurot
70502,Broken Wings
70504,Snow White
70505,Unforgiven
70548,Forgotten
70841,Castaway on the Moon
71110,Rat Race
71270,Lola
71624,Into the Forest of Fireflies' Light
72070,Nightmare
72086,Volcano
72128,Doubt
72133,The Secret
72135,Death Wish
72137,Guardian
72138,Forbidden
72329,Not on the Lips
72466,Wuthering Heights
72812,Speed 2
73405,The Play
73446,Venus in Fur
73466,Death Sentence
73469,Warrior
73471,Dolls
73476,Family Business
73998,Obsession
74001,Walking Dead
75035,Blue Is the Warmest Color
75035,Blue Is the Warmest Colour
75059,Strange Magic
75378,Kirikou and the Sorceress
75380,To Be or Not to Be
75453,Tangerines
75726,Anything for Her
75827,From Up on Poppy Hill
75985,New World
75988,Northwest
75991,One Night
75996,3 Women
76340,Broken
76414,Freaky
76626,Beauty and the Beast
76900,Cash
77376,The Dark Valley
77774,Giant
77801,"Like Father, Like Son"
77835,Character
77836,Burnt by the Sun
78088,Now and Then
78092,Fire in the Sky
78696,Trapped
78808,Man of the Year
79015,Crossroads
79146,"Two Days, One Night"
79343,"What's Up, Doc?"
79673,Mother
79712,Elsa & Fred
79964,Fellini's Casanova
79966,Days of Being Wild
80067,Motel
80152,Seducing Doctor Lewis
80289,Tales
80305,The Silence
80306,Pink
80308,Wild Tales
80311,Bounce
80781,A Pigeon Sat on a Branch Reflecting on Existence
80856,Guilty
80858,Who Am I ?? No System is Safe
80858,Who Am I
81238,Shaun the Sheep Movie
81288,Two Women
81378,See No Evil
81390,White Sun of the Desert
81409,Falling
81593,Leviathan
81614,"I, Robot"
82170,My Man
82190,The Queen
82197,The Salt of the Earth
82203,Wrinkles
82218,Anna
82248,Moscow Does Not Believe in Tears
82483,Coming Home
82609,Santa Claus: The Movie
82731,Tom and Jerry: Shiver Me Whiskers
82899,Silent Night
82945,Vacation
82952,Crows Zero
83078,Accused
83362,Unforgiven
83387,Confidential Report
83659,Asterix: The Land of the Gods
83659,Asterix: The Mansions of the Gods
83732,Diary of a Chambermaid
83828,Body
83847,Chasuke's Journey
84362,Crazy
84362,Crazy Face
84362,Crazy Rook
84362,Crazy Castle 
84371,Purge
84375,Snow
84444,Torment
84614,Life Eternal
84662,The Diary of Anne Frank
84665,Time Out
84674,"Yesterday, Today and Tomorrow"
84675,Investigation of a Citizen Above Suspicion
84842,Crows
84847,Two Women
84921,Pom Poko
84989,The Brain
85074,Crossfire
85089,Besieged
85093,Goodnight Mommy
85093,Goodnight Mummy
85166,Grown Ups
85170,Aut??mata
85244,Prey
85281,Spies
85283,Destiny
85651,The Magician
85675,Ivan's Childhood
85777,Redemption
85814,Go West
85887,White Nights
86043,My Mother
86045,Youth
86148,21 and Over
86258,Fear
86263,Orchestra Rehearsal
86264,Beyond the Clouds
86293,Deep Red
86409,Sisters
86560,Army of Shadows
86735,Hannibal
86756,Trap
86990,DOA
87061,Rage
87559,Open Sea
87638,Men & Chicken
87763,Whisper of the Heart
87944,Robin Hood
87981,Diary of a Chambermaid
88000,Rage
88230,Legends
88268,Wings
88527,Vampire Hunter
88579,Twin Dragons
88752,Love
88771,Cinderella
88816,Illusion
88866,The Wait
88964,One-Armed Swordsman
88990,"Truly, Madly"
89086,Bushwhacked
89180,Romeo and Juliet
89239,Return of the Secaucus 7
89248,The Circle
89621,Mystery
89748,Escape
89836,Frenzy
89841,Kiki's Delivery Service
89983,Descent
90193,House
90273,Family Man
90279,Inside Job
90282,Stolen
90284,Doomsday
90288,Stakeout
90291,Instinct
90295,Prey
90511,Operation
90535,Who's That Knocking at My Door
91008,Day After Tomorrow
91252,Cinderella
91451,Sleeping Beauty
91468,Don't Be Afraid
91481,The Brand New Testament
91855,Reality
92116,Captain Horatio Hornblower 
92153,"Silent Night, Evil Night "
92153,Stranger in the House
92222,Nine Lives
92325,My Father and My Son
92461,Dragon Blade
92477,Ip Man 3
92493,Embrace of the Serpent
92503,Men at Work
92616,The Hunt
92913,The Beast in the Heart
92913,Don't Tell
92917,Divided We Fall
92918,Himalaya 
92956,Four Days in September
92957,The Thief
92984,Destiny 
93016,Gangster
93016,Citizen Gangster
93102,13 Hours
93156,Private Life
93202,Evil
93212,Black Sheep
93239,My Man 
93328,With Every Heartbeat 
93328,Kiss Me 
93473,Tomcat
93481,The Shape of Water
93523,The Brothers Grimsby
93581,Heaven and Earth
93618,War
93712,Hardcore Henry
93902,White Nights
93903,Eye for an Eye
94725,It
95098,Beware of the Car
95098,Watch Out for the Automobile
95111,Guess Who's Coming to Dinner
95503,National Lampoon's Senior Trip
95642,High Rise
95741,Clash
95750,The Red Turtle
95841,The Wailing
95841,The Strangers
96120,Emerald Green
96549,Fallen Angels
96742,Lessons in Love
96742,How to Make Love Like an Englishman
96886,Gone
96954,Immortal
97033,Dirty Dancing
97415,Bad Asses
97646,Neon Bull
98180,Tomorrow
98180,Demain - Tomorrow
98474,Daughter
98474,The Daughter
99208,Kanashimi no Belladonna
99208,Belladonna of Sadness
99294,Cub
99297,Howling II: Your Sister Is a Werewolf
99340,Trapped in Paradise
99547,The Beast
99616,Blind Date
99627,Rogue One
99627, Star Wars: Rogue One
99675,Chuck
100142,Devil's Backbone
100220,Timeless (2016)
100220,Time
101152,Train to Busan
101153,Popstar
102264,Purgatory
102721,The Odyssey
102853,Beauty and the Beast
102936,Advent
103265,Hot Spot
103306,The Boy and the Beast
103307,Like Crazy
103314,Paradise
103543,Twelfth Night: Or What You Will
103543,Twelfth Night
103590,Blade Runner 2
103613,The Bar
103668,Your Name.
104011,Separation
104127,Under the Rainbow
104411,Trapped
104540,Raw
104853,Monsters
104917,Ghost Graduation
105439,Alias Betty
105629,Real
105653,Charade
105786,Farewell
105912,Personal Velocity
106019,The African Doctor
106092,Eyewitness
106114,Mothra
106429,The Legend
106429,The Legend of Fong Sai-yuk
106576,Mia
106755,Carnage
106755,Simon Amstell: Carnage
106755,Carnage: Swallowing the Past 
106844,Best of the Best
106892,Fright Night
106917,Rampage
106981,Sis
106981,The Sis 
106983,Breath
107099,Vanity
107467,Saint
107668,Agony
107797,Torment
107829,Valerian 
107842,Self-criticism of a Bourgeois Dog
107848,The Death of Louis XIV
108067,Hocus Pocus
108099,Captain Underpants
108224,Red Lights
108313,Gomorrah
108942,Hide and Seek
109121,Mother!
109199,Sweet Dreams
109297,Mean Anomaly 
109297,Phenomenon
109339,Exodus
109343,Prelude
109462,"Walk, Don't Run"
110092,Coming Home
110214,Bobik Visiting Barbos
110627,The Night
110646,Revenge
110654,Mrs. Brown
110654,"Her Majesty, Mrs Brown"
110900,Branded to Kill
111226,Captain Blood
111429,A Silent Voice
111462,Family Business
111524,Baadasssss!
111525,Silent Night
111708,Good Girl
111723,Collision
111936,Iceman
112072,Fury
112531,Dog Days
112736,Invasion
112740,River's Edge
112775,Pyromaniac
112895,Gone
113184,Wonderland
113192,King of Kings
113618,Real Life
113665,Fever
113736,The Idol
113803,Guardians
113833,Summertime
113833,Summer
113840,Three Faces
113840,3 Faces
113840,Se rokh AKA 3 Faces
114018,Godzilla vs. Mothra
114018,Godzilla and Mothra: The Battle for Earth
114707,Raid
115248,Depeche Mode: 101
115248,101
115253,Boys
115536,That's Entertainment
115685,There's Something About Mary
115846,So Won
115846,Hope
115846,Wish
116034,Roma
116484,SL
116607,Thieves
117105,Perfume
117119,Boys
117239,Aviator
117421,Casualties
117424,Nick of Time
117425,Damned
117426,Reckoning
117704,Snow White and the Seven Dwarfs
117707,Flowers
117797,Haunted House
117949,Dead or Alive
117959,Endless Poetry
118270,Shin Godzilla
118385,Ghost Ship
118632,Cocoon
118632,Ka 'owili'oka'i
118697,To Live
118697,Lifetimes 
118835,Darkness
118986,Animals
120056,Parasite
120056,Gisaengchung
120070,Crossroads
120428,Good Shepherd
120822,Don't Move
120858,Antichrist
120880,I The Movie
120880,I
120983,Upstream
121051,Orphan
121251,Ballad
121377,White Fang
123308,Secrets & Lies
124510,Sense and Sensibility
126587,Sword Art Online The Movie: Ordinal Scale
127568,Dragons: Riders of Berk
127568,Dragons: Defenders of Berk 
127568,Dragons: Race to the Edge
127568,Dragons
127568,How to train your Dragon: Riders of Berk
128013,'Tis the Season
128019,Lost Boys
129066,The Rabbi's Cat
130067,Child's Play
130163,Teddy Bear
130296,Subs
130495,Snowflake
130888,Heart
130891,Something Wicked This Way Comes
130895,In Cold Blood
130896,Crime and Punishment
130900,Parasyte
131056,Changeling
131060,15 Minutes
131075,Destiny
131078,Home
131085,Fantasia
131907,Our Lady of the Assassins
133614,Dragon Ball Z: Battle of Gods
133849,The Island
134055,Savage Nights
134872,Godzilla: Planet of the Monsters
134872,Godzilla
135057,The Bra
135799,Twilight Zone
135896,Sing
136281,Those Happy Days
137025,Bread and Chocolate
137035,Communion
137241,Love
137643,Sword of the Stranger
137980,Devils on the Doorstep
137983,Miracle of Marcelino
138217,Crime and Punishment
138307,Secrets
138313,Crossroads
138316,Alpha and Omega
138320,Ghosts
138331,Life and Death
139017,(Circle)
139017,Circle
139377,Bread
139390,The Wedding
140109,Shanghai Triad
140118,Murder on a Sunday Morning
140128,Audrey
140534,Paradox
141453,Black Butler
141895,Deliver Us
142921,Jonah Who Will Be 25 in the Year 2000
143777,The Hero
143883,Rage
145284,Puppet Master 5: The Final Chapter
145625,Playing God
145974,Lemonade
146202,Stage Fright
146244,Hurricane
146315,Little Girl
146354,Father
146621,Black Butler: Book of the Atlantic
146656,Yesterday
146656,Tegnap
147141,Path
147891,Hope
148334,Trash
148343,The End
148353,V 
148454,Counterfeiters
148459,The Gift
148467,Renaissance
148623,Kizumonogatari Part 1: Tekketsu
148917,Cocoon
148969,Ever After
149537,Boys and Girls
149578,The Beast
150143,Tokyo Decadence
150402,Gone 
150445,Veronica
150491,No Escape
150553,The Magician
150801,Obsessed
150850,Tag
151041,Sunset
151045,The Quiet Family
151051,Godzilla: Final Wars
151052,Assassination
151205,Marked for Death
151206,Awakening
151230,Invasion
151949,Dorian Gray
151949,The Secret of Dorian Gray
151968,Hercules
152167,Ice
152464,Cold Fever
152464,Tab Sard
152534,Soghoot
152534,Fall
152776,Farewell
152906,Blind Spot
152926,Escape Plan
152993,Barbarians
153076,The Road
153088,War and Peace
153098,Crime and Punishment
154494,The Great Train Robbery
154618,Underground
155382,Marvin
155480,Shadow
155493,Awake
156770,My Son
158357,Sohrab Pakzad & Amir Tabari: Zire Baroon
158357,Under the Rain
158357,Zire Baroon
158506,Avatar
158518,Hot Spot
158521,Skin Deep
158524,Chaos
161225,Highway
161226,Ba Ba
161226,Father
161570,Just Friends
161656,Turning Point
161666,Love
161667,The Lost
161687,The Forgotten
161687,Zabuti - The Forgotten
163282,If I Were a Rich Man
163437,Ride
163559,Daughter
163778,Murder
163784,Eve of Destruction
163822,Untitled
163839,Nightmare
163840,Wind
163841,Squirm
163846,Contact
163877,Encounter
163939,Dear John
163966,The Island
164038,Dark Blue World
164062,Night Shift
165957,Happening
166291,Lucky
166890,13 Assassins
167058,We
167072,Class
169888,"Fireworks, Should We See It from the Side or the Bottom?"
169986,Love Me
170098,Truth
170339,Silence
170416,Just Married
171093,The House
171133,Lupin III
171443,Sympathy for the Devil
171462,Blind
172403,Oasis
172536,"Kidnapping, Caucasian Style"
173228,"Ciao, Professore!"
173240,Sky High
174056,Wheels
174257,Sleep
174326,The Beast
174506,Happy Birthday
174529,Fire
175285,First Time
175335,Tell No One
175347,Paths
175407,Adam and Eve Against the Cannibals
175407,Adam and Eve
175407,Adam and Eve: The First Love Story
175407,Adam & Eve vs. The Cannibals
175955,Tremors
176082,Howling
176349,Days
176409,Killing Field
176568,Prey
176731,Snow Angels
176911,Terminal
176987,Sleeper
177137,Commitment
177410,Butterfly Stroke
177410,Drown
177626,Guilty
178283,Untouchable
178290,Oxygen
178456,The Grandmother
178760,The Dress
178798,Manhunt
179120,Heartbeat
179284,Whatever
179435,Do You Remember Dolly Bell?
179638,Sympathy for the Devil
179652,Wild Horses
179688,"Snowflake, the White Gorilla"
180228,Inside
180229,Death Note
180831,Hell
180926,Blind Spot
181005,Not One Less
181016,Bliss
181018,Office Romance
181032,Ivan Vasilievich: Back to the Future
181036,War and Peace
181061,Masquerade
181067,Herod's Law
181130,No Mercy
181133,Unbelievable Adventures of Italians in Russia
181279,Together
181293,Last Train Home
181303,Final Cut
181486,The Dark Tower
181861,Forever Young
181881,Thin Blue Line
181946,Hide and Seek
182037,Electra
182096,Fool's Gold
182154,Paradise
182984,September
183269,Gentlemen of Fortune
183275,Downfall
183299,Soldier
183301,Warrior
183305,Children
183307,Scream
183309,Smoke Signal
183310,Pain
183312,Trust
183314,Sin
183315,Wish
183318,Friends
183323,Descent
183325,Hero
183338,Assault
183342,Deceiver
183348,Judgment
183350,Two Brothers
183354,Sunset
183355,Pride
183357,Traitor
183431,Point of No Return
183433,Scar
183454,The Lovers
183457,The Devil
183458,Death
183460,Justice
183473,While You Were Sleeping
183477,Ghosts
183485,Bulletproof
183486,The End
184360,Forgotten
185099,Strike
185133,1%
185188,Pulse
185190,Destiny
185199,Eddie Murphy Delirious
185282,Butterflies
185381,You Are the Apple of My Eye
185501,The Professional
185509,Teddy Bear
185732,Evolution
185821,The Escort
186536,Earthquake
187130,Coyote
187566,Fireworks
187689,Sin
187890,Memories
187892,Tuesday
187935,Tomorrow
187946,Breath
187949,Spring
187951,Circus
187954,Paradise Lost
188011,Brothers
188070,Fullmetal Alchemist
188387,Total Eclipse
188424,Uncle
188434,Peaceful
188435,Rise
188530,Little Vampire
188601,Once Upon a Time
188779,Giant
189016,Sisters
189449,Above the Law
189493,Savage
189502,The Wait
189637,Lovers
190199,The Blue Planet
190241,Cinderella
190248,Little Nemo
190289,Hamlet
190368,"Davy Crockett, King of the Wild Frontier"
190370,Dreams
190386,Bootleggers
190398,Kill!
190573,Breaking
190895,The Electric Hotel
190986,Undercover
283,DS9
970,The One with the George Stephanopolus
1289,The Stake Out
1332,The Trip: Part 1
1507,Faith
1756,The Magic School Bus Gets Lost In Space
2519,Samurai Gun
3018,Frankenstein Jr. and The Impossibles
3325,"Brannigan, Begin Again"
3327,Xmas Story
4072,The Impostors
4074,The Man from MI.5
6290,No Way Out II: The Evolution of Frank
6563,Phantom-Traveller
6750,"Euphoria, Part 1"
6751,"Euphoria, Part 2"
6791,Day 3: 5:00 pm??- 6:00 pm
7050,Pilot
7074,"Woman Seeking Dead Husband: Smokers Okay, No Pets"
7841,Cane and Able
7845,Que Sera Sera
7918, Over-Acting Glance
8179,Noche De Suenos
8186,A Night in Global Dynamics
8189,2T6750
8190,2T6751
8191,2T6754
8192,2T6752
8250,All Hell Breaks Loose: Part 1
8251,All Hell Breaks Loose: Part 2
8365,Episode 2.1
8538,Mr. Monk and the Man Who Shot Santa Claus
8543,Mr. Monk Is On The Run (Part 1)
8544,Mr. Monk Is On The Run (Part 2)
8598,"Bananas, Crackers and Nuts (After Me, the Deluge)"
8610,Dear Dad...Again
8623,Lost and Found
8746,Cross Jurisdictions
9150,My Boss's Free Haircut
9154,My Drive-By
9309,The greatest movie
9590,The Boys from Belmont
10554,Lemon Popsicle
12066,Long Distance Call
12295,"Love, Bullets & Blacktop"
12333, The Siege - Part 1
12334, The Siege - Part 2
12735,65 Million Years Off
12746,The Old & The Restless
13298,Children of the Gods (Part 1+2)
13298,Children of the Gods (Pilot 1)
13298,Children of the Gods (Pilot 2)
13301,Broca Divide
13318,Within the Serpent's Grasp
13625,Hogan's Heroes
13783,Jack of Spies
13823,Murderers' Sky
13960,Redemption (1)
13961,Redemption (2)
13975,Metamorphosis
14004,New Order (1)
14005,New Order (2)
14019,Reckoning (Part 2)
14021,Moebius (1)
14022,Moebius (2)
14032, The Fourth Horseman (1)
14052,The Quest: Part 1
14053,The Quest: Part 2
14194,Genderbender
14205,Little Green Man
14223,D??d Kalm
14237,The Oubliette
14247,Teso Dos Bichos
14260,Musings of a Cigarette Smoking Man
14283,Post-modern Prometheus
14293,Travelers
14322,The Sixth Extinction II: Amor Fati
14366,D??monicus
14627,sophie de la rochfouald
15009,sex film
15010,sssssssssex
15133, My Finale (1)
15139,Huntik - Secrets & Seekers
15257,Shadowplay
15270,The Search: Part 2
15297,"The Way of the Warrior, Part 1"
15298,"The Way of the Warrior, Part 2"
15327,??Nor the Battle to the Strong
15343,Of Love and Profit
15349,Call to Arms - Part 1
15351,A Time to Stand - Part 2
15352,Rocks and Shoals - Part 3
15353,Sons and Daughters - Part 4
15357,Once Upon a Wedding
15392,Badda-Bing Badda-Bang
15395,Umbra
15396,Eclipse
15398,When It Rains??
15402,"What You Leave Behind, Part 1"
15403,"What You Leave Behind, Part 2"
15411,"Circus, Circus"
15447,Identity Crisis
15448,Identity Crisis
15449,Smoke Gets in Your CSI's
15460,shanghai baby
15460,skin territory
15460,the skin territory trilogy
15518,The Cooper-Hofstadter Polarisation
15523,The Nerdmabelia Annihilation
16068,Extralarge
16073,Extralarge: Black Magic
16308,Breaking & Entering
16311,Safe & Sound
16373,Red Handed
16380,Paint it Red
16474,He's Slippin' 'Em Bread...Dig?
16502,Crime & Misdemeanor
16503,Supply and Demand
16801,Here's to Future Days
16812,Crime & Punishment
16826,"Yours, Mine & Ours"
16954,Felonious Monk
16961,S.O.B.
17004,Scheherazade
17154,Bill & Peter's Bogus Journey
17553,"California, Here We Come"
17693,The Other Women
17713,Mexican Slayride: Part 1
17714,Mexican Slayride: Part 2
17722,The Out-of-Towners
17732,Timing & Space
17832,"Shockwave, Part II"
17873,"Bed, Bath and Beyond"
17874,Star Spangled Banter (aka Politicians)
17891,A Buncha White Chicks Sittin' Around Talikin
17933,A Lung Full of Alan
17934,Zejdz Zmoich Wlosow (Get Off My Hair)
17935,Those Big Pink Things With Coconuts
17938,"Woo-Hoo, a Hernia-Exam!"
17992,Slambook 
18008,Triple Heart
18052,Capitol Offence
18063,Love and War
18139,A Voice in the Wilderness: Part 1
18139,Voice in the Wilderness - Part 1
18140,A Voice in the Wilderness: Part 2
18252,War Without End: Part One
18253,War Without End: Part Two
18274,Intersections in Real Time
18383,Hi-Def Jam
18455,The Unfortunate Little Schnauzer
18524,Delusions of Grandview
18565,The Nanny
18688,Wichita Linebacker
18704,Weevis Wobble But They Don't Go Down
18756,12:01 A.M.
18763, For Warrick (2)
18850,Diamonds N' Dust
18854,"When You Coming Back, Range Rider?: Part 1"
18855,"When You Coming Back, Range Rider?: Part 2"
18871,Semi-Friendly Persausion
19068,Our Leather Gear Is in the Guest Room
19070,"Shoes, Hats, Pickle Jar Lids"
19168,Everything?? All the Time
19177,Evil?? And His Brother Ziggy
19314,The Kiss Seen 'Round the World
19327,Viewer Mail 1
19412,Kissing Abe Lincoln
19423,"Tucked, Taped and Gorgeous"
19566,42-Year-Old Virgin
19611,You May Now Kiss the... Uh... Guy Who Receives
19613,Untitled Griffin Family History
19614,Stewie Be Good
19615,Bango was his Name Oh
19616,Stu & Stewie's Excellent Adventure
19626,Soul Mates
19635,A Shade of Grey
19640,... And Back
19717,The Rainbow of Her Reasons 
20058,Big Flappy B*******
20060,"If I Can't Write My Chocolate Song, I'm Going to Take a Nap"
20069,Sara Like Puny Alan
20234,The Panty Pinata Polarisation
20410,Till the Next Goodbye
20490,"Good Morning, Saigon"
20574,"Victor, Victrola"
20580,The Thin Line Between Chuck and Nate
20580,A Thin Line Between Chuck & Nate
20589,The Ex Files
20613,The Freshmen
20872,... And the Horse He Rode In On
20874,The Kids Stays Out of the Picture
20878,The Needle and Omelet's Done
20935,Don't Stop the Knight (1)
20936,Day Turns Into Knight (2)
20937,Knight to King's Pawn (3)
20965,The Bend In The River - Part 1
20966,The Bend In The River - Part 2
20974,The Bells Of St Mary's
21167,Smooth as a Ken Doll
21168,"Hello, I Am Alan Cousteau"
21233,Encounter at Farpoint - Part 2
21442,Doug Less (Part 1/2)
21574,That '70s Finale
21630,Everybody hates the G.E.D.
21696,Today Is The Day (1)
21697,Today Is The Day (2)
21996,The Glory That Was...
22022,Children of Earth: Day Five
22023,Children of Earth: Day One
22024,Children of Earth: Day Two
22025,Children of Earth: Day Three
22026,Children of Earth: Day Four
22095,Love & Marriage
22096,New Lease on Life 
22098,Between a Rock and Harlan's Place
22101,Where There's a Will There's No Way
22106,My Fair Maidy
22108,"Big Brother is Coming, Part I"
22135,Sweet and Sour Charity
22140,Ben? Her?: Part 1
22150,"There's a Crowd, Six Is a Freaky Show"
22151,Coffee and Commitment
22159,An Old Fashion Piano Party
22161,Alice Doesn't Lisp Anymore
22169,"A Story, Bee Story"
22172,Swimmin from Cambodia
22198,"Saving Grace, Again (1)"
22199,"Saving Grace, Again (2)"
22493,"O Karma, Where Are Thou?"
22666,"Kitty's Birthday, part Is That Today?!)"
22667,The Trials of M. Kelso
22672,Canadian Road Trip
23038,Young and the Restless
23051,Lois' Makeover
23143,Daybreak: Part II
23300,Down The Rabbit's Hole
23305,The Things About Heroes
23495,Wilson's Heart (2)
23520, House??s Head (1)
23549,Kobol's Last Gleaming: Part 2
23631,Daybreak: Part I
23680,Still Charmed & Kicking
23718,"The Other Side of This Life, Part 1"
23733,Crash into me - Part I
23734,Crash Into Me - Part II
23858,Man Hunt
23925,Verities and Balderdash
24135,Crimes & Witch Demeanors
24231,Holy C...
24249,"If I'm Dyin', I'm Lyin'"
24484,"Something, Something, Something, Dark Side (1)"
24484,"Something, Something, Something, Dark Side (2)"
24696,Flashbacks
24698,Chef's Chocolate Salty Balls
24704,Spookyfish
24718,Hooked on Monkey Fonics
24729,The Tooth Fairy Tats 2000
24752,Terrance and Phillip: Behind the Blow
24782,The New Terrance and Phillip Movie Trailer
24861,You Got F'd in the A
24887,23.09 - Trial of a Time Lord IX
25055,The Eagle
25204,Keeping Up with Marci
25336,Mr. Fix-It
25341,Fix-Ups & Downs
25656,Pilot
25685,Cartoon Wars Part I
25686,Cartoon Wars Part II
25695,Go God Go XII
25760,Mr. Walsh Goes to Washington: Part 1
25827,A Nightmare on Elm Street: The Series
25884,The Nixon Interviews
26103,China Syndrome - Part 1
26104,China Syndrome - Part 2
26191,That's Why They Call It 'Ball Room'
26330,Extreme Makeover World Edition
26546,It Happened One Summer: Part 1
26547,It Happened One Summer: Part 2
26566,"Not With My Client, You Don't"
26595,The Fisher King: Part I
26793,Unauthorized Obituary
26799,The List of Uri Lermentov
26923,"Love Of A Lifetime, A"
27002,Who Watches the Watchers?
27432,Kill Billie: Vol.1
27736,Nightmare Bay (1)
27737,Nightmare Bay (2)
27883,The One Hundredth
27889,The One With Ross' Sandwich
27894,The One Where Everyone Finds Out
27900,The One with the Ride-Along
27970,The One With Ross's Denial
27982,The One That Could Have Been - Part 1
27983,The One That Could Have Been - Part 2
27984,The One with Unagi
27987,The One with Mac and C.H.E.E.S.E.
27989,The One Where Paul's the Man
27991,The One with the Proposal (Part I)
27992,The One with the Proposal (Part II)
28009,Northern Explosion
28038,"Tony, the Patchmaker"
28042,Diet in Cell Block 11
28111,Sticks and Stones
28251,Redemption I
28405,The One With Ross' Library Book
28421,The One With Chandler And Monica's Wedding - Part 1
28422,The One With Chandler And Monica's Wedding - Part 2
28423,Spartacus: Blood and Sand
28423,Spartacus: Gods of the Arena
28423,Spartacus: Vengeance
28423,Spartacus: War of the Damned
28540,The One After I Do
28585,The One with Ross's Step Forward
28643,The One in Barbados (Part I)
28644,The One in Barbados (Part II)
28661,The One After Joey & Rachel Kiss
28665,The One Where Rachel's Sister Baby-Sits
28677,The Last One (Part I)
28678,The Last One (Part II)
28757,Episode 2.2
28758,Episode 2.3
28759,Episode 2.4
28760,Episode 2.5
28761,Episode 2.6
28762,Episode 2.7
28944, A Shield for Murder (1)
28945, A Shield for Murder (2)
28955,Kojak's Days I
28956, Kojak's Days II
28962,Lady in the Squadroom
28975,The Summer of '69 (1)
28976,The Summer of '69 (2)
28986,Photos Must Credit Joe Paxton
29055,Last Drive In
29314,Nane's Ghost (1)
29315,Nane's Ghost (2)
29429,Heroes And Demons
29526,Samurai Champloo
29602,There Goes The Bridge
29612,Another Single Parent
29785,The Fisher King: Part II
29796,"Profiler, Profiled"
29850,Fixer Upper
29852,Murder -- According to Maggie
29865,Shadow Markets
29920,Trials & Tribulations
29923,Family Jewels
29939,The Skinny According to Nick Cullhane
29965,The Mom and Pop Store
29971,The Highlights of 100: Part 1
29972,The Highlights of 100: Part 2
30016,The Friar's Club
30046,The Millennium
30063,The Strong Box
30070,The Chronicle (1)
30112,The Perfect Week
30262,Squeeze Box
30483,Go Fight City Hall... to the Death!
30517, The Trophy (1)
30518, The Trophy (2)
30618,Snake Eyes (1)
30754,Redemption II
30761,Unification (Part 2)
30938,The Heart Of Rock 'N' Roll
30942,There Goes the Neighbourhood
31068,We're outta here (2)
31558,Robots Versus Wrestlers
32179,Til Death Do Us Part (1)
32180,Til Death Do Us Part (2)
32185,My Name Is Inmate (1)
32186,My Name Is Inmate (2)
32191,Our Other COPS Is On! (1)
32192,Our Other COPS Is On! (2)
32198,I Won't Die with a Little Help from My Friends (1)
32201,No Heads And A Duffle Bag
32331,Darnell Outed (1)
32332,Darnell Outed (2)
32486,Thanksgiving '91
32494,Breaking Up Is Hard to Do
32520,Wait Till Your Father Gets Home
32566,White Men Can't Kiss
32567,Thanksgiving '94
32588,Halloween: the Final Chapter
32595,Thrilla Near Vanilla
32608,Heart & Soul
32632,"Into That Good Night, part 1"
32633,"Into That Good Night, part 2"
32730,Chromolume No. 7
32751, River of No Return (1)
33158,"Broken Bow, Part I"
33183,Shockwave (1)
33314,Better Together (WT)
33343,Time Warp 
33356,Mixed Signals
33406,The Depth Of Beauty
33407,Walk Softly Through the Night (1)
33408,Walk Softly Through the Night (2)
33442,"Games, Flames and Automobiles"
33462,Emergency One!
33484,Hunter ?? Hunter
33824,Caretaker Part 1
33830,Incursion (Part 1)
33831,Incursion (Part 2)
33848,Abracadaver
34265,T.K.O.
34366,"Birthright, Part I"
34366,All Good Things... (Part 1)
34367,All Good Things... (Part 2)
34371,Dishpan Man (1)
34371,Dishpan Man - Part 1
34372,Trial By Fire - Part 2
34373, Firing Line - Part 3
34550,"Are You There, God? It's Me, Dean Winchester"
34680,Chrno Crusade
34776,Record of Lodoss War: Chronicles of the Heroic Knight
34829,Caretaker Part 2
34945,The Killing
35057,Earth Maiden Arjuna
35425,Feel a Whole Lot Better
36194,Re-Entry
36204,Denoument
36346,Ikki Tousen
36783,Lois' Birthday 
36789,High School Play 
38127,A Friend in Need Part I
38427,In Which Addison Has A Very Casual Get Together
38431,In Which We Meet Addison 
38528,Gunbuster
39016,Lost and Found
39434,Hello?
39464,LAT 40 Degrees 47 Minutes N / Long 73 Degrees 58 Minutes W
39629,"Nameless, Faceless"
39645,A Solitary Man
39648,A Thousand Words
41504,Last Voyage Of The Demeter
41853, Basics - Part 1
42591,Loyalty: Part 1
42606,Basics - Part 2
42629,Scorpion - Part 1
42699,The Adventures of Pete and Pete
42823,I Call Him Magoo
42861,Darkness & Light
43072,Grissom vs. The Volcano
43086,Nach 6 im Zoo
43301,Rory's Gotta Girlfriend
43305,"Drummer Boy, Part I"
43306,"Drummer Boy, Part II"
43315,"Sort of an Officer and a Gentleman, Part I"
43316,"Sort of an Officer and a Gentleman, Part II"
43930,"Goodbye, Part I"
43931,"Goodbye, Part II"
43940,"Opposites Attract, Part I"
43941,"Opposites Attract, Part II"
43945,"Let's Keep Going, Part I"
43946,"Let's Keep Going, Part II"
43950,"Finale, Part Un"
43951,"Finale, Part Deux"
44426,Ton-An Enterprises
44447,Year of Hell - Part 1
44448,Year of Hell - Part 2
44457,The Killing Game - Part 1
44458,The Killing Game - Part 2
44524,Saviour
44582,The Ellen Show
44788,Tennis Coach
44792,Princetown Girl
44793,A Very Cool Christmas
45462,Joel's Day Off
46125, River of No Return (2)
46141,Stakeout at Surfrider Beach
46445,The Bus Pants Utilisation
46545,Hey Dude!
46559,Ms. Mom
46567,The Road to Washington (1)
46568,The Road to Washington (2)
46631,Born Again
46681,Goodbye Mr. Fish
46681,Mr. Fish
46684,The Shirt Story
46690,Knight to Knight
47123,All's Fair
47750,The Hunters
47753,I'll Ride with the Wind
48464,Master Key
48529,4 x 4
48534,Grave Danger
48535,Grave Danger: Part 2
49039,The Crazy B**** Gazette
49039,The Crazy B... Gazette
49452,Condemned to Repeat
49805,As Long as We're Together: Episode 2
50350,Wedding From Hell
50352,The Truth Is Out There ... and It Hurts
50615,Sun on the Stubble
50648,Crossed Connection
50826,A Ghost of a Chance
50836,Guilty Till Proven Innocent
50844,Women of Valour
50847,Whatever Happened to Morris Pearlmutter?
50861,D??j?? Boo
51134,Legends of Lust
51300,Sylvia: Episode 1
51301,Sylvia: Episode 2
51631,"Apocalypse, Not"
52104,Dragon Ball Z: Wrath of the Dragon
52331,Witchblade
52334,Berserk
52365,Great Teacher Onizuka
52414,Wei??kreuz
52447,Crazy Ten Minute Sale
52571,Times Are Changing: Episode 2
52574,Pilot
52652,Touch Me I??m Going to Scream
52769,Lonesome Showdown
52772,Something Good Coming (Part 1)
53306,9?? Hours
53459,Don't Rain on Justin's Parade- Earth
53462,Don??t Poke the Leprechaun-Shillelagh
53464,Wizards for a day
53466,Healthy Eating
53467,"Wake Up, Break Up, Shake Up"
53997,A Bullet Runs Through It (Part 1)
54003,"Kiss Kiss, Bye Bye"
54012,Bang Bang
54022,"You Muse, You Lose"
54035,"Alex Russo, Matchmaker?"
54036,Delinquent Justin
54275,Mortal Kombat: Conquest
54371,"Something Worth Fighting For, Part One"
54600,She's a Super Sneak
54602,It's My Party And I'll Lie If I Want To
54603,Grandma Don't Let Your Babies Grow Up To Be Favorites
54604,It's a Mannequin's World
54606,"Ooo, Ooo, Itchy Woman"
54608,Oops! I Meddled Again
54618,My Boyfriend's Jackson & There's Gonna Be Trouble
54619,We Are Family: Now Get Me Some Water!
54759,The Oath
54981,Bolo
55173,Pilot
55369,Coon 2: Rise of Captain Hindsight
55371,Coon vs. Coon & Friends
55423,And Lots of Security...
55517,Il raduno
55575,Get Down Study-udy-udy
55578,My Best Friend's Boyfriend
55579,Take This Job And Love It
55582,Achy Jakey Heart: Part 2
55590,I Want You To Want Me To Go To Florida
55598,Bye Bye Ball
55599,We Are So Sorry Uncle Earl
55601,We Were In This Date Together
55603,Joanie B. Goode
55653,Darker than Black
55930,The Sue Sylvester Shuffle
55930, The Sue Sylvester Bowl Shuffle
55945,Witch Hunter Robin
56159,We three Kings
56411,K-On!
56589,Parks & Recreation 
56953,"De Do Do Do, De Don??t Get Married"
56962,Can't Get Home To You Girl
57236,"Built To Kill, Part 1"
57237,"Built to Kill, Part 2"
57240,Fannysmackin'
57257,Leapin' Lizards
57258,"The Good, the Bad and the Dominatrix"
57259,Living Doll - Part 1
57448,Guinea Pig
57980,Death Stalks the Big Top: Part 1
57981,Death Stalks the Big Top: Part 2
58000, Love and Marriage (1)
58030,The ABCs of Murder
58034,Murder Two: Part 1
58035,Murder Two: Part 2
58056,Oh Come All Ye Faithful
58132,Who Threw the Barbitals in Mrs. Fletcher's Chowder?
58134,Curse of the Daanav
58136,Murder Through the Looking Glass
58168,Take Me Out to the Ball Game
58280,Dead Doll - Part 2
58283,The Case of the Cross Dressing Carp
58296,For Gedda (1)
58333,Godzilla: The Series
58397,The Tears of Uther Pendragon (Part 2)
58398,Goblin's Gold
58408,The Coming of Arthur
58418,The Wearing of the Green
58425,From Russia...with Blood
58433,"Mirror Mirror On the Wall, Part 2"
58558,Retribution: Part 1
58578,The Sixteen-Millimeter Shrine
58919,Abra-Catastrophe!
58956,Vanishing Act Part 1
58957,Vanishing Act Part 2
59289,The Last Laugh: Part 1
59290,The Last Laugh: Part 2
59569,The Fantastic Hounds
59570,The Secret of the Tomb
59572,The Licorice Kid
59577,The Woman in Black
59578,The Dungeons of the Chateau Rouge
59989,The Darkest Hour (Part 1)
59990,The Darkest Hour (Part 2)
59999,The Hunter's Heart
60200,What a Lovely Landing Strip
60221,The Agony and the Ex-tacy
60237,A 'Vogue' Idea
60489,Allegra Calderella
60522,The Monster (1)
60523,The Monster (2)
60646,"Loss, Love and Legacy"
60679,Poirot
61371,My Johnnie Lies Over the Ocean
61374,Footnote to a Murder
61683,Genesis: Part 1
61714,"No Shoes, No Servic"
61766,What's the Good of Being Good
62011,Jess and Julia
62028,Dead and Buried
62093,Supply and Demand
62627,Sins of the Father: Part 1
62628,Sins of the Father: Part 2
62689,If I Hadn't Forgotten...
63097,Puella Magi Madoka Magica
63566,Charmed Again
63581,The Fifth Halliwell
63642,A Tangled Webb: Part 2
63655,People vs. SecNav
63830,The First
63849,All the Presidents' Heads
63891,Motherfucker
64862,Prototype
65078,There Will Be Blood... Type A.
65169,Spring Smackdown
65243,American The Inbetweeners Remake
65358,A Witch's Tail: Part 1
65359,A Witch's Tail: Part 2
65366,Daddy Dearest
65367,Y Tu Mummy Tambi??n
65373,Baby's First Demon
65379,Oh My Goddess: Part 1
65380,Oh My Goddess: Part 2
66414,Last Year's Model 
66795,Homicide: Life on the Street
67068,Look Who's Taunting
67219,From Childhood's Hour
67337,Mr. Hose Says 'Yes'
67485,Apple Red as Blood
67549,Whassup
67551,The Big O
67895,"Now and Then, Here and There"
68290,Body & Soul
68332,I??ll Be There for You
68933,3rd Wheel
68995,Walter & Edith Krieger
69334,"Fancyman, part 1"
69560,"Duke's, We Hardly Knew You"
69563,Adventures in Paradise (1)
69569,"Fool Me Once, Shame On You..."
69578,"Agents in America, Part III"
69578,Agents in America 
69877,You Can Never Go Home Again
70054,Big Double Dutch Tournament
70079,Now We're Even
70081,The Magician's Code (Part 1)
70081,The Magician's Code Part One
70082,The Magician's Code (Part 2)
70097,Roz's Krantz & Gouldenstein are Dead
70338,Jenny's Chance
70341,Kidnapped
70342,Rush to Judgement
70377,Spies and Lies
70393,Mel and Joe's Anniversary
70493,Game of Thrones
70575,Frasier's Gotta Have It
70675,The Final Page: Part One
70675,The Final Page: Part 1
71052,You Know What the Lollipop Is For
71157,Lost Traveler
71176,Short-Sighted
71187,Father's Day
71545,Con-Heir
71826,Fa??ade
71938,Legacy: Part 1
71938,Legacy (1)
71939,Legacy: Part 2
71939,Legacy (2)
71944, A Separate Peace (1)
71945, A Separate Peace (2)
71961,Adrift (1)
72024,Ben? Her?: Part 2
72084,The Dream of a Ridiculous Man
72311,Harry's Will
72322,"Faith, Hope & Charity"
72324,Trial of Tears
72335,Adrift (2)
72343,Dog Robber: Part 1
72344,Dog Robber: Part 2
72382,The Final (2)
72389,The Phantom Menace
72562,"Authorized Personnel Only, part 1"
72563,"Authorized Personnel Only, part 2"
72568,D??tente
72598,2?R
72676,A Tangled Webb: Part I
72680,Law & Order: Los Angeles
72711,We'll Always Have Bourbon Street
72721,Halloween (Part 1)
72722,Halloween (Part 2)
73078,"Dude, Where's My Husband?"
73106,A Reunion...
73107,Love and Monsters...
73108,Sexy People...
73109,It's a Miracle...
73110,Whatever It Takes...
73111,Bar Lies...
73112,A Weekend in the Hamptons...
73113,Paris...
73114,The Scarlet Neighbor...
73115,Mean Girls...
73116,Dating Games...
73117,Spice and Wolf
73157,A New Life: Part 1
73158,A New Life: Part 2
73536,Gypsy Eyes (2)
73569,The Final Page: Part Two
73569,The Final Page: Part 2
73575,Weekend at Barney's
73815,Forbidden Paradise: Part I
73832,Free Fall
74006,Gunz 'N Boyz
74144,Eel Nino
74254,Baywatch Down Under: Part I
74255,Baywatch Down Under: Part II
74285,You Can't Win Em All
74318,"Mahalo, Hawaii: Part II"
74335,Maui Xterra
74336,Baywatch O'Hana
74432,Ex Files
74540,"Run, Steven Staven! Run!"
74662,"Baby, It's You"
74889,The Poet's Fire
74897,Whips and Regret
74907,Color Blind
74912,"The Box, part 1"
74913,"The Box, part 2"
74975,The Leak...
74976,Monday June...
74977,Teddy Trouble...
74978,The D...
74979,The Seven Year Bitch...
74980,Using People...
74981,Ocupado...
74982,Original Bitch...
75002,Nor'easter
75195,Refuge: Part 1
75528,Keep the Peace - Part One
75529,Keep the Peace - Part Two
75595,Mother's Milk
75659,Vanity's Bonfire
75665,Monster's Legacy
75694,Martin Davich
75698,Ames vs. Kovac
75703,Tell Me No Secrets...
75917,Hope & Faith
75922,Summary Judgement
76361,The Outcast (1)
76362,The Outcast (2)
76373,The 17 Year Itch
76375,Isn't It Romantic?
76382,It's Only a Test
76494,The Fortune (1)
76495,The Fortune (2)
76500,The Final Affair (1)
76501,The Final Affair (2)
76545,All That Glitters (Part 1)
76631,"Planes, Trains & Cars"
76687,What's in a Name?
76712,Everybody's Favorite Bagman
76721,The Torrents of Greed: Part 1
76722,The Torrents of Greed: Part 2
76725,The Serpent's Tooth
76727,Sonata for Solo Organ
77047,"You've Dug Your Own Grave, Now Lie In It."
77049,Messin' With The Kid
77058,Screenwriter's Blues
77136,His Time Upon the Stage
77152,Everybody's Crying Mercy
77359,Ky??kai no Kanata
77405,Diary of a Perfect Murder (1)
77406,Diary of a Perfect Murder (2)
77411,The Don (1)
77412, The Don (2)
77423,The Court-Martial: Part 1
77424,The Court-Martial: Part 2
77448,"The Twins, the Trustee, and the Very Big Trip"
77462,It's a Totally Happening Life
77464,Midlife... Now What?
77631,Passed Pawn
77694,Golden Triangle (1)
77694,The Golden Triangle (1)
77733,The Power Brokers
77855,The Prodigal Son (1)
77921,Slapsgiving 3: Slappointment in Slapmarra
77921,Slapsgiving 3
77995,Buds-n-buns
78058,And Did It... My Way
78063,Somewhere in the World It's Christmas
78075,Cosmos: A Spacetime Odyssey
78226,Down For The Count (1)
78227,Down For The Count (2)
78229,Duty And Honor
78314,5 O'Clock Charlie
78315,Radar's Report
78321,Dear Dad... Three
78326,Hot Lips and Empty Arms
78597,Hate Is Just a Four Letter Word
78837,We're Going to Disney World (1)
78838,We're Going to Disney World (2)
78898,What's Wrong with Norman
78930,Revolution #9 1/2
78965,"Mail Call, Again"
78972,Smilin' Jack
79098,Margaret's Engagement
79120,Margaret's Marriage
79184,Pilot
79270,Buffalo Gals 
79272,Everything's Coming Up Roses
79440,"Last Forever, Part 1"
79441,"Last Forever, Part 2"
79457,Paris Vacation (1)
79458,Paris Vacation (2)
79459,Paris Vacation (3)
79730,Jimmy's Fake Girlfriend
79849,Guerilla My Dreams
79855,Mr and Mrs Who?
79861,"Yessir, That??s My Baby"
80093,Dark Frontier: Part 1 / Dark Frontier: Part 2
80183,The Way We Weren't
80196,The Elephant's Father
80204,Aunt Bea's Pickles
80494,A Small Nervous Breakdown and a Misplaced Fork
80665,Dealer's Choice
80666,"Don't Ask, Don't Tell"
80810,Father's Day
80883,The Thrill Killers: Part 1
80884,The Thrill Killers: Part 2
80953,The Stand In
80955,The Raincoats - Part 1
81174,You've Got to Hide Your Love Away
81297,"Burn, Witch. Burn!"
81305,Seven Wonders
81332,To'hajiilee
81600,The Second Soul
82080,Stitch in Time
82703,A Special Edition
82917,Don't Eat the Snow in Hawaii (1)
82953,A New Kind of Family Christmas
83724,The Sound Of Loneliness
84012,Joyride
84154,The Boys of Sutton Place 
84490,I'll Remember
84900,Dry Bones that Dream
86737,The Fj??llbacka Murders
86905,Of Course He's Dead -- Part One
86905,Of Course He's Dead - Part 1
86906,Of Course He's Dead -- Part Two
86906,Of Course He's Dead - Part 2
86912,Bend and Break
86917,The Bed's Too Big Without You
87067,Shasta
87803,In other circumstances
87907,The Pursued: Episode 1
88677,Nymphs
88694,Larry's Wife
88710,A Hard Jay's Night
88714,"The Wedding, Part 1"
88715,"The Wedding, Part 2"
88777,Lawnmower Maintenance And Postnatal Care
90043,hue color
90204,Inspector Dupin
90617,Sam.....Darling
90700,Murder by the Lake
90899,What Happened and What's Going On
91447,"AKA 1,000 Cuts"
91449,AKA Take a Bloody Number
91853,The Cartel
92414,Embarrassment Chapter
92527,The Young Montalbano
92685,"Thank Heaven for Little Girls and Big Ones, Too"
93592,Episode #2.1
93593,Episode #2.2
93594,Episode #2.3
93595,Episode #2.4
93596,Episode #2.5
93597,Episode #2.6
93641,Disappeared - The M.P.U.
94237,Thicker Than Water
94525,Massacres and Matinees
94526,Edward Mordrake (Part 1)
94728,Scent of Darkness
94821,Kir'Shara
94830,"In a Mirror, Darkly (1)"
94831,"In a Mirror, Darkly (2)"
94834,These Are the Voyages??
94966,Hostage of Fortune
95027,Beck ?? The Money Man
95027,The Money Man
95086,Dicte ?? Crime Reporter
95277,Badabun brou
95443,Sebastian Bergman
95486,The Man with the Icons
95902,You're Not Yelping
96526,That's Life
96697,Die Wallensteins
97442,Witnesses
97508,Buried Alive
97773,"Forced Family Fun, Part 1"
97800,R. I. S. ?? Die Sprache der Toten
98417,Nordic Murders
98525,In the Dead of Night
99011,Ceredigion
99012,The Tale of Nant Gwrtheyrn
99013,Dark River
99669,The Nightmare in the Nightmare
100235,Long Dark Night
100366,Betty's Wait Problem
100405,The Last Day
101079,Pl??tzlich Papa ?? Einspruch abgelehnt!
101264,Iceland Murders
101475,Dressed for Success
101478,The Courtship of Betty's Father
101493,The 2-2
103111,Trompe L'Oeil
103196,Desparate Parents
103530,The Daddy Whisper
103531,A Wheeler Family Christmas Outing
103945,I'm Not That Guy
103947,The Wheeler and Dealer
103950,Ben's Big Gaycare Adventure
103990,Italy (1)
104317,The Quiche of Death
104366,eps1.0 hellofriend.mov
104460,Life's a Beach
104522,We're Not in Kansas Anymore
105453,Lowering the Bars
105455,Parental Guidance 
105457,Til Dress Do Us Part
105758,Luke Cage
105992,Love & Carriage
106395,The Little Murders of Agatha Christie
106483,Suck Me Shakespeer
106759,Circle Of Driving
106779,George Gently 
106881,What's Eating Dexter Morgan?
107939,I Wasn't Ready
108406,Little Mustachioed S...
108409,We Have Manners. We're Polite.
108583,Sound Wars
108749,Mother's Day
108843,eps2.0_unm4sk-pt1.tc
109021,Halloween IV: Revenge of Rod Skyhook
109266,Spin
109307,Der Dicke
109370,What We Owe Each Other
109509,A Tittin' and a Hairin'
109527,Piece of Sh*t
109534,Toasts Can't Never Be Bread
109710,Das Pubertier TV-Serie
109858,Shades of Guilt
110095,The Day Will Come When You Won't Be
111032,Colour Wars
111065,Hi Diddle Riddle
111068,The Penguin's a Jinx
111070,Batman Is Riled
111080,"He Meets His Match, The Grisly Ghoul"
111081,True or False-Face
111082,Holy Rat Race
111086,"Not Yet, He Ain't"
111587,Rebecka Martinsson: Arctic Murders
111834,"The Weiner, the Bun, and the Boob"
111941,Dragon's World: A Fantasy Made Real
112300,"Darkness Rising, Part 1"
113521,The Slave
113521,Check to the Queen
114064,Midnattssol
114180,Three Wise Men
114222, The Beefcake and the Cake Beef
114751,LA DA Story
114943,Pilot
115357,The Problem ??t Sea
115362,Peril at the End House
115863,??-Centauri
116035,The Secret of the Sahara
116445,A. P. Bio
117241,"Enter Batgirl, Exit Penguin"
117251,Londinium
117252,Londinium
117269,Walk the Straight and Narrow
117293,Marsha's Scheme of Diamonds
117307,The Joker's Hard Times
117419,New Paths
117420,Secret Missions
117422,Doubts
117423,Loyalty
118089,Agatha Christie: Partners in Crime 
118089,Agatha Christie's Partners in Crime
118156,The Miracle
118408,Curtain: Poirot's Last Case
118408,Curtain: Poirot's Final Case
118445,The Copied Crusader
118507,Sanctuary City - Part Two
119295,Shakespeare & Hathaway
119295,Shakespeare and Hathaway: Private Investigators
121927,The Suicide Squad
122610,Double-Edged Sword
122615,"100th Episode, Part 1"
122616,"100th Episode, Part 2"
122654,"The One Wherein There Is a Big Twist, Part II"
122674,Captain Hero and the Cool Kids
122702,Rick Potion No. 9
123115,The Problem with a Poo
123140,Migrations secr??tes
123140,Secret Migrations
123346,"Hey, Baby, What's Wrong?: Part 2"
123528,The Butcher's Knife Cares Not for the Lamb's Cry
123546,The Sounds of Thunder
123568,Email Surveillance
123595,Phyllis's Wedding
123602,The Job (part 1)
123630,Traitor's Gate
124020,Boys' Club
124084,"Win, Lose, or Draw"
124161,Recipe for Death II
125006,"Mary, Joseph, & Larry"
125302, Employee Appreciation
126470,Colours
126484,The Living Room: A 100 Percent True Story
126563,Mary Jane's Last Dance
126771,Weight Loss (part 1)
126772,Weight Loss (part 2)
126786,Lecture Circuit (part 1)
126789,Fun Run (part 1)
126796,Money (part 2)
126814,Niagara (part 2)
126905,Finale (part 1)
126907,The Tragedy at Marsden Manor
127177,A God Walks into Abar
127247,Perfect Life
128014,Lost Light
129551,The Standoff
129772,Star Wars: The Mandalorian
130341,Survival Strategies
130342,Inconvenient Alliances
130344,The Dice Have Fallen
130345,Command to Kill
130346,Final Decisions
130347,Head to Head
130348,On the Other Hand
131344,A Capella
131222,One and a Half Prince
132270,Crisis on Infinite Earths: Hour One
132787,black-ish
132902,justakidfromcompton
133842,My Brilliant Friend
134774,Novotny & Maroudi ?? Zahng??tter in Wei??
135060,Crisis on Infinite Earths (5)
135104,Anne with an E
135361,The Big Five of Asia
135470,Dream Horders
135524,Hey There Delilah
135658,"Are You Right There, Father Ted?"
135663,Kicking Bishop Brennan Up the A...
136424,Fire (Part 1)
136425,Fire (Part 2)
136809,Hudson and Rex
136854,Crisis on Infinite Earths (2)
138276,Finale (1)
138277,Finale (2)
138325,Endings and Beginnings
138328,The Survivors
138329,Adam and Eva
138330,The Origin
138332,Light and Shadow
138333,Between the Time
138334,The Paradise
138448,My Hero Academia
139490,The Thing That Wouldn't Die (Part 1)
139491,The Thing That Wouldn't Die (Part 2)
140123,Call My Agent!
140521,Sommerdahl Murders
141807,AKA The Perfect Burger
141808,AKA You're Welcome
141809,AKA I Have No Spleen
142513,the art of crime
142539,Rapunzel's Tangled Adventure
142657,The Guide to Surviving Life 
143427,McDonald and Dodds
143799,Casualty of War
144441,A Jewish Girl Walks Into the Apollo??
145126,"The Blackout, part I: Tragedy Porn"
145127,"The Blackout, part II: Mock Debate"
145359,"Post Hoc, Ergo Propter Hoc"
145361,F??nf Stimmen zur Mehrheit
145363,Mr. Willis aus Ohio
145364,Das Staatsbankett
145365,Gegner
145366,Die engere Wahl
145367,In Excelsis Deo
145368,Lord John Marbury
145369,Der Pr??sident in Bedr??ngnis
145370,Die gro??e Entr??mpelung
145371,Das hei??e Eisen
145372,Der Geheimplan
145373,Schlaflos in L.A.
145374,Von Frau zu Frau
145375,Viel Arbeit bis zur Pause
145376,Lass Bartlet Bartlet sein
145377,Obligatorische Mindeststrafe
145378,Parteispenden
145379,Was f??r ein Tag
146172,Nora from Queens
146385,Happily Married
147427,The Molecule That Made Us
147852,Africa River Wild
149304,Dear Mrs. Kennedy
149539,The Ride Along
149544,Perverts and Whores
149556,Mad Dogs and Englishmen
149637,"Forty, part 1"
149638,"Forty, part 2"
150960,Charkh
152246,We Children from Bahnhof Zoo
154489,The Godfather Saga
156668,Smoulder to Life
158217,Kingdom Hearts: Birth by Sleep
158502,Unit 42
158677,Kingdom Hearts 358/2 Days
163530,Acheron: Part 1
163531,Acheron: Part 2
164084,The Pyramids: Solving the Mystery
166659,Para - We are King
166667,The Last Word
168688,Going Places!
168713,Doctor Barney is Here!
168715,Episode 28
168729,Barney's Night Before Christmas
170456,Arrivals and Departures
170724,Back-up Plan 
171160,????????? ?????????
171946,Cocomelon MUSIC
173054,The Hidden Life of Trees
175395,Behti Hawa
175408,"If eye see you and if You don't speed, that means IDFW speeding with you"
176342,Everyday Is a Holiday (With You)
176727,Chivalry and Betrayal: The Hundred Years' War
180512,Money Heist
180536,Attack on Titan
180565,One-Punch Man
180828,Squid Game
181158,Sonic Adventure
181158,Sonic Advance 3
181388,Haunted by the Past
181503,The Trial of a Time Lord X
181504,The Trial of a Time Lord XI
183271,Grand Th eft Auto: Vice City
184940,The Samurai in Berlin
186011,Two Guys and a Girl
187706,Detective Conan: The Scarlet Alibi
188513,There Is a Tide...
188581,Soil
189353,Trollhunters
190933,Crisis Point ???: Paradoxus
971,The One with the East German Laundry Detergent
973,The One with the Blackout
1020,The One With Ross' New Girlfriend
1118,The One with the Wedding Dresses
1708,Stargate Atlantis
1764,That '70s Pilot
2733,The Simpsons Movie 2
5131,The lost son
5131,Episode 2: The lost son
5134,Episode 5: Compromisses
5135,Episode 6: The Harvest
5136,Episode 7: Arkadia
6234,Stop! Or My Dog Will Shoot
6240,Another Simpson Clip Show
6247,Grandpa vs Sexual Inadequacy
6259,'Round Springfield
6260,Springfield Connection
6263,Who Shot Mr. Burns?: Part 1
6449,Jazzy & The Pussycats
6452,G.I. D'oh!
6648,Moe'N'a Lisa
6649,Ice Cream of Margie (with the Light Blue Hair)
6651,Kill Gil
6666,Bonfire of the Manatees
6669,Treehouse of Horror 16
6674,Simpson Christmas Stories
6676,We're on the Road to D'owhere
6686,Homer and Marge Turn a Couple Play
6823,Poppy's By the Tree (1)
6840,Impo-Dent
6857,Who Shot Mr. Burns?: Part 2
6859,Home Sweet Home-Dum-Diddly Doodily
6866,The 138th Episode Spectacular
7264,El Viaje Misterioso de Nuestro Homer
7264,El Viaje Misterioso de Nuestro Jomer (The Mysterious Voyage of Our Homer)
7322,Husbands & Knives
7330,Treehouse of Horror II: A Simpsons Halloween
7470,"Brother, Can You Spare Two Dimes?"
7470,Brother Can You Spare Two Dimes?
7472,The City of New York v. Homer Simpson
7489,The Last Temptation of Krusty
7526,Treehouse of Horror 15
7546,"Father, Son and Holy Guest Star"
7573,'Tis the 15th Season
7579,Smart and Smarter
7582,Wandering Juvie
7605,So It Has Come to This: The Simpsons Clip Show
7605,So It's Come to This: The Simpsons Clip Show
7618,$pringfield
7663,Homer vs. the Eighteenth Amendment
7676,D'oh-in in the Wind
7706,"Alone Again, Natura-Diddily"
7758,I Am Furious 
7724,The Worst Episode Ever
7730,Bye Bye Nerdy 
7731,Simpsons Safari
7744,Hunka Hunka Burns in Love
7762,Papa's Got a Brand New Badge
7764,Bart vs Lisa vs the 3rd Grade
7768,Special Edna (a.k.a. Love and Marking)
7776,C.E. D'oh
8586,Children of the Decree
8907,Hier ?? Eden
8925,La f??te de la fille morte
8930,Modern Life
8979,Trahir /director/radu mihaileanu
11735,Chen Mo and Meiting
12015,Ted Mosby: Architect
12015,Ted Mosby
12188,Animals in Love
12324,The Storm (1)
12325,The Eye (2)
12336,The Siege: Part 3
12431,The Sky Crawlers
12997,The Harder They Fall
12998,"A Three Job, No Income Family"
13000,Married ... with Prom Queen (1)
13005,"Here's Lookin' at You, Kid"
13017,It's a Bundyful Life (1)
13018,It's a Bundyful Life (2)
13021,You Gotta Know When to Hold 'Em: Part 1
13022,You Gotta Know When to Fold 'Em: Part 2
13024,Raingirl
13027,The Agony of Defeet
13051, You Better Shop Around (1)
13052, You Better Shop Around (2)
13063,Buck Has a Bellyache
13065,God's Shoes
13085,T-R-A-Something-Something Spells Tramp
13096,The Wedding Show 
13099,Mr. Empty Pants
13547,Das Schweigen der Quandts
13549,Salt - Tears of the Earth
13854,Mypods and Broomsticks
13862,"Waverly Hills, 9021-D'Oh"
14033, The Fourth Horseman (2)
14668,Surviving the Terror
14762,Commune of Bliss
14905,Hood 'n The Boyz
14916,Dances with Weezie
14953,zionist war for israeli state
14954,zionist war for israeli state
15066,Ong-Bak: Muay Thai Warrior
15099,vanessa
15134, My Finale (2)
15203,I Want My Psycho Dad: Part 2:-Second Blood
15216,Ship Happens: Part 1
15423,Ship Happens: Part 2
15431,cinema
15453,Slayover
15524,The Shiksa Indeterminacy
15524,The Porkchop Indeterminacy
15787,Lupin III: Dead or Alive
17629,Harper's Island
17868,Past and Presents
19639,To Hell ...
20011,Body Without Soul
20068,Camel Filters and Pheremones
20248,The Vegas Renormalisation
20322,Dekalog
20877,Boardroom and a Parked Place
20890,"Sex, Losers and Videotape"
21427,View from up Here
21924,Irene
21928,With One Voice
21943,The One with the Cast of Night Court
22121,Whose Mom Is It Anyway?
22176,A Gay; December Romance
22193,One Gay at the Time
22200,Queens for a Day (1)
22201, Queens for a Day (2)
22210,The Blond Leading the Blind
22236,Partnes'n'Crime
23237,Pluie du Diable
23319,The Black Forest Clinic
24911,"Wild Roses, Tender Roses"
24956,The Protectors
25308,Dealbreakers Talk Show #0001
26137,Che: Rise and Fall 
26629,...And the Bag's in the River
27352,Journey's End
28917,Seventh Heaven
29267,Old Pretty Woman
29561,Jackie and Hyde Get Busted
29562,Kitty's Pregnant
29563,Kitty's Parents Come to Visit
29564,Promise Ring Redux
29566,The Gifts
29568,"Ow, My Eye"
29569,The S.A.T.s
29571,Jackie's Cabin
29572,Get Off My Boyfriend
29574,Eric and Donna Play House
29575,The Silent Treatment
29576,Pioneer Days
29577,Job Fair
29578,Jackie's in the House
29579,Jackie Moves In
29581,Fez Gets Dumped
29582,The Nurses Are Coming
29583,Hyde Loves Jackie
29584,Fez Gets Busted
29585,Graduation
29618,Housekeepers Unite
29879," Up, Up and Away "
29895,Barbie In A Mermaid Tale
30110,Girls Versus Suits
30619,Snake Eyes (2)
31633,Beauty and the Beast (Part 1) 
31635,Beauty and the Beast (Part 2) 
32125,Stellvia
32682,The Great Pretender
33061,K11 ?? Kommissare im Einsatz
33450,Hawaii 5-0
33482,Bokurano
34190,"Harvey Birdman, Attorney at Law"
34460,"Lucy, the Daughter of the Devil"
34667,Voltron
34674,Stroker and Hoop
34775,Record of Lodoss War
35213,Moon Man
36979,A Single Blade of Grass
38495,Vampires in Havana
38753,Diagnosis: Murder
39195,The Old Fox
39284,Highlander: The Series
39316,Naruto: Shipp??den
39336,Tokyo Trial
39368,Niedrig und Kuhnt ?? Kommissare ermitteln
39754,"Oh Brother, Where Bart Thou?"
39759,The Colour Yellow
39871,Mr. and Mrs. Kabal's Theatre
41125,Wonder Pets!
41186,Megafactories 
41209,Bannertail: The Story of Gray Squirrel
41367,The little knight Fridolin
41618,The Border
42379,Dorothy Of Oz
42652,Children Who Chase Lost Voices from Deep Below
42652,Children Who Chase Lost Voices
43092,Die Bergwacht
43119,Leipzig Homicide
43220,"Pass, Not Pass "
43367,Bakugan Battle Brawlers
43700,Disney Good Luck Charlie
44107,Hell on Wheels 
44552,A Lesson of Belarusian
44880,Dragonlance: Dragons of Autumn Twilight
46614,The Tears of Uther Pendragon (Part 1)
46908,Game in the Sand
46910,The Unprecedented Defence of the Fortress Deutschkreuz
46911,Precautions Against Fanatics
46913,No One Will Play with Me
46916,Cheonggyecheon Medley
47140,Rowdy's Road Trips: 2004
47204,Mysterious Object at Noon
47783,The Hunchback of Notre Dame
47810,Peter Pan Begins
49049,"Dragon Hill, la colina del drag??n"
49099,The Cloud - Chernobyl and the Consequences
49133,The Monster
49580,Hashire Melos!
49581,Princess Arete
49933,Harlan ?? In the Shadow of Jew S??ss
50047,Dance to the Spirits
50144,The Pearl Hotel
50429,"Duch, Master of the Forges of Hell"
50511,Yemen T??rk??s??
50524,Pepolino and the Treasure of the Mermaid
50579,Sky Above and Mud Beneath
51033,"Winds of Sand, Women of Rock"
51659,The Bosom Friend
51703,Polluting Paradise
51946,Clannad
51970,Society
52087,Dragon Ball Z: Lord Slug
52156,Recipes for Disaster
52206,Amnesty! When They Are All Free
52426,Hellsing Ultimate
52906,Je Suis Une Amie
52908,The Badass Seed
53086,Grin Without a Cat
53086,The Base of the Air Is Red
53485,Moguls and Movie Stars
53843,Based Down South
53867,Thieves by Law
54055,My Greatest Escape
54855,The Mosquito Problem and Other Stories
54953,Sarah Palin: You Betcha!
55104,Wild Scandinavia
55184,Addicted to Acting
55618,Case Closed
55631,"Lisa Simpson, This Isn't Your Life"
55636,Moms I'd Like to Forget
55640,Angry Dad
55641,The Scorpion's Tale
55642,A Midsummer's Nice Dream
55968,In the name of God
55969,Kings & Queens
56237,The Eye of the Storm
56237, In the Eye of the Storm
57128,Vodka Factory
57725,Moon Sun Flower Game: A True Fairytale
57786,Persona: Trinity Soul
57833,Burst Angel
57836,Guilty Crown
57839,Maid Sama!
58552,A Killing on Carnival Row
58770,"Yobi, The Five Tailed Fox"
58922,The Pharaoh Who Conquered the Sea
59317,Bumming in Beijing: The Last Dreamers
59471,Disorder
59581,Mobile Suit Gundam SEED Destiny
59605,"Left, Right, Forward!"
59619,Nomad's Land ?? In the footsteps of Nicolas Bouvier
59622,Long Live Pakistan: Pakistan Zindabad
59643,Enemies of Happiness
59676,The Living Room of the Nation
59693,Renart the Fox
59742,Ode to Gallantry
59809,Legend of the Fox
59815,Shaolin Rescuers
60057,The Avengers - Earth's Mightiest Heroes
60073,The Beauty Exchange
60164,Wild Sky
60309,Kaleido Star
60323,L. A. Noir
60417,Into Our Own Hands
61388,Golden Slumbers
61503,Andy Warhol: A Documentary Film
61665,Crazy English
61676,Blood must flow
62287,The Shiny Trinket Manoeuvre
62964,Crude Oil
62966,American Dreams: Lost and Found
63676,The Specialist
63803,The Black Adder
63805,Blackadder the Third 
63806,Season 4
63838,In Public
64186,Ulrike Ottinger: Nomad from the Lake
64553,Travis McGee
64831,Adjustment & Work
64958,Disturbing the Peace
65328,Spartacus: Gods of the Arena
65813,The Haunted Castle
65966,Oxhide
66007,Ned's Declassified School Survival Guide
66307,A Sixth Part of the World
66308,The Eleventh Year
66417,A Picture of Innocence
66728,Everyday Life in a Syrian Village
66730,Minamata: The Victims and Their World
66735,Meishi Street
66736,Fighting Soldiers
66887,Forget Me Not
67015,Politically Inept With Homer
67016,The D'oh-cial Network
67024,A Totally Fun Thing Bart Will Never Do Again
67026,Ned 'n Edna's Blend
67413,"Fish, Underground "
67634,Three Sisters
67670,Mumbai Musical
67877,Taking Father Home
67991,"Dharavi, Slum for Sale"
68182,Voices of Transition
68192,Normal School
68454,Old Czech Legends
68691,Women of the World
69082,Ghost in the Machine
69093,Major Matt Moore
69185,Infernal Serpent
69311,Winter Nomads
69829,Winnie-the-Pooh
69831,Winnie-the-Pooh and a Busy Day
69833,Family Spirits
69890,In the Dark Room
69912,Closed Sea
70014,The Extraordinary Voyage
70109,School for Santas
70621,"I, a Negro"
70878,"I Lived, But..."
71490,Boomerang: Part 1
71491,Boomerang: Part 2
71782,Man Hunting: Redemption
71891,Man Hunting: Resurrection
72087,The Strange World of Coffin Joe
72531,Keham??lu
74074,Nobody's Perfect
74313,Naruto the Movie: Blood Prison
74503,The Cooper-Kripke Inversion
74959,Changing of the Guardian
75245,"Black Eyed, Please"
75250,Fabulous Faker Boy
75344,The Raiders Minimisation
75650,The Kid Is Alright
76546,All That Glitters (Part 2)
76629,The Missing Picture
76897,Wedding Bells (Part 1)
76898,Wedding Bells (Part 2)
79240,You Don't Have to Live Like a Referee
79243,What to Expect When Bart's Expecting
79246,Yellow Badge of Cowardge
79302,The Returned
81573,Advanced Advanced Dungeons & Dragons
83843,The Pearl Button
84843,Wednesday 07.19.61
84955,Snoopy and Charlie Brown: The Peanuts Movie
84955,Snoopy and Charlie Brown: A Peanuts Movie
85081,We Are Legion
85126,The Colonisation Application
85127,The Leftover Thermalisation
85410,The Kingdom of Dreams and Madness
85652,The Smurfs and the Magic Flute
85808,Finnish Blood Swedish Heart
85809,Cobain: Montage of Heck
85958,Nowitzki. The Perfect Shot
86062,Louisiana
86304,Bart's New Friend
86306,Walking Big and Tall
87045,In the Basement
87799,When Marnie Was There
88367,Y Gwyll
88372,Hinterland IV
88800,Kung Fu: The Legend Continues
90530,The Invasion
90747,Quiet Rage: The Stanford Prison Study
91857,Boy & the World
92081,Lisa with an 'S'
92386,The Music of Strangers: Yo-Yo Ma and the Silk Road Ensemble 
92416,Dice Killing Chapter One
92456,Masters of Phantoms
92545,Holocaust: Night Will Fall
92644,The Ballad of Midsomer
92772,The X-Files (season 10)
93242,Kirikou and the Men and Women
93621,Starless Dreams
93622,The Man from Macau
93869,Village Without Women
93889,Once Upon a Forest
93954,The Fortress
94381,Hubert ohne Staller
94704,Expedition to the End of the World
94724,Varg Veum: Buried Dogs
95045,Maria Callas Assoluta
95095,Right and Responsibility
96008,Journey to the Heart of French Cinema
96008,A Journey Through French Cinema
96909,That Boy Emil
97269,Going Clear 
99342,"Lo & Behold, Reveries of the Connected World"
99342,Lo and Behold
99509,The West
99709,Yellowbird
99803,Dragon Ball Z: Resurrection 'F'
99944,Tomorrow We Will See
101988,Hearts & Minds
102075,Acquitted
102110,Buridan's Ass
102114,Morton's Fork
103253,Planet Earth 2
103561,Room Number Two
103893,Pork & Burns
104264,The Great Phatsby 
104264,The Great Phatsby: Vol. I
104264,The Great Phatsby Part One
104265,The Great Phatsby: Vol. II
104265,The Great Phatsby: Part Two
104589,Phil??s Sexy Sexy House
105264,Narcos: Colombia 
105471,The Caper Chase
106369,The Mystery of Picasso
106455,Dirty Wars: The World Is a Battlefield
107109,Cutie & the Boxer
107448,The Piano Forest
107448,The Perfect World of Kai
108087,Wentworth Prison
108431,Speed: In Search of Lost Time
108435,The Decent One
108671,Time Is Illmatic
108694,Cain's Children
108695,10 Billion - What's on your plate?
109252,Chuck Norris vs Communism
109358,Mein Kampf
109472,The Bureau
109996,Hunter ?? Hunter: Phantom Rouge
110155,Hunter ?? Hunter: The Last Mission
110678,Louis Theroux: My Scientology Movie
110907,Under the Sun
110907,V paprsc??ch slunce
111219,Precinct Seven Five
111388,Naruto Shipp??den 6: Road to Ninja
111434,March of the Penguins 2: The Next Step
111464,Naruto Shippuden 7: The last Movie
111661,Detective Conan: Captured in Her Eyes
111662,Detective Conan: Countdown to Heaven
111663,In This Corner of the World
111664,Ingrid Bergman: In Her Own Words
111671,Detective Conan: The Fourteenth Target
111731,Detective Conan: The Phantom of Baker Street
111766,The Last of the Unjust
111928,The Four Sisters
111953,Tannbach
111953,Line of Separation
112061,Detective Conan: Crossroad in the Ancient Capital
112097,Alive Inside: A Story of Music and Memory
112132,Detective Conan: Magician of the Silver Sky
112252,Forget Me Not
112357,Detective Conan: Strategy Above the Depths
112486,Home Is Where the Art Isn't
112492,Detective Conan: The Private Eyes' Requiem
112631,My Brothers and Sisters in the North
112660,They called him Bulldozer
112759,Gintama: The Movie: The Final Chapter: Be Forever Yorozuya
112791,"Psalms of Planets Eureka Seven: Good Night, Sleep Tight, Young Lovers"
113136,Blue Exorcist - The Movie
113324,Hawking: Brief History of Mine
113347,Detective Conan: Jolly Roger in the Deep Azure
113385,Detective Conan: Full Score of Fear
113386,Detective Conan: The Raven Chaser
113690,Detective Conan: Private Eye in the Distant Sea
113811,Detective Conan: Dimensional Sniper
113836,Image Book
113836,The Image Book
114182,Detective Conan: Sunflowers of Inferno
114250,Detective Conan: The Darkest Nightmare
114292,The Swan Princess II: Escape from Castle Mountain
114625,When Paul Came Over the Sea
114748,FBI: The Untold Stories
114971,The Second Game
115102,The Longest Run
115436,The Great Pretender 
115845,Hollywood's Brightest Bombshell: The Hedy Lamarr Story
115862,Mapping the World
116015,Seoul Station
116068,"Persona 3 The Movie: Chapter 1, Spring of Birth"
116069,"Persona 3 The Movie: Chapter 2, Midsummer Knight's Dream"
116070,"Persona 3 The Movie: No. 3, Falling Down"
116355,"Persona 3 The Movie: No. 4, Winter of Rebirth"
116486,Pilot
116762,InuYasha the Movie: Affections Touching Across Time
116819,InuYasha the Movie: The Castle Beyond the Looking Glass
116983,InuYasha the Movie: Swords of an Honorable Ruler
117010,I See Red People
117162,InuYasha the Movie: Fire on the Mystic Island
117699,Detective Conan: The Time Bombed Skyscraper
117853,Furusato
117925,Ghost in the Shell: The New Movie
117948,The Disappearance of Conan Edogawa: The Worst Two Days in History
118004,F.B.I.
118280,Mary and the Witch's Flower
118478,The Aryans
119046,Pandora and Akubi
119463,Rabbit School
119621,Marlon Brando: An Actor Named Desire
119903,Haikyu!! The Movie: Ending and Beginning
120151,The Girl Without Hands
120378,One Piece 3D2Y
120383,The Milk System
121163,Episode #1.10
121219,One Piece: Adventure of Nebulandia
122726,Tales from the Citadel 
122984,Under Thin Ice
123397,Digimon Adventure tri: Reunion
123399,Digimon Adventure Tri. 2
123399,Digimon Adventure Tri. Chapter 2 - Determination
125097,Digimon Adventure Tri. 3
125097,Digimon Adventure tri. Chapter 3 - Confession
126047,Arpeggio of Blue Steel -Ars Nova DC-
126048,Arpeggio of Blue Steel: Ars Nova - Cadenza 
126569,Legalmente
126624,Livin La Pura Vida
126825,The Delivery (part 2)
127075,David Bowie: The First Five Years
127190,High Speed! - Free! Starting Days
127301,SWAT
127301,S. W. A. T.
127903,The Distant Barking of Dogs
128621,Bobby: It's Cold Outside
128821,Free! Take Your Marks
129601,Mirai of the Future
130240,Crisis on Infinite Earths (3)
130351,"Warrin' Priests, Part 2"
130755,It Takes Two to Fence
131724,Dragon Ball Super: Broly
134794,Patoaventuras
135460,Dr. Jack and Mr. Nicholson
135684,Little Yellow Boots
135984,Delicate Sound of Thunder 
136125,Simply Living
136126,Survival in Neuk??lln
136806,Hiroshima: The Real History
137000,Women Make Film: A New Road Movie Through Cinema
137034,Bergman: A Year in a Life
137074,The Cordillera of Dreams
137238,On the Way to School
137327,The Great Buster: A Celebration
138259,Blinded
138308,Lies
138309,Past and Present
138310,Double Lives
138311,Truths
138354,Chapter Two: Trick or Treat Freak
138778,Porn to Be Free
138976,Going Nuts: Tales from the Squirrel World 
139378,Number 387
140662,Heimat Is a Space in Time
140833,The Hundred Code
141504,Deep Med
142312,That Which Does Not Kill
142319,Laurel Canyon: A Place in Time 
142347,D??rrenmatt - A Love Story
142354,Tails You Win: The Science of Chance
142727,Not without us
143123,Anohana: The Flower We Saw That Day - The Movie
143441,Blackbox Syria
143441,Black Box Syria - The Dirty War
143459,The Sound of Insects: Record of a Mummy
143597,Last Men in Aleppo
143714,Star Blazers 2199
143984,Fairy Tail the Movie: The Phoenix Priestess
144447,The Seven Beer Itch
144457,Horror Noire 
144488,The Defeated
144745,Arman's Secret
144783,Animals and Other People
145219,The Crimson Rivers
145469,Detective Conan: Crimson Love Letter
145578,Detective Conan: Zero the Enforcer
145704,Manhunt: Unabomber
145704,Manhunt: Deadly Games
146142,??nterview
146744, Everything or Nothing: The Untold Story of 007
146774,Key and Peele 
147142,Radical Evil
147155,KonoSuba: God's Blessing on this Wonderful World! Legend of Crimson
147478,Overlord - The Undead King - The Movie 1
147478,Overlord Movie 1: The Undead King
147800,The Anthem of the Heart
148619,Attack on Titan: Crimson Arrows
148664,Mission Control
148691,Dad Feelings-Limited
148695,Dilili in Paris
148712,My Name Is Francesco Totti
149214,The Little Medic - Secret Mission of the Bodynauts
149270,Lucky and Zorba
149275,Tea with the Dames
149643,Sign o' the Times
150034,Hirune Hime: Shiranai Watashi no Monogatari
150397,Streif: One Hell of a Ride
150398,Siberian Love
150414,Collective
150867,The Euphoria of Being
151015,Making Waves
151065,Do Pizza Bots Dream of Electric Guitars
151402,Bigger Stronger Faster*
151451,The Cure - Anniversary 1978-2018 Live in Hyde Park London
152107,My Hero Academia: Two Heroes
152166,The Rolling Stones Havana Moon
152779,Panic in the Streets of Springfield
153005,Morocco: Love in Times of War
153058,Detective Conan: The Fist of Blue Sapphire
153484,Shooom's Odyssey
153794,Our Last Tango
154620,One Piece: Episode of Merry
155837,In the intense now
156166,Mama Colonel
156167,The Waldheim Waltz
158094,Shark Tale: Club Oscar
158752,The Grand Ball
160175,The Paris Opera
160539,ResiAlienpau
161349,Killing for Love
163116,Leaning Into the Wind: Andy Goldworthy
163468,Jeff and Some Aliens
163585,The Guinea Pig 6: Mermaid in a Manhole
163586,Guinea Pig 6: Devil Woman Doctor
163588,Flowers of Flesh and Blood
163588,Devil's Experiment
163588,Guinea Pig
163589,Slaughter Special
163589,Guinea Pig: Slaughter Special
163643,Home Game
163652,World Without Sun
163752,My Hero Academia: Heroes Rising
167256,Mr. Bachmann and His Class
167306,Made in Abyss: Journey's Dawn
167455,Searching for Ingmar Bergman
168069,Made in Abyss: Wandering Twilight
168658,The Baby Einstein Company
168914,Made in Abyss: Dawn of the Deep Soul
169023,Veggietales
172640,Promare
172664,From the Fjell to the Fjords 
173821,Maquia: When the Promised Flower Blooms
174198,Firedrake the Silver Dragon 
174547,Josh and the Big Wall!
175342,21 Years: Quentin Tarantino
175596,Runnin' Down a Dream 
175972,"Josee, the Tiger and the Fish"
176191,Beltracchi: The Art of Forgery
176387,Child of Kamiari Month
176391,The Wonderland
176436,Just Yesterday
176547,A Perfect Run
176726,"Michael Haneke, Cineaste of our Times"
176834,Audrey: More Than An Icon
177451,Never-Ending Man: Hayao Miyazaki
178072,Lupin the 3rd vs. Detective Conan: The Movie
178284,A Bee's Diary
178849,Pok??mon the Movie: Black??Victini and Reshiram and White??Victini and Zekrom
179283,Don't Think I've Forgotten: Cambodia's Lost Rock and Roll
179316,Dreambuilders
180347,The Garden of Words
180524,"Jim & Andy: The Great Beyond - Featuring a Very Special, Contractually Obligated Mention of Tony Clifton"
180876,"Harlan County, USA"
181007,Barefoot Gen
181023,Cat City
181070,One Piece Film: Z
181116,Gekij??-ban Jujutsu Kaisen 0
181118,Shakugan no Shana: The Movie
181143,"I Love You, Now Die: The Commonwealth Vs. Michelle Carter"
181153,Dragon Ball Z: Budokai
181243,Trinity and Beyond
181276,Hubble 
181379,Gladiators of Rome
181830,Central Airport THF
182027,Everybody's Golf 4
182187,Tom Cruise: An Eternal Youth
182553,Barbie & Chelsea: The Lost Birthday
185189,Berserk: Golden Age Arc II - The Battle for Doldrey
185294,Attack on Titan: The Roar of Awakening
185409,Berserk: Golden Age Arc III - The Advent
185410,Berserk: The Golden Age Arc I - The Egg of the King
186528,Gladbeck: The Hostage Crisis
186537,Some Had Crocodiles
186660,Real Humans
186947,Schlingensief - A Voice that Shook the Silence
187146,Living in Demmin
187696,Woodstock 99
187699,Digimon Adventure: Last Evolution Kizuna
187704,Children of the Sea
187934,Detective Conan: The Scarlet Bullet
187999,Dragon Ball Super: Super Hero
188140,Habeus Tortoise
188191,Bardo 
188191,Bardo (or False Chronicle of a Handful of Truths) 
188262,Date A Live The Movie: Mayuri Judgement
188757,Into the Ice
188995,Pok??mon the Movie: Genesect and the Legend Awakened
189293,Daguerr??otypes
189563,The Green Lie
189612,Woman of the Dead
190108,Ennio: The Maestro 
190154,Harvest
190156,To the Four Winds
190176,Cabinet of Wonders
190178,"Maradona, The Golden Kid"
190233,Bataille de boules de neige
190267,The Survivors
91,Land Without Bread
91,Unpromised Land
125,Railway Station
959,Pilot
959,The One Where Monica Gets A Roommate
959,The Pilot 
969,The One with the Thumb
972,The One with the Butt
974,The One where Nana dies twice
1042,The One Where Dr. Ramoray Dies
1078,The One with the Morning After
1121,The One with Ross's Wedding (I)
1260,Lotte from Gadgetville
1275,Star Trek - Voyager
2647,"Mad Mission, Part 4 - You Never Die Twice"
2647,Aces Go Places IV
2867,Pilot: Part 2
3923,I hav a Polish Contry House
3923,I have a Polish Contry House
3923,I have a Polish Country Palace
6390,Inspector Rex
6490,Agathe kann??s nicht lassen
6628,Reverse Angle: Rebellion of the Filmmakers
6760,Have You Driven a Ford Lately? 
6768,Johnny B. Gone
6828,Girls Just Want to Have Fun (2)
6952,Doppelganger
8158,A Town Called Eureka
8977,The Society of the Spectacle
9069,The Different Faces of Sergei Eisenstein
10334,Beverly Hills Cop 4
10667,Jesus Christ Savior
10793,Soccer As Never Before
12270,CSNY/D??j?? Vu
13201,Pilot
13201,The Sopranos 
13214,Guy Walks into a Psychiatrist's Office...
13236,...To Save Us All from Satan's Power
13256,All Happy Families...
13270,Mr. & Mrs. John Sacrimoni Request...
13704,911: In Plane Site
13721,Stowaways on the Ark
14695,B??te Noire
14695,B??te Noir
16363,The True Story of Puss'N Boots
16403,Judgment Day
16441,Blackwater
17348,Dead Leaves
18403,I Heart NJ
18715,"I, Robot... You Jane"
19191,The Last Giants ?? Oceans in Danger
19372,As Nature Intended (USA)
19372,As Nature Intended
19707,The Davinci Timecode
20887,Women and Children First
21042,The Lawyers - A German Story
21947,Se??or Macho Solo
22206,Dance Cards and Greeting Cards
22226,Bathroom Humour
22752,City Of
22864,The Flight of the Conchords
22905,Blade (TV series)
24800,The Keeper of Traken I
24953,Detective Montalbano
24953,Inspector Montalbano
25051,Roskilde 
25901,He Touched Me: The Gospel Music of Elvis Presley 
26723,Lullaby
28378,Highway Jane
28992,Untitled Comedy
29255,It Isn't Easy... Bein' Green
29259,La Cucuaracha
30286,"Two Hearts, One Mind"
30760,Unification (Part 1)
30785,Day of the Sparrow
31297,The Thorn in the Heart
31425,Bear and the Bow
32114,Pilot Candidate
32114,The Candidate For Goddess
32982,Dog the Bounty Hunter
33540,The Popples
33703,Helnwein: The Silence of Innocence
33940,German Souls - Life after the Colonia Dignidad
34165,T. J. Hooker
34646,Parasite Dolls
34648,SoltyRei
34809,My Life with Carlos
35519,Rizzoli and Isles
36365,Cologne P.D.
36374,Alisa ?? Folge deinem Herzen
36413,Elephant Boy
36548,Chandani - The daughter of the elephant whisperer
36877,Schmidt & Pocher
37587,El pel??n de Brazzers JR.
37710,The World of David the Gnome
39463,Blacklist (Featuring Gravedigger) 
39921,Pinchcliffe Grand Prix
39921,The Pinchcliffe Grand Prix
41145,The Country Mouse and the City Mouse Adventures
41163,Germany in the Eurovision Song Contest 2010
41355,Dragon Hunters
41664,The Mouth of the Wolf
42025,The Illusionist
42130,Het geval Zonnebloem
43087,Stubbe ?? Von Fall zu Fall
43468,MMCH - Mickey's Choo Choo
44549,Red Gates. Resemon
45291,Incident by a Bank
45507,Tales of the Night
46658,Jackie Chan : My Story
46886,Under Control
47708,Ijon Tichy: Raumpilot
47842,One Night in City
48202,Grey Matter
49155,Private party
49988,Supernatural: The Animation
50187,Kallwass greift ein!
51010,Our Wild Life
51044,Peter in Magicland
51089,The Giraffe Under the Rain
51145,I??m Not the Enemy
51229,A Dream About Trees
51572,But Life Goes On
51871,Hell Girl
52002,Voyage of Time: Life's Journey 
52043,Nightmares and Dreamscapes: From the Stories of Stephen King
52169,The Land Before Time III: The Time of the Great Giving
52548,Trigun: Badlands Rumble
52989,A Monster in Paris
53174,Iranian Conserve
53824,Occult Academy
53992,Jusei: Last Drop of Blood
54565,Last Exile
54944,Ana and Bruno
56353,Captive (WT)
57183,The Twelve Kingdoms
57183,12 Kingdoms
58483,Dance in the Vampire Bund
58676,Dust. The Great Asbestos Trial
59265,One Night in May
59512,Hugo the Hippo
59531,The Room
59608,Who Is Afraid of Ashley Lightspeed?
59613,The Great Communist Bank Robbery
59641,From a Night Porter's Point of View
59660,Ninja Kids!!!
59863,I Love Democracy: Tunesien
60074,King Lavra
60185,Crime Scene Cleaner
60246,The Raft
61210,Love Is a Funny Thing
61330,The Hour of the Furnaces
61350,Pok??mon: Pikachu's Vacation
61481,Legion (WT)
61512,I Love Democracy: Russland
61513,Being... Putin
61947,"Suddenly, Last Winter"
63365,The Bridge
63505,The Falcon and the D'ohman
64322,A Man Who Was Superman
64398,Dragon Age: Dawn of the Seeker
64398,Dragon Age: Blood Mage no Seisen
65262,A Wife Confesses
65398,The Decline of Western Civilization III
65825,The Gallant Little Taylor
65833,The Green Planet
66084,A Borrowed Life
66160,Bad Toys 2
66302,Delinquent Girl Boss: Blossoming Night Dreams
66305,Delinquent Girl Boss: Worthless to Confess
66355,The Personals
66765,Woman Basketball Player No. 5
66826,The White Stadium
67114,And the Stewart Have a Ball (Part 2)
67707,Tatsu no ko Taro
67772,Cry of Death
67778,??Que viva M??xico!
68140,Live at the Palace
68395,Laurel & Hardy: A Tribute to the Boys
68860,The Astronauts
68896,The War of the Worlds: Next Century
69514,Crulic: The Path to Beyond
69826,Winnie-the-Pooh Pays a Visit
70125,Princess Kaguya
70125,The Tale of the Princess Kaguya
70136,Tragic Story with Happy Ending
70224,Tooned
70691,The Winner
71398,Foosball
71398,The Unbeatables 
71398,Underdogs
71783,Man Hunting
71934,A Film Like Any Other
72475,CTFxC
72584,Don't Trust the B---- in Apartment 23
75420,Three Songs of Lenin
75994,Manuscripts Don't Burn
76767,F.Z.Z.T.
77769,The Table Polarisation
79954,The Astronomer's Dream
81226,Tinkerbell and the Pirate Fairy
81725,The Price for the Course
81727,Match Women
81951,My Neighbors the Yamadas
81951,My Neighbours the Yamadas
81960,Barbie in 'A Christmas Carol'
82134,Citizen Four
82487,Free Jimmy
82750,The Land Before Time 5 - The Mysterious Island
82751,The Land Before Time 6 - The Secret Of Saurus Rock
83389,The Land Before Time 8 - The Big Freeze
83390,The Land Before Time IX: Journey to Big Water
85103,Appleseed Alpha
85122,The Anxiety Optimisation
85412,"Silvered Water, Syria Self-Portrait"
85902,And the Knock Off Knock Out
86147,Pok??mon: Zoroark: Master of Illusions
86272,The Silent World
86622,5 Broken Cameras
87722,Barbie Mariposa and Her Butterfly Fairy Friends
87964,Scooby-Doo! and the Goblin King
87986,The Masque of the Red Death
87988,Amy: The Girl Behind the Name
91063,The Hospital Murders
91064,Room 302
91396,Maya the Bee
91702,The Great Bear 
91755,Sabrina: Friends Forever
92152,Thunder and the House of Magic
92466,Fire at Sea
92528,Series 1
92657,We Can't Live Without Cosmos
92908,Bear Story
93223,24 Realities per Second
93223,24 Realities a Second 
93240,Kirikou and the Wild Beasts
94406,Bambi 2 
94522,Barbie Mariposa and the Fairy Princess
94543,A Symphony of Summits: The Alps from Above
95540,Barkbie as Rapunzel
95835,The Soldier Excursion Diversion
96140,The Art of Happiness
96428,Tintin and the Temple of the Sun
97192,Kingdom of the Oceans
97947,Murderous Tales
98496,The Bread and Alley
98721,The Frog Kingdom
98950,Twenty Feet from Stardom 
100217,Timeless 2016
100221,BBC's The Deep
100404,End of the Road
100404,At the End of the Road
101100,Tao Tao ?? Der kleine Pandab??r
101100,The Story of Panda Taotao
101824,Barbie & Her Sisters in: The Puppy Pursuit
102375,The Snow Queen 2: The Snow King
102375,The Snow Queen: Magic of the Ice Mirror
102653,The Magic Snowflake
102705,Pettson & Findus III - Pettson's Promise
102898,Olsen Gang Gets Polished
103312,My Life as a Zucchini
103312,My Life as a Courgette
103559,Series 2
104068,Have a Nice Day
104582,Roger Waters: The Wall
104909,Medical Detectives
105708,The Last Six Months
106447,A.C.O.R.N.S.: Operation Crack Down
106534,Ash vs Evil Dead
107204,Kim Possible - So the Drama
107779,Midsummer Night`s Tango
107782,Thriller in Manila
107858,"Trenk, the Little Knight"
108234,"Pulp: A Film About Life, Death & Supermarkets"
108400,The Lovers' Wind
108438,My Little Pony: Equestria Girls 2 ?? Rainbow Rocks
108451,Moomins on the Riviera
109087,Little Houdini
109265,Elias and the Treasure of the Sea
110213,A Flying Ship
110222,Pim & Pom: The Big Adventure
111195,Seasons
111370,Tyll the Giant
111370,Big Tyll
111547,Expelled from Paradise
111584,The Birth of the Tramp
111584,How Chaplin Became the Tramp
111626,The Beatles: Eight Days a Week
111631,Long Way North
111660,Detective Conan: The Last Wizard of the Century
111707,"Dofus, book 1 : Julith"
112900,Barbie: Dolphin Magic
113009,1: Life On The Limit
113174,Psycho-Pass: The Movie
114162,Cool and Crazy
115103,N - The Madness of Reason
115564,Tintin and the Lake of Sharks
116572,Detective Conan Episode One: The Great Detective Turned Small
116639,Children Adrift
117361,The Strange Life of Dr. Frankenstein
117442,The Snow Queen 3: Fire and Ice
117447,Naledi: One Little Elephant
117631,Laura's Christmas Star
117957,Lotte and the Moonstone Secret
118833,Pagan Peak
119026,Asterix: The Secret of the Magic Potion
119319,Magnum P. I.
120107,Louise by the Shore
120286,One Piece: Episode of Nami
120386,Faces Places
120542,Secrets of the North Sea
120550,Gaza - Out of the Ordinary
120626,Norway's Road of Yearning: The Fjord Motorway
121252,The Wayward Cloud
121277,Dragon's Nest 2: Throne of Elves
121334,The Seven Deadly Sins the Movie: Prisoners of the Sky
124325,The Wall ?? Live in Berlin
125693,The Posters Came from the Walls
125693,"How Basildon ended the Cold War, and other stories??"
126051,A Wizard's Tale
126906,Finale (part 2)
127567,The Snow Queen: Mirrorlands
127805,The Bells of St John
127902,Little Germans
128811,Leo Da Vinci: Mission Mona Lisa
128814,The Stolen Princess: Ruslan and Ludmila
129058,How to Train Your Dragon: Homecoming
129647,Asterix & Co ?? Der Autor Ren?? Goscinny
129722,Chariots of the Gods
129754,Biohazard: Vendetta 
130754,Sheep and Wolves: Pig Deal
130901,Omniscient
131616,Tiger Aayega (WT)
132716,Miraculous: Tales of Ladybug and Cat Noir
133248,The Lovers and The Despot
135356,Enchanted Kingdom 3D
135555,Bu??uel in the Labyrinth of the Turtles
135667,Aura: Mary??ink??ga Saigo no Tatakai
135983,"Nightmares in Red, White and Blue: The Evolution of the American Horror Film "
136351,DC's Stargirl
137006,Kinderland Cinderland
137270,The Four Troublesome Heads
137331,Woodstock: Three Days That Defined a Generation
137986,Wim Wenders ?? Desperado
138603,The Who: The Kids Are Alright
138954,Homework
138968,"No Game, No Life Zero"
139374,Inside Human Zoos
139916,Penguin Highway
141150,Ploey: You Never Fly Alone
141862,Fritzi: A Revolutionary Tale
142537,Natsume's Book of Friends Movie
142537,Natsume Yujin-Cho: The Movie
142687,Alcohol - The Magic Potion
143280,DNA
143290,Follow the Money
144895,Raven the Little Rascal - The Big Race
145529,Barbie - Princess Adventure
148214,After the Screaming Stops
148218,The Elfkins ?? Baking a Difference
148562,I Want to Eat Your Pancreas
148538,The Clowns
148625,Kizumonogatari Part 3: Reiketsu
148975,Friends Forever
150415,David Byrne's American Utopia
150744,One Child Nation
150896,Okko's Inn
151047,Mortadelo and Filemon: Mission Implausible
151377,McQueen: The Man & Le Mans
151400,The Palace of the Arabian Nights
153160,Superman and Lois 
158435,Rayman Arena
158460,Joker: Madness for Two
158644,Bambuti
160489,Bad Movie
161071,Voyage in Time
163030,Peter Benchley's Amazon
163054,Kuroko's Basketball The Movie: Last Game
163365,Marathon: The Patriot's Day Bombing
163497,The Swallows of Kabul
163596,A Thirsty World
164051,The Star of Backstage
164091,Winnie the Pooh and a Day for Eeyore
164218,Summer of Soul 
164387,The Mermaid
166287,Rascal Does Not Dream of a Dreaming Girl
168074,The Keeper of Traken III
168075,The Keeper of Traken IV
168670,The Baby Einstein Company
168756,Baby Einstein - Baby Beethoven - Symphony of Fun
169468,A Serious Flanders 
170284,Romy: Anatomy of a Face
171132,ABBA Forever: The Winner Takes It All
171191,Arcane
171945,Dragon Ball Z: Bardock ?? The Father of Goku
174407,White Snake
174509,The Legend of Hei
175610,Flee
175970,The Ogglies
176739,Love Meetings
177662,El para??so que sobrevive: Un legado familiar
178635,The Flower of Evil
178742,Sunset over Hollywood
178769,"Yakari, A Spectacular Journey"
178796,Tom and Jerry - Willy Wonka & the Chocolate Factory
178816,Power of Grayskull
178816,The Power of Grayskull
179307,An Egg Movie 3
179307,Huevos: Little Rooster's Egg-cellent Adventure
179308,A movie of eggs
179327,Nora Ephron - Everything is Copy
179327,Nora Ephron: Scripted & Unscripted 
179506,Apollo 10??
179506,Apollo 10 1???2: A Space Age Childhood
179609,Varda by Agn??s
179918,Americano
179918,El Americano: The Movie
181019,"Fat, Sick and Nearly Dead"
181084,A Chinese Odyssey Part Two: Cinderella
181831,In Search of Monsters
182058,Conni - Secret of Mau the Cat
182162,Crazy Samurai Musashi
182505,Asadal Chronicles
184888,Pil's Adventures
184984,Dogtanian and the Three Muskehounds
185177,Happy birthday Mr. Bean!
185220,The Closer 
185499,Isle of Flowers
185867,Hold Back the Sea
185972,The Velvet Queen
186419,The Summit of the Gods
186527,Chickenhare and the Hamster of Darkness
186962,They Still Burn
187893,Conquest of the Pole
188580,The Recycling Myth
188758,The Deer King
189076,Arthur Rubinstein ?? The Love of Life
189081,Flesh and Sand
189102,Sentinels of Silence
189556,Minions & More Volume 1
189560,Last to Know
189803,Godzilla: City on the Edge of Battle
189804,Godzilla: The Planet Eater
190232,The Execution of Mary Stuart
190243,The Melomaniac
190246,Sat??n at Play
31,Stink Bomb
135,Don't Look Back
135,Bob Dylan: Don't Look Back
960,The One with the Sonogram at the End
1009,"The One With Two Parts, Part 2"
1242,Treehouse of Horror I
1742,The Joy of Painting with Bob Ross
1796,Final Round
2351,Blam!
2537,The Basque Ball: Skin Against Stone
2663,Stargate SG1 - Citizen Joe
2896,Agitator
3829,Flight of the War Witch (1)
4000,Pinkeye
4005,Mecha-Streisand
4009,Terrance & Phillip in Not Without My Anus 
4010,"Rainforest, Schmainforest"
5530,The Finder
5565,Robocop: The Series
5818,The man from the city
6730,Friends and Lovers
8415,Gunhed
8421,Zidane: A 21st Century Portrait
8654,223
8868,Asterix Versus Caesar
8878,The Courier
8904,Service
8908,Maradona
9577,To the Limit
10811,Camilo - The Long Road to Disobedience
10957,Taran and the Magic Cauldron
11625,Asterix and the Big Fight
11693,Big Man Japan
11728,Peacock
11891,Kung Pow! Enter the Fist
11991,The Sweet Taste of Liberty
11995, The Slutty Pumpkin
12420,The Market: A Tale of Trade
13310,Hathor
13365,Wild Things - Trilogy
14581,Rebuild of Evangelion
14727,gf
15205,giant thirst
15926,Once Arizona
16047,Lupin the 3rd
16117,One Piece: The Movie 10
16412,Honour Code
16414,Frame Up
16416,Model Behaviour
16421,Family Secrets
16428,Hiatus Part One
16429,Hiatus Part Two
18317,Li'l Sister Don't Cha
19354,Legend - Part Two
19946,Soul Birds
19999,Ocean Waves
20229,The Barbarian Sublimination
20734,Cartagena
21050,"Faith, Hope & Trick "
21230,Lovers Walk
23532,Babies
24306,Untitled I Am Legend Prequel
24726,A Short Film About Love
25445,Episode #1.3
25740,A.L.F.
26007,A Very Private Affair
26679,The Rebirth
29182,Dancing Dreams
29254,Look Through Any Window
29348,"Shake, Rattle & Roll"
30885,Remember 1929: Year of the Great Crash
31044,Gone with the Woman
31205,Big Man
31242,Heavy Traffic
31510,Avatar: The Way of Water
32099,The Vision of Escaflowne
32137,Three's Company
32264,Part 1
32537,Elfen Lied
33222,Storm of Love
33320,Detroit 187
34320,Medicopter 117 ?? Jedes Leben z??hlt
34869,American Boy: A Profile of Steven Prince
35347,The Ugly Duckling
35724,The Three Robbers
36320,The Cage (Pilot)
37077,Mai Mai Miracle
37141,Pok??mon: The Rise of Darkrai
37329,7 Minutes in Heaven
37460,No Impact Man: The Documentary
37937,Untitled Shane Salerno/Kurtzman-Orci Project
38311,Monsieur Bello
38617,Dasepo Naughty Girls
40050,Close to Eden
40050,Urga
40981,Humanity and Paper Balloons
40983,Maborosi
41128,"The Adventures of Jimmy Neutron, Boy Genius"
41580,"East, West, East: The Final Sprint"
41581,The Precinct
42434,Antonio Gaudi
42784,The Dreams of Jinsha
43335,Space Age: The Nasa's Story
43423,Untitled Happy Troll Doll Project
43436,Nostalgia for the Light
44292,Where Is the Friend's Home?
44292,Where is My Friend's House?
44481,Lupin III: The Last Job
45141,Living Death
45361,The Most Beautiful
45391,Darkness Falling
45436,Rent Boys
45498,"Come Rain, Come Shine"
45722,Archer Vice
45722,Archer: Dreamland
45722,Archer: Danger Island 
45722,Archer: 1999
45972,Directed by Andrei Tarkovsky
45979,The Counterfeit Coin
46642,My Best Enemy
46909,Last Words
46912,The Great Ecstasy of Woodcarver Steiner
47152,Dust in the Wind
47255,9 Lives
47270,Mondo Lux: The Visual Worlds of Werner Schroeter
47594,The Cat Returns
47689,Catenaccio a la Drnovice
47941,Light of Darkness
48643,The Wind
48738,Boxing Kangaroo
48845,In the Bazaar of the Sexes
49423,Next Door Paradise
49902,BeastMaster
49902,Beastmaster: The Legend Continues
50158,Sunny's Ears
50232,Murder Can Be Hazardous to Your Health
50234,Alter Ego
50303,Can You Hack It?
50902,Fighter Pilot: Operation Red Flag
51026,Tatort: Todes-Bande
51356,The Scent of the Night
51480,Coup d'Etat
51823,The Other Chelsea: A Story from Donetsk 
52230,Desert Punk
52239,Yes Madam 5
52239,Red Force 5
52242,Fushigi Y??gi
52247,Gungrave
52856,Peace and Love
52858,Why a movie about these people?
53065,Mister Terrific
53144,Round Trip
53583,School for Vampires
53788,"Jean Taris, Swimming Champion"
53799,Umineko When They Cry
53861,Paranoid Activity 2
55183,Without Snow
55283,Band of Assassins
55298,Code Geass
55402,Gerhard Richter ?? Painting
55490,Gurren-Lagann
55495,Lunar Legend Tsukihime
55798,Silence of the Sea
55882,The Duel
56162,The Sword Identity
56301,Ivan Groznyy
56301,Ivan the Terrible
56843,Close to Heaven
56988,The Pennsylvania Miners' Story
57832,"Every Night, Loneliness"
57832,???? ???? ????????????
58097,Count Dracula's Great Love
58518,Barbie: A Perfect Christmas
58692,Winterland
59331,Legendary Panty Mask
59331,Maboroshi Panty
59331,??????????????? ????????????????????????
59331,Bishojo Tantei Maboroshi Panti
59610,Horse Trick Riders
59611,Can and Slippers
59740,The Enchanting Shadow
59917,Achtung Kontrolle! ?? Einsatz f??r die Ordnungsh??ter
59934,Little Apocrypha No. 1
59946,Inspiration
60064,Mr. Prokouk Officer
60065,Temptation of Mr. Prokouk
60072,The Christmas Dream
60075,Mr. Prokouk Filmmaker
60080,The Hamster
60324,Season 4
60554,The Last Trapper
60586,Bout de Zan Steals an Elephant
61119,Either Way
61502,Death Row
61605,A Quiet Week in the House
61606,The Ossuary
61902,Tropical Fish
61967,Sunday
62145,City of Mice
62145,?????? ??????????
62145,The City of Mice
62296,Project X Sequel
62973,Angry Video Game Nerd
63013,After the Battle
63426,Maniac Cop Prequel
63538,A Day's Pleasure
63607,The Looney Looney Looney Bugs Bunny Movie
63689,"Too Early, Too Late"
64088,Black Sun
64174,The Herdsman
64255,"That Day, on the Beach"
64355,Motorway
64482,A Game with Stones
64607,Operation E
64716,And Those We've Left Behind
64814,Mother and Son
64814,Mat i syn
64842,A Flower in Hell
65145,In Vanda's Room
65260,Kisses
66082,The Sandwich Man
66254,Huey
67094,And the '90s Horse Party
67113,And the Stewart Have a Ball (Part 1)
67414,The Skywalk Is Gone
67643,Australia in 100 Days
67645,M??tal Hurlant Chronicles
67711,Lover Boy
67757,Five Shaolin Masters
67804,Peace Hotel
67822,Klassez??mekunft
67972,Men O' War
68001,Wife
68071,MPD Psycho
68195,The Fixer Uppers
68496,The Knife
68624,A Woman for Life
68690,17th Parallel: Vietnam in War
68802,Anton the Last
69113,"Coconut, the Little Dragon"
69780,Shooting Robert King
69832,The Pearl
69950,The Experts
70123,The Wind Rises
70287,Caesar Must Die
70508,My Sister's Good Fortune
70769,Laurel and Hardy: Laughing Gravy
70827,The Second Hundred Years
71418,Audrey Parker's Day Off
72022,Number Two
72083,The Old Man and the Sea
72468,Killer Bride's Perfect Crime
72642,Cash Calls Hell
73034,Third Floor
73045,Scream Of The Ants
73962,Mystery of the Wentworth Castle
74096,"The Amazing Psych Man and Tap-Man, Issue #2"
75805,Checkmate - Part 2
75805, Checkmate (2)
76027,Ice Poison
81726,The Legacy
81819,Two-Legged Horse
82079,There Goes the Neighborhood: Part 3
82229,The Snow Queen
82570,The Magic Crystal
83040,The Painting
84105,Touched by the Gods: Part 1
84560,The Heiress
85215,Daisy Town
85223,Finding Nemo 2
85962,Jester Till
86383,Ice and the Sky
86418,Barbie Thumbelina
86460,Garden of Evil
86460,Silent Screams
86582,Tinker Bell: Secret of the Wings
86582,Tinkerbell and the Secret of the Wings
86822,Peter and the Wolf
87064,The Blue Elephant
87329,Manna from heaven
88405,The Team
88679,Nymphs
88770,Ilya and the Robber
90529,The Family
90768,City of Mice 2
91559,Barbie & the Diamond Castle
91734,An American Tail 4
91863,Shaun the Sheep: The Farmers Llamas
92367, In Beaver Valley 
92523,Simon of the Desert
92884,Barbie Fairytopia: Mermaidia
93023,Special flight
93113,Bauerntanz zweier Kinder
93620,Those Who Jump
94161,Legends of Tomorrow
94500,The Artist's Touch
95362,The Traveler
95362,The Traveller
95545,The Fire Engine That Disappeared
95645,Secret Life Of Pets
95739,The Day of the Crows
96816,The Ghost of Lord Farquaad
97521,The Hairy Tooth Fairy
98046,Great Scarrier Reef
98237,Episode #2.6
99060,White Mane
99198,Arabian Nights: Volume 3 - The Enchanted One
99800,Ab Fab: The Movie
102490,Fire Maidens from Outer Space
103436,John Berger or The Art of Looking 
104542,Lego DC Comics Super Heroes: Justice League: Cosmic Clash
104542,DC Superheroes - Justice League: Cosmic Clash
104709,Boss Baby
104792,Prime Suspect 3 
105020,Hotel Beau S??jour
105489,Duel to the Death
106592,The Day After
106594,Radiance
106851,The Land Before Time XIV: Journey of the Brave
107843,Whitney - Can I Be Me
108144,Hansel and Gretel
108537,The Fiances
109117,Emoji Movie
110236,The Dog In Boots
111523,Tom & Jerry: A Nutcracker Tale
111614,The Girl Who Leapt Through Time
113200,Mystery of the Blue Train
113353,The Night I Swam
113452,Sheep and Wolves
114771,The Incredibles 2
115135,In Search Of The Ultra-Sex
117429,Hotel Transilvania 3
117429,Hotel Transylvania 3
117429,Hotel Transylvania 3: A Monster Vacation
117600,The Guilty
118550,One Second (film)
119394,The Big Bad Fox and Other Tales...
119532,Ted Sieger's Molly Monster
121280,Tad Jones: The Hero Returns
121280,"Tad, the Lost Explorer and the Secret of King Midas"
121416,"Rosa Roth ?? Montag, 26. November"
121427,Rosa Roth ?? Der Tag wird kommen
124570,The Jungle Bunch
126855,Search Committee (part 1)
127901,FAR. The Story of a Journey around the World
130061,Lino - Adventure of Seven Lives
130169,I Lost My Body
130794,Trolls 2 
132176,Weathering with You
134488,Manou the Swift
137291,"10,000 km"
137893,Son of the White Mare
139306,The Self Portrait
139741,Lumpini
140623,Christmas Episode
144484,Fairy Tail the Movie: Dragon Cry
144717,"Ruben Brandt, Collector"
146693,"Snoopy, Come Home"
148973,The Incredible Story of the Giant Pear
149064,Liam: As It Was 
149258,Giovanni's Island
150399,Ailo's Journey
150400,Storm Rider Clash of the Evils
150409,The Wolf House
150536,Wake Up and Die
150868,Die Toten Hosen - You Only Live Once
151059,Magical Sisters Yoyo and Nene
152618,Heirs of the Night
153002,Coconut the Little Dragon 2: Into the Jungle
153302,Animal Kingdom: Let's Go Ape
153538,A Whisker Away
154446,The Human Voice
154927,Baraye Yekrooz Boodan Ya Naboodan
155786,The Mitchells vs. The Machines
158096,Bob's Big Break
159338,Russia from Above
159681,The Law of the Jungle
163571,Demon Slayer: Kimetsu no Yaiba the Movie: Mugen Train
163571,Demon Slayer: Mugen Train
163571,Demon Slayer: Kimetsu no Yaiba - Mugen Train
165502,The Wagoner 
171979,Talking Tom: Hero Dash
175956,This Magnificent Cake!
176912,Les Mistons
179145,??rotique
179707,The Last Fiction
181080,Toss-Up
181420,The Turning Point
181505,The Trial of a Time Lord XII
181827,Untitled Mario film
182033,Minuscule ?? Mandibles from Far Away
187694,The Final Land
187845,The Very Best of Peter Sellers
188206,Pebbles
190242,The Man with the Rubber Head
190363,A Song of Love
3,Shadows in Paradise
130,Tales from Earthsea
736,736.	Berlin: Symphony of a Great City
1122,The One with Ross's Wedding (II)
1141,"The Menagerie, Part 1"
1142,"The Menagerie, Part 2"
1394,Nostalgia
1759,Duck Tales
1983,The Adventures of the Smurfs
2740,Dark Side of the Moon
3168,Three-Step Dance
3680,Single Mom
3697,Miss Dynamite
3704,The New Animated Adventures of Flash Gordon
3830,Flight of the War Witch (2)
3867,The Track of the Ants
3922,The Lullaby
4373,My Lover My Son
4936,Route 66 - An American badDream
5074,Moscow Parade
5074,Prorva
5074,??????????
6033,Miss Jane Marple
6082,CSI: Vegas
7376,Complications
7812,The Closet
8128,Krabat ?? The Sorcerer's Apprentice
8585,Jinjiimaa
8634,Numbers
8634,NUMB3RS
8932,Salt of this Sea
9487,Bug Story
9662,The Triplets of Belleville
9907,Barnyard: The Original Party Animals
10380,An American Tail 2
10380,An American Tail II
10666,jom
11047,Asterix the Gaul
11125,The Screenplay
11225,Into Great Silence
11402,The Belles of St Trinian's
11836,SpongeBob: The Movie
12474,Parque via
12552,Serengeti Shall Not Die
12726,Lovechild
13573,Heart of Dragon
13655,Axel! will??s wissen
14574,Butterfly's Tongue
14613,Do Not Forsake Me Oh My Darling
14630,Blinded
14650,The Cloud Sheep
14828,Ich bin ein Star ?? Holt mich hier raus!
15179,Happy Birthday Nate
15533,Carlo Goldoni: Venice Grand Theatre of the World
16216,Operation Danube
16216,Operation Dunaj
16333,5 Centimeters Per Second
16368,Chasing the Dream
17046,Sleeping Fist
17345,Early Summer
17365,Cowboys & Indians
17472,If You Are the One
20676,Animal Heart
21019,What's My Line (Part 1)
21020,What's My Line (Part 2)
21062,Little Indi
21765,Alarm f??r Cobra 11 ?? Die Autobahnpolizei
22775,The Cursed Village
22902,"Garbo, the Spy"
23006,Tear This Heart Out
23017,Three Days with the Family
23231,A Night at the Club
23232,Letter to Anna
23280,Le Chien
23453,In the Line of Duty 4
24218,The Fourth Revolution: Energy
24886,Mindwarp I
25084,Question and Answer
25182,Who's the Boss?
25440,The Widows of Thursdays
25450,Night Runner
25965,Owl and the Sparrow
26095,L'insurg??e
26102,Fast Track
26393,Land of Madness
26678,Change Nothing
26695,Violanchelo
26803,The Monte Carlo Murders
26907,Silver Forest
27038,Kawasaki's Rose
27364,"Spider Baby or, The Maddest Story Ever Told"
27506,"Love, So Divine"
27531,Friend Zone
27610,Johnny the Giant Killer
28183,How I Ended This Summer
28424,Spartacus: Blood and Sand
29229,The Orchestra of Piazza Vittorio
29261,Somewhere Over the Rerun 
29272,Alf's Special Christmas - Part 1
29272,Alf's Special Christmas
31591,Poetry
32102,Card Captors
32102,Cardcaptor Sakura
32102,Cardcaptors
33020,Attack No. 1
33238,Clash of Egos
33819,Shahida: Brides of Allah
34313,Lensman: Secret of the Lens
34313,Lensman
34466,Gone Too Soon
34628,Najica Blitz Tactics
34673,Season 10
34828,H???O: Just Add Water
34876,Kakera: A Piece of Our Life
34911,The Powerpuff Girls Z
34919,The New Adventures of Lucky Luke
35702,Little Tony
35941,Osaka Elegy
35963,Hana and Alice
36339,The Girl with the Red Lips
36643,The World of Silence
37002,Giants and Toys
37089,FireForce
37193,"Rebound, Part 2"
37591,Santa Barbara
38007,"Little Carla, Happy at Last (1)"
38793,Impy's Island
38858,Love Like Poison
39051,The Improbable Dream (1)
39081,The Demon
39584,Witch with Flying Head
39717,Ki besz??l itt szerelemr??l?
39920,The Seventh Master of the House
41588,Crab Trap
41696,The Emperor's Naked Army Marches On
41975,Diamonds of the Night
42071,Blue Island
42089,Record of a Tenement Gentleman
42120,Noir
42343,Blood Hunt
42386,The Insect Woman
42496,The Happets
42522,The Yellow House
42785,"I Travel Because I Have to, I Come Back Because I Love You"
43286,8 Simple Rules
43625,The Autobiography of Nicolae Ceau??escu
44210,Adventures of Sinbad the Sailor
44479,Lupin the 3rd vs Detective Conan
44698,The Mountain
44742,Ashamed
44759,"Tokyo Tower: Mom and Me, and Sometimes Dad"
44811,One11
45330,Under the Bombs
45359,Sanshiro Sugata
45363,Sanshiro Sugata Part II
45501,A Mysterious World
45518,The Suicide Shop
46447,Red Angel
46824,Green Legend Ran
46844,Royals & Loyals
47257,Joschka & Mr. Fischer
47375,The Sound of Footsteps
47605,Death Duel of Kung Fu
47629,Love???Com
48231,BraveStarr: The Movie
48564,Case G
48852,The Confessional
49634,The Penguins of Madagascar
49914,The King of Masks
50138,Bye bye Berlusconi!
50329,Lions Love
50404,The Hunter
50683,Iron Island
50931,Pythons 2
51102,World Peace and Other Fourth-Grade Achievements
51261,Montalbano's Croquettes
51481,Heroic Purgatory
51554,Kyokushin Karate Fist 2
51570,The Terrorizers
51578,The Goldfinch and the Cat
51655,He Who Loves in a Glass House
51704,The First Man
51816,Odysseus und die Sterne??
51816,Ulysses and the Stars
51941,The Silver Mummy
52217,Magic Trip: Ken Kesey's Search for a Kool Place
52252,Loose Rope
52422,Affair in the Snow
53016,Beyond Hypothermia
53088,Return of the Chinese Boxer
53148,Oh! This Bavaria!
53837,Angry Birds
53994,A Confucian Confusion
54061,Les m??tamorphoses du paysage : l'??re industrielle
54079,Vampyre Nation
54100,A Trick of Light
54138,Longing for New Zealand
54480,Machete Kills in Space 
54848,The Steamroller and the Violin
55061,Alexandra
55118,Mr. Gibb
55160,The Fianc??s of the Bridge Mac Donald
55163,The silence beneath the bark
55487,Rumbling Hearts
55554,Criminal Minds: Suspect Behaviour
55664,Legend of a Rabbit
55786,Cruel Gun Story
55998,Tom and Jerry and the Wizard of Oz
56574,Blood is Dry
56690,The Avenging Eagle
57033,Anwar
57781,Night Zoo
58069,Red Headed Corpse
58221,"Bruce Lee, D-Day at Macao"
58378,The Postmodern Life of My Aunt
58668,The Magic Feature
58668,Heaven and Earth Magic Feature
58668,Number 12
58740,Walesa. Man of Hope
58747,Bad Faith
59150,Curious.George
59255,Kathmandu Lullaby
59409,Tale of Cinema
59733,Flag of Iron
59817,The Brave Archer and His Mate
59885,The Ring That Kills
59899,The Red Codebook
59914,The Spectre
59915,Jumping the Blanket
59926,Sea Bathing
59940,Fishing for Goldfish
59941,The Blacksmiths
59969,Dead Man's Escape
59971,Hypnotic Eyes
59973,Satanas
59975,The Thunder Master
60088,The Wife of Opitz
60198,Try & Catch Me
60239,Tokyo Olympiad
60239,T??ky?? orimpikku
60278,Evolution of a Filipino Family
60467,Autumn Almanac
60593,The Starfish
60927,Night Games
61052,When the Child Appears
61479,Meteora
61604,Leonardo's Diary
61631,Stephen Fry: The Secret Life Of The Manic Depressive
61659,Woman of the Lake
61910,Fabulous 30
62406,Six Venice
63012,Return of the Lucky Stars
63045,Mr. Vampire II
63047,Mr. Vampire IV
63199,Liselotte of the Palatinate
63444,Bar25: Days Out Of Time
63446,The Turtle's Rage
63606,The Jungle Bunch - Back to the Ice Floe
63683,Bloody Spear at Mount Fuji
63835,Cry Me a River
63920,The Painting Sellers
63927,Silent River
63934,I Want to Run - The thoughest race in the world
63934,I Want to Run - The toughest race in the world
64083,A Geisha
64084,The Woman in the Rumor
64090,Intimidation
64091,"Charles, Dead or Alive"
64313,The Flat
64323,This Is Not a Film
64323,In film nist
64490,Dimensions of Dialogue
64496,The Death of Stalinism in Bohemia
64544,Les Nuits avec Th??odore
64566,Open Bodies
64630,The Gleaners and I
64670,Gringo
64761,Good for Nothing
64733,Monsters - The Dark Continent
64751,Shadows in the Palace
64839,The Day a Pig Fell into the Well
64841,Only on Mondays
64843,The Power of Kangwon Province
65261,Afraid to Die
65488,"Blye, K., Part 2"
66167,Love Crash
66229,It Was the Son
66236,Paradise: Faith
66313,The Sparrow
66409,Black Tight Killers
66410,Alleycat Rock: Female Boss
66660,The Machine
66909,Marriage Sanitarium
67007,Playthings
67056,The Red and the Black
67057,Cages
67058,Everything is a Number
67059,The Horse
67293,2016: Obama's America
67672,Happy Smekday!
67678,The Deadly Duo
67685,Shaolin Drunkard
67703,Dario Argento's World of Horror
67727,Scusi lei ?? normale?
67733,Legacy of Rage
67734,Cantonen Iron Kung Fu
67787,The City Without Windows
67832,Glassy Ocean
68041,School for Postmen
68350,Carrie's Caller
68473,Ich dzie?? powszedni
68586,Just like Home
68605,Stowaway in the Sky
68699,The Cry
68774,The Trail
68829,Ewa chce spa??
68829,Eve Wants to Sleep
68850,Night Nurse Ingeborg
69006,The Respected Comrade Supreme Commander Is Our Destiny
69126,The 7th Dwarf
69582,"The Third Yakuza, Teil II"
69808,Story of the Alps: My Annette
69817,"The Story of Pollyanna, Girl of Love"
70023,Chuck Versus the Phase Three
70132,Over Time
70143,"Sailors, Beware!"
70314,Halt & Catch Fire
70476,A Letter to Freddy Buache
70630,Girl Boss Guerilla
70839,A Hen in the Wind
70844,The Love Eterne
71426,Jay & Silent Bob Go Down Under
71905,Violence at noon
71905,Violence at Noon
71933,Tamil
72089,Hellish Flesh
72090,Hallucinations of a Deranged Mind
72110,The Angel
72233,Composer Glinka
72434,Illumination
72453,Cafe Isobe
72455,"Fine, Totally Fine"
72554,And the Plane Magic
73037,Closed Curtain
73038,There Are Things You Don't Know
73852,T-Ball & Sympathy
74099,In for a Penny...
74160,Camp 14: Total Control Zone
75451,Funeral Home
75727,Circles
75829,Nothing Bad Can Happen
75902,Off-Season Greetings (Part Two)
75973,Miracle in Cell No.7
75986,The Noble Family
75992,A Touch of Sin
75995,The White Meadows
76026,The Rice Bomber
76031,The Man of the Crowd
76068,The Lamb
76399,Alberts Challenge
76785,Revenge of the Kinematograph Cameraman
76785,The Cameraman's Revenge
77246,Friday Evening
77246,On a Friday Afternoon
77297,The Deep
77356,At Five in the Afternoon
77378,Among the Clouds
77565,Dancing in the Dust
77766,Gradually...
77841,My Dog Killer
79183,"Bashu, the Little Stranger"
79606,My Wife's Romance
79674,The Deserted Station
79707,Little Longnose
79775,Buddha Collapsed out of Shame
80238,Jack and the Cuckoo-Clock Heart
80364,Today
80475,The Adventures of Prince Achmed
81017,Stray Dogs
81076,Meeting Leila
81408,What's the Time in Your World?
82021,Search and Recover
82204,The Empty Hours
82780,The Golden Horns
83077,Corn Island
84106,Touched by the Gods: Part 2
84166,All Tomorrow's Parties
84902,Beyond Beyond
85208,Q&A
85585,Bigtime
86063,One Floor Below
86064,The Shameless
86354,Sweet Red Bean Paste
86754,Cemetery of Splendour
86754,Cemetery of Splendor
87026,The Sealed Secret
87178,Between Two Worlds
87302,The man of the past
87755,Lego Batman: The Movie ?? DC Super Heroes Unite
88603,E.M.M.A. 206
88610,The Voice of the Violin
88795,The last movie
89646,Two Mothers
91180,Legends of Valhalla: Thor
91784,Family United
92205,Suffer the Little Children
92464,Letters from War
92677,Chupa pija
93098,The Kung Fu Instructor
93759,The Olsen Gang in Deep Trouble
93792,Excursion to Tindari
93826,Sandhamn Murders
94043,The Sales Call Sublimination
94045,Arne Dahl: Many Waters
94190,The Presence
94598,The Best of Me
95074,The Empathy Optimisation
95075,The Meemaw Materialisation
95412,24 Frames 
95412,24 Frames Before and After Lumi??re
95491,Beastly Things
95745,Harmonium
97143,Minuscule: Valley of the Lost Ants
98232,Episode #2.1
98234,Episode #2.3
98235,Episode #2.4
98916,How to Use Guys with Secret Tips
99197,Arabian Nights: Volume 2 - The Desolate One
101147,The Dreamed Ones
102263,Headstone
102600,The Jungle Captive
102605,"Ghost of Rashmon Hall, The (US release)"
103175,Episode #3.3
103583,Leap!
105508,Riverbanks
105909,All Creatures Big and Small
105909,Two by Two
106113,Mune: Guardian of the Moon
106658,Nine Days
108535,Ways to Strength and Beauty
108607,Capture the Flag
109706,4 Assassins
109706,The Four Assassins
110815,Foreign daughter
112156,The Hallowe'en Party
112286,Hey Arnold!: The Jungle Movie
112380,It's Raining Men (O'War)
112847,Monster Family
113004,Before Summer Ends
113342,Bunker Games
114254,Four Deeds Will Rise
114750,Power Play
114967,Richard the Stork
114967,A Stork??s Journey
115192,The Hymns of Muscovy
116683,"Vanilla Ice Cream, Gentlemen Callers, and a Dinette Set"
117122,The Coward
117132,In the Forests of Siberia
117529,Dr. Seuss' The Grinch
119032,Dark Blue Girl
121012,Imbued life
121091,Don't Grow Up
125394,Knight Rusty 2: Full Metal Racket
125956,Farmageddon: A Shaun the Sheep Movie
125956,A Shaun the Sheep Movie: Farmageddon
126081,The Age of Shadows
126954,Three Peaks
129483,Necronomicon: Book of Dead
129483,Book of the Dead
130203,Luis and the Aliens
130203,Luis & the Aliens
130876,Parasyte -the maxim-
137410,Urfin and His Wooden Soldiers
145552,Bottled Life: Nestle's Business with Water 
147480,December tale or S.Mykolay's Adventures
148212,Checkered Ninja
148911,The Blood Lands 
148972,Capt'n Sharky
152203,Edison and Leo
152383,The Ring Virus
152946,Demon Baby
153749,El crimen de la calle Bordadores
153877,I Do Not Care If We Go Down in History as Barbarians
159512,Spider-Man: Miles Morales
162465,An Ideal Adventure
166295,Driven to Dance
169378,The First Goalkeeper of Sepahan
171889,The Cat in the Hat Knows a Lot About That!
172316,Spy Cat
172532,Stanley's Magic Garden
172576,The Antivax Conspiracy
172576,The Rise of the Anti-Vaxx Movement
173782,Garfield: TV
174346,Heist of the Century
174347,7 Prisoners
174412,Election Night
174497,The Street of Forgotten Men
175377,Assassination Classroom 2
175377,Assassination Classroom: Graduation
175461,Aurora Teagarden Mysteries: An Inheritance to Die For
175462,The Sadness
175600,The Daleks' Master Plan
176199,The Bones
176426,Unclenching the Fists
176428,The Dead and the Others
176810,Land of the Minotaur
177093,Wifemistress
177826,The Last Fleksnes
178355,Battle Earth
178380,Mimicry Freaks
179260,Shirley - Visions of Reality
181083,A Chinese Odyssey
181310,Tony Takitani
181490,Working Woman
181500,The Trial of a Time Lord VI
181501,The Trial of a Time Lord VII
181502,The Trial of a Time Lord VIII
181919,Plague in Amsterdam
182083,More Than Ever
185100,The New Classmate
185975,New Fist of Fury
186413,The Scent of the Night
186978,Fat and Lean Wrestling Match
187695,Recurrence
187835,Stitches
187853,The Perfect Cheerleader
188149,40 & Climbing
188167,Because the Night
188193,Beyond the Wall
188397,American Kickboxer 1
189112,Time Stands Still
189325,Sanctuary
189816,The Impossible Picture
190287,The Territory of Others
190966,Jewish Luck
126,Short Working Day
1008,"The One With Two Parts, Part 1"
1658,2 or 3 Things I Know About Him
2010,The Morning Forest
2010,La For??t de Mogari
2458,Tide of Life
2534,Day 5: 7:00 a.m. ?? 8:00 a.m.
2547,CSI: New York
2751,Three Misses
2804,The Iron Dog
3041,In Bed
3692,New York Calling Superdragon
3692,Secret Agent Superdragon
4709,Holiday for Henrietta
5130,Part 1: Mandela's Year
5130,Episode 1: Mandela's Year
5843,Heat After Dark
8447,Angels & Insects
8821,Non-Stop Trouble with my Double
8894,24 City
8935,Parking
8959,White Man with Black Bread
9502,Kung Fu Panda: The IMAX Experience
9633,The Dead Eyes of London
9730,Friday the 13th: Part 4: The Final Chapter
10259,The Romance
10369,14 Days to Life
10792,Hothead
10797,Terkel in Trouble
11150,Back to Normandy
11334,"S.P.Q.R.: 2,000 and a Half Years Ago"
11389,The Olsen Gang
11390,Olsen Gang Plays For The High Stakes
11530,The Spat
11599,Suzhou River
11682,Our Willi Is the Best
11719,Speaking of the Devil
12098,Supernoses II
12135,Left Bank
12221,Two Drifters
12256,The First Semester
12406,Inju: The Beast in the Shadow
12428,Paper Soldier
12434,Plastic City
12480,Water Drops on Burning Rocks
12602,Blood of the Virgins
12602,The Blood Demon
12800,Gasoline
13112,Sie sind unter uns!
13553,Girl From Rio
13802,The Olsen Gang's Big Score
14181,Pilot
14399,Most ?? The Bridge
14632,Suicide Commandos
14633,Kings for a Day
14635,Man Who Cried for Revenge
14643,Professor Nachtfalter
14647,The Stringer 
14782,Twenty Paces to Death
14878,kk
15466,The ocean of dreams
15539,The Edge of Darkness
15727,Telstar: The Joe Meek Story 
15841,Graveyard of Honor
15875,Red Mist International
15940,Set Me Free
16134,Three... Extremes
16331,The Atomic Fireman
18398,The Beaches of Agn??s
18879,A Gentle Breeze in the Village
19698,Pettson & Findus IV Forget-Abilities
19835,Salty Air
19948,Killing Jews for German Health
20136,Kill Bill: Vol. 3
20136,Kill Bill: Volume 3
20138,I'm Glad that My Mother Is Alive
20296,Lancelot of the Lake
20314,Hidden Diary
20316,La danse 
20446,Fashion Victim
20463,"Panda! Go, Panda!"
20658,Murphy's Law
21580,Brain Drain
22238,The Final (1)
23230,The Portuguese Nun
23239,A Woman's Way
23245,La Folle histoire d'amour de Simon Eskenazy
23245,He Is My Girl
23268,The Wolberg Family
23535,Black Buenos Aires
23911,The Raw and The Cooked
24522,The Big Heat
24525,Loving You
25079,Truth & Reconciliation
25441,The Valdemar Legacy
25447,Episode #1.5
25448,Episode #1.6
25638,The Scarlet Lady
26099,Treeless Mountain
26162,Luxury Car
26173,A Curtain Raiser
26289,New Blood
26290,Three Wise Men
26683,Everyday Is a Holiday
27036,Just Another Love Story
27043,It's Your Fault
27353,Head Cold
27382,The Cruise
27387,Bloody Pit of Horror
27415,Phantom Ship
27528,The Shame
27530,An Ordinary Execution
27532,Horn of Plenty
27535,Optical Illusions
27612,Thunderclap
27612,Eliminator Woman
27612,T-W: Terminator Woman
27612,Backlash
27732,Little Rose
28334,"Ilsa, the Tigress of Siberia"
28872,Jet Lag
29231,Revenge of the Dead
29365,"Future's So Bright, I Gotta Whear Shades"
29990,2012: Supernova
30073,Eastern Drift
30611,Mysterious Ways and All That
30611,Fallen - The Journey
31061,The Moment of Truth
31123,My Father. My Uncle.
31177,Mall Girls
31213,The Nightingale of Tibet 
31353,"It's Not Me, I Swear!"
31565,A Distant Place
31909,Chongqing Blues
32104,Sailor Moon
32119,Fuujin Monogatari 
32266,Claymore
33108,The Boxing Cats
33137,Nobi
33137,Fires on the Plain
33309,Ghostbusters Dark
33548,The Hitchhiker's Guide to the Galaxy
33564,Kasi az Gorbehaye Irani Khabar Nadareh
33564,No One Knows About Persian Cats
33705,Who's Singin' Over There?
34084,Valley of the Wolves: Palestine
35021,Battles Without Honor and Humanity: Hiroshima Deathmatch
35078,Flesh and Fire
35204,The Dino King
35478,The Nanny
35686,Little Hippo
35699,A Country Doctor
36059,Sex and Zen II
36099,"Jaffa, the Orange's Clockwork"
36217,Azazel
36274,Silent Souls
36540,Le Grand Chef 2: Kimchi Battle
36580,Das Geheimnis des Sagala
36822,Parade of the Planets
37172,Sleeping Songs
37536,Hello Schoolgirl
37581,COPS 
37986,"Never Love a Goalie, Part 1"
38008,"Little Carla, Happy at Last (2)"
38615,Rise Of War
38939,Magic Cop
39052,The Improbable Dream (2)
39082,Pigs and Battleships
39083,Street Mobster
39341,Crazed Fruit
39370,A Useful Life
39711,The Green Bird
39716,The Kangaroo
40068,Fritz Bauer: Death by Instalments
41585,"Lula, Son of Brazil"
41589,Of Love and Other Demons
41597,Street Days
41598,Echoes of the Rainbow
41601,How Funny
41605,Strayed
41606,Hong Kong Confidential
41649,Meat Grinder
41717,A Snake of June
41718,From Istanbul - Orders to Kill
41814,Deathdream
41945,Une vie suspendue
42324,StrayDog: Kerberos Panzer Cops
42415,Guinea Pigs
42631,Rabbit Without Ears and Two-Eared Chick
42685,The Private Eyes
42686,Chicken and Duck Talk
43639,LennoNYC
43802,United Red Army
43966,Sacred Waters
43980,Ride-Along (WT)
44209,The Tale of John and Mary
44475,Naruto Shippuden the Movie: The Lost Tower
44608,Stand-off
44645,Klown
44676,Take the Trash
44881,Unholy Desire
45076,Can't Change the Meeting Place
45101,The Ice Princess
45325,24 Hours in the Life of a Clown
45347,Takeshi's Castle
45360,Scandal
45362,The Men Who Tread on the Tiger's Tail
45384,1066 The Battle for Middle Earth
45384,1066
45445,Self Referential Traverse: Zeitgeist and Engagement
45542,Battle Girls vs Yakuza 2: Duel in Hell
45997,Echoes
46181,An Inn in Tokyo
46390,Black River
46524,The Hypnotist
46648,A Lustful Mind
46899,Hoodwinked Too! Hood vs. Evil
47081,My Daughter Belongs to Me
47203,Dry Summer
47455,By the Sea
47616,Mountain Crystal
47799,Red Eagle
47804,Deep in the Heart
48109,"Cheaters, The Conclusion"
48111,Saint Louis Blues
48127,Lunatics and Lovers
48131,Lady Jayne: Killer
48199,Cairo Exit
48501,Downstream
48972,The Mine Foreman
49125,Flight of the Living Dead: Outbreak on a Plane
49134,Roadgames
49147,Going Private
49169,Niko 2: Family Affairs
49169,"Little Brother, Big Trouble: A Christmas Adventure"
49258,The Saint and Her Fool
49289,Mr. Kuka's Advice
49612,Euphoria
49853,A Fugitive from the Past
49893,A Night in Venice
50103,Throttle
50106,The Princess Academy
50508,Come to My Voice
50568,Blood Monkey
50586,Queen of the Lake
50590,Melody of the Heath
50746,The Girl of His Dreams
50820,Sweet Little Lies
50873,A Friendship to Die for
51253,The Legend of William Tell
51491,Hatsukoi Jigokuhen
51538,The Sex of the Angels
51558,One Armed Swordsman Against Nine Killers
51571,"Goodbye, Dragon Inn"
51587,The Art of Getting Along
51593,Tiny Toons
51599,Goodbye South
51685,Explosives Excavator 1010
51702,Almayer's Folly
51706,When the Night
51808,The Colors of the Mountain
51886,The Vertical Ray of the Sun
51957,Double Suicide
52101,All for One
52202,The Story of Richard O
52207,Red Riding - The Year of Our Lord 1980
52210,Rhinegold
52250,Mexican Bus Ride
52354,Origins of the 21st Century
52487,"Mama, I'm Alive"
52793,Zenda
52819,Sol 
52953,The Ride
53000,Karl the Butcher vs. Axe
53166,"Good Men, Good Women"
53205,Don't Touch My Children
53234,Delice Paloma
53283,The Boys from Fengkuei
53472,Genera??. Zamach na Gibraltarze
53601,Like Asura
53685,Anita Lindblom Biopic
53695,Sex Is Beautiful
53714,Lynch (One) 
53714,Lynch (one)
53803,Black Rock Shooter
53847,Crime Scenes
54014,Love in London
54053,Captain Phantom
54054,Vienna Waltzes
54177,Interrogating the Witnesses
54229,Crime 101 
54304,Three Swords of Zorro
54570,Anguish
54711,The Delphi Effect
54739,Last Operations Under the Orion
55245,11/22/1963
55270,Platform
55278,"Anna: the Pleasure, the Torment"
55278,Secrets of a Call Girl
55296,The Last Trick
55382,Disorder and Early Torment
55469,Comet Quest: The Adventures Of Mark Twain
55615,It's Hard to Be Nice
55682,The Eye of the Needle
55975,The Master
55987,Seven Invisible Men
56202,The Mountains Between Us
56278,Harm's Way
56385,Bitter End of a Sweet Night
56467,Don't Cry Germaine
56553,La Maison en Petits Cubes
56577,A Montreal Girl
56844,The Indian
56900,The Violent Patriot
57140,Alpha 0.7 ?? Der Feind in dir
57353,The Undaunted Wudang
57532,The Garden of Sinners: A Study in Murder ?? Part 1
57743,Blood Brothers
57871,We Are Not Angels
57897,The Fourth Portrait
57912,Heroes Two
58190,The Red Snowball Tree
58347,Akitsu Springs
58520,Summer Affair
58520,Sun On The Skin
58706,Taurus
58732,Wader Wecker Father Land
58836,Lady Hunter: Prelude To Murder
59097,"It Is Not the Homosexual Who Is Perverse, But the Society in Which He Lives"
59174,The Playhouse
59373,Family Secret
59539,Enemies of the People
59621,The Black Imp
59698,Battle of The Century
59705,"Pensavo fosse amore, invece era un calesse"
59739,Terror of the She-Wolf
59739,Daughter of a Werewolf
59739,She-Wolf
59739,The Legend of the Wolf-Woman
59739,Naked Werewolf-Woman
59739,Werewolf Woman
59741,They Have Changed Their Face
59847,Alone Against Rome
59850,Bad Guys
59870,The Pay Off 
59929,The Photographical Congress Arrives in Lyon
60082,Tears and Laughter
60122,Revolt of the Praetorians
60130,The Black Duke
60181,A Summer at Grandpa's
60548,"Lebewohl, Fremde"
60574,300 Miles to Heaven
60585,The Colonel's Account
60588,The Fairy of the Surf
60614,The truth of lie
60757,Healing
60944,??Vivan las Antipodas!
61352,The Delay
61570,Postcards from the Zoo
61754,Castle of Otranto
61845,Heroes and Villains
61989,Twigson Ties the Knot
62236,Emperor's Ball
62237,The Cat
62279,The Second Twin
62298,Crystal Fist
62527,18 Years Old and Rising
62595,Magic Silver II
63002,Katy Perry: Part of Me
63015,How to Meet the Lucky Stars
63046,Mr. Vampire III
63433,The Long Holiday
63604,Dia de los Muertos (WT)
63610,The Corsican Brothers
63865,A Stranger in the Family
63880,Spartacus: Vengeance
63938,Coming Soon
64051,Men in Hope
64060,If You Go Away
64086,Women of the Night
64204,In the Garden of Sounds
64481,Bad Grandpa
64552,Arrow y leyendas del ma??ana
64586,Colic: The Movie
64844,Virgin Stripped Bare by Her Bachelors
64846,Woman Is the Future of Man
64847,Woman on the Beach
65023,House 3
65144,In Our Time
65278,The Girl and the General
65423,Miscellaneous News
65487,"Blye, K., Part 1"
65541,Life In Stills
65542,The River Used to Be a Man
65831,Oma & Bella
66063,The Magnificent Gladiator
66080,Adultery: A User's Guide
66086,Mahjong
66088,Blue Gate Crossing
66233,Beyond Outrage
66235,Thy Womb
66238,Carbide and Sorrel
66251,Our Trip to Africa
66255,Death in the Land of Encantos
66438,Lovefilm
66609,Here and Elsewhere
66665,Joseph Kilian
66681,I Won't Be Here Tomorrow
66817,Memoirs of a Sinner
67005,The Changing of the Guard
67060,Stairs
67141,Tale of Tales
67141,A Tale of Tales
67350,Chaochow Guy
67372,Dragon Gate Inn
67479,Red-Handed
67633,The Cabbage Fairy
67681,The Victim
67689,The Sexy Killer
67691,The Humanoid
67694,Duel of Fists
67697,The Cannibalistic Councillor
67702,The Rebel
67706,The House of Exorcism
67722,The Wild Team
67765,The Johnsons
67775,The Red Wolf
67788,A Story of Water
67792,Behind the Mask of Zorro
67797,Shogun's Ninja
67823,Bob Fleming... Mission Casablanca
67838,The Gardener
67844,Peopletoys
67911,City in Darkness 
68138,A Long Story
68141,??anakkale ??ocuklar??
68151,The Gold Rimmed Glasses
68172,Led Zeppelin: Celebration Day
68314,Nicostratos the Pelican
68320,The Woodsman and the Rain
68410,"Romeo, Juliet and Darkness"
68430,Everything for Sale
68456,The Forty-First
68471,The Upthrown Stone
68472,Ana and the Wolves
68488,I Am Curious (Blue)
68501,Lust for Love
68512,Pretty But Poor
68515,The Student of Prague
68537,Don Quixote
68546,When I Am Dead And Gone
68669,Do You Believe in Angels?
68697,A Lover's Return
68730,How to Be Loved
68801,The Bigamist
68815,My Little Loves
68823,Ghosts ?? Italian Style
68830,I Hate Mondays
69051,"First of All, Felicia"
69278,Four more years
69673,Charlie Chan - The Scarlet Clue
69824,Blood and Sand
69843,Noose
69903,The Longest Nite
69921,Sanctuary for All: Part 2
69952,The Dark Glow of the Mountains
70108,Eye of Winter
70240,Three Worlds
70443,Port of Call
70474,J.L.G. Meets W.A.
70539,Chuck Versus the Coup D'Etat
70612,"Dog Tags: Don't Ask, Don't Tell"
70690,One Does Not Bury Sunday
70869,Adrift in Tokyo
70936,Hard to Remember
71088,The Perfect Human
71228,Paradise: Hope
71433,"Bonditis, or the Horrible and Terrible Adventures of a Nearly Normal Human Being"
71691,Typhoon Club
71879,Hello Cinema
71929,Vive le Tour
72118,Struggle in Italy
72208,The Farm of Seven Sins
72211,Ende der Unschuld
72327,In the Name Of
72456,"Funuke Show Some Love, You Losers!"
72461,The Princess and the Cobbler
72461,Arabian Knight
72477,Memoir of Japanese Assassins
73041,Salve
73473,The Promise
73967,The Sky Dragon 
74091,Picnic on the Grass
74166,Pilot
74652,Chasing Ghost
75048,Oeuf
75216,Adam's Son and Eva's Daughter
75241,An Episode in the Life of an Iron Picker
75826,On the Edge
75833,A Lady in Paris
75947,King Curling
75972,The Hidden Half
75974,G.D.O. BlackCat
75975,Traffic Department
75978,The Butterfly's Dream
76021,SLOW RIDDIM EXPRESS
76025,"If You Don't, I Will"
76342,Reluctant Partners
76344,Honor Thy Father
77521,Tenderness
77549,Ricky: Three's a Crowd
77570,Seven Minutes to Autumn
77840,Journey of Hope
77845,Cycling with Moliere
78089,The Favor
78090,Sins of the Father
78557,Winter Sleep
78721,"So Close, So Far Away"
78721,"So Far, So Close"
78721,"So Close, So Far"
78894,Nobody Knows the Trubel I've Seen
79092,The Last Mentsch
79488,The White Queen
79651,The Painting Pool
79655,Canaan
79705,The Last Step
79706,"I'm Taraneh, 15"
79706,"I Am Taraneh, I Am Fifteen Years Old"
79956,Battle in Heaven
80036,"Truth, Part 2"
80072,Mourning
80302,Getting Home
80353,Objects in Mirror
80353,Objects in Mirror are Closer than They Appear
80637,The Admiral's Daughter
81136,The Father
81145,The Olsen Gang Long Gone
81236,The Dreyfus Affair
81281,The Avenger
81285,"Tad, The Lost Explorer"
81289,General della Rovere
81342,La Cage aux Folles 3: The Wedding
81365,The Mystery of the Terracotta Dog
81405,The Interval
81557,The Many Mouths of Aaron Colville
81622,The Girl in the Sneakers
81624,A Bullet for the General
81653,Carom Shots
81738,"Where Angels Go, Trouble Follows"
82006,Mona-Mania
82112,I Am Curious (Yellow)
82169,The Coffin in the Mountain
82394,"Lock, Stock, Some Smoking Barrels and Burton Guster's Goblet of Fire"
82490,Unveiled
82923,Ariane's Thread
83180,Deep Trouble: Part 2
83363,Buddha Mountain
83616,Arizona Bill
83727,Tehran Taxi
83727,Taxi Tehran
83727,Jafar Panahi's Taxi
83733,Nobody Wants the Night
83825,Twilight Portrait
83836,On the Edge
84844,A Long Goodbye
85059,De@th on Live
85216,The Ballad of the Daltons
85647,Aniki-B??b??
85801,God's Gift
85850,Standing Tall
86035,Marguerite and Julien
86039,Mountains May Depart
86059,Journey to the Shore
86061,The High Sun
86245,The Curse of the Aztec Mummy
86245,"Maldicion de la Momia, La (US release)"
86245,Curse of the Aztec Mummy (US TV title)
86559,Men Show Movies & Women Their Breasts
86777,A Few Cubic Meters of Love
86947,The Singer
87104,Adrift
87215,We've Got Time
87289,The Long Goodbye
87338,Robert and Bertram
87508,A Borrowed Identity
88269,Blood Letter
88362,Reykjav??k-Rotterdam
88635,The Berliner
88718,Into the Mirror
88797,"Good Morning, Night"
88855,11 Minutes
88864,A Beautiful Valley
88871,"Wednesday, May 9"
88938,Heart of Glass
88955,The Princess Blade
88979,Apartment 143
89080,Rise of the Predator
89183,Carmel-by-the-Sea
89187,Uli the Tenant
89215,The Little Match Girl
89355,The Golden Dream
89368,Web of Passion
89429,Twenty
89464,American Ninja IV
89465,American Fighter III
89465,American Ninja III - Blood Hunt
89467,In a Wild Moment
89468,One Wild Moment
89624,Kentucky Killer
89653,Fratricide
89720,Class Enemy
90208,Space Pirate Captain Harlock
90458,Kriemhild's Revenge
90488,A Hole in My Heart
90593,Black Emanuelle
90771,Death Wish III
90850,From Karkheh to Rhein 
91127,The Executioner of Venice
91132,Midnight Heat
91143,What's Between Us
91402,Jack Frost 
91413,The Snow Queen
91582,Stuff and Dough
91599,Clouds of May
91767,Emmanuelle 2
91843,Three Godfathers
92050,Brother Outlaw
92054,The Fencer
92096,The Christmas Haunting: Part 1
92239,Time and Tide
92323,Innocence
92409,The Good News
92429,White Fang 
92467,A Lullaby to the Sorrowful Mystery
92471,Death in Sarajevo
92561,The Fury of Achilles
92565,Varg Veum: Woman in the Fridge
92580,Emanuelle Around the World
92749,Crosscurrent
92793,Road to Istanbul
92794,A Trip
92911,Days of Darkness 
92961,Dust of Life 
92974,Course Completed
92979,Wartime Romance
93025,A Good Wife
93095,The Mystery Of The Cure To Loneliness
93101,The Writing on the Wall
93193,The Snack Thief
93271,Sand Storm
93271,???????? ??????
93334,Barakah Meets Barakah
93375,The Human Centipede
93388,Ken Arsyn's Synaude
93391,PSixtysec
93392,PSeason
93488,The Shine of Day 
93522,April and the Extraordinary World
93579,Kundo: Age of the Rampant
93582,The Third Side of the River
93713,The Fool 
93750,Varg Veum ?? Cold Hearts
94086,We Are Family
94171,And Hope to Die
94222,The Changing of the Guard 
94358,Wu Dang
94409,Never on Sunday
94475,Bitter Flowers
94476,Varg Veum ?? Sleeping Beauty
94561,Moreno and the Silence
95007,I Am Not Salvador
95071,The 8 Diagram Pole Fighter
95079,Ruanda ?? The Day God Walked Away
95342,Goat 
95361,The Cyclist
95381,A Question of Belief
95383,Borderless
95419,The Diabolic Tenant
95446,Dark Secrets: Part 1
95447,Dark Secrets: Part 2
95617,Valderrama
95631,A Very Ordinary Citizen
95679,Staying Vertical
95687,After the Storm
95747,Pericles the Black
95747,Pericle
95747,Pericles the Black Man
95748,Beyond the Mountains and Hills
96343,Risk of Acid Rain
96558,"Fire, Water, and Brass Pipes"
97013,Doctored Evidence
97083,The Report
97239,...And the Woman Clothed in Sun
97575,A Sea of Troubles
97596,The Midfielder
97645,Kaili Blues
97647,Back to Stay
98279,From What Is Before
98340,Woe Has Joined
98942,Crossing the Dust
99046,Off Season
99196,Arabian Nights: Volume 1 - The Restless One
99801,As I Open My Eyes
99856,A Girl at My Door
99939,One. Two. One
100003,Never Ever
100424,Lost and Beautiful
101132,The Child and the Soldier
101133,"Here, a Shining Light"
101510,Boy Eating the Bird's Food
102262,Blood Cross
102462,The Indestructible Man
102669,Black Girl
103177,Episode #3.5
103567,The Nightingale
104238,The Legend of Love
104326,Lego DC Comics Super Heroes: Justice League: Gotham City Breakout
104357,Pluto
104396,And the Rom-Connie
104854,Day Trippers
105169,Seventeen
105383,Leg in Iron
105691,Sound and Fury
106198,The Flu
106198,Flu 
106378,Hold The Breath
106463,Loveless
106595,Jupiter's Moon
106845,The Microscope
107131,Based on a True Story
107402,Top Of The Lake: China Girl
107449,Hold Back
107721,A Man of Integrity
108222,Moebiuseu 
108419,Two-Way Stretch
108468,Bad Guy
108808,The Fighting Sullivans
109067,Magnificent Bodyguards
109102,The Spiders - Episode 2: The Diamond Ship
109635,Kids From Shaolin
109635,Shaolin Temple 2: Kids From Shaolin
109810,The Supper
109849,Paris Can Wait
110693,The Days That Confused
111668,Twist and Shout
111687,Nothing Ever Really Ends
112275,Snow in November
112512,Mug
112527,High Society Murder IV
112668,Clair Obscur
112733,U - July 22
112793,Damaruko Dandibiyo
112797,High Society Murder VI
112921,Submission of a Woman
113345,"Nerd, Wind and Fire"
113398, On the Edge (1)
113398, On the Edge (2)
113541, Seek for the Noble Father in the Dust
113838,Ash Is Purest White
114121,The Seducers
114154,The Greatest Thing
114823,Muscle Car + Paper Clip
115261,The Red Circle
115328,Thach Thao
115461,Bald Dog
116031,The Man with the Glass Eye
116151,The Heath Is Green
116173,The Hunchback of Soho
116692,Traitor's Gate
116692,The Traitor's Gate
117012,The Future
117019,In Between
117216,God's Not Dead: A Light in Darkness
117379,An Elephant Sitting Still
117542,Pettersson and Findus 2
117620,Little Red Riding Hood
117633,The Love Bug Rally
117635,The Maddest Car in the World
117636,Two great beetles clean up
119105,Tonio & Julia: Ein neues Leben
119134,Fateless
119775,The Report of Yousefi??s Runaway
119986,Surf's Up 2
120667,14 and Under
121254,About Endlessness
121433,The Devil in Me
126251,And So Died Riabouchinska
129479,The Diver Inside
129669,Banquo's Chair
129672,You Can't Trust a Man
129753,Do You Sometimes Feel Burned Out and Empty?
129782,Body Glitter and a Small Safety Kit
129933,Give Me My Chance
129942,The Intruder
130060,Lady of Csejte
130060, Blood Countess
130185,Atlantics
132172,"To Sir, with Love"
133571,The Unearthly Stranger
133862,The Man on the Train
133863,"A White, White Day"
133863,White White Day
134487,Last Platoon
135718,Blind ermittelt ?? Das Haus der L??gen
135816,Empowered
137001,Nanayo
137649,Ugly Dolls
137971,The Little One
138270,Kickboxer 5: The Redemption
138737,Messi and Maud
138969,Racer and the Jailbird
142408,Before Snowfall
145915,Caught in the Net
147459,Blue Murder at St Trinian's
147864,We Are the Flesh
149215,Home Guards
150422,House of Hummingbird
152127,Fidelity
152175,Nobody Sleeps in the Woods Tonight
152925,Duchess and the Dirtwater Fox
153057,Corpus Christi
153527,"Silent Night, Bloody Night: The Homecoming"
153551,Leda and the Swan (1)
154719,The Son of Captain Blood
156994,The Nail Clippers
157844,Untitled Deadpool film
159883,All About Yves
161526,Beyond the Walls
161638,Great Freedom
161640,The Divide
162090,Sorry If I Want to Marry You
162305,Drive My Car
163279,Shah Jahan Regency
163349,The Bomber
163587,Android of Notre Dame
163597,Destruction Force
163965,Taxi Blues
164382,Romantic Comedy 2: Farewell to Bachelorhood
164391,Ederlezi Rising
164627,Lost Illusions
165290,Carry On: Follow That Camel
165295,The Unknown Soldier
165397,The Domino Kid
165961,Evangelion: 3.0+1.0 Thrice Upon a Time
166306,And Then There Was Light
167279,iris 2:The Movie
167283,House of Angels ?? The Second Summer
167494,Spiritual Kung Fu
168033,Ram Setu (film)
168930,Aurora Teagarden Mysteries: The Disappearing Game
168931,Aurora Teagarden Mysteries: A Very Foul Play
170129,Maria's Paradise
171398,Star Boys
171975,Uppercase Print
174211,Game of Death II
174318,How to Marry A Millionaire
174348,The Forgotten Battle
174351,Night in Paradise
174401,Sisters in Arms
174435,Dear Son
174494,The Bewailing
175327,I Can Fly
175386,The Slingshot
175458,The People Upstairs
175572,Gonjiam: Haunted Asylum
175622,Hit the Road
175627,What Do We See When We Look at the Sky ?
175827,The Daleks' Master Plan
175926,Tribal Warfare
175930,Maximum Security
175949,Battle of the Bulge
176080,Yamada: The Samurai of Ayothaya
176081,My Way
176321,Girl in the Window
176419,Our Mothers
176423,Ahed's Knee
176424,Compartment No. 6
176432,Casablanca Beats
176563,Operation Delta Force: Great Soldiers
176914,A Good Lawyer's Wife
176929,Restless
176943,El-Dizel
176945,The Garden of Delights
176969,Ichijo's Wet Lust
177047,Nobody Gets Out Alive
177051,"Gangsters, Guns and Zombies"
177078,Jos??phine est enceinte
177086,Detective K: Secret of the Virtuous Widow
177086,Detective K: Secret of Virtuous Widow
177087,The Gal??ndez File
177147,Re-cycle
177288,Bad Roads
177409,A Persian Melody
177443,Mrs Lowry and Son
177468,Blood Valley: Seed's Revenge
177659,The Invisible Thread
178277,Turn Around
178311,Grizzly II: Revenge
178319,Take-Away Romance
178324,Atlas Shrugged Part III: Who Is John Galt?
178324,Atlas Shrugged: Who Is John Galt?
178351,Halfway House
178400,Sword of God
178792,A Thousand Times Stronger
178820,Robert the Doll
179111,Child Brides
179111,Child Bride of the Ozarks 
179111,Dust to Dust 
179115,An Eternal Combat
179189, Spies (2)
179236,The Belgian Job
179614,The Flesh
179693,Godzilla: Tokyo S.O.S.
179706,Zahaimar
179846,Paranormal Entity 4: The Awakening 
179929,Messengers 2: The Scarecrow
179931,Cold Sweat
180187,The Adventures of Sharkboy and Lavagirl in 3-D
180187,The Adventures of Sharkboy and Lavagirl 
180637,The Mountain II
180964,Y??z Numaral?? Adam
180993,Rhapsody in August
181000,Killing the Shadows
181006,Peppermint Candy
181009,The Mountain
181020,"Pretty Village, Pretty Flame"
181046,Bad Genius
181051,I'm No Longer Here
181059,The Last Hangman
181062,Fate
181078,Boats Out of Watermelon Rinds
181079,Majority
181082,Intimate Stories
181087,Ode to My Father
181090,Love in Another Language
181094,Frozen Land
181095,On Probation
181096,The Attorney
181098,The Geographer Drank His Globe Away
181101,Sunny
181103,The Beauty Inside
181109,Clergy
181292,The Ballad of Narayama
181380,Disappearance at Clifton Hill
181396,The Tiger: An Old Hunter's Tale
181401,Vengeance
181422,The Novelist's Film
181475,Our Country
181481,All About Mothers
181510,Heroes of the East
181523,Walking the Streets of Moscow
181526,Olympic Garage
181528,The Tale of Zatoichi
181529,The Tale of Zatoichi Continues
181530,New Tale of Zatoichi
181532,Chameleon
181847,An Outpost of Progress
181849,Something Different
181864,Tchaikovsky's Wife
181865,Hi-Han
181937,Big Bullet
182659,Stowaway Girl 
182668,The Complexity of Happiness
182705,Sexy Therapy
183270,Lone Wolf and Cub: Sword of Vengeance
183366,The Innocent
184913,The Way of the West
184913,Lawman
184919,Cat and Mouse
184934,The Move of The Penguin
185060,Mr. Scoutmaster
185062,Don't Play with Tigers
185097,Once Upon a Time in Phuket
185182,Baashha
185204,Sivaji: The Boss
185205,Life in a... Metro
185206,Where's Firuze?
185218,Yahsi Bati - The Ottoman Cowboys
185240,The Seventh Company Outdoors
185257,The ABCs of Love
185268,The Black Square
185273,Alive & Kicking
185278,Miracle in Cell No. 7
185415,Lone Wolf and Cub: Baby Cart at the River Styx
185416,Lone Wolf and Cub: Baby Cart in Peril
185417,Lone Wolf and Cub: Baby Cart in the Land of Demons
185500,Don't Let Them Shoot the Kite
185502,Kaakkaa Muttai
185511,I Don't Want to Go Back Alone
185819,Monstrum
185822,Offline Mode
185868,Jo??o and the Knife
185974,My Big Gay Italian Wedding
186001,Up the Mountain
186186,J??nssonligan & DynamitHarry
186399,"Smash-Up, the Story of a Woman"
186407,The Law
186408,Beauties of the Night
186418,A Very Bad Friend
186494,As needed
186533,Doodeind
186618,Personality
186887,Glass Cage
186896,All for Two
186950,J??nssonligan och den svarta diamanten
186963,The Man with the Magic Box
187043,Hocuspocus
187231,Night Beat
187233,SuperBrother
187237,Angel Face
187238,Ravens
187302,Move Me
187303,Three Heists and a Hamster
187370,Artificial Paradises
187424,Time for Loving
187431,Wannabe Widowed
187571,A Friendly Tale
187608,Tollbooth
187616,Legend of the Demon Cat
187617,Forever Enthralled
187690,438 Days
187932,The Whaler Boy
187963,"It's Not Me, It's Him"
187967,Adult Behavior
187972,Sune's Summer
187976,Ah! The Beautiful Priestesses of Bacchus
187989,Project Emperor
188040,Chhello Show
188041,JJ+E
188060,Raspberry Boat Refugee
188199,Sidetracked
188208,A Voice in the Night
188209,Invisible Creature
188214,Bloody Oranges
188355,The Monster of London City
188356,The Mad Executioners
188376,Before the Fire
188383,Shred 2
188395,Solar Destruction
188398,The Brutal Truth
188398,Shaded Places
188401,Shadow on the Window
188402,Secret of the Whistler
188404,Ambush at Dark Canyon
188411,The Fighting Lawman
188415,"Run, Run, Joe!"
188420,Billy The Kid - Fugitive of the Plains
188487,The Handyman
188560,The Silent War
188561,Under Her Control
188599,The Match
188763,Truth and Justice
188775,The Last Mercenary
188784,The Target
188795,The Replacement
188804,The Restless
188812,Bram Stoker's Shadowbuilder
188877,The Medicine Seller
188879,I'm Not A Killer
188880,Couch Potatoes
188905,"Live Now, Pay Later"
188934,Maximum Velocity
188994,The Predators
189001,Blind Revenge 
189002,Beasts Clawing at Straws
189007,The Presence
189012,Battle for the Skies
189015,Benilde or the Virgin Mother
189111,The Magic Garden
189117,Thou Shalt Not Kill 
189127,The Way We Laughed
189129,The Strike
189132,A Cage of Nightingales
189133,Bait Shop
189154,"Belle Starr, the Bandit Queen"
189155,Rule 34
189190,Calling for Love
189261,The Cartel
189262,It's Nifty in the Navy
189268,Perfect Obedience
189307,The Bunker
189339,In the Heart of the Machine
189439,Welcome to the Warzone
189471,Everything for Father
189499,Bombs on Monte Carlo
189501,The Racing Lady
189534,Battle of the Worlds
189540,Dark Nemesis
189577,Terror House 
189577,Moonlight Madness
189624,Buttons: A Christmas Tale
189809,Attack on Finland
189815,It's All About Karma
189953,Hercules and the Treasure of the Incas
190258,A Man There Was
190272,The Silence of the Poet
190283,Love Without Pity
190293,The Grasshopper
190294,Le d??froque
190340,There Was a Father
190352,One Wonderful Sunday
190356,Seeking Asylum
190357,"Berlinguer, I Love You"
190372,The Unknown Soldier
190378,Carnival Night
190395,The Persecution and Assassination of Jean-Paul Marat as Performed by the Inmates of the Asylum of Charenton Under the Direction of the Marquis de Sade
190400,The Little Golden Calf
190409,Zatoichi Meets Yojimbo
190542,Katie Tippel
190547,An Unfinished Piece for Mechanical Piano
190898,Summer Rain
190905,Hatfields and McCoys: Bad Blood
190958,Mulberry St
190958,Zombie Virus on Mulberry Street
30,Magnetic Rose
474,Traces to Nowhere
477,2
477,"Zen, or the Skill to Catch a Killer"
774,Workers Leaving the Lumi??re Factory
1034,The One After the Superbowl (Part I)
1128,Quest for fire
1160,Operation ?? Annihilate!
1963,The Bow
2903,Hippolytes Fest
2963,The Impossible Voyage
2987,Mister Kingstreet's War
3177,Battle Royale II
3693,Objective 500 Million
4323,A Man in His Best Age
4325,Parapsycho ?? Spectrum of Fear
4890,A Thousand Years of Good Prayers
5054,Dangerous Affairs
5073,When Reason Sleeps
5073,Gdy rozum spi
5073,Kiedy rozum spi
5073,Guilty of Innocence
5087,Bil'in my love
5117,Season 1
5139,The Fox & the Child
5139,The Fox and the Child
5154,1:00 am??- 2:00 am
5888,Razzia in Sankt Pauli
7216,Zombie Holocaust
7390,Season 1
7860,Lemon Tree
8214,Drifting Clouds
8383,Red Sun
8652,Sad Dreams
8653,The Isle
8692,Cannibal Apocalypse
8771,Mind Ripper
8771,Hills Have Eyes Part 3
8779,Journey to the Beginning of Time
8900,Lion's Den
8927,Involontaires
8927,Involuntary
8949,TV TOTAL
9551,Dieter: Der Film
9632,The Monk with the Whip
9634,The Indian Scarf
9669,Ring 2
9704,Changes
9728,Friday the 13th Part III
9728,Friday the 13th (3)
10221,Solo for Clarinet
10291,Possible Lives
10374,Father's Day
10422,Making up!
10448,Rapa-Nui
10506,Maria Beth??nia: Music Is Perfume
10686,Samurai Fiction
10697,The Taste of Others
10722,The Day of the Beast
10770,The Sheriff and the Satellite Kid
10831,The Draughtsman's Contract
10880,The Noah's Ark Principle
10931,Deadly Maria
10960,Project ALF
10980,Rats 2: They're Back With a Vengeance
11214,We Feed the World
11466,Slim Susie
11479,"Little Indian, Big City"
11479,An Indian in Paris
11492,Blind Shaft
11569,Hellraiser III - Hell on Earth
11612,Even Angels Eat Beans
11810,Legal Marriage
11819,Spare Parts
11876,The Horseman on the Roof
11914,Perched on a Tree
11948,"Merry Christmas, Mr. Lawrence"
11953,Kagemusha the Shadow Warrior
11981,Die Supernasen
12156,Private Property
12217,The Third Eye
12302,Setannya Kok Beneran?
12424,Giovanna's Father
12468,Death of a Tea Master
12470,Sandakan No. 8
12496,The Twilight Samurai
12544,Respiro: Grazia's Island
12544,Grazia's Island
12562,The Two Waters
12583,Ginger Snaps 3: The Beginning
12592,The Olson Gang Goes to War
12595,V The Final Battle
12604,Dalecarlians
12607,Kamikaze 89
12765,This Very Moment
12838,One to Another
13115,"Ready, Steady, Charlie!"
13497,The Little Soldier
13570,911 False Flag
13624,Island of Fire
14082,Vexille
14099,Everything about Mustafa
14141,?????????? ?????? ??????????
14141,????????2????
14141,YAHYA AL NAABI
14446,Shiver
14634,Romulus and the Sabines
14761,Master with Cracked Fingers
14786,Blood Brothers
15122,Fringe - Grenzf??lle des FBI
15204,kamran
15635,The retourn of Casanova
15738,The Unvanquished
15779,Lupin III: Dead or Alive
15851,Change of Address
15861,Adventure Starts Here
15927,The Love Keys
15938,Boesman and Lena
16002,City of Life and Death
16206,Tetsuo: The Bullet Man
16739,K-20: Legend of the Mask
16749,Sexykiller
17026,Oh Schucks...! Here Comes U.N.T.A.G.
17318,The Country Teacher
17357,Lost and Found
17593,Chuck Versus the Intersect 
18880,Hands of Death
18893,"Jhumur, the girl"
18952,Sea of Death
19044,The Dark Web
19048,"Me Ivan, You Abraham"
19189,Cape No.7
19478,Powder Keg 
20008,Pretty Boy
20141,Will It Snow for Christmas?
20297,The Devil Probably
20313,12 Paces Without a Head
20412,"Patrik, Age 1.5"
20469,The Orange Girl
20735,J'ai oubli?? de te dire
20919,The Garden
21178,Death is Child's Play
21178,Island of the Damned
21296,Southern District
21395,The Woman with the 5 Elephants
21470,The French Kissers
21488,Bad Day to Go Fishing
21550,Letters to Father Jacob
21798,Un buen hombre
21798,A Good Man
21799,"It's Not You, It's Me"
21877,"Good Morning, Mr. Grothe"
21879,Marias's Last Journey
22082,Not Reconciled
22369,Kung Fu Panda: The Kaboom of Doom
22532,Black Rider
22769,Cut!
22871,The Condemned
23185,Lala Pipo - A Lot of People
23221,Bitter Victory
23374,The Last Blood
24213,Silent Voice
24520,Judgement
24551,Heroic Trio 2: Executioners
24551,Executioners
24649,Two Jerks and a Pig
25442,Episode #1.1
25443,Born to Suffer
25444,Episode #1.2
25904,I'm Gonna Explode
25913,The Snow Queen
26141,The Last Flight
26284,Connected
26288,Return of the Living Dead: Rave to the Grave
26309,Nocturnes for the King of Rome
26572,Day at the Sea
26666,Guts
26832,Saviour Square
27041,Parade
27172,Only God Sees Me
27180,Terribly Happy
27413,The Day the Sky Exploded
27536,Little Spook Laban
27733,The Boat Race
27832,Breakdance
28195,Blood Rose
28195,The Blood Rose
28335,Shanghai Blues
28380,Escape from the Bronx
28716,Northless
29277,Someone to Watch Over Me - Part 1
29721,Guinea Pig
29721,Flower of Flesh and Blood
29752,Compassionate Sex
31267,Son of Sun
31346,Little freedom
31499,Room and a Half
31905,Tender Son ?? The Frankenstein Project
33010,Inseparable
33041,Ocean Heaven
33058,One Hundred Nails
33188,Mork & Mindy
33188,Mork and Mindy
33471,I Had a Feeling I Was Dead
33756,Our Beloved Month Of August
33944,Zebraman 2: Attack on Zebra City
34086,Air Doll
34144,The Equalizer
34618,In the Beginning There Was Light
34712,Ah! My Goddess!
34712,Oh My Goddess!
34721,The Albanian
35115,It's Not Easy Being Green
35121,Beacon 77
35121,The 7th Dimension
35188,Rusty Knife
35393,Winter Vacation
35492,Under the Flag of the Rising Sun
35525,The Goalgetter's Ship
36162,Psychopath
36166,Wallander ?? Village idiot
36251,A Black Veil for Lisa
36278,Oedipus Rex
36458,Monika
36736,Sensational Janine
37265,Two Eyes Staring
37419,Gor 2
37484,Secret Service of the Imperial Court
37797,Norwegian Ninja
37799,World Apartment Horror
38017,Woody for Hire Meets Norman of the Apes
38057,Zatoichi: Darkness Is His Ally
38057,Zat??ichi 26
38249,Mother's Day
38404,Cindy's Love Games
38405,Four Billion in Four Minutes
38516,Wallah Be
39115,Mother Joan of the Angels
39465,BlindSide
39509,Entertaining Mr Sloane
39661,A Nest of Gentry
39737,Confessions of a Police Captain
39979,The Real End of the Great War
40800,Land & Freedom
40821,Season 4
40975,Road Kill
41590,The Blacks
41592,Messages from the Sea
41594,The Athlete
41619,A Barefoot Dream
41656,Lis??strata
41788,A Slightly Pregnant Man
42030,Rebels of the Neon God
42069,Flying Sex
42073,The Black Cat
42085,The Man Who Left His Will on Film
42197,Pope Pius XII
42264,Ripped Off
42446,Man on the Tracks
43026,"Any Given Friday Night at 10PM, 9PM Central"
43334,Dark Waters
43523,The Red Light Bandit
43540,Primary Russia
43602,Little Baby Jesus of Flandr
43724,Dona Flor and Her Two Husbands
43759,Stranger in Sacramento
43871,The Strange Case of Angelica
44130,Django Kills Softly
44202,Don't Push It
44216,Long Live with Dearly Departed
44693,The Unjust
44747,Kung Fu Kids
44750,On Line
44806,Princess Lillifee and the Little Unicorn
45070,The Erotic Touch
45071,A Page of Madness
45147,The Flavor of Corn
45283,The Beekeeper
45379,The South
45385,The Aimless Bullet
45492,The Prize
45652,The Life of Oharu
45737,Heaven's Story
45753,Redhead
45818,Into the White Night
45821,Raven the Little Rascal
45951,And Then What?
46161,No Regrets for Our Youth
46248,The Only Son
46291,Brothers and Sisters of the Toda Family
46296,The Man From Nowhere
46349,No Gold for a Dead Diver
46793,We Were One Man
47079,The Show Must Go On
47950,The Weathering Continent
48006,Boyfriends and Girlfriends
48055,An Innocent Man
48106,The Absence
48222,She Monkeys
48227,"Turn Me On, Dammit!"
48240,Those Dirty Dogs
48252,The Surgeon
48260,Scream of Fear
48304,Twice a Judas
48304,Shoot Twice
48427,Danielle Steel's 'Family Album' 
48434,The Brides of Bourbon Island
48442,A Roof Over Your Head
48934,When the Last Sword Is Drawn
49000,Silence Like Glass
49144,Grim Prairie Tales
49149,Out of Bounds
49264,Gold Snatchers
49305,Zombies ?? The Beginning
49459,Piazza Fontana: The Italian Conspiracy
49642,Con Rail
49661,Viennese Girls
49747,The Haunting
49801,Gotti: Three Generations
49801,The Life and Death of John Gotti
50042,Wedding Night in Paradise
50089,Rescue Dina Foxx!
50110,When the Grapevines Bloom on the Danube
50111,Spring Symphony
50112,The Salt Prince
50177,The Reverend Turns a Blind Eye
50189,"I Killed Einstein, Gentlemen"
50206,The Happy Wanderer
50214,Storm over Mont Blanc
50262,36 Crazy Fists
50373,Mister Pip
50426,Days of Grace
50440,Brutality in Stone
50509,All of a Sudden
50526,...und sowas mu?? um acht ins Bett
50584,Glorious Times at the Spessart Inn
50592,More About the Children of Noisy Village
50709,The Day He Arrives
50760,Why not?
50770,France Shop
50772,The Wide Blue Road
50875,With Love to Obama
50936,The 25th Hour
50937,Zig Zag
50941,The Adventures of Andr?? & Wally B.
51135,Bang! Bang! You're Dead!
51216,The Great Adventure
51219,The Return of Sandokan
51278,Viva Blackpool
51337,Nobody's Perfect
51364,Mysteries of Lisbon
51368,Eros Plus Massacre
51459,The Silence of Joan
51521,Haunters
51553,Champion of Death
51567,RiP!: A Remix Manifesto
51569,Taipei Story
51710,A Burning Hot Summer
51713,I Wish
51800,Interrogation
51801,The Most Important Thing in Life Is Not Being Dead
51826,Empire of Silver
51880,The Giants
51885,A Midsummer Comedy
51959,The Great Madcap
52021,Mega Shark Versus Giant Octopus
52025,The Hotshots
52036,Mango Yellow
52061,The Trapp Family in America
52215,Last Known Address
52218,YellowBrickRoad 
52225,Among Wolves
52817,Beginning Of The Great Revival
52817,The Founding of a Party
52878,The Bad Intentions
52882,Indecent Behavior 4
52898,"Please, Do Talk About Me When I'm Gone"
52932,8 x 10 Tasveer
53528,NYPD Mounted
53672,The Magnificent Bandits
53688,A Woman Without Love
53839,Siberian Education
53875,Vampire Count Yorga
53972,3D Sex and Zen: Extreme Ecstasy
54059,The Flying Doctors of East Africa
54096,Season 1
54101,Circle of Deceit
54123,Nosedive
54172,Kerim
54262,Among Adults
54319,The Devil May Well Laugh
54429,Evil Words
54431,Assault Girls
54512,Destined for Blues
54651,A Happy Event
54656,Vienna Tales
54662,Mutiny in the South Seas
54666,Guns for San Sebastian
54846,Fist of Fury II
54857,The Old Forester House
54860,The Bionic Boy 
54937,Accuracy of Death
55029,Four Shades of Brown
55159,A Wicked Ghost
55166,It's Your Move
55178,The Tube with a Hat
55182,Hands Up or I'll Shoot
55197,Love at Twenty
55264,A Wicked Ghost II: The Fear
55280,Heads or Tails
55310,Johann Sebastian Bach: Fantasy in G minor
55331,Yearning
55360,Secret Sunday
55384,Giulia Doesn't Date at Night
55471,Assassin's Creed: Ascendance
55544,Art of the Devil
55679,Mr. Robinson
55705,3 Avengers
56090,"The Adventures of Brisco County, Jr."
56195,Seven Pistols for a Massacre
56218,To Skin a Spy
56219,War of the Wildcats
56226,Shaolin Handlock
56295,Burnout
56305,There are no Innocent Bystanders
56460,The Passenger ?? Welcome to Germany
56472,The Loves of Pharaoh
56477,Alps
56507,Heroes and Villains
56508,Shore
56699,Cajun
56822,Cities (WT)
56888,President
56908,Queens 
56985,To Love and Die in LA
57034,The House That Screamed
57052,Quiet Flows the Don
57057,The Book of Mary
57085,Story Two
57131,Hercules the Avenger
57599,Henry Dunant: Red on the Cross
57660,The Garden of Sinners: The Hollow Shrine
58192,"Shine, Shine, My Star"
58321,The Sadist Has Red Teeth
58610,Floating Clouds
58682,Desert Ambush
58742,Girlfriends
59087,The Unseeable
59088,Dating Death
59311,A Better Life
59369,Wok the Kasbah
59382,Yo Yo
59386,The Accusation
59401,The Big Star Parade
59422,"Duck, Death and the Tulip"
59462,I Travel Alone
59609,The Oracle of Delphi
59625,You Take the Kids!
59746,Sword Stained with Royal Blood
59820,The Forester's Daughter
59868,Door-to-Door Maniac
59897,The Infernal Caldron
59897,The Infernal Boiling Pot
60055,Letter Never Sent
60112,Love is Forever
60499,The Matchmaker
60540,High Season for Spies
60583,Costody of the Child
60591,The Hounted House
60591,The Haunted House
60742,Devil's Triangle
60762,The Fix
61296,A.T.F.
61345,The Woman in the Septic Tank
62303,Metallica 3D
62367,Beautiful City
63014,Ghost Punting
63021,White Elephant
63183,Mark Lombardi - Death Defying Acts of Art and Conspiracy
63211,War Witch
63211,Rebelle - War Witch
63475,The Taste of Money
63492,North Sea Texas
63555,Doze
63608,Mega Storm: Days of Destruction
63860,Marieke Marieke
63908,The Cheese Factory in the Hamlet
64021,Forbidden Floor
64113,Dark Forest
64249,After Lucia
64254,Daughter of the Nile
64286,Portrait of Madame Yuki
64536,Anamorphosis
64576,A Coffin for the Sheriff
64617,Ghost System
64701,The City Tramp
64718,Back to Where You've Never Been
64738,The River Line
64912,The Sultans
65461,Japanese Girls At The Harbor
65495,Sans Voir (Part II)
65497,The Reckoning
65925,Old Heidelberg
66079,Five Years
66237,Betrayal
66314,The Return of the Prodigal Son
66333,The King of Pigs
66758,Paris Manhattan
66764,State of the World
66820,Mother Krause's Journey to Happiness
66908,Our Men in Bagdad
67061,The Roll-Call
67062,The Son
67264,Land of Silence and Darkness
67267,Caught
67328,The Dance of Reality
67669,How to Train Your Dragon 3
67686,Moon Warriors
67688,Kung Fu Kids 2
67774,The Incredible Kung Fu Master
67813,Iron Monkey 2
67815,Special Mission Lady Chaplin
67827,"The Birth, the Life and the Death of Christ"
67935,The Land
68142,The German Friend
68154,"O-Bi, O-Ba: The End of Civilization"
68193,Field of Amapolas
68204,Ghostquake
68478,The Smooth Career
68517,9 dney odnogo goda
68532,The Big City
68560,High and Dry
68596,The Cuckoo Years
68601,The Abandoned
68602,Love Play
68635,Naked Hearts
68639,Where's Picone?
68650,Dikaya sobaka dingo
68688,Enj??
68694,Lost Souvenirs
68698,All My Compatriots
68734,Oil Lamps
68737,Prawo i pi??????
68752,The Golden Patsy
68765,Three Make a Pair
68768,Two Half Times in Hell
68771,Late Season
68773,The Wedding Day
68776,The Conjugal Bed
68780,Beyond Control
68793,Bumpety Boo
68828,The Case of Dr. Laurent
68831,Mne dvadtsat let
68835,Wanted: Babysitter
68855,14-Jul
68886,Atlantic City Jackpot
69057,Killing Streets
69436,Chronicle of the Years of Fire
69468,Adoption
69505,Trout
69603,The House of Smiles
69604,Woman Sesame Oil Maker
69615,V/H/S 2
69615,VHS 2
69712,Fat girls
69942,Triangle of Love
70272,Cool Dimension: Innocent Assassin
70272,Cool Dimension: Sexy Assassin
70550,The Puritan
70620,The Crimson Curtain
70697,All Mixed Up
70756,Zombies of the Stratosphere
70770,The Goddess
70838,Early Spring
70840,After the Rain
70870,I Just Didn't Do It
70986,Shell Shock (Part 2)
70988,Devil's Trifecta
71409,Difficult Years
71410,To Live in Peace
71441,Caf?? Lumi??re
71469,Camille Claudel 1915
71627,Missing 77
71880,Dragonball Z Kai
71889,Long Live the Republic
71914,Unbowed
72019,A Man of Straw
72129,Adrift
72131,Offering
72132,In a Time Past
72134,Evil Woman
72157,The Last Chance
72184,Men Without Wings
72236,Prince Bayaya
72267,Wild Fruit
72275,Those Who Wear Glasses
72277,Three Sad Tigers
72377,The Friends
72378,On the Point of Death
72430,Frozen Stories
72465,A Wife's Heart
72473,Sincerity
72644,Hotel Hibiscus
72739,Death Wish (1)
72739,The NCIS Movie: Death Wish
72954,Lokhay
73036,Here Without Me
73474,Seek Within One's Soul
73719,A Little Princess
73972,Wouldn't It Be Nice (If We Were Human)
74033,Live Free or Twihard
74223,Linda Linda Linda
74418,Special Ops (2)
75031,Episode 1.8
75199,The Amazing Catfish
75313,Innocent Voices
75379,Gold and Copper
75417,Ghost Stories
75626,No Men Allowed
75626,Men Do Not Enter
75757,Hush! Girls don't Scream
75787,The Apple
75804,Countdown - Part 1
75804,Countdown (1)
75896,The Strange Countess
75899,Beethoven's Third
75979,Thesis on a Homicide
76029,The Way He Looks
76069,After The Fall
76103,The Artist and the Model
76129,The Snow on the Pines
76400,Whittaker Our Way Out
76766,The Girl in the Flower Dress
77113,You Are Not Alone
77300,I'm not Angry!
77531,The Good Witch's Wedding
77799,Ernest & Celestine
78091,Buried Secrets
78164,"Me, Myself and Mum"
78191,The Willow Tree
78720,Low Heights
78873,Paris Frills
79010,M for Mother
79010,M like Mother
79017,The Corridor
79017,Corridor
79200,Kami's Party
79250,Age of Cannibals
79605,The Wind of the Night
79652,Keep Rollin'
79713,The Little Bather
79777,As Simple as That
79962,City on Fire
79968,Humanit??
80035,"Truth, Part 1"
80048,Chasing the Wind
80180,Women's Prison
81042,Blood Brothers
81043,Those Among Us
81138,Harmony Lessons
81146,Nicholas on Holiday
81172,The Innocents
81221,Bibi und Tina
81224,Hanni & Nanni III
81287,Lola On the Pea
81392,Under the Lantern
81398,The Tiger of Eschnapur
81400,Seven Minutes
81407,Mainline
81411,Eden is West
81467,Carmina or Blow Up
81468,"Bi, Don't Be Afraid"
81584,The drunkard
81596,Deep Trouble: Part 1
81703,I Trust You
82120,Too Bad She's Bad
82207,Policeman
82211,Once Upon a Time Ver??nica
82234,Untamable Angelique
82384,The Eel
82387,When Father Was Away on Business
82390,The Mattei Affair
82799,The Trapp Family
82900,FUBAR 2
82921,The Magic Weaver
83114,The Second Mother
83361,After You...
83528,Off World
83531,Shifting the Blame
83826,Atom Heart Mother
83826,Atomic Heart
83829,"Big Father, Small Father and Other Stories"
83832,Ixcanul Volcano
83908,God Forgives... I Don't!
83908,"God Forgives, I Don't"
84333,A Few Hours of Spring
84369,Love Is in the Air
84372,Music for Weddings and Funerals
84374,A Fistful of Death
84612,Kumiko
84613,White God
84827,Quantum Love
84943,The Green Desert
85044,Still Life
85137,The Plague of Florence
85415,Final Cut: Ladies and Gentlemen
85644,Voyage to the Beginning of the World
85646,Eccentricities of a Blonde-haired Girl
86044,Son of Saul
86060,I Am Soldier
86065,The Chosen Ones
86246,Santo and Blue Demon vs. Dracula and the Wolfman
86328,Beware the Night
86392,R2B: Return to Base
86395,The Zero Hour
86504,The Immortal Story
86523,The true story of Mamma Lucia
86792,Stephen King's Silver Bullet
86968,Boogie Knight
87019,Signs of Life
87225,Invisible Target
87305,Instructions Not Included
87323,Sawdust and Tinsel
87503,The Chambermaid Lynn
87519,The Front Line
87677,Stratos
87701,A Thousand Times Good Night
87701,"1,000 Times Good Night"
87725,Ssssnake
87759,Shadow Warriors II: Hunt for the Death Merchant
87785,Spanish Affair
87795,The Tribe
87802,The Monster
88124,The Guillotines
88127,The Axe of Wandsbek
88192,Games of Clouds and Rain
88357,The Widow Couderc
88376,Ace of Aces
88458,A Cry In The Dark
88630,The Lesson
88659,Derby Dogs
88670,The Unforgettables
88760,Red Eagle
88791,Something Like Happiness
88846,"Woman Driving, Man Sleeping"
89073,Kingdom of the Silver Lion
89186,Uli the Farmhand
89237,Sugar Baby
89260,Operation Delta Force II
89316,Ninja II
89329,Beyond the Hill
89337,A Lost Life
89369,Naked Childhood
89425,Absolute Rest
89427,Therapy for a Vampire
89627,Unit 7
89631,Elina: As If I Wasn't There
89632,A Merry Christmas Miracle
89636,Badges of Fury
89805,Dhoom 3
89908,The Big Dig
89908,Blaumilch Canal
89986,From Afar
89992,Courted
90017,Untold Scandal
90084,For Some Inexplicable Reason
90085,Life in a Fishbowl
90086,Why Me?
90122,Betlehem
90205,Inspector Dupin: Brittany Calling
90475,At the Devil's Door
90494,An Angel on Wheels
90516,Fancy Brudgom
90598,Blood Glacier
90663,Ivy
90697,Temptress of a Thousand Faces
90703,It's All So Quiet
90716,The Crawling Eye
90947,The Inheritors
90961,Credo 
90985,GBF
91009,The Longest Hunt
91058,Acacia 
91075,The Pornographer
91093,Summers Downstairs
91133,Under the Stars 
91150,I Want Him Dead
91172,The Things of Love
91234,Wilful Behaviour
91269,Change of Sex
91277,Las Trece Rosas
91403,Pettson & Findus: Fun Stuff
91453,Shoot the Killer
91549,Bangkok Revenge
91577,All Men Are the Same
91585,The Way I Spent the End of the World
91600,The Small Town
91653,Help! I've Shrunk the Family
91653,Help! I Shrunk the Family
91692,3-Headed Shark Attack
91700,Tired Theodore
91708,Onkel Filser ?? Allerneueste Lausbubengeschichten
91714,Godzilla vs. Biollante
91747,Venetian Honeymoon
91749,Wer rei??t denn gleich vor??m Teufel aus
91827,George Balanchine's The Nutcracker
91847,Murder at the Savoy
91900,Marco the Magnificent
91968,The First Night of My Life
91976,Jill and Joy
92047,Emmanuelle 4
92048,Cobu 3D
92051,Another Public Enemy
92087,Boris without B??atrice
92094,"After the Rain, on Thursday"
92097,Let Us Pray
92101,Asphalt Playground
92177,Behavior 
92181,Cold Sweat 
92187,A Place on Earth
92189,Endangered
92245,Step on It
92246,Future X-Cops
92247,Crossing Boundaries
92365,The Departure
92371,Black Cobra Woman
92396,Livingston
92403,Agnus Dei
92430,An Almost Perfect Affair
92472,United States of Love
92474,I Do 
92502,Live for Life
92554,Outskirts
92554,The Outskirts
92554,The Patriots 
92583,The Tenth Man
92585,Greetings from Fukushima
92621,Death Run
92637,Fifteen Million Merits
92659,Everything Will Be Okay
92733,In the Shadow of Women
92748,The Patriarch
92750,Hedi 
92754,Zootropolis
92788,Your Name Is Justine
92820,The Fifth Season
92881,The Dinner 
92910,The Year My Parents Went on Vacation
92912,The Fever 
92919,Solomon & Gaenor
92920,The Grandfather 
92959,A Chef in Love
92960,Prisoner of the Mountains
92963,All Things Fair
92967,The Elementary School
92973,The Music Teacher
92977,Beyond the Walls
92978,Double Feature
93017,Wagonmaster
93024,The Revised Fundamentals of Caregiving 
93055,Frozen Silence
93057,Easy Money III: Life Deluxe
93058,The Bread of Those Early Years
93067,Brink of Life
93069,Neighboring Sounds
93069,Neighbouring Sounds
93099,The Hidden Child
93100,Light Queen
93111,Yesterday Girl
93154,Alsino and the Condor
93158,The Nest 
93159,To Forget Venice
93161,Mama Turns 100
93221,The Second Awakening of Christa Klages
93262,The Good Life
93342,The Admiral
93352,Food and Shelter
93445,A Serious Game
93468,Varg Veum ?? The Consorts of Death
93497,"I Am Sartana, Trade Your Guns for a Coffin"
93497,Sartana's Here... Trade Your Pistol for a Coffin
93497,Fistful of Lead
93535,Red Riding - The Year of Our Lord 1983
93548,Unforgivable 
93611,The Last Dance
93619,"The First, the Last"
93623,9 Month Stretch
93711,The Glass Agency
93761,The Last Hammer Blow
93770,Bad Hair
94038,The Sun
94089,Les Prisonni??res
94097,Blood Wedding 
94099,Stormy Waters 
94221,The Bloody Vultures of Alaska
94230,Crisis in Havana
94236,The Beautiful Spy
94271,Stay as You Are
94272,Borkmann's point
94426,Lifelong
94474,Once Upon a Time in Vietnam
94707,Heintje ?? Mein bester Freund
94710,Taina Chingis Khaana
95012,No One's Child
95078,The Hanged Man
95117,Br??der III ?? Auf dem Jakobsweg
95380,Seeds of Destruction
95417,Family Photos
95417,Graduation
95449,Heavenly Nomadic
95495,Somewhere in Berlin
95542,Goodnight Mister Tom
95633,Jorinde and Joringel
95652,Season in Salzburg
95661,For a Rainy Day
95678,Ma??Rosa
95691,Dogs
95743,The Student 
95744,The Happiest Day in the Life of Olli M??ki
95746,The Long Night of Francisco Sanctis
95749,Personal Affairs
95751,Transfiguration
95752,The Stopover
95810,Mario and the Magician
96033,The Clown 
96044,Aunt Tula
96209,Return of the Storks
96273,"When She Starts, Look Out"
96318,And You Bet Your A...
96328,Ratchet and Clank
96344,Fool Moon
96409,Monk Comes Down the Mountain
96421,In My Country
96448,Captain Thunder
96454,The Cameramurderer
96472,The Fast and the Nerdiest
96548,Yours Until Death
96759,The Reunion 
96899,What a Woman Dreams of in Springtime
96937,Orange Honey
96947,Murder Case Zernik
96950,A Piece of Heaven
96958,SFW
96958,So Fucking What
96960,The Mercenary
97134,Our Happy Lives
97456,The Student and Mister Henri
97517,A Better Tomorrow
97518,Back to the Jurassic 
97584,The Nautical Chart
97595,Little Lion
97772,Hanna's Sleeping Dogs
98152,Quiet Bliss
98158,Main Thing Holidays
98359,Misunderstood
98384,One by One
98386,Creature with the Blue Hand
98409,The Game of Death
98707,It's Not the Time of My Life
99118,Blackboards
99189,Nobody's Daughter Haewon
99194,The Olive Tree
99542,Somewhere Beyond Love
99851,I Come in Peace
100094,The Woman Who Left
100422,The Last Pig
100425,God Willing
100628,Solomon's Perjury
100629,You'll Never Be Alone
100656,The Italian Straw Hat
100658,A Heidelberg Romance
101102,Lost Years
101131,The Cycle
101142,Banshee
101226,7th Floor
101380,Somewhere in Between
101511,That Trip We Took with Dad
101773,Sparrows
101928,Underdog
102268,Wolf Totem
102302,Man of Gold
102454,"Behemoth, the Sea Monster"
102463,Rocket Ship (working title)
102646,The Mysterians (1958 US title)
102647,One of a Kind
102673,The Kingdom and the Beauty
102826,A Happy Man
102830,Varvara-beauty
102869,The Bartered Queen
103041,Goblins and Good Luck 2
103179,Episode #3.7
103411,Cousinhood
103440,The Young Karl Marx
103443,The Memory of Water
103477,What a Wonderful Place
103598,The Finishers
103607,Bright Nights
103857,The Midwife
103874,In Danger and Deep Distress
104066,On the Beach at Night Alone
104091,Worlds Apart
104183,Little Lost Boy
104625,Big Lie
104820,Marie Brand - The Perils of Greed
104895,Being Born
104907,Shana: The Wolf's Music
104926,Empire of Passion
105251,Left to Die: The Sandra and Tammi Chase Story
105262,What the F***?
105481,The Adventures of Rocky and Bullwinkle
105761,3 AM: A Paranormal Experience
105761,3:00 AM
105761,3 A.M.
105787,"Love, Hate and Death"
105789,Over Night
105847,Cracks in Concrete
105908,Billy & Buddy
106020,Last Call for Nowhere
106134,Under the Colours
106148,The Cariboo Trail
106392,"Halloween, Part III"
106405, Sinbad and the Clash of the Furies
106459,Redoubtable 
106460,Amant Double
106467,120 Beats per Minute
106467,BPM (Beats per Minute)
106552,"Zoran, My Nephew the Idiot"
106630,Don't Forget My Little Traudel
106687,Ulysses' Gaze
106790,Shaandar
106793,Sherlock Holmes and the Pearl of Death
106824,Honey Moon
106841,Nothing in the Fridge
106842,Pudsey: The Movie
106849,Brotherhood of Tears
106916,Care For One's People
106959,Summer Solstice
106979,Simulation
106982,A House on 41st Street
107112,The Charter Trip
107411,Metalhead
107711,The Last Days of Pompeii
107876,Chucky 7 - Cult of Chucky
108232,"Stalingrad: Dogs, Do You Want to Live Forever?"
108293,407 Dark Flight 3D 
108434,The Boy Who Walked Backwards
108443,Def Jam's How to Be a Player
108449,Mostly Ghostly: One Night in Doom House
108475,??Ay Carmela!
108475,Ay Carmela!
108479,Defense of the Realm
108527,The Con Artists
108568,The Ride to Hangman's Tree
108698,Chilly Scenes of Winter
108884,Blackbeard the Pirate
108886,Until Death Do Us Part
109089,The Fearless Hyena
109104,The New Adventures of Aladdin
109165,To Kill with Intrigue
109256,Our Place
109264,A Boss In The Living Room
109288,What We Become
109296,Ducoboo 2: Crazy Vacation
109315,A Perfect Man
109357,The Green Ray
109502,The Tunnel
109761,The Sentimental Swordsman
109818,The Possessed
109847,"Max, Mon Amour"
109893,The Bilingual Lover
109947,My Father Is a Hero
109947,Jet Li's The Enforcer
109972,It's the Law
110118,To Steal from a Thief
110119,Combustion
110309,The Day I Became a Woman
110446,The Walking Deceased
110548,Arne Dahl: Eye in the Sky
110552,Heartstone
110680,Don Mendo's Revenche
110864,Kohlhiesel's Daughters
110890,Angel in the House
111002,The Sea and the Weather
111126, Turtle Soup
111233,A.D.: The Bible Continues
111364,Battle of the Commandos
111404,The Seven Ravens
111469,Criminal Lovers
111676,The Untamed
111686,Moonlight and Mistletoe
111691,The False Prince
111695,The Black Forest Girl
111704,The Twins from Immenhof
111885,Gamers: The Movie
111925,Through the Air
111933,The Happiness of the Katakuris
111934,Ballad of Tara
111963,Vincent and Theo
112104,Solitary Fragments
112273,The Awful Dr. Orloff
112382,Ki and Ka
112391,Daughter of Mine
112504,The Prayer
112628,Whispering Pages
112629,Divine Intervention
112630,The Seventh Companion
112928,Paradzhanov 
112932,Arrhythmia
113003,The Abandoned
113003,Confined
113010,We All Want What's Best for Her
113049,W ?? The Killer of Flanders Fields
113053,Giraffada
113093,The Bride
113586,Dr. Popaul
113666,Requiem for Mrs. J.
113738,Delighted
113748,In Old Alsace
113839,Girls of the Sun
113912,At War
113913,The Wild Pear Tree
113913,Ahlat Agaci
113959,Knife + Heart
114075,The Postman's White Nights
114159,Vive la bombe!
114160,The Stranger
114218,The Escape
114289,The Hannas
114365,Ukraden?? bitva
114369,Renegade Justice
114602,The Home
114752,Armstrong
114795,Faire: L'amour
114858,Marie Brand - The Charm of Evil
115023,Infected
115036,Twisting Fate
115119,Rosamunde Pilcher's September
115152,No Shame
115152,Sin Verguenza
115225,A Branch of a Pine Is Tied Up
115254,Summer 1993
115256,Police Call 110: The Specter of Freedom
115611,Slasher: Solstice
115611,Slasher 2: Guilty Party
115616,Alipato: The Very Brief Life of an Ember
115734,Double Face
116045,House on Willow Street
116204,The Untouchable
116277,What a Beautiful Surprise
116671,Jules Verne's Rocket to the Moon
116784,Midnight Revue
117015,Yangtse Incident: The Story of H.M.S. Amethyst
117112,Tiny Fingers
117590,The Scarlet Flower
117644,Burning
117830,A Tale of Three Sisters
117920,Stewardesses Report
117951,How to Train Your Husband 
117960,Accidentally Engaged
118065,Deadly Cargo
118232,The Silencer
118439,Season 1
118544,Farewell to the Night
118545,"So Long, My Son"
118548,Piranhas
118711,Bed Hostesses
118968,Naked and Sassy On King's Lake
119030,Tonio & Julia: Wenn einer geht
119066,Winter in the Woods
119076,"David, Goliath, and a Yoo-hoo from the Back"
119095,The Mighty Peking Man
119111,Eclipse
119178,The House by the Sea
119272,Girls for the Mambo-Bar
119432,The Chambermaid on the Titanic
119470,"Pigeons, Parrots & Storks"
119565,To Let
119573,Art of the Devil 2
119619,Carmen and Lola
119648,Orange Days
119777,The Structure of Crystals
120057,Atlantic Rim 2
120115,Hubertus Castle
120293,"Case: Sun, Moon and the Truth"
120642,Boat People
120645,Flight Crew
121030,The Night Train
121086,The House in Montevideo
121109,Baby Bump(s)
121255,The Truth
121360,Bauhaus ?? A New Era
121916,Honeypot
124567,Wir werden das Kind schon schaukeln
125865,You Will Die at 20 
126451,I Don't Want to Be a Man
126748,No Mercy for the Rude
126946,Daughter of the Regiment
127212,A Company Man
127475,Away You Go
127906,The King of the Street Cleaners
128337,Fanny's Journey
128729,The Florence Foster Jenkins Story
129496,Happy Times Will Come Soon
129497,The Stars above
129593,Otto; or Up with Dead People
129610,All My Loved Ones
129676,Clive Barker's Nightbreed
129694,My Day
129716,The Champions
130155,A Bad Son
130162,Happy Times
130164,Dead or Alive 2: Birds
130198,The Invention of the Curried Sausage
130200,Moments
130205,Becoming Astrid
130524,Rolling to You
131167,The Invisible Dr. Mabuse
131547,Cold Blood
131748,Into the Labyrinth
131895,Seventh Heaven
131899,Flanders
131908,Kills on Wheels
132150,The Holy Innocents
132443,Castle of Dreams
132635,The Last Wave
133018,At War with Love
133250,Black Tide
133319,Doctor Without Scruples
133326,Happiness Sucks
133575,Forgotten Abduction
133575,My Mother Is A Murderer
133578,After Midnight
133855,The Perfect Circle
133856,The Little Gangster
133857,Recollections of the Yellow House
133858,Little Vera
134056,They Call It Summer
134193,The Inquisitor
134193,The Pit & the Pendulum
134422,The Ruthless Four
134430,Twist of Fate
134879,Forever New Zealand
135198,The Ape Woman
135233,Romance in Venice
135270,Drunken Angel
135293,Somewhere in Palilula
135304,The River
135305,Of Snails and Men
135542,Hungarians
135545,The Deluge
135546,Cats' Play
135547,Dodes'ka-den
135548,First Love
135549,Vengeance
135571,Angels in Fast Motion
135640,Shara
136079,The Innocent
136736,Cold Blood
136772,Alyce Kills
136774,Subspecies 1
137004,Elephant Heart
137010,The Priest's Children
137014,Passport
137015,The Cannibals
137023,Angels of the Universe
137053,The Black Curse
137075,The Radio Talk Show Killer
137326,Our Lovers
137526,The Deer
137618,Bewitched Love
137931,Buy Me a Gun
137981,I Even Met Happy Gypsies
138216,Take Care of Your Scarf
138226,Talcum Powder
138751,Cry of City
138752,Deadline - USA
138972,150 Milligrams
139372,The Easy Way
139376,Foreign Body
139912,Hoodies vs. Hooligans
142189,Romy's Salon
142674,The Man Standing Next
142911,The Wasteland
142939,Windfall in Athens
143602,On the Far Side of the Tunnel
143976,A Sister
144166,Number 37 (film)
145358,Family Idiots
145468,Frida Still Life
145629,My Stuff
146232,Tetepango
146684,The End?
146731,The Boys of Paul Street
146741,House Trap
147483,The Big City
147528,Bambola
147536,First Born
147879,Son of Cain
148123,Evil: In the Time of Heroes
148618,Return of Daimajin
148886,The Net
149073,The Elevator: Three Minutes Can Change Your Life 
149202,Fallen Angel in my Dream
149206,#Alive
150420,Divine Love
150531,The Return of Ringo
150548,Lorelei: The Witch of the Pacific Ocean
150725,All the Moron's Men
150968,Tremors 7 
150972,Son of Sofia
150981,The Strange Color of Your Body's Tears
151048,Dragon Tiger Gate
151395,American Fright Fest
151385,The Nabob Affair
151873,Land Legs
151913,It Can??t Be All Our Fault
152083,White Lily
152102,Freshman Orientation and the Invention of the Zipper
152245,Love Over Distance
152270,Half of Heaven
152287,Antiporno
152287,Anti-Porno
152384,Abandoned Mine
152540,Rescue Under Fire
152553,In the Battlefields
152893,Bachelor Man 
152938,Impossibly Yours
153106,Rosa's Wedding
153287,What Time Is It?
153306,Aurora Teagarden Mysteries - The Julius House
153311,The Second Death
153525,Child of Satan
153537,Paper Lives
153732,An Impossible Love
153736,My Name Is Modesty: A Modesty Blaise Adventure 
153739,The Battle of the Damned
153739,Battle of the Damned
153742,Are We Men or Corporals?
153760,Ouija 3: The Charlie Charlie Challenge
153765,Zombie Fight Club
154483,Way...Way Out
154484,Hornets?? Nest
154569,Diabolically Yours
154585,Tutte le vogliono
154588,Mr. Happiness
154624,Killing Jesus
155240,Dancing at the Dump
155484,Just a Little Chemistry
156055,The Anchorite
156766,Return to Ithaca
157099,Before Monday
157570,Girl Gets Girl
159556,Magnet of Doom
159868,Three Floors
160128,A Common Crime
160182,Our Happy Holiday
160187,Black Sky
160483,The Ball of the Actresses
160483,All About Actresses
160585,Volare
160837,C8H7C10 + Nano Trackers + Resistance + Maldives + Mind Games
161073,A Place for Lovers
161677,Fire Will Come
161902,The Morals of Ruth Halbfass
161990,The Interpreter
162094,Bitter Sweetheart
162249,The White Cat
162308,A Horrible Woman
162355,No Second Chance
162595,Call of the Wild
162602,32 Malasana Street
162723,Boys Will Be Boys
162771,Kheyli Vaghteh
162979,"Have a Good Funeral, My Friend... Sartana Will Pay"
163281,A Bride For Rip Van Winkle
163293,And Breathe Normally
163340,Us in the U.S.
163436,Trust No One
163625,For Those Who Don't Read Me
163662,The Forty-Year-Old Version
163746,Titash Ekti Nadir Naam
163746,A River Called Titas
163751,Before the Frost
163767,National Street
163772,Cross the Line
163909,The Red Spot
163930,The House on Chelouche Street
163935,Peace in the Fields
163937,The Village on the River
163962,The August Virgin
164058,Without Pity
164063,"Alpha, the Right to Kill"
164069,See How They Dance
164080,Summertime
164083,Hatchet for the Honeymoon
164384,Miss Oyu
164570,Official Competition
164576,The Mountain
164716,Ooh?? You Are Awful
164716,Ooh - You Are Awful
164725,Your Name Poisons My Dreams
164727,She Played With Fire
165365,Bread and Stones
165398,Killer Secrets
165413,Escape by Night
165504,Girl Lost
166307,Citizens of the World
166308,Opposites Attract
166315,The Role of Her Life
166822,Robert Rylands' last journey
167051,S??llskapsresan 2 ?? Snowroller
167119,Queen of Spades: Through the Looking Glass
167222,The House at the End of Time
167288,Parents in Progress
167491,Love Is a Drug
167510,Once Upon a Frightmare
167709,Embezzler
167865,Aurora Teagarden Mysteries: A Game of Cat and Mouse
167920,Kola Superdeep
168032,Ek Villain Returns
168919,Escape Artist
169446,The Charm Bracelet
169608,The Road a Year Long
169609,Before Sundown
169617,The Wishing Tree
169640,Tenderness
169666,A Beautiful Wife
169845,Tomato Sawyer and Huckleberry Larry's Big River Rescue
170119,The emotional material
170119,A Bookshop in Paris
170127,The Poisoning Angel
170403,Four Cousins & A Christmas
170470,The Mimic
171004,Maelstrom
171068,Aurora Teagarden Mysteries: Heist and Seek
171077,Finally the Happiness
171178,Big Shot's Funeral
171329,Christmas Angel
171331,Atlas Shrugged II: The Strike
171332,Too Beautiful
171394,Best Enemies Forever
171396,Royal Christmas Ball
171448,The Night Eats the World
171452,A Candle for the Devil
171452,Candle for the Devil
171454,Third Alibi
171636,One-way to Moscow
171738,Burnt by the Sun 2: The Citadel
171916,When the Trees Fall
171928,The Benefit of the Doubt
171933,Early Spring
172160,Decoupled
172665,Rasoul Ghanbari: Yald?? Night
172665,Rasoul Ghanbari: Shabe Yalda
172665,Rasoul Ghanbari: Yalda
172665,Rasoul Ghanbari: Shabe Yaldas
172665,	Rasoul Ghanbari: Shab Yalda
172665,???????? ?????????? ????????
173238,I Married a Communist
173244,The Man Who Quit Smoking
173257,Dark Impulse
173259,The Very Private Life of Mister Sim
173820,The County
174196,It's Already Yesterday
174202,Deceit
174408,Serf
174512,The Stronghold
174515,Strange Woman
174519,I Hate Summer
174530,A E I O U - A Quick Alphabet of Love
175341,Photocopier
175448,The Pom Pom Murders
175449,Under the Stars of Paris
175464,Raging Fire
175555,Videoman
175624,The Souvenir Part II
175927,A Snow Capped Christmas
175942,Release the Prisoners to Spring
175968,Into the Wind
176083,Cyborgs: Heroes Never Die
176139,The Stone Eater
176218,The Innocents
176314,Refuge
176367,Portrait of Chieko
176368,Blood on the Land
176397,Four to Dinner
176411,Nobody Sleeps in the Woods Tonight Part 2
176422,A Brother's Love
176427,Prayers for the Stolen
176429,Lucia's Grace
176441,Queen of Spades: The Dark Rite
176549,Kiss Me Kosher
176553,The Brink
176556,To Want to Fly
176587,The Sign of Venus
176590,Saving Private Perez
176902,In the Beginning There Was Underwear
176903,Amy's Orgasm
176913,The Glamorous Life of Sachiko Hanai
176916,A Cooler Climate
176918,Blast of Silence
176938,A Writer's Odyssey
176952,Lost in Beijing
176955,My Russia
176964,Strange Crime
176971,7 Years
177053,The Devil Never Sleeps
177060,Sartana the Gravedigger
177073,Jodi Picoult's Salem Falls
177074,The Last Will Be the Last
177279,The Good-Time Girl
177616,Samoan Wedding
177618,Skyfire
177629,All That Divides Us
177646,AK-47
177652,Marilyn has black eyes
177851,The Chinese Widow
177863,Heavy Trip
177864,King of Atlantis
178274,Paradise Next
178275,Someone who was lost
178361,Sadsacks Go to War
178377,The Harem of Madame Osmane
178394,Jonathan of the Bears
178406,Whispers From The Grave
178407,True Mothers
178442,The Judgement
178447,The Tender Enemy
178453,Young Sinners
178455,The Living Corpse 
178799,Dear Mother
178803,Night Hair Child
178805,Delicious
178813,A Dog Named Palma
178826,September Eleven 1683
178826,The Day of the Siege: September Eleven 1683
178829,Children of the Corn: The Gathering
179107,Verdun: Visions of History
179113,Little Death
179232,The Pact
179234,"I, the Worst of All"
179249,Box 507
179252,If Only
179302,In a Rush
179321,An Imperfect Murder
179488,Loss of Innocence
179570,Dying Light 2 Stay Human
179599,The Brand New Adventures of Aladdin
179613,The Blue Light
179632,Desire
179691,Godzilla vs. SpaceGodzilla
179692,Godzilla vs. Megaguirus
179913,Wolf Summer
180853,Operation Y and Other Shurik's Adventures
180855,Abbott and Costello Meet the Invisible Man
180965,"Abbott and Costello Meet the Killer, Boris Karloff"
180997,The Baby's Room
181060,The Yacoubian Building
181077,Kekexili: Mountain Patrol
181081,Kids Return
181281,Man Facing Southeast
181290,The Prodigal Son
181308,The Italian
181394,Nobody's Life
181413,The Fury
181432,Natural Light
181477,Women Drive Me Crazy
181488,The Marchers
181518,Prison on Fire
181844,Heroes Don't Die
181858,Tori and Lokita
181860,Brother and Sister
181863,The Eight Mountains
181875,My Best Part
181897,Decision to Leave
181900,Broker
182043,Woman in the Shadows
182045,Dance-Off
182156,Dance with Me
182158,The Chess Game of the Wind
182661,Maigret Sees Red
182670,The Girl in the Window
182709,Danielle Steel's Daddy
184715,Dwelling in the Fuchun Mountains
184882,Escape from Spiderhead 
184885,The Crash
184920,Mad Room
184986,Dagger Eyes
185101,End of the Century
185107,Tigerstripe Baby Is Waiting for Tarzan
185134,The King's Musketeers
185179,"Godzilla, Mothra and King Ghidorah: Giant Monsters All-Out Attack"
185201,The Even Chance
185217,Pranchiyettan and the Saint
185234,The Deadliest Sin
185261,The Pursuit of D. B. Cooper
185267,Love at the Parade
185761,Finders of the Lost Yacht
185865,Dying to Go Home
186118,The Sold Grandfather
186218,Clothes Make the Man
186246,Jerry and Marge Go Large
186501,Zombiology: Enjoy Yourself Tonight
186684,Wild Roses
186893,Genesis
186932,Black Milk
187136,"Hello, Goodbye, and Everything In Between"
187142,A Mouth Full of Bandages
187834,School Life
188063,The Swordsman
188182,No Bears
188211,The Secret Society of Souptown
188283,Battleship Island
188283,The Battleship Island
188292,Spaced Out
188301,The Last Dance
188348,A Taste of Christmas
188378,The Shepherdess and the Seven Songs
188423,The Exception
188485,Watu Wote: All of us
188753,The Christmas Apprentice
188780,El Lute: Run for Your Life
188799,Don't Go Breaking My Heart
188811,It May Be Love But It Doesn't Show
188876,Suicide Tourist
188903,Murder in Aigues-Mortes
188906,Money Kings
188920,Danielle Steel's: Star
188921,Danielle Steel's A Perfect Stranger
189031,Bicyclettes de Belsize
189032,The Beach of the Drowned
189110,Madly in Life
189121,Do Aankhen Barah Haath
189128,The Legend of the Holy Drinker
189134,The Kings of the World
189160,One Fine Morning
189162,The Sitting Duck
189169,The Legend of Tham Luang
189259,Murder in Aveyron
189443,A Star Crossed Christmas
189535,Eegah: The Name Written in Blood
189542,The Father
189559,Empire of Lust
189827,A Night in May
190129,The Net Germany
190201,The Miller's Beautiful Wife
190389,An Occurrence at Owl Creek Bridge
190390,Saladin the Victorious
190970,My Dad Is a Sausage
127,Blind Chance
202,Star Trek - The Original Series
554,The Cuckoo
1386,It was a date
1388,The Way Things Go
1616,Erkan & Stefan in Der Tod kommt krass
2012,Lumi??re silencieuse
2097,Gappa the Triphibian Monster
2097,"Gappa, the Triphibian Monster"
2097,Monster from a prehistorie Planet
2097,The Gigant Beast Monster
2097,The Triphibian Monster
2101,Brother from Space
2101,The Brother from Space
2777,Birdcage Inn
3403,Doppia coppia con Regina
3984,Shelter Me
4208,Martin and Lea
4277,Episode 1.6
4371,Chimney No. 4
4560,The Beauty of Vice
4573,The Peaks of Zelengora
4924,The Day the Lord Got Busted
5040,Pharaoh
5098,Sing a Song for a Murder
5113,"Mirror Mirror On the Wall, Part 1"
5320,The Fling
5422,Erotic Nights of the Living Dead
5425,Beyond the Darkness
5845,Aragami
6057,Future Shock: Comet Impact
6057,Comet Impact
6057,Futureshock: Comet
6180,I will wait on you hand and foot
6636,The Mugger
7215,The Secret of Loch Ness
7219,Zombie Flesh Eaters
7276,Northeast
7513,Ghost Train
7513,Ghost Tunnel
7855,Season1
8015,I Am My Own Woman
8017,The Legend of Bhasmasur
8213,Middle of the end of august
8648,Rivals
8651,En Route
8708,Season 2
8709,Season 3
8712,Season 6
8776,The Toth Family
8897,The Frontier Of Dawn
8972,Destined to Witness
9048,Sien nui yau wan
9048,A Chinese Ghost Story
9060,Dumplings
9076,Over My Dead Body
9262,Homeland Security
9262,My Spy
9385,The Twelve Tasks of Asterix
9424,Disturbing Behaviour
9534,Ferpect Crime
9572,More Ants in the Pants
9592,Adrift
9646,Here's Your Life
9674,Ring 0: Birthday
9731,Friday the 13th Part V: a New Beginning
9835,Mafia!
9943,Love Scenes from Planet Earth
9994,Basil the Great Mouse Detective
10160,A Nightmare on Elm Street 5: The Dream Child
10255,Ab-normal Beauty
10260,My New Partner
10281,Friday the 13th Part 7 - The New Blood
10286,australienne
10408,Flodders in America
10444,The Testament of Dr. Mabuse
10458,Soundless
10524,Trivial
10532,Abbuzze! Der Badesalz-Film
10545,The Roberto's beach
10566,Forget America
10597,Kevin and Perry Go Large
10703,Seven Swords
10791,In Another League
10809,The Debutantes
10809,The Newcomers
10834,Kings of the Road
10886,The Other Woman
10886,The Unknown
10886,The Unknown Woman
10898,The Little Mermaid II: Retuha
10903,Seven Days Sunday
11084,Flodder 3
11119,Fortress 2
11119,Fortress II
11143,Tai Chi Master
11166,Mother's Elling
11181,Nonstop Trouble with the Family
11192,A Woman in Flames
11292,"Girl's Life, Boy's World"
11295,The Devil's General
11297,Save the Green Planet!
11303,Deep in the Woods
11316,The Tragedy of Macbeth
11332,8?? Women
11396,The Last Adventure
11471,City Wolf 1
11471,A Better Tomorrow
11480,"Mama, There's A Man in Your Bed"
11491,"Fire, Ice & Dynamite"
11594,The Hunchback of Notre Dame
11656,The Virgin Spring
11658,Taegukgi hwinalrimyeo
11658,Taegukgi
11669,Demon Is on the Island
11872,Er kann's nicht lassen
11958,"Not for, or Against (Quite the Contrary)"
11960,After This Our Exile
12124,The Journey
12126,Mamaro??
12128,Night of the Living Dorks
12176,The Corruption of Chris Miller
12198,Flight of the Red Balloon
12276,The Road Home
12308,One Last Kiss
12317,Rising - Part 2
12318,Thirty-eight Minutes
12449,Room of Death
12510,Au-del?? de Gibraltar
12527,Strawberry & Chocolate
12579,The Woman Next Door
12594,Wishmaster 2: Evil Never Dies
12608,Illusive Tracks
12636,Godzilla Against Mechagodzilla
12707,"Orca, The Killer Whale"
12753,Murder? ... Anyone? ... Anyone? ... Bueller?
12758,Beyond the Law
12807,Looking for Cheyenne
12809,The Moon and Other Lovers
12840,The Man of My Life
13116,Paranoia 1.0
13494,Arrival II
14448,It's Easier for a Camel...
14586,Iconomania
14739,Summer Days with Coo
14811,Dragon Fist
15035,Black Lagoon
15629,The Octopuses from the Second Floor
15700,Entranced Earth
15756,A Better Tomorrow II
15756,A Better Tomorrow 2
15776,The Plot of the Fuma Clan
15881,Lupin III: Voyage to Danger
15881,Lupin the 3rd - Voyage to Danger
15897,That Won't Keep a Sailor Down
15901,Aunt Wanda from Uganda
15929,How Did a Nice Girl Like You Get Into This Business?
15999,"Scheherazade, Tell Me a Story"
16173,Blue Eyelids
16209,Shinboru
16209,Symbol
16738,Just Walking
16754,Not Like Others
17224,Babuschka
17263,Sherlock Holmes in Dressed to Kill
17480,Hua pi
19482,Chronology of a Death
19485,"I Kiss Your Hand, Madame"
19653,The Angel Maker
20656,Children of Earth
20865,The Adventures of Tintin: The Secret of the Unicorn
20865,The Adventures of Tintin: Secret of the Unicorn
21546,20th Century Boys 3: Redemption
21671,Barschel: A Murder in Geneva
21715,Say Why Have You Left Me
21876,"My Mother, My Bride and I"
21937,Virginia 
22767,Kanalizasyon
22768,Jolly Life
22777,All You Need Is Love ?? Meine Schwiegertochter ist ein Mann
22999,I'll Sell My Skin Dearly
23124,Four Flies on Grey Velvet
23186,Wonderful years
23186,The Wonder Years
24204,R.T.T.
24265,"Louise Bourgeois: The Spider, the Mistress, and the Tangerine"
24293,Jiang Hu
24293,Bloodbrothers - Jiang Hu
24894,Public Sex
24916,Eleanor's Secret
25005,Dragonfire III
25031,Kitaro and the Millennium Curse
25074,Do No Harm
25456,Three Paths to the Lake
25611,Two Horses of Genghis Khan
25637,Destiny of a Man
25882,When We Leave
26139,Mrs Khanna and I
26145,Seventeen Years
26295,Hiruko the Goblin
26311,Sangre de mi sangre
26316,A Spot of Bother
26332,The Queen of Clubs
26625,The Bloodstained Shadow
26726,The Salute of the Jugger
27040,Family Tree
27045,Son of Babylon
27097,Bushido Sixteen
27320,Phantom of Death
27379,Horror Hotel
27417,Nightmare Castle
27418,The She Beast
27424,La journ??e de la jupe hola
27523,The Wild Soccer Bunch 5
27533,Yona Yona Penguin
27795,Midnight Flight
27834,Four Stars
27862,Beside You in Time
28181,The Island Inside
29193,Dogtanian and the Three Muskehounds
29228,"Hateship, Friendship, Courtship"
29278,Someone to Watch Over Me - Part 2
29594,The Great Sacrifice
29678,Day and Night
30523,Girls & Boys
31037,Little Jerusalem
31063,Illusion in a Minor Key
31364,Blood Suckers
31372,Terror House
31389,The Stranger and the Gunfighter
31520,Disenchanted
31520,Enchanted 2
31611,The Adventures of Merlin
32065,The Fresh Prince of Bel Air
32936,The Wonderful Adventures of Nils
32990,Take Care of My Cat
33136,Tiger x Dragon
33136,Toradora!
33237,One Step to Eternity
33249,The Sandlot: Heading Home
33266,14 Kilometers
33277,Blessing Bell
33624,A Swedish Love Story
33712,Bal-Can-Can
33754,A Sky Full of Stars for a Roof
33781,Instinct to Kill
33872,Station of the Forgotten
33897,The Herd
33898,The Father
33924,Munna Bhai MBBS 
33924,Munna Bhai M. B. B. S. 
33945,Yatterman
34046,Herbstgold
34149,Recep ??vedik 3
34170,White Trash
34236,Endless Desire
34600,Twilight of Love
34687,Apartment 1303
34795,The Provocation
35019,The Bad Sleep Well
35023,"The Yakuza Papers, Vol. 4: Police Tactics"
35023,Police Tactics
35127,Bluebeard
35154,I Give My First Love to You
35308,The Four Ends Of Berlin
35324,With or Without Love
35360,The Little Room
35394,Outbound
35471,Vatican Conspiracy
35514,Doberman Gang
35596,Kinshasa Symphony ?? A Classical Orchestra in the Congo
35668,The Web of Death
35895,The Mushroom
35897,Lea in Winter
36034,Sin with a Stranger
36135,The Crow
36142,Night School
36150,Death Carries a Cane
36684,The Three Superguys
36807,Infested
36813,Cold Moon
36931,Three Supermen at Tokyo
36938,Return of Halleluja
37108,Story of O. Part II
37146,In the White City
37160,Hand of Death
37160,Dragon Forever 
37281,Godforsaken
37326,Summer Solstice
37431,War Bus
37435,X-Ray
37453,X - the man with x-ray eyes
37453,The Man With the X-Ray Eyes
37453,X: The Man With the X-Ray Eyes
37721,Nightmare Detective
37764,The Lake
37833,Yellow Faced Tiger
37859,The City of Violence
37862,The Tadpole and the Whale
38205,Dragon from Russia
38206,Ballad of a Soldier
38344,How to Play the Seduction Game
38367,Emanuelle on Taboo Island
38368,The Nurse in the Military Madhouse
38392,Emanuelle in the Country
38400,Discostory
38447,Ulysses Against the Son of Hercules
38466,Little Secrets
38789,Drunken Monkey
38828,5150 Elm's Way
38843,Parallax View
38855,Living on Love Alone
38930,Eastern Condors
38988,3 Seasons in Hell
39537,The Lovers of Manon Lescaut
39666,The Sea Is Watching
39692,"Goto, Island of Love"
39722,Red and Black
40016,Mrs Peppercorn's Magical Reading Room
40288,Season 7
40568,The Voyeur
40989,71 Fragments of a Chronology of Chance
41424,"On My Way to the Crusades, I Met a Girl Who..."
41434,Chico and Rita
41448,Bed and Breakfast
41470,Days to Remember
41587,The Life of Fish
41603,The First Beautiful Thing
41647,Agent 3S3: Passport to Hell
41648,"Agent 3S3, Massacre in the Sun"
41686,The Voyage
41730,Hellraiser: Deader - Winter's Lament
41780,"Me, you and Ovidiu"
41786,The Yellow Rose
41993,Adriatic Sea of Fire
42012,Dhund (2003 film)
42134,High Season
42163,The New Protocol
42206,A Cat in Paris
42265,Why Did I Ever Say Yes Twice?
42338,Murder in the Central Committee
42443,The Belt
42585,The Story of Qiu Ju
42845,The Strange Case of Dr. Jekyll and Miss Osbourne
42895,Dark of the Sun
42927,The Hamburg Syndrome
42997,The Condemned of Altona
43042,The Horse Thief
43051,Don't Forget Love
43328,The Promise
43404,Professor Layton and the Eternal Diva
43488,The Devil's Bride
43493,Blue Spring
43638,Frankie & Alice
43896,King of Thorn
44073,The Search for El Dorado
44080,Three Steps Above Heaven
44080,3 Meters above the Sky
44262,There's Always Tomorrow
44486,Auto*mate
44544,Witch Way Love
44565,Miss Julie
44567,The Song of the Scarlet Flower
44568,The Devil's Eye
44570,Seclusion Near a Forest
45096,Four Nights of a Dreamer
45097,Ready for Anything
45213,Twilight Avengers
45364,The Quiet Duel
45373,When You Read This Letter
45380,Sound and Fury
45421,Blades of Blood
45431,Rise of Men
45431,The Rise of Man
45431,Birth of Civilization
45975,Lady Emanuelle
45990,Drifting
46386,The Detective and Death
46486,The Golden Arrow
46502,Island of Desire
46646,Familiar Grounds
46654,The Intruder
46655,Jackie Chan: My Stunts
46854,A Man Walks Into a Bar...
46969,The Stool Pigeon
47195,ChalkZone
47202,The Miraculous
47359,Beneath the Surface
47360,The Master
47373,Opera Ball
47474,Maximum Power
47622,Burrowing
47699,Harvest
47800,Red Eagle
47800,The Red Eagle
47833,Gakk?? no Kaidan 2
48010,Only Rock 'n' Roll Will Never Die: Part 1
48044,Respect the Land
48191,No M??s
48236,We're No Animals
48632,Gladiator of Rome
48676,Sabrina the Teenage Witch
48974,The Promise
49123,Little Dorritt: Nobody's Fault
49123,Little Dorritt: Dorritt's Story
49237,The Woman Is a Stranger
49607,The Murderer
50113,Thunderstorm in May
50228,The Dogs
50258,A Week's Vacation
50374,House of Tolerance
50374,House of Pleasures
50439,Ansiedad
50676,The Devil & Sam Oliver
50747,Queen of the Seas
50761,"Red, White & Blue"
50895,Public Enemy 
50913,Madea's Big Happy Family
50913,Tyler Perry??s Madea??s Big Happy Family
50955,The Bachelorette
51038,Toxic Playground
51096,The Last Mitterrand
51206,Oblivion Island: Haruka and the Magic Mirror
51465,Forbidden House
51506,Bohemia Docta or The Labyrinth of the World and the Lust-house of the Heart
51564,An Angel for Satan
51579,Space Transformers
51579,Metal Shifters
51673,Rosa: The Movie
51692,Week-End at the Waldorf
51708,As Luck Would Have It
51716,The Cardboard Village
52032,Holidays by the Sea
52058,My Brother Is a Dog
52143,The D Girls
52192,The Lickerish Quartet
52310,Half Moon
52350,All the Boys Are Called Patrick
52417,The Prince and the Evening Star
52421,Princezna se zlatou hv??zdou
52485,Goya or the Hard Way to Enlightenment
52779,Police State II
52864,Caged
52887,Fireworks Wednesday
53043,Nice Guys
53240,The End of the World
53471,Swordsman of Siena
53477,The Living and the Dead
53483,Forbidden to Know
53503,The Mute of Portici
53600,Onmyoji 2
53895,Marie Antoinette Queen of France
53975,Cold Prey 3
53978,Head Against the Wall
53987,Apocalypse: The Second World War
53988,The Last Death
54098,Season 2
54124,Double Game
54255,Wasteland
54338,Elective Affinities
54652,The Exchange
54653,Stolen Heaven
54681,Kurzer Prozess
54815,Julia X 
54847,Warriors of the Rainbow: Seediq Bale
54869,Herr Puntila and His Servant Matti
55447,The King of Bernina
55461,The Torment 
55539,How I Unleashed World War II
55691,Koko: A Talking Gorilla
55983,At the other end
56011,The Heineken Kidnapping
56175,Face to Face
56390,The Mill and the Cross
56466,Spy Games
56874,Masquerades
56889,The Prince and the Pauper: The Movie
56889,The Prince and the Pauper
56967,Poor Butterfly
56982,Law and Murder
57068,In the Name of the King 2: Two Worlds
57148,Blood ?? You Can??t Bury The Truth
57268,The Jewel
57447,Underwater Love
57462,Anadolu Kartallar??
57578,Ilya Muromets
58238,Michael Jackson: The Life of an Icon
58337,Dear Doctor
58735,Andy Warhol's Bad
58816,Curse of the Blood Ghouls
58826,Eyecatch Junction
58839,APT
58904,Beyond the Ocean
58946,George the Hedgehog
59043,We Spin Around the Night Consumed by the Fire
59045,Critique of Separation
59094,Education for Death: The Making of the Nazi 
59566,Emanuel and the Truth About Fishes
59604,Beauty in Trouble
59620,Nothing Left to Do but Cry
59624,A Charming Man
59632,Picnic with Weissmann
59647,Escape to Budapest
59688,Holy Heritage
59699,The Suitor
59737,Return of the 5 Deadly Venoms
59743,House of Traps
59812,Magnificent Ruffians
59816,Daredevils of Kung Fu
59838,Executioners from Shaolin
59919,To the Stars by Hard Ways
59967,Painted Youth
59970,Without Anesthesia
60118,"Erik, the Viking"
60133,Piter FM
60258,The Man Who Sleeps 
60348,18 Days
60351,Slaughter In the South Bronx
60416,The Queen of Hearts
60587,A Very Fine Lady
60743,"Engaged, Part 1"
60756,Sacred Bones
60925,Loving Couples
60952,"Through Many Dangers, Toils, and Snares"
61004,Stalk of the Celery Monster
61087,Venus Talking
61295,The Crusaders
61347,Our Homeland
61480,The Flying Swords of Dragon Gate
61496,Do Not Send Your Wife to Italy
61546,King of Comics
61598,Just the Wind
61658,Calebs Door
61921,Farewell to the Frogs
61948,I Must Go to the City
62138,Ostrva
62138,Seduction by the Sea
62157,Panda and the Magic Serpent
62321,See One. Do One. Teach One
62389,All Around Us
62410,8 First Dates
62645,Yes We Can
62656,Dormant Beauty
62717,Beyond the Hills
63011,Lucky Stars Go Places
63391,One Page of Love
63436,Medal of Honor
63560,The Telegraphist
63615,The Joy of Singing
63755,ingl??s
63821,Backwoods Massacre
63945,Knight's Templar
64003,The Daily Show with Jon Stewart
64140,The Remains of the 'A'
64189,Immortal Melodies
64282,Muoi: The Legend of a Portrait
64491,Down to the Cellar
64514,Love 65
64525,Gabbeh
64532,The Epic of Gilgamesh
64532,This Unnameable Little Broom
64558,Pale Flower
64776,Raging Bull II
64894,Every Breath You Take
65272,Step up to the Plate
65460,Mr. Thank You
65500,Faith
65503,Touch of Death
65962,Wandering Ginza Butterfly
66038,Ways of Love
66166,ACAB ?? All Cops Are Bastards
66228,Fill the Void
66301,Girl Boss Blues: Queen Bee's Counterattack
66311,The Valley of the Bees
66335,Box of Shadows
66342,The Feather Fairy
66492,The Patriotic Woman
66657,Walkover
66722,Painful Secrets
66828,Dangers of the Engagement Period
66935,Fire in Castilla (Tactilvision from the Moor of the Fright)
66956,Extraterrestrial
67137,The Storm In My Heart
67137,Shooting The Sun
67257,A Love to Keep
67758,Dead End Drive-In
67781,Delightful Forest
67802,Psycho Cop 2
67810,Black Fist
67816,No Tears for a Killer
67850,Evil Clutch
67854,Bridge to Hell
68043,Watch Your Left
68076,A Ship Bound for India
68077,New Third Gangster: Outbreak Kansai Yakuza Wars
68128,Agent 077 From the Orient with Fury
68137,Canakkale 1915
68405,Vl???? j??ma
68434,Circle of Love
68435,Long Night in 1943
68438,The Conscript
68451,The Vyborg Side
68470,Come Play with Me
68509,Time to Die
68543,Intimate Lighting
68548,The Assassin
68552,A Cloud in the Teeth
68590,Heaven Sent
68648,Black Gravel
68651,The Day Shall Dawn
68674,Strongman Ferdinand
68695,Don't Tempt the Devil
68696,Babette Goes to War
68731,Roomers
68736,Gangsters and Philantropists
68738,The Marriage of Mr. Mississippi
68757,First Charge of the Machete
68764,Lovers and Thieves
68788,Mistreatment
68803,Thirteen Chairs
68836,The Deadly Trap
68853,The Lady with the Dog
68864,Male Companion
69104,The Parson's Widow
69120,Hanna's Journey
69127,A Horse on the Balcony
69134,Loomis Fargo
69298,The Lost Generation
69413,In S. City
69440,Light Years Away
69441,Diary for My Children
69601,What Max Said
69627,When Hitler Stole Pink Rabbit
69727,The River
69883,Living Marble
69961,Among the Living
69967,The Vengeance of the Monster
69969,My Universe in Lower Case
69989,Road to the Stars
70308,After the Flowers
70313,Jonathan Strange & Mr Norrell
70439,Romancing in Thin Air
70444,To Joy
70606,Garden Without Birds
70876,Turtles Are Surprisingly Fast Swimmers
70904,Woman of Tokyo
70985,The NCIS Movie: Shell Shock
70985,Shell Shock (Part 1)
71323,Leatherface - Texas Chainsaw 4
71435,Keep Your Right Up
71437,Feelings
71472,Two-Seater Rocket
71780,Woman's Lake
71809,Flesh Will Surrender
71930,Heaven over the Marshes
72064,Without Leaving an Address
72111,Goodbye to Language
72117,Iris and the Lieutenant
72127,Mother's Day
72136,Field Trip
72187,The Red Meadows
72196,The Turning Point
72206,The Damned
72371,You Are God
72376,Soleil ??
72437,The Big Night
72471,Okuni and Gohei
72476,One Million Yen and the Nigamushi Woman
72509,The Best Offer
72645,Kisei J??i Suzune
72650,"I Are You, You Am Me"
73407,Facing Mirrors
73973,The End of the World As We Know It
74103,Heeeeere's Lassie
75201,In Bloom
75239,I am a Mother
75798,The Dentist of Detroit 
75957,Magic Hour: Part 2
75997,Your Beauty Is Worth Nothing
75998,Santouri - The Music Man
76017,Pretty Devils
76017,The Little Grifters
76073,The Strange Little Cat
76140,Devil's Triad
76339,Fallen Hero
76783,The Keeper of Lost Causes
76783,Department Q: The Keeper of Lost Causes
77043,The Feast of the Goat
77355,It All Starts Today
77357,"Black Coal, Thin Ice"
77375,Zurich
77547,"Don't Cry for Me, Albuquerque"
77624,Jonathas' Forest
77831,"Eat, Sleep, Die"
77833,I Feel Sleepy
77833,I'm Sleepy
77877,Whispers Behind the Wall
78159,A Fine Day
78190,My Sweet Pepperland
78287,Escape by Night
78717,Live-In Maid
78949,Lose My Self
79009,Climates
79251,Berlin (No. 08) - Part 1
79512,Someone Wanna Talk to You
79897,Choice of Arms
79951,Songs from the Second Floor
79963,Code Unknown
80296,The Toy
80850,Marriage Italian Style
81205,Flights of Fancy
81397,Agata and the Storm
81620,From Beijing with Love
81630,The Three-Sided Mirror
81633,Emma's Shadow
81704,Compa??eros
81751,A Hitman's Solitude Before the Shot
81810,Marriage in the Shadows
81995,The Sucker
81997,Delusions of Grandeur
82038,Sundays and Cybele
82070,The Panic Womb 
82168,23 Seconds
82205,"Norte, the End of History"
82206,The King of Escape
82235,Angelique and the Sultan
82338,Mr. and Mrs. Smith
82381,Something in the Air
82386,Under the Sun of Satan
82389,The Working Class Goes to Heaven
82403,The Break-Up
82431,Neil Simon's The Odd Couple II
82435,The Summer of Flying Fish
82454,An Unforgettable Summer
82460,Misunderstood
82486,Fear of Water
82637,Moloch
82683,Hunting Season
82748,Typhoon
82756,Kollwein's Day of Truth
82794,Where Is Winky's Horse?
82898,Requiem for Dominic
82915,The Mermaid
82935,Aladdin and His Magic Lamp
82937,The Ten Lives of Titanic the Cat
83079,The Liberator
83115,Homesick
83527,Love Battles
83530,Suing Dad
83534,Our Big Time
83538,Fight for Justice
83583,The 9th Company
83746,...Goodbye
83827,A Minor Leap Down
83830,Gone with the Bullets
83838,Under Electric Clouds
83997,True Colours
84328,w Delta z
84334,Toto the Hero
84391,600 Miles
84563,Girlhood
84584,My Skinny Sister
84839,A Hard Day
84889,Death in the Garden
84906,The New Girlfriend
84928,Love and Chatter
84937,Guarded Secrets
84986,One Mile Above
84997,Salad by the Roots
85001,Happy Easter
85006,Up & Away
85016,Little Lili
85037,Hi Tessa
85224,The Reach
85243,Arahan
85277,Children of Nature
85328,The Other Woman
85329,Blind Dates
85358,The Sunfish
85359,Paris of the North
85402,Virgin Mountain
85403,Under the Sun
85404,Eternity
85488,Le Carnaval de la Mort
85669,"Swades: We, the People"
85766,Cabaret Balkan
85770,"Bread, Love and Dreams"
85784,The End of Lies
85800,Tragedy of a Ridiculous Man
85804,The Man Who Couldn't Say No
85807,I Am Yours
86034,A Simple Man
86034,The Measure of a Man
86038,The Assassin
86049,Finding Friends
86055,Call girl
86055,International Gigolo
86058,Rams
86230,Oh What Hard Luck Stories They All Hand Me
86260,The Voice of the Moon
86262,The Swindle
86262,The Swindlers
86266,Everybody's Fine
86345,A Gang Story
86403,Under the Moonlight
86458,Deception
86604,Diary of a Nymphomaniac
86631,7 Boxes
86632,The Burglars
86726,The Devil at Four o'Clock
86738,The Coast Rider
86741,"The Sea Gives, the Sea Takes"
86743,In the Eye of the Beholder
86779,On Guard
86821,Faithless
87023,Farewell to the Ark
87058,Bratz: The Movie
87313,The Invention of Love
87462,Three Many Weddings
87470,You Don't Choose Your Family
87630,Dora or the Sexual Neuroses of Our Parents
87637,Sanctuary
87681,Zero Tolerance
87696,Unknown Friend
87726,Red and Blue
87757,Letters from Santiago
87762,Tieta of Agreste
87789,"Liza, the Fox-Fairy"
87819,The Serpent??s Egg
87954,Tough Love
87965,The Suspect
87992,Dillinger Is Dead
87994,Don't Touch the White Woman!
88082,Goya in Bordeaux
88089,Fear Over the City 
88097,And Now My Love
88270,Last Hero in China
88300,Goods: Live Hard Sell Hard
88312,Warsaw 44
88360,Secret Of Santa Vittoria
88406,Practical Guide to Belgrade with Singing and Crying
88453,Seven Women
88539,The Death of Faith ?? aka Quietly in Their Sleep
88580,Born in 68
88597,The Devil Came at Night
88597,The Devil Strikes at Night
88633,Dollars
88671,Let's Break
88761,Deadly Invasion
88768,The Night Watchman
88833,Clara's End
88868,Blood of My Blood
88870,Blackway
88930,The Merry Widow
89064,Heidi and Peter
89076,Snakeman
89195,The Most Wonderful Evening of My Life
89209,The Upper Hand
89234,The Scarlet Letter
89261,Fred 3
89302,Avenging Angel
89333,Zip & Zap and the Marble Gang
89362,Action Man
89418,The Washington Snipers
89431,Those Happy Years
89614,Just One Day
89664,The Terrorists
89750,Killing Emmett Young
89787,The Backwoods
89868,The One and Only
89869,Cool Kids Don't Cry
89881,Age of Panic
89891,One Man Up
89925,White Water Fury
89979,'38 ?? Vienna Before the Fall
89989,The Brave Little Tailor
90071,The Purple Taxi
90200,The Lady from the Shanghai Cinema
90259,Once in a Lifetime
90290,Close Shave
90445,The Killing Grounds
90467,A Couch in New York
90647,The Pirates 
90711,The Night Before the Premiere
90713,Tentacles
90742,Northern Skirts
90750,The Devil's Daffodil
90753,When Animals Dream
90757,Bright Night
90772,The Conqueror Worm
90789,Mrs Ratcliffe's Revolution
90801,Mum's Guest
90802,Night Bus
91062,"The swallow, the cat, the rose, death"
91071,Train for Durango
91077,Fast Track: No Limits
91082,Seven Women
91087,Stanley and Iris
91095,The Star Maker 
91096,Cold Trail
91271,Sooner Or Later
91338,Son of Kong 
91355,An Unusual Affair
91397,The White Snake
91454,Almost Christmas
91548,"Of Course, the Motorists"
91553,To New Shores
91567,Deadly Sweet
91581,12:08 East of Bucharest
91589,The Hallow
91697,Two Worlds
91701,A Christmoose Story
91710,Operation Arctic
91716,Private Fears in Public Places
91730,Door on the Left as You Leave the Elevator
91781,The Chinese Cat
91781,Murder in the Funhouse
91785,Fidelity
91825,Ragnarok
91834,The Polar Bear King
91838,The Quack
91842,Bay of Angels
91850,King Thrushbeard
91851,Paper Souls
91862,Victoria in Dover
91926,Natalie ?? Babystrich online
91957,The German Doctor
92032,Rivincita di Ivanhoe
92118,Rurouni Kenshin: Densetsu no Saigo-hen
92121,The Three Worlds of Gulliver
92224,After the Rehearsal
92231,The Wedlock
92259,Sic Semper Tyrannis
92321,Take Good Care of Him
92326,Baahubali
92328,The Bandit
92362,"Faster, Faster "
92362,"Fast, Fast"
92369,The Legend of Zu
92407,The Jewish Cardinal
92408,One of Us
92494,A War
92497,Don't Be Bad
92499,The Pedestrian
92501,The Policeman
92520,The Red Balloon
92526,The Man from Oran
92540,Hotel America
92543,Clara and the Secret of the Bears
92547,In Transit
92589,The Wounded Angel
92617,The Sea
92653,The Twin
92720,Carnival Confession
92744,24 Weeks
92746,Saint-Amour
92747,News From Planet Mars
92814,Down and Dirty 
92880,The Easy Life
92883,Unfair Competition 
92909,The Necessities of Life
92915,Twin Sisters 
92958,Secrets of the Heart 
92968,The Ox 
92971,Waltzing Regitze
92972,What happened to Santiago
92975,Angry Harvest
92981,The Revolt of Job
92983,One or the Other of Us
92985,Struggle in the Valley
92985,The Blazing Sun
93066,The Rite 
93118,In Those Days
93121,Death is My Trade
93155,Flight of the Eagle
93157,Muddy River 
93160,The Maids of Wilko
93176,Love on the Ground
93210,The Lucky Star
93220,Ghosts Before Breakfast
93347,Bibi & Tina: Girls Versus Boys
93379,Personal Column
93420,The Champagne Murders
93421,The Crack
93437,Cosy Dens
93479,Lies
93486,Life + 1 Day
93486,Eternity and a Day
93486,Life and a Day
93525,Silent Heart
93633,The Body
93635,Waiting for the Sea
93740,Ku??damm 56
93762,The Sense of Wonder
93764,All Cats Are Grey
94164,Pilot - Part Two
94218,10.5 Apocalypse 1
94218,10.5 Apocalypse 2
94248,Beethoven's Treasure Tail
94266,Sherlock Holmes and the Deadly Necklace
94359,The Great Man 
94425,King Thrushbeard
94501,Longwave 
94502,King and Country
94553,Heintje: A Heart Goes on a Journey
94597,Anzio
94731,Codename Wildgeese
94850, Matryoshka (Part 1)
95025,Domestic Life
95146,Laura Engel
95159,A Hijacking
95324,"Smell of Camphor, Fragrance of Jasmine"
95334,Things I Never Told You
95415,Slack Bay
95484,Salzburg Stories
95509,Welcome to Switzerland
95621,Heintje: Once the Sun Will Be Shining Again
95630,Spring on Ice
95637,The Nightmare
95742,The Dancer 
95812,Women Robbers
95844,I Can Quit Whenever I Want
96138,Carmina and Amen
96144,"Tech, Drugs, and Rock 'n' Roll"
96210,Geschwister ?? Karde??ler
96312,The Adversary
96554,The Worst Years of Our Lives
96564,Lemming's First Case
96690,The C??zanne Affair
96692,Mariandl's Homecoming
96930,Killer Mermaid
96932,Free to Leave
96934,The Escape
96986,"Through a Glass, Darkly"
97176,Apartment 1303 
97250,Stefan Zweig: Farewell to Europe 
97347,When Sweet Moonlight Is Sleeping in the Hills
97361,"Toto, Peppino, and the Hussy"
97522,3 T??rken und ein Baby
97576,WWW - What a Wonderful World
97644,My Golden Days
97681,The Bittersweet Taste of Power 
97771,A Conspiracy of Faith
97771,Department Q: A Conspiracy of Faith
98014,Outrage!
98044,Do Not Disturb 
98050,The Spiderwebhouse
98154,Don't Look at Me That Way
98179,Ali Baba and the Forty Thieves
98202,Anna of Brooklyn
98275,The Widow of Saint-Pierre
98387,Jurassic Hunters
98404,Uncle Harry
98487,Milhemet 90 Hadakot 
98514,One Man and His Cow
98573,Kisses for Everyone
98629,Anna's Time
98944,Up for Love
98945,Irreplaceable
98983,Happiest Days of Your Life
98984,The Wind's Fierce
98985,Reparato
99020,Another Life
99108,The Do Over
99116,Black Souls
99120,Thanks for Sunderland
99146,The Executioner's Song
99236,Reaching for the Moon
99352,The Slipper and the Rose
99355,Intruders
99528,Call Me Elisabeth
99576,The Limits of Patience
99596,Jackpot
99608,East of Shanghai
99621,Seashore
99643,The End of the Day
99908,Bear Ye One Another's Burden
99943,Death Is My Profession
99960,Harry and Harriet
100033,Death at La Fenice
100095,Bastards
100124,Meatballs 4: To the Rescue
100236,Duga mra??na no??
100384,Uniform Justice
100427,Drifters
100447,Titanium
100540,6 Points About Emma
100540,Six Points About Emma
100654,The Missionaries
100654,"Sex, Love & Therapy"
100655,Colour Me Kubrick
100659,The Boy with the Golden Pants
101129,The Prodigal Sister
101136,T??ky?? Family
101238,This Summer Feeling
101239,After Love
101251,Where the Grass Is Greener
101284,The National Shotgun
101383,Kommissar LaBr??a
101385,Naked Harbour
101503,The Cuckoo and the Donkey
101679,Sarhad
101703,The Story of Me
102064,Abuse of Weakness
102083,Returning Home
102123,Enclave
102269,Lucky Pierre
102456,X the Unknown
102469,Silent Death (1962 reissue)
102655,The Barber of Siberia
102746,Captain Kronos ?? Vampire Hunter
102746,Captain Kronos - The Vampire Hunter
102829,"Belle & Sebastian, the Adventure Continues"
102897,Twisted Obsession
103040,Helluva Good Luck
103230,Golden Balls
103262,A Very Harold & Kumar Christmas
103263,Nobody Knows Anybody
103351,Holy Mess
103420,The Other Side of Hope
103439,The Queen of Spain
103597,Whitney Houston: A Tragic Love
103696,Spoor
103762,Til Death Do Us Part
104029,Story of Judas
104070,On Body and Soul
104079,We used to be cool
104120,The Last Hunter
104122,I Am Guilty
104199,The Roommates Party
104414,Tanu Weds Manu: Returns
104418,Desire
104570,Crime scene: Last days
104579,Bitter Rice
104586,Harry & Tonto
104617,Sherlock Holmes and the Woman in Green
104617,Sherlock: Woman in Green
104617,Woman in Green
104742,Two Fathers for Conny
104746,End of the Season
104801,Sherlock Holmes in Pursuit to Algiers
104896,Doghead
104905,Ursus in the Valley of the Lions
104978,Of Girls and Horses
105056,Murder by the Lake: The Girl Who Loved to Laugh
105065,Ever Been to the Moon?
105170,The Fury of a Patient Man
105266,Radin!
105399,Married for 7 Years
105512,The Sheriff Was a Lady
105692,In the Blood
105769,Love at First Child
105817,In the Shadows
105910,Schweik's Awkward Years
106112,The Correspondence
106132,The Bag of Flour
106144,Everybody Loves Somebody
106152,Nayak: The Real Hero 
106251,Going Places (WT)
106368,The Csardas Princess
106430,Blind Man
106473,Allmen and the Dragonflies
106474,Allmen: The Pink Diamond
106549,The Red Spider
106700,Don't Tell Me the Boy Was Mad
106744,The Organizer
106745,The Dark Command
106789,Mr. and Mrs. Bridge
106826,Sharknado: The 4th Awakens
106836,I Was a Teenage Vampire
106840,13 Days to Die
106848,sxtape 
106893,Sherlock Holmes and the House of Fear
106985,Track 143
107022,Bullyparade ?? Der Film
107028,Chubby
107030,Silent Summer
107100,The Abyss
107416,Beware of a Holy Whore
107417,Sea Fog
107422,Song'e Napule
107452,The Turning Point
107541,The Band of Honest Men
107586,The Nine-Eight
107607,Italian Race
107661,Cold War
107666,B.A.P.S
107749,Bucket of Blood
107750,16 ans... ou presque
107781,Three Times Manon
107827,The Belco Experiment
107830,Rising Voices
107851,Framing Mom
107921,My Brother's Keeper
107924,The Little Gangster
107924,Little Gangster
107937,The Year of Maria
107950,Coral Palms Pt. 1
107950,Coral Palms Part 1
108141,My Happy Family
108163,In the Name of My Daughter
108182,The Farmer and the Stewardess
108240,Grand Highway
108259,Flame Over India
108322,"Remember Me, My Love"
108368,My Grandfather and 13 Chairs
108399,Paths in the Night
108403,The puberty
108428,The Ornithologist
108432,Waller's Last Trip
108433,Family Commitments
108477,Land of Hope
108488,For Queen and Country
108514,The Most Wonderful Moment
108526,The Out-of-Towners
108550,The Fire of Kamile Rises in Triumph
108616,Lucky to Be a Woman
108647,Defenders of Riga
108675,Klown Forever
108807,Sperm Whale
108883,Snow White and the Seven Jugglers
108936,The Corpse of Anna Fritz
108938,Chance or Coincidence
109114,Back to Burgundy
109138,Mannequin Two: On the Move
109163,Independent's Day
109362,Little Angel
109456,Them Who?
109617,Sharknado 5: Global Swarming 
109618,What You Never Knew
109707,Three Chinamen with a Double Bass
109752,A Village Almost Perfect!
109753,The Brats
109829,Younger and Younger
109831,Indivisible
109832,The Adopted
109844,Quiet Chaos
109865,Lonely Knights
109879,Babylon Berlin
110004,The Outlaw and His Wife
110086,Out of Nature
110087,Brotherhood of Blades
110088,Operation Chromite
110120,First Name: Carmen
110139,Polizeiruf 110: Wendeman??ver
110211,Who Is Buried in My Grave? 
110234,The Seventh Continent
110308,Gheisar 
110465,Blind & Ugly
110479,Hijacked
110492,Fear Me Not
110550,"If You Die, I'll Kill You"
110649,The White Horse Inn
110686,Billionaire Ransom
110712,Glass Dolls
110788,Sami Blood
110788,Sami
110819,March of the Wooden Soldiers
110828,Killerfish
110834,I Know Who You Are
110912,Flight Before Christmas
110970,A Perfect Family
111248,The Woman of My Dreams
111310,The Magnificent Showman 
111316,The Grump
111319,The Contestant ?? Der Kandidat
111346,Mariah Carey's A Christmas Melody
111368,Heaven on Earth
111444,The Legend of Frenchie King
111522,Bennie Brat
111575,A Kid
111613,The Blunderer (WT)
111615,The Santa Claus Gang
111648,Time Heroes
111677,Porn in the Hood
111786,Jacky in Women's Kingdom
111840,I. D.
111877,Darkland
111937,The Old Lady Who Walked in the Sea
111983,Just To Be Sure
112012,Baby Love
112039,The Scapegoat
112239,Make Way for Lila
112257,Inside Love
112284,The Idealist
112348,Pieces of Me
112355,Come What May
112390,3 Days in Quiberon
112501,The Heiresses
112507,What a Beautiful Day
112607,Allan Quatermain & The Temple of Skulls
112708,The Royal Eyes Rest Above
112720,The Apple War
112721,Docking the Boat
112726,Fists in the Pocket
112732,"Waiter, Scarper!"
112737,Shock Waves ?? Diary of My Mind
113087,They Call Me Jeeg
113092,"It's Your Turn, Honey!"
113241,Spring in Immenhof
113248,Alpine Fire
113352,Wednesday 04:45
113264,"Half Sister, Full Love"
113269,You're the One
113326,The Firebird
113332,Not My Type
113346,Geo Disaster
113405,Arthur and Merlin
113438,Dad in Training
113457,Kalinka
113457,In Her Name
113585,Siblings
113702, Elongated Journey Into The Night
113724,Two Friends
113753,When Cranes Fly
113786,Shiverstone Castle
113834,Sorry Angel
113835,Cold War (2018 film)
113835,Cold War
114208,Within
114296,The Have-Nots
114312,In the City of Sylvia
114367,My Internship in Canada
114512,A Decent Man
114683,Anonymous
114747,Forget About It
115095,Retribution
115121,Sword of the Valiant: The Legend of Sir Gawain and the Green Knight 
115126,American Renegades 
115196,The Windmill 
115306,Tiger of the Seven Seas
115310,Savage Islands 
115460,A Lesson of Hope
115696,Dark Fortune
115807,Life Beyond Me
115963,The Last Note
116023,Non-Fiction
116028,Dangerous Game
116233,The Fiddler of Florence
116250,Our Heroes Died Tonight
116304,Bloodsucking Bosses
116406,With Open Arms
116408,"Westward Ho, the Wagons!"
116482,Winter Brothers
116597,Life Goes On
116785,The Golden Falcon
117020,The Insult
117058,Valley of Knights - Mira's Magical Christmas
117358,E' Piccerella
117387,Gaspard at the Wedding
117448,Raven's End
117461,Pirates of the Coast
117520,Mother Holly
117583,Secret Scripture
117637,F6: Twister
117702,Fuchsia the Mini-Witch
117749,3000 Nights
117800,New Year's Eve Punch
117823,The Adventures of Count Bobby
117826,Secrets from the Russian Tea Room
117827,By the Grace of God
117831,Ghost Town Anthology
117844,The Stroller Strategy
117847,The Magic Stocking
117857,One Step Behind the Seraphim
117858,Two Lottery Tickets
117896,The Apparition
117919,Montparnasse Bienvenue
117950,A Dog Named Duke
117956,There Were Days... and Moons
117988,A Funny Man
118070,Faultless
118122,Un plus une
118234,Forwards Ever!
118244,The Broken Crown
118273,Elisa & Marcela
118278,Kiss Me You Fucking Moron
118295,Mariana
118296,A Jew Must Die
118300,Beast Paradise
118395,The World Turns Backward
118398,The Birds and the Bees
118420,Beneath the Palms on the Blue Sea
118430,In the City Without Limits
118541,A Violent Life
118546,"God Exists, Her Name is Petrunija"
118549,Synonyms
118559,The Pee-Wee 3D: The Winter That Changed My Life
118569,The Winter Soldier
118648,Finding Camille
118832,The Invisible Guardian
118843,M ?? A City Hunts a Murderer
118873,The Dreamed Path
118892,A Very Curious Girl
119047,Father and Sons
119083,Street People
119112,Mafia: The Game of Survival
119190,Marius and Jeannette
119204,The Malta Story
119205,Heart of a Lion
119208,8 Days
119289,Rocket Perelman
119431,The Black Hole
119499,"Kiki, Love to Love"
119551,My Giraffe
119556,Ghouls
119582,Dummie the Mummy and the Tomb of Achnetut
119589,Dark World
119721,The Paternal House
119749,The Cat Has Nine Lives
119776,What the Day Owes the Night
119861,Operation Mekong
119871,The Best Years of a Life
120007,Fear Challenge
120034,Cleopatra's Daughter
120049,Scribe
120098,A Woman's Life
120116,The Parrot
120618,The Lovemakers
120836,The 42nd Heaven
120850,Something Must Break
120851,Sweet Desire
120907,Identity Part 1
121085,I Sent a Letter to My Love
121181,Every Blessed Day
121434,The White Spider
121436,The Cliff
121618,Bachelorette Party
123104,Veteran
123106,The Bouncer
123145,The War of the Oxen
123642,Deerskin
124512,Lover for a Day
125093,The Trouble With You
125326,Put Grandma in the Freezer
125359,Return of Sabata
125398,The Singing House
125627,The Workshop
126448,Zombie 108
127476,The Truce
127780,Karen Kingsbury's Maggie's Christmas Miracle 
128568,Different Kinds of Rain
128894,Poison Ivy II: Lily
128898,Lilly's Bewitched Christmas
128981,An enemy who loves you
129607,The Third Prince
129704,Apparitional
129824,Ip Man 4: The Finale
129941,Orbiter 9
130055,Kill 'Em All
130065,The Blue Express
130123,Mr. Moll and the Chocolate Factory
130128,The Platform
130156,An Easy Girl
130195,The Most Beautiful Couple
130204,The Black Corsair
130217,Mirage
130354,Sniper 6 - Ghost Shooter
130791,Sniper: Homeland Security
130920,Season 1
130972,If I were a Boy
130973,Narcissus and Goldmund
131031,The Return of Doctor Mabuse
131249,The seventh target
131309,The Sons of Great Bear
131891,David & Lisa
131896,Bye Bye Monkey
131905,The Traffic Policeman
132028,The Scars of Dracula
132082,Love in the Sidelines
132141,The Night My Mother Killed My Father
132171,"I Was, I Am, I Will Be"
133080,Before You Say I Do
133249,Tatort: Undercover-Camping
133574,My Mother Likes Women
133579,Many Happy Returns
133611,Dark House
133662,Illustrious Corpses
133746,All Hallows?? Eve
133886,Album
134063,In Prison Awaiting Trial
134141,My Mother Is Crazy
134428,Treat Me Like Fire
134473,A Season in France
134880,The Prodigal Daughter
135423,Hitman: Redemption 
135543,Operation Thunderbolt
135544,Iphigenia
135556,The Christmas Gift
135708,A Bigger World
135709,Arab Blues
135763,"Old Barge, Young Love"
135889,The Puppet Master
136052,Radiant Sea
136133,"Belle and Sebastian, Friends for Life"
136285,Sky West & Crooked
136549,Deadly Virtues: Love.Honour.Obey. 
136552,Belleville Cop
136994,I'm Not a Witch
136999,Kiss Me Like a Lover
137013,My Mother's Smile
137017,Wounded
137018,The Life That I Want
137021,The Girl of Your Dreams
137037,Morgan - A Suitable Case for Treatment
137081,Cherry Blossoms and Demons
137248,"Tulipani, Love, Honour and a Bicycle"
137333,The Debt
137442,American High School Teen Party
137487,Heroic Losers
137525,The Aviator's Wife
137614,Who You Think I Am
137895,Advantages of Travelling by Train
137904,The Tale of a Thousand and One Lives
137974,The Story of Piera
137979,The Trial of Joan of Arc
138219,Black Thursday
138302,The Invisible Life
138302,The Invisible Life of Eur??dice Gusm??o
138788,The Wild Goose Lake
138789,The Last Berliner
138811,The Lady in the Car with Glasses and a Gun
138847,Gate to Heaven
138957,The Little Spirou
138973,Superfantozzi
139018,(The Lane)
139075,The New Kid
139081,Worlds Apart
139253,There's No Tomorrow
139305,Avenged
139566,The Icicle Thief
139570,Lucky Seven
139816,Sune vs Sune
140533,Jallikkattu
140535,Vanishing Waves
140674,"She, Me & Her"
140674,She Me and Her 
140676,Memoir of War
140812,We Won't Grow Old Together
140814,Four Adventures of Reinette and Mirabelle
141399,Capricious Summer
141892,The Girl from the Chartreuse
141893,The Mercy of the Jungle
141932,The Dead 2
142536,The Wandering Earth
142672,The Woman Who Ran
142673,Hidden Away
143349,Welcome Mr. Marshall!
143604,Ghosts of Berkeley Square
143971,Closeness
144065,The Tit and the Moon
144132,Midnight Runner
144165,Revenge of the Living Dead Girls
144264,It Happened on 5th Avenue
144706,A Girl in Australia
144805,Killer in Paradise
144805,A Killer in Paradise
145254,Identifying Features
146061,Bury Them Deep
146140,The Seventh Company Has Been Found
146227,Carambolage
146235,Artists' Blood
146245,Emanuelle and the Last Cannibals
146249,Gabriel and the Mountain
146357,Amityville 4: The Evil Escapes
146573,Good Manners
146683,A Chinese in a Coma
146707,The Paramedic
146718,Time to Hunt
146991,The Alien
147247,Kingdom in the Clouds
147473,The Unexpected Life
147493,Seven Hours of Gunfire
147501,The Heart
147512,The Pure Hell of St Trinian's
147521,Granddaughter of Ice
147530,I'm Crazy About Iris Blond
147542,Return of the Footsoldier
147861,Numbness
147865,The Prank
147867,Ninja Immovable Heart 
147873,12 Dog Days Till Christmas
147886,Euphoria
148693,Someone to Run With
148694,Controlled Conversations
148877,The Rebel
148914,Rising High
149056,Back to Christmas
149199,Count Max
149232,Santa's Squad
149236,Six Ways to Die
149446,Dark World: Equilibrium
149448,Mermaid: The Lake of the Dead
149802,Particles
149805,Majin Strikes Again
149810,As Long as You're Near Me
149821,Brotherhood of Blades 2
149823,The Killer Trainer
150539,Alien Showdown: The Day the Old West Stood Still 
150543,The Three Musketeers
150555,Space Amoeba
150558,All Monsters Attack
150731,Manolito Four Eyes
150858,Just Another Christmas
150990,Enter Inspector Maigret
150994,Never See Her Again
151057,Small Town Killers
151093,Two Little Girls in Blue
151134,Like a Cat on a Highway
151144,BFF Bride
151150,Adrenochrome
151243,The Best Job in the World
151248,All You Need Is Crime
151346,A Polar Year
151391,An End to Killing
151391,Kingdom of Conquerors
151429,The Stronghold
151465, Small Axe: Alex Wheatle
151529,A Bone to Pick: An Aurora Teagarden Mystery
151529,An Aurora Teagarden Mystery: A Bone to Pick
151529,Aurora Teagarden Mysteries - A Bone to Pick
151924,21 Days Together
152042,Bad Luck Banging or Loony Porn
152046,Introduction
152085,Mukti Bhawan
152151,Ashfall
152171,Nevermore
152339,Firestorm
152561,The Misfits Club
152574,Marnow Murders
152771,Death by Friendship
152771,Friends Who Kill
152788,American Bully
152798,Screamers 
152894,Turk's Head
152931,Hell Storm: Countdown to Disaster
152931,Shockwave: Countdown to Disaster
152932,Girl Obsessed
152941,Sun doors: Algeria forever
153297,Rome Armed to the Teeth
153552,Leda and the Swan (2)
153637,Run Uje Run
153689,The Eyes Leave a Trace
153692,Frontier
153722,Game of Assassins
153729,Bud Abbott and Lou Costello in Hollywood 
153740,Love Is in the Air
153761,Aurora Teagarden Mysteries - A Bundle of Trouble
153764,Francis: Pray for me
153830,Legend of Kolovrat
153831,What Have They Done to Your Daughters?
153969,The Third Murder
154099,My Daughter Lives in Vienna
154152,The Scythian
154471,Backdraft II
154474,The Story of Anastasia
154573,Olsenbanden Jr.
154613,Only the Animals
154619,Mar??a (and Everybody Else)
154621,Most Unwanted
154690,Oblivion Verses
154720,Duel at the Rio Grande
154856,No Kids
154965,My Masterpiece
155050,What Might Have Been
155386,The Stranger
155388,The Home and the World
155488,Small Country: An African Childhood
155504,A Good Doctor
155795,Battles Without Honor and Humanity
156604,Operation Red Sea
156693,Those Who Work
156991,Passion Flower Hotel
157095,Mama Weed
157104,The Reunion
157205,The Little Kidnappers
157569,Spaniards in Paris
157653,Drowning in Holy Water
158078,Too Close To Kill
158567,12 Past Midnight
158814,Simply Black
158815,Enormous
158910,Cold Sweat
158911,Marshall's Miracle
159352,The Worst Person in the World
160131,My Husband's Deadly Past
160134,Uncle Hank
160176,Artur
160184,The Write Man
160493,Charlotte Link: The Decision
160494,The Red Head
160500,Wildland
160578,The Price of Power
160581,You Can't Save Yourself Alone
160592,Deadly Hollywood Obsession
161230,Tatort: ?? und dann ist Zahltag
161236,Tomorrow We Are Free
161261,Vagenda Stories
161525,Don't Stop Me Now
161533,Inspector Blunder
161567,Filthy
161671,Sun Seekers
161675,The Commandos Strike at Dawn
161678,The Two Marshals
161692,Great Transport
161827,Seminole
161892,Il Capitano: A Swedish Requiem
161897,Ugly Nasty People
162235,The Price to Pay
162307,Under the Tree
162312,Year of the Turtle
162593,A Rough Draft
162952,F9: The Fast Saga 
162962,Just Like Our Parents
163274,The Dazzeld
163294,God Is Great and I'm Not
163313,Like It Never Was Before
163352,Final Arrangements
163364,DNA
163438,Situation Hopeless... But Not Serious
163562,Shattered Silence
163595,The Summer House
163618,Paris Is Always Paris
163621,On the Edge
163634,The Master Touch
163641,No Way Back
163642,A Map of the Heart
163653,The Eternal Mask
163655,A Few Days from the Life of I.I. Oblomov
163769,The Fall of Sparta
163899,A One-Way Trip to Antibes
163929,The Truce
163931,I Love You Rosa
163953,Behind the Sun
163958,We Are All Murderers
163973,I Don't Kiss
163996,Hide and Seek 
163997,"To Get to Heaven, First You Have to Die"
164048,The Royal Game
164067,"Dangerous Davies, The Last Detective"
164078,Alleluia
164202,Mom or Dad?
164290,"Henry: Portrait of a Serial Killer, Part II"
164295,Night Caller from Outer Space
164295,Blood Beast from Outer Space
164296,Julia and Julia
164302,5 is the Perfect Number
164303,Mile High Escorts
164390,The Stand-In
164430,And Now You're Dead
164558,Parallel Mothers
164564,The Hand of God
164571,Another World
164575,Tanner
164617,Relativity
164718,Such a Pretty Lie
164722,Psychosis in Stockholm
164726,About Love
165399,The Culpepper Cattle Company
165519,The Dependables
165571,Beyond Dreams
165955,Aurora Teagarden Mysteries - Last Scene Alive
166318,The Big Other
166816,An Irrepressible Woman
166818,That Happy Couple
167168,A Family for the Holidays
167277,White As Snow
167703,House of Angels - Third Time Lucky
167916,A Fish Swimming Upside Down
167917,Red 48
167922,Avenged 
168167,Meander
168248,Eternal Summer
168719,Canoa: A Shameful Memory
168911,High Risk
168911,Meltdown
169029,The Lost Ones
169455,The King of the Mountain
169514,Song to the Sun
169602,You Make It Feel Like Christmas
169604,The Polish Bride
169606,The Best Man
169610,Girl and the River
169636,We Hate Kids
169667,Christmas Wishes & Mistletoe Kisses
169843,70 Big Ones
169860,Pooh: Seasons of Giving
169873,The Trouble with Being Born
169984,"Paris, 13th District"
170125,In the Name of the Land
171046,The Allegation
171071,Father and Sons
171139,Gonahe Shirin
171139,Gonah Shirin
171146,The Holy Family
171166,Disney's Newsies the Broadway Musical
171166,Newsies: The Broadway Musical
171171,The Joker
171207,The Avenging Conscience: or 'Thou Shalt Not Kill'
171402,"C'mon, C'mon"
171456,The Good Boss
171923,Never on the First Night
171924,My Best Pals
171942,The Curse of the Fly
172099,"Help, My Bride Steals"
172147,Summer in Tyrol
172392,Born Reckless 
172392,Hard to Handle
172484,This Life
172641,Perfumes
172658,Wedding in Paris
172674,Playground
172719,Salty
172726,A Midsummer Night's Party
173230,The Marco Effect
173234,The Worst Christmas of My Life
173237,Let Yourself Go
173246,"Paris, Wine and Romance"
173258,#Iamhere
173473,Lamb
173745,IP5: The Island of Pachyderms
174171,Barney??s Halloween Party
174209,Abducted
174315,"Connasse, Princesse des c??urs"
174350,Worth 
174591,The Immortal Bachelor
175326,Cosmoball
175344,Through My Window
175363,How I Fell in Love with a Gangster
175376,Beyond The Trek
175392,The Little Comrade
175465,Black Box
175925,Artie Lange's Beer League
175952,Before We Vanish
175978,Good Joe Bell
176084,"Liane, Jungle Goddess"
176134,The Shadows Grow Longer
176137,The Castle
176206,The Girl With the Golden Hands
176212,Do You Do You Saint-Tropez
176318,A Date for Life
176400,The Mad Woman's Ball
176401,My best friend Anne Frank
176415,Outlaws
176421,On a Magical Night
176430,April's Daughter
176503,18 Presents
176506,A Taste of Ink
176548,Pelican Blood
176561,Number One
176567,The Big Bad Wolf
176586,The Cake General
176591,The Vanished
176811,Kaamelott: The First Chapter
176907,Beirut Hotel
176915,Love's Brother
176928,Copilot
176933,Battle for Sevastopol
176937,Taste of Life
176953,Seeing Other People
176958,Enough Rope
176972,Quiet Days in Clichy
177058,The Speech
177283,"Someone, Somewhere"
177431,The Four of Us
177621,The Black Book
177628,Jailbirds
177641,Chronicles of the Ghostly Tribe
177642,The Burning Sea
177647,The Shadow in My Eye
177822,The Tree of Blood
177827,Final Set
177858,Kingdom of Sweden
177861,Me Two
178320,The Vets
178389,Sisters: The Summer We Found Our Superpowers
178452,The Death of the Horse
178800,Mind the Gap
178810,Perfect Nanny
178810,Lullaby
178824,Playgirls of Frankfurt
178836,The Rest Is Silence
179117,Prince of Shadows
179233,Out of Tune
179282,Bye
179311,Something About Sex
179317,The Goddess of Fortune
179511,The Realm
179603,The Atomic Brain
179936,The Skin
180182,Everything's Gonna Be Great
180852,The Sword of Doom
180854,The Lower Depths
181107,Dear Ex
181255,All My Friends Part 2
181261,The Aerial
181291,For a Lost Soldier
181381,Bloody Milk
181392,The Camp Followers
181397,365 Days: This Day
181417,The Hell of '63
181522,Incantation
181833,The Murderer Dimitri Karamazov
181862,Leila's Brothers
181866,Boy from Heaven
181874,Should the Wind Drop
181903,Mother and Son
181924,American Summer 
181926,The Edge of Sanity ?? Am Abgrund des Wahnsinns
181984,"Count Bobby, The Terror of The Wild West"
182018,Black Jack
182019,Grandma Dearest
182034,Let the Corpses Tan
182053,The Day the World Ended
182151,Without Everything
182152,Any Day Now
182657,Alive and Kicking
182657,Alive & Kicking 
182658,Servants
182666,Hey Good Looking!
182711,Path of Hope
182771,Spring Blossom
184732,The Morning After
184931,Do You See Me?
184937,Long Story Short
185061,The Lighthouse of the Orcas
185098,A Decent Woman
185173,Graduate First
185203,The Witness
185344,Grease: Live
185823,The Inheritance
185828,Dhamilo Pani
185874,Veins of the World
185955,Cold Water
186264,Making Babies
186435,Queens of the Field
186644,The Rose Maker
186954,Saint Rita
187235,The Final Lesson
187301,The Story of Jack London
187432,The Career of a Chambermaid
187568,Frank & Jesse
187573,Tyler Perry's Good Deeds
187607,The Crown Jewels
187965,Die! Die! My Darling!
187966,The Macaluso Sisters
187974,Property Is No Longer a Theft
188177,It Rains on Our Love
188192,Other People's Children
188200,The Weasel's Tale
188287,Loving Adults
188596,The Accusation
188752,The Origin of Violence
188756,Talking About The Weather
188993,"Belphegor, Phantom of the Louvre"
189047,The House of Three Girls
189088,This Charming Man
189115,The Medium
189292,Hercules and the Conquest of Atlantis
189533,Baggio: The Divine Ponytail
189566,Brotherhood of Satan
189610,The Watchmaker's Apprentice
189720,Polseres vermelles
190139,The Net Austria
190279,Murderous Maids
190280,The King's Daughters
190281,The Favourite Son
190923,The Day and the Hour
190965,Return to the Beloved
160,The Arrival of a Train at la Ciotat Station
645,James Bond film series
836,Barren Lives
1133,Where No One Has Gone Before
1723,The Front
2379,The Witness
2388,In San Remo
2390,The Man Who Wasn't There
2398,Zwischen Tod und Leben
2401,Le Cap du nord
2401,Cape of North
2402,Drug Scenes
2452,Mamie Rose
2760,The Lodger ?? A Story of the London Fog
2814,"Saturday, Sunday and Monday"
2866,Pilot: Part 1
3146,The War of the Gargantuas
3404,The Great Swindle
3416,The Monster of Frankenstein
3419,Qui?
3419,The Sensuous Assassin
3703,"Bella, ricca, lieve difetto fisico, cerca anima gemella"
3983,Burning in the Wind
4049,The Glass Cell
4182,Life Upside Down
4255,Italian Stallion
4457,Witchery
4457,Evil Dead 4
4507,Jam??n Jam??n
4730,OSS 117 takes a vacation
4785,When the City Awakes
4888,The Man from the Embassy
4948,Womanlight
4962,"Farewell, Home Sweet Home"
5060,Carry On Screaming!
5094,Joshua Peabody Died Here...Possibly
5421,Absurd
5434,Death Smiles at a Murderer
5481,Beyond The Door II
5483,Lisa and the Devil
5484,Four Times that Night
5485,Baron Blood
5600,The Actress
5617,My Night at Maud's
5617,My Night with Maud 
5620,Count Dracula
5649,Skyscrapers and Brasseries
5688,Exchange Lifeguards
5803,Blood Hunger
5904,The Secret of St. Pauli
6548,Driving School
6697,According to the Plan
7277,The Giant of Metropolis
7294,The Man Without a Past
8269,Promets-moi
8269,Promise me this
8281,I Always Wanted to Be a Gangster
8357,What the Bleep Do We Know!?
8379,Betrayal
8743,At Point Blank
8778,Narcissus and Psyche
8902,Line of Passage
8906,Wolke Neun
8906,Cloud 9
8990,The Little Bastard and the Old Fart: Death Sucks
9050,A Chinese Ghost Story II
9063,The Element of Crime
9098,Regular Guys
9318,Asterix in Britain 
9439,The Nameless
9514,Werner - Eat My Dust!!!
9575,metinm
9873,F/X - Murder by Illusion
10014,A Nightmare on Elm Street 2: Freddy's Revenge
10068,9?? Weeks
10131,A Nightmare on Elm Street 4: The Dream Master
10171,Voyager
10283,Friday the 13th Part 8 - Jason Takes Manhattan
10353,The Corridors of Time
10376,The Legend of 1900
10406,California Man
10487,"Go for It, Baby"
10552,Stephen King's Cat's Eye
10556,Emil and the Detectives
10624,D??rte??s Dancing
10689,Now or Never
10800,Dragon Hunters
10832,Ils - Them
10864,Charlie & Louise ?? Das doppelte Lottchen
10914,big money
10916,Spacecenter Babylon 5: A Call to Arms
10927,"Boo, Zino & the Snurks"
10933,Derrick - Duty Calls!
11039,Everything Happens to Me
11126,Extreme Love
11142,The Clown: Payday
11299,Cowboy Bebob: The Movie
11534,Tropical Malady
11563,The Young Master
11607,DeepStar Six
11672,The Decadent Influence
11714,666: In Bed with the Devil
11768,Sands of Eden
11782,Hard Boiled
11809,Legend About Thiel
11818,Valley of the Wolves: Iraq
11984,Finnish Tango
12104,Pink Floyd??The Wall
12108,terminator
12116,Love in the afternoon
12147,Do Fish Do It?
12174,With A Little Help From Myself
12204,Tatort: Erntedank e. V.
12231,The Olsen Gang in a Fix
12234,We'll Take Care of the Teachers
12285,Fatal Remedies
12416,The Substitute
12443,Perlasca
12450, King Solomon's Mines Part 1
12450, King Solomon's Mines Part 2
12469,Shinobu Kawa
12473,The Visitor
12495,The Singing Ringing Tree
12497,A Touch of Spice
12534,The Crazy Adventures of Len and Coby
12536,Home Alone 4
12539,The Black Tulip
12549,The Olsen Gang's Last Trick
12603,A Chinese Ghost Story III
12614,Victor Victoria
12713,The Comedy of Power
12803,Street Kid
13560,The 317th Platoon
14071,Import-Export
14580,A Man and a Woman
14596,I Want You
14771,Wallace & Gromit: A Matter of Loaf and Death
14771,A Matter of Loaf and Death
15112,Three Monkeys
15124,Man with a Movie Camera
15626,The Flying Cestm??r
15767,The Castle of Cagliostro
15767, Lupin the 3rd - The Castle of Cagliostro
15777,Farewell to Nostradamus
15877,Hemingway Papers
15878,Lupin the 3rd: Napoleon's Dictionary
15882,Lupin III: Dragon of Doom
15885,Lupin III: The Legend of Twilight Gemini
15886,Lupin III: Walther P38
15886,Lupin III: Island of Assassins
15894,Ball at the Savoy
15943,Waiter!
15945,The Bride Is Much Too Beautiful
16026,Lupin III: Burning Memory - Tokyo Crisis
16026,Lupin III: Crisis in Tokyo
16028,Lupin III: Missed by a Dollar
16029,Lupin III: Alcatraz Connection
16030,Episode 0: The First Contact
16032,Lupin III: Stolen Lupin
16034,Lupin III: Seven Days Rhapsody
16035,Lupin III: The Elusive Fog
16036,Lupin III: Sweet Lost Night - Magic Lamp's Nightmare Premonition
16037,Lupin III: Return of Pycal
16038,Green Vs. Red
16085,Naruto Movie 2
16090,One Piece: The Movie
16128,Day of Anger
16129,Immoral Tales
16161,Family Resemblances
16164,Lies and Fat Girls
16181,The White Space
16253,The Bodies in the Book 
16257,The Widow's Son in the Windshield
16748,Secrets of State
16991,Comrades: Almost a Love Story
17045,She Killed in Ecstasy
17230,Ghost in the Shell: Stand Alone Complex - Solid State Society
17346,Late Spring
17466,A Pure Formality
17481,Rice Rhapsody
18396,More Than a Miracle
18427,"One Sings, the Other Doesn't"
18750,The New York Ripper
18934,Commissar
19810,The Day Will Come
19941,Blood Hunger
19941,Daughters of Dracula
19941,Satan's Daughters
19941,"Vampyres, Daughters of Dracula"
19941,Vampyres: Daughters of Darkness
20147,Pandora's Box
20466,Home from Home
20738,Une affaire d'??tat
21059,The Book of Masters
21217,Manslaughter
21257,100 Days with Mr. Arrogant
21373,Paris Belongs to Us
21483,The Lost Shadow
21501,Cats & Dogs 2
21518,Six Bears and a Clown
21585,A Dirty Carnival
21591,The Last Man
21595,Love in the Rain
21674,The Scent Green Papaya
21674,The Scent of Green Papaya
21677,The Suspect
22772,The Fish Child
22872,Woman Without Piano
22927,Say Yes
23032,The Devil's Plaything
23032,Vampire Ecstasy
23032,Veil of Blood
23032,The Curse of the Black Sisters
23032,Plaything of the Devil
23121,1990: The Bronx Warriors
23131,Lips of Blood
23132,Two Orphan Vampires
23187,The Magic Hour
23332,Chuck Versus the Ring
23381,Terra
23398,Men on the Bridge
23400,What You Don't See
23568,Once upon a time in Rio
23977,Two Sons of Francisco
24296,Toys in the Attic
24521,The Heroic Trio
24725,Agyaat: The Unknown
24764,The Sweet House of Horrors
24884,Trial of a Time Lord Part 1.1
24884,The Mysterious Planet I
25058,The Hard Way
25457,A Christmoose Carol
26152,On the Edge
26168,The Passenger
26305,The Whistler
26406,Where the Green Ants Dream
26507,Gone in a Heartbeat
26684,Sippur Gadol
26689,Return of the Aliens: The Deadly Spawn
27031,The Assailant
27316,Flavia the Heretic
27369,A Family
27384,"Human Monster, The (US release)"
27712,Together Is Too Much
28194,The Pyjama Girl Case
28330,Basket Case 3: The Progeny
28331,The Butterfly Murders
28394,Body Count
28604,Who's Afraid of the Wolf
28837,Living It Up
29181,Master Mind
29181,Oober Mind
29291,"Tonight, Tonight - Part 2"
29647,Bad Timing: A Sensual Obsession 
29766,Dead Man's Letters
30447,Treasured Island
30631,Conqueror of Atlantis
31359,Donovan's Brain
31457,Racing with the Moon
31458,Blood Salvage
31479,A Friend's Betrayal
31498,Five Hours from Paris
31588,The Housemaid
31780,"Scooby-Doo, Where Are You!"
32413,Vicky the Viking
32663,Baby: Secret of the Lost Legend
32935,"Heidi, Girl of the Alps"
32973,New Legend of Shaolin
32973,The New Legend of Shaolin
32973,Legend of the Red Dragon 
32980,The Uch??ten Hotel
33330,The Melancholy of Haruhi Suzumiya
33487,Artists Under the Big Top: Perplexed
33623,Royal Space Force: The Wings of Honn??amise
33706,The Marathon Family
33707,Balkan Spy
33774,Aachi & Ssipak
33900,My Only Sunshine
34048,Without You I'm Nothing
34416,24 Hours
34463,The Face of Another
34940,The Arnauds
34969,A Moment to Remember
35013,God's Forgotten Town
35022,"The Yakuza Papers, Vol. 3: Proxy War"
35024,Battles Without Honor and Humanity: Final Episode
35077,Year of the Jellyfish
35079,Caribbean Papaya
35126,Bub??
35361,The Counsel
35460,Who Saw Her Die?
35476,The End is Known
35618,Satin Steel
35830,The Black Brothers
35912,She's 19 and Ready
35942,Canal
35951,Stadium Nuts
35958,Violins at the Ball
36073,The Case of the Scorpion's Tail
36077,Famous Love Affairs
36137,The Source
36140,Vengeance Is a Dish Served Cold
36242,The Last House on the Beach
36277,Arabian Nights
36368,The Lovers of Lisbon
36414,No Time to Die
36518,Sweetly You'll Die Through Love
36588,Of Freaks and Men
36618,The Heist
36629,The Three Superboys in the Snow
37003,Black Test Car
37163,The Sacrifice
37188,H6: Diary of a Serial Killer
37283,Super Hybrid
37360,Pentagram the Movie
37377,Only Clouds Move the Stars
37485,Broken Sky
37549,Kari-gurashi no Arietti
37549,Arrietty
37549, The Secret World of Arrietty
37551,The Second Track
37632,The Golden Lotus
37742,The Dark Hour
37746,Sponsoring
37754,Samurai Reincarnation
37831,Black List
37899,Death Bell
37903,Everybody Famous!
38125,Sandra
38143,The Ugly Swans
38169,The Wayward Wife
38228,The Princess and the Pea
38506,The Legend of the Titanic
38593,Sisters of the Gion
38606,Thumbs Up
38623,Mirror Wars
38643,Righteous Ties
38674,FBI-Agent Cooper ?? Der Fall Tex
38771,Tristan and Isolde
38788,The Ditch
38811,Storm Over Ceylon
38830,Vampire Girl vs. Frankenstein Girl
39114,Flower and Snake
39116,Night Train
39228,The Dance of Death
39404,The Uninvited
39408,Almost Human
39493,Pleasure Party
39608,Seventeenth Heaven
39662,A Lover's Romance
39714,The Tyrant's Heart
39774,Emile's Boat
40048,The Story of Sin
40563,The Embryo Hunts in Secret
40567,Moss on the Stones
40619,Arthur! Arthur!
40852,Crazy Paradise
41378,Bat 21
41425,Black Sunday
41444,The Madonna and the Dragon
41486,The Railroad Man
41538,Louise Hires a Contract Killer
41559,One-Sided Passion
41583,Illegal
41663,Top Gun: Maverick
41663,Top Gun 2
41680,Karla & Katrine
41716,Hunter's Bride
41727,Kill me
41732,Lone Wolf and Cub: Baby Cart to Hades
41787,The Silver Mask
42001,Die or kill
42299,Sex Pot
42339,The Book of Good Love
42528,Street of Shame
42557,Angels of the Streets
42673,Keepers of the Night
42738,Variety Lights
42930,Three Men in the Snow
42952,Monga
42954,Mr. Muhsin
42963,Melody of Dread
43183,Knight Rusty
43285,The Childhood of Icarus
43319,The Jackal
43323,Passing Fancy
43472,The Red Room
43512,All Is Forgiven
43547,Lost Kisses
43585,Mundane History
43702,"Vendetta: No Conscience, No Mercy"
43702,Irish Eyes Are Crying
43703,Raging Phoenix
43843,My Joy
43843,You. My Joy
43874,18-Year-Old Virgin
43890,Our Grand Despair
44013,Moving Target
44146,The Seducers
44177,The Vampire Happening
44246,The Red Inn
44467,The Lower Depths
44477,Sun in Your Eyes
44489,The Little Devil
44553,"Marecek, Pass Me the Pen!"
44646,Black Balls
44649,In the Middle of the Night
44660,Kutsal Damacana: Dracoola
44814,Why Not?
44983,When Darkness falls
45022,"Moscow, My Love"
45205,Ups and Downs
45367,Set this World Ablaze Killswitch Engage
45381,Weak Spot
45383,Repast
45550,The Life and Death of a Porno Gang
45712,The Surveyors
45765,The Fourth Man
46039,Life According to Agfa
46202,Poppea's Hot Nights
46407,Amnesty
46859,Pink Chanel Suit
47206,Swing Girls
47265,Confession of a Child of the Century
47267,Different from Whom?
47342,Michael and Helga
47578,Pretty Things
47625,Marronnier
47695,Two Men in Manhattan
47807,Killer Bait
47856,That Man from Singapore
47874,Suddenly Family
48047,North Shore of O??ahu
48049,Belief
48050,The Siege
48054,The Beginning
48099,Q&A
48125,Kolpa??ino: Bomba
48176,The Greatest Battle
48446,Breach of Faith: A Family of Cops 2
48460,XIII
48577,Women of Devil's Island
48739,Dunya and Desi
48832,10 to 11
48847,Noise and Resistance
48939,Columbo Undercover
49181,Stop the Bitch Campaign: Hell Version
49260,Law & Disorder
49334,The End of Summer
49602,El Bulli: Cooking in Progress
49888,Panic in the Trans-Siberian Train
50032,How Much We Hated Each Other
50062,"I, Cesar"
50196,L'??l??ve Ducobu
50201,The Magic Gloves
50212,The Big Restaurant
50231,Keep It Quiet
50231,No Scandal
50402,Hara-Kiri: Death of a Samurai
50422,"Oslo, August 31st"
50514,24 7: Twenty Four Seven
50574,The Phantom of Soho
50679,Man About Town
50766,All Our Desires
50818,Teens in the Universe
50920,Snake in the Eagle's Shadow 2
50969,Frankenstein's Army
51093,Family of Cops 3
51371,The Stone Council
51457,Heavenly Body
51597,Stranded Part 1
51597,Stranded Part 2
51597, Stranded - Part I
51597, Stranded - Part II
51658,Boys Be Ambitious
51720,Paradise: Love
51898,High Roller: The Stu Ungar Story
52051,"Who Laughs Last, Laughs Best"
52262,The Invaders
52268,Griffin and Phoenix
52299,Steamboat Bill Jr.
52315,Phase 7
52351,Charlotte and Her Boyfriend
52352,Liberty and Homeland
52429,Something in the Air
52926,Kabuli Kid
53010,For Queen and Country
53084,A Scene at the Sea
53217,Per 100.000 dollari ti ammazzo
53288,L'??ternel retour
53620,Sweetheart of the Gods
53704,Doman Seman
54117,The Crossing
54134,Graveyard Disturbance
54305,Smile Before Death
54571,Waves of Lust
54586,Interplanetary Revolution
54650,4:44 Last Day on Earth
54650,4:44 - The Last Day on Earth
54661,The Missing Miniature
54672,Wind and Fog
54782,Starwolf and the Raiders 2
54868,Taking Five
54936,White Shadows
54971,Mystery on Monster Island
54972,Goodbye & Amen ?? L'uomo della CIA
54999,The Joker
55244,Web of Deception
55290,The Mirror
55299,Arrest King
55322,2-Headed Shark Attack
55379,The Showdown
55432,Harry Black 
55485,Rubbers: Oou onna
55569,Thelomeris
55756,Deep River
55866,Mission: Impossible Pilot
56066,I Was a Fireman
56098,Under Snow
56188,Undercover in Paris
56361,People Mountain People Sea
56470,Death Duel
56585,[REC] 4: Apocalypse
56658,As Far as My Feet Will Carry Me (TV series)
56685,Half the World
56701,The Body and the Bounty
56777,What's so Funny About Me?
56892,North Sea Is Dead Sea
56922,2 Champions of Shaolin
56922,Two Champions of Shaolin
56995,The Unliving
57150,Winter's Daughter
57354,The Oyster Princess
57391,Welcome aboard
57610,Totally Frozen
57626,The Garden of Sinners: Remaining Sense of Pain
57718,The Young One
57873,City Hunter: Bay City Wars
57892,Smoking/No Smoking
57892,No Smoking
58081,City Hunter: Million Dollar Conspiracy
58338,Sway
58340,Girly
58741,The Beautiful Person
59248,The Lamp
59251,Mammals
59497,Paco and the Magical Book
59626,San Babila-8 P.M.
59638,The Billsticker and the Sausage Vendor
59717,Time Runs Out
59767,Evil Nurse 2
59810,Rebel Intruders
59814,Life Gamble
59932,Baby's Dinner
59932,Feeding the Baby
59956,Virginity
60330,The End of Eden
60755,The Good Fight
60761,Gone Forever
60768,Anemic Cinema
61186,The Film Primadonna
61188,The Dance of Death
61346,Sun in the Last Days of the Shogunate
61611,Sadako 3D
61612,The Bakery Girl of Monceau
62181,Lady Cops
62297,Twenty-Four Eyes
62402,Like Grains of Sand
62484,The Son
62718,Actriz
62993,Black Mor's Island
63023,Gebo and the Shadow
63220,Jo Jo in the Stars
63232,Among Men: Gay in East Germany
63530,Erotic Games
63834,Black's Game
64085,Princess Yang Kwei-Fei
64257,Walden
64306,Black Ocean
64317,Twilight Syndrome: Dead Go Round
64601,In the House
64608,A Gun in Each Hand
64612,Ladda Land
64835,The Assault of the Present on the Rest of Time
65135,Misty Mundae: School for Lust
65148,The General Line
65148,Staroye i novoye 
65148,Old and New
65498,Defender
65550,Not Even Close... Encounters
65849,Veronica and Her Dunce
65893,Taiy?? o Nusunda Otoko
65995,Blind Woman's Curse
65939,Lesson of the Evil
65939,Lesson of Evil
66164,Fullmetal Alchemist: Brotherhood
66184,Blind Alley
66272,St. Michael Had a Rooster
66306,C??ur fid??le
66310,The White Dove
66344,The Deserter and the Nomads
66540,Co?? takhle d??t si ??pen??t
66541,The End of Agent W4C
66655,The Fly
66675,T.N.T. Jackson
66691,Blood of the Condor
66819,The Tribulations of Balthazar Kober
66821,Rails
66913,The Three Godfathers
67086,Sergeant Deadhead
67403,A Castle in Italy
67520,Judgement
67600,Dhoom 2
67622,Impudence in Grunewald
67726,Four Riders
67806,Midaq Alley
67830,Tough to Kill
67834,"Holy God, Here Comes the Passatore!"
67858,Black Belt
67880,The White Reindeer
67882,The Snowdrop Festival
67933,His last race
67933,Back on Track
67940,Pilot (1)
67973,Goodbye First Love
68190,18 Meals
68413,Vra??da po ??esku
68426,Secrets Behind the Wall
68431,Pilate and Others
68442,Jack and Jenny
68453,Two Worlds
68461,No Shooting Time for Foxes
68463,The Return of the Prodigal Son
68487,The Mistress
68553,To Bed or Not to Bed
68604,Cover Up
68767,Professor Hannibal
68783,The Eighth Day of the Week
68822,Two Cents Worth of Hope
69058,The Adventures of Picasso
69100,The Dead and the Living
69196,"Going Viral, Part 1"
69197,"Going Viral, Part 2"
69246,Identification of a Woman
69256,Man Is Not a Bird
69289,On Air
69422,Journey into the Night
69422,The Dark Road
69431,The Long Absence
69443,The Sting of Death
69512,Wrecked
69709,In the Fog
69710,Me Too
69762,The 400 Tricks of the Devil
70195,The Yearling
70220,My Way Home
70291,Les Saveurs du Palais.
70417,Tribute to Eric Rohmer
70440,Crisis
70741,Crazy Camera
70933,Spring Awakens
71696,A Fighter's Blues
71810,Tragic Hunt
71918,End of the Century: The Story of The Ramones
72018,The City Stands Trial
72279,No Path Through Fire
72291,The Second Best Secret Agent in the Whole Wide World
72330,The Nun
72439,The Idlers of the Fertile Valley
72440,To Love the Damned
72458,Tokaido Yotsuya kaidan
72463,Villon's Wife
72561,Try - A Short Film
72648,Chivalrous Geisha
72740,Death Wish (2)
73126,A Moment of Innocence
73470,The Game
73475,To Take Captive
73703,The Luzhin Defence
73975,I See Your True Colors... And That's Why I Hate You
73993,Endtimes 
74032,Weekend at Bobby's
74275,Decoys 2: Rebirth
74282,Sofia
75170,Stranger by the Lake
75218,My Favorite Season
75295,At the End of 8th Street
75319,I'm So Lonesome I Could Die
75321,What's Blood Got to Do With It?
75728,It Boy
75824,"The Good, the Bad and the Baby"
75825,So Much Water
75828,Parents
75976,Special 26
76072,Life of Riley
76335,We Need Each Another
76336,Fish Out of Water
76337,The Truth Within
76341,In Deep
76397,Anslo Garrick Conclusion
76627,Two Men in Town
76627,Enemy Way (WT)
77302,Please Don't Disturb
77304,The Thanksgiving House
77522,All Inclusive
77527,Farewell To Arms
77530,Rhino Season
77802,Orange Suit
77843,The Last Train
77878,"Late August, Early September"
78160,Nymphomaniac Volume II
78160,Nymphomaniac: Vol 2
78214,Young T??rless
78252,Kissing the Moon-Like Face
78514,Knock on Wood
79844,"Me Boss, You Sneakers!"
79895,My Stars
80078,Summer with Monika
80078,Monika
80638,Honour Thy Father
81235,Strayed
81414,Clear and Present Danger 
81463,Supermarket
81470,I Think I'm Gonna Like It Here
81634,The Indian Tomb
81705,25 Degrees in Winter
81766,The Other Son
81882,Land of Oblivion
81955,The Curse of the Hidden Vault
82028,Mr Stink
82030,False Trail
82074,"Rewind, Rewind..."
82104,Summer Games
82171,Felix and Meira
82191,Of Horses and Men
82247,Begin the Beguine 
82247,Volver A Empezar (Begin The Beguine)
82383,Eternity and a Day
82385,The Best Intentions
82447,The Four
82475,Pippi Goes on Board
82606,An Enemy to Die For
82636,Munich: Secrets of a City
82739,The Last Pedestrian
82754,The Girl with the Red Hair
82766,Paris Follies
82795,Winky's Horse
82838,Ungek??sst soll man nicht schlafen gehn
82842,Blame It on Fidel
82901,The Sorcerer and the White Snake
82903,Carlitos and the Chance of a Lifetime
82907,The Mafia Kills Only in the Summer
82924,As We Were Dreaming
82946,Je suis timide mais je me soigne
82976,Unexpected
83110,Under the Same Moon
83272,Hero II. ?? Broken Arrow
83501,Don't Be Tired!
83657,We Are the Best!
83738,Sexual Chronicles of a French Family
83844,The Club
83845,13 Minutes
83845,13 Minutes: The Plot to Assassinate Adolf Hitler
83848,Sworn Virgin
84030,Broken Glass Park
84360,My Wife Is an Actress
84378,Open Desert
84484,Three Hearts
84611,Burton & Taylor
84672,The Walls of Malapaga
84828,Turning Tide
84922,Danger: Mother-in-Law!
84993,Rough Road Ahead
85019,The Color of Lies
85020,The Swindle
85168,Why I Kidnapped My Boss
85218,Three Hours
85282,In a Year of 13 Moons
85354,Arms and the Man
85360,The Culpable
85396,Everybody's Woman
85405,Hysteria ?? The Def Leppard Story
85444,Sister Smile
85499,Prince and the Showgirl
85640,The Forbidden Woman
85645,I'm Going Home
85648,The Phantom Carriage
85650,The Magic Flute
85658,The Other Side of Sunday
85720,It's All Her Fault
85733,It's All My Fault
85742,The Old Switcheroo: Part 2
85772,Everybody Go Home!
85776,Changing Skins
85834,Murdered
85835,The Caiman
86040,Our Little Sister
86073,The Treasure
86163,Far from Men
86231,Out Damned Spot
86256,A Woman's Face
86275,"The Birds, the Bees and the Italians"
86338,A Special Day
86391,White Vengeance
86408,Murder in Pacot
86529,Therese
86586,The Banquet
86586,Legend of the Black Scorpion
86730,The Contest
86742,Friends for Life
86745,Annika Bengtzon: Prime Time
86755,Alias Maria
86764,Class Trip
87015,Young Detective Dee: Rise of the Sea Dragon
87053,Whiskey Bay
87297,The noise of the night
87443,The Pirogue
87618,P. S. 
87631,Love and Mercy
87633,The Lies of the Victors
87720,Civil Wars (1)
87801,Ghosts of Rome
87821,CJ7
87829,The Day of the Owl
87989,When the Sea Rises
87999,Passion of Love
88094,Love at First Fight
88249,An Old Maid
88544,The Housekeeper
88587,Death in the Eifel
88634,Greed in the Sun
88920,The Floating Castle
88960,Hirokin: The Last Samurai
89214,The Crime of Monsieur Lange
89219,The Elusive Corporal
89229,To Reach the Clouds (WT)
89336,The Volcano
89412,A Dark Truth
89605,The Ogre
89620,It Happened in Saint-Tropez
89766,All Star Team Up
89978,Dragon Lore: Curse of the Shadow
89981,Hard to Be a God
90087,Gett: The Trial of Viviane Amsalem
90089,3 Generations
90132,Miss and the Doctors
90138,Tatort: Burned
90194,My Favourite Wife
90239,Half Brothers
90285,Blackout
90287,Embers
90339,Blindsided
90372,Storm Bound
90699,Murder by the Lake
90746,"Stroppy Cow, Stubborn Ram"
90767,French Fried Vacation 2
90769,Hello I Must Be Going
90932,A Respectable Family
90932,A Respected Family
90962,The Hour of the Lynx
91056,Granny's Funeral
91070,Caved In: Prehistoric Terror
91181,L.A. Apocalypse
91257,A Simple Heart 
91276,The Overcoat 
91308,"Mary, Queen of Scots"
91339,The Last Days
91344,Santa in the House
91486,Last Chance Holiday
91487,The Prince in the Bear's Fur
91550,A Time for Defiance
91558,Easy Money II
91558,Easy Money II: Hard to Kill
91584,California Dreamin' (endless)
91584,California Dreaming
91597,The King's Surrender
91703,Journey to the Christmas Star
91828,Rurouni Kenshin
91839,Rurouni Kenshin 2
91839,Rurouni Kenshin: Kyoto Inferno
91852,Film sets of TILL EULENSPIEGEL
91865,Heroes of the Telemark
92052,Dual
92125,The Architect
92250,Hold-Up
92297,Romance in a Minor Key
92372,And Jimmy Went to the Rainbow
92465,A Dragon Arrives!
92469,Things to Come
92470,Being 17
92786,Playing Dead
92818,Exiled
92970,Open Doors
93070,It's Only the End of the World
93112,Under the Bridges
93117,The Threepenny Opera
93175,The Duchess of Langeais
93186,A Decent Man
93327,Stockholm East
93338,Unlikely Roommates
93341,Lady of Deceit
93390,PSilence
93490,Five Million Years to Earth
93533,Red Riding - The Year of Our Lord 1974
93601,Woman Under Influence
93714,Devil's Pass
94219,Dummy the Mummy
94229,The Golden Egg
94276,The Three Brothers
94504,A Heavy Heart 
94563,Marie Brand und die Spuren der Angst
95006,Land of Mine
95072,"The Boss, Anatomy of a Crime"
95333,The Crime of Cuenca
95351,The Last Bridge
95365,Eternal Kids
95528,The Zurich Engagement
95736,H. G. Wells' War of the Worlds
95772,The Other Wife
95830,Cure: The Life of Another 
95967,The Last Ten Days
96002,The Sweet Escape 
96007,Safe Conduct
96022,Second Hand Child
96043,Treasure of San Gennaro
96088,The Anonymous Venetian
96415,Vampire Sisters 2: Bats in the Belly
96525,Summer Solstice
96566,MA 2412 ?? Die Staatsdiener
96615,Qissa: The Tale of a Lonely Ghost 
96908,Heave Up
96918,Crown Prince Rudolph's Last Love
96927,On the Road with Elsa
96957,The Desert Fox
96971,The Chalk Circle Man
97092,Goliath and the Sins of Babylon
97101,The Iceberg
97121,The Dream Team
97229,Anywhere Else
97284,Frequencies
97286,"Help, I Shrunk My Teacher"
97312,The Ignorant Fairies
97326,Come Dance with Me 
97632,Perfect Strangers
97661,Krupp: A Family Between War and Peace
97679,Of Mothers and Daughters
97693,The World Revolves Around You
97725,The Anderssons in Greece
97932,Sherlock Holmes and the Scarlet Claw
98162,40-Love
98171,SEAL Team 8: Behind Enemy Lines
98233,Episode #2.2
98236,Episode #2.5
98277,"Today We Kill, Tomorrow We Die!"
98402,Ghislan Lambert's Bicycle
98471,Blood from a Stone
98488,Seven Assassins
98613,The Night Porter
98617,Nice and Easy
98620,Beautiful and Twisted
98952,The Weekend
99049,The American Soldier
99143,There's No Place Like Home
99305,The Homecoming
99357,Mother of Mine
99571,A Pact
99577,Apprehension
99828,Jimmy P: Psychotherapy of a Plains Indian
99920,The Color of the Clouds
99980,"Mohammad, Messenger of God"
99983,9 1/2 Weeks II: Love in Paris
99983, Another 9 1/2 Weeks
100253,The Fascist
100401,Fasten Your Seatbelts
100421,Inbetween Worlds
100430,A woman disappears
100534,The Apprentices
100570,8 Times Up
100570,Eight Times Up
101145,Joy House
101230,Relationship Status: It's Complicated
101499,Clandestine Childhood
101517,Blood and Black Lace
101574,The Sleeping Voice
101994,Muk??zuke
102061,In the Courtyard
102090,Ismael's Ghosts
102254,Anything for Alice
102287,The Farewell Party
102288,The Treatment
102306,"Mrs. Rettich, Czerni and I"
102422,I Am Diego Maradona
102698,Month's Rulers
102725,Roommates Wanted
102752,Life After Killing
102828,The Price of Fame
103061,The Frog Prince
103147,Jill and Joy's Winter
103173,Episode #3.1
103174,Episode #3.2
103180,Episode #3.8
103215,We Monsters
103229,Waltz for Monica
103502,I Am the Keeper
103506,Arn ?? The Knight Templar
103648,The Oath
103670,A Fantastic Woman
103982,Stephen King's Sometimes They Come Back
104028,Opera Ball
104532,Offline: Are You Ready for the Next Level?
104534,Volhynia
104534,Hatred 
104543,Super Seven Calling Cairo
104745,The 101-Year Old Man Who Skipped Out on the Bill and Disappeared
104845,Agent Hamilton - But Not If It Concerns Your Daughter
104887,The Bet
104908,The Violet Seller
104927,Eye of the Storm
104955,Backmask
104955,The Asylum
105067,Don't You Forget About Me
105252,Kottan ermittelt
105295,Black and White
105403,An Italian Name
105405,Micki + Maude
105406,Adam and Paul
105440,Odd Job
105513,Tini: The Movie
105607,The Bachelor Weekend
105620,The Bridge Part 1
105624,Caterina in the Big City
105637,The Yellow Eyes of the Crocodiles
105656,Love Gives Life Within
105686,By its Cover
105695,The Love of Jeanne Ney
105785,The Invincible Masked Rider
105828,The Steel in the Wheels
106108,The Triumph 
106138,I Can Quit Whenever I Want: Masterclass
106199,The Last Train
106214,The Mission
106314,On the Reeperbahn at Half Past Midnight
106381,The Solid Cornerstone
106417,Winter Solstice
106689,In Bed with Victoria
106787,Living Is Easy with Eyes Closed
106984,Italy Italy
107059,"Evil Did I Well, Lewd I Did Live"
107095,One Week and a Day
107098,The Clearstream Affair
107177,For the World to Know
107212,The Boss Is Dead
107306,House of Angels
107756,At the Helm
107777,Platinum
107780,"Manon, 20 Years"
107847,Looking for Her
107881,Hum Aapke Hain Koun..!
107974,Romance of Astree and Celadon
107997,Love Is in the Air
107998,Borsalino & Co.
108097,The Procedure
108188,The Ultimate Accessory
108402,He Even Has Your Eyes
108450,The Great St Trinian's Train Robbery
108516,Journey Through China
108551,The Stand
108582,Yakuza Apocalypse
108611,Thomas Muentzer
108932,House on Telegraph Hill
109177,Nora Roberts' Northern Lights
109225,Dark Universe
109244,Lucky Kids
109254,The Kindergarten Teacher
109334,Line in the Sand
109336,Crazy In Love
109338,Handle with Care
109341,The Water is Dried Up
109344,A Croaking By Hina's Mudhen
109345,The Life of the Land is Perpetuated in Righteousness
109412,The Son
109415,Eat Your Bones
109501,The Informant
109501,Border Informant
109515,Let Joy Reign Supreme
109568,Poverty and Nobility
109643,The Wakhan Front
109643,Neither Heaven Nor Earth
109704,"Don??t Cheat, Darling!"
109820,Queen & Country 
109851,The Migrumpies
109990,No Highway 
110053,Everybody Sometimes Falls
110093,The Stendhal Syndrome
110113,The Four Days of Naples
110116,Psycho-Circus
110145,"Mata Hari, agent H 21"
110172,"No Date, No Signature"
110172,"No Date, No Sign "
110200,Macadam Stories
110208,The Cowboys
110212,"Murder, Inc."
110369,One Long Winter Without Fire
110373,The Fifth Seal
110408,The Angel with the Trumpet
110431,A Child is Wanted
110545,Just Like Brothers
110588,Everybody Has a Plan
110647,The White Lioness
110648,Nelly's Adventure
110657,The World of Kanako
110659,Professor Marston & The Wonder Women
110911,Middle School
110936,"Welcome Back, Dr. Bull"
111196,Knave of Hearts
111224,He's a Dragon
111430,Florida Project
111633,Love is a Many Splendored Thing
111635,The Venetian Woman
111761,Orion's Belt
111762,Satan's Brew
111865,The Invisible Boy
112033,K2 - The Italian Mountain
112033,K2 - The Italians' Mountain
112051,Sister of Mine
112182,Escape to Nowhere
112241,I'm All Yours
112277,The Missing Granddaughter
112349,You Won't Have Alsace-Lorraine
112450,Good Morning Kabul
112502,My Brother's Name Is Robert and He Is an Idiot
112510,The Real Estate
112560,Paris Countdown
112657,Wunderlich's World
112665,Fear of Heights
112722,Pinjar: Beyond Boundaries...
112739,Shock Waves ?? First Name: Mathieu
112825,Innocent Moves
112872,The Fabulous Patars
112929,Trois hommes ?? abattre
112929,Three Men to Kill
112967,The Legendary Giulia and Other Miracles
113085,The Bohemian Life
113086,House on 92nd Street
113169,No Return
113227,Summer of '44
113265,Big Fat Liar 2 
113367,Death at Sea
113471,Shubh Mangal Savdhan
113519,Tonio & Julia: Zwei sind noch kein Paar
113620,The Ardor
113735,Finding Altamira
113857,Shoplifters
113988,We Are Fine
114368,My New Partner II
114385,A Crime
114478,12th Man
114478,The 12th Man
114652,Negresco****
114749,L.A.P.D.: To Protect and To Serve
114765,One Kiss
114796,The Adventures of Ars??ne Lupin
114848,Bull of the West
114859,Marie Brand - The Night of Retribution
114896,The Giraffe's Neck
114923,SPL II
114923,Kill Zone 2
114982,Incident at Victoria Falls
115004,Palm Trees in the Snow
115046,Heaven Will Wait
115064,Meteor Assault 
115105,Monkey King
115147,The Janitor
115194,Attack on Titan
115475,The Little Witch
115506,Attack on Titan II: End of the World
115623,47 Metres Down
115643,Brother and Sister
115670,Fast Convoy
115673,The Cyclone
115677,People of No Importance
115731,The Green Mare
115808,Anita and Me
116102,Easy!
116136,Dorfman 
116152,Common Places
116153,My Friend Raffi
116155,End of the Game
116159,"Oh, Mr Porter!"
116232,"Wajma, an Afghan Love Story"
116232,Wajma (An Afghan Love Story)
116356,Anton the Magician
116364,Bill Bergson Lives Dangerously
116410,How About Adolf?
116426,The Fixer
116743,Little Witch on a Broomstick
116786,Love Maybe
116875,Uncle Tom's Cabin
116967,The Charmer
117016,The Taking 
117024,Borg vs McEnroe
117114,Body Troopers
117377,Patti Cakes
117445,Arabian Nights - Part 1
117445,Arabian Nights - Part 2
117449,Oh Christmas Tree!
117524,The Final Journey
117527,Christmas in Arabia
117659,The Tango Player
117662,The Magical Christmas Ornaments
117662,Her Magical Christmas
117709,National Lampoon's Thanksgiving Family Reunion
117709,National Lampoon's Holiday Reunion
117792,Nothing to Hide
117793,Woman at War
117798,Beautiful But Dangerous
117802,Get Well Soon
117840,Are you happy?
117843,Nobody Owns Me
117854,Crown Prince
117865,Troy the Odyssey
118071,Letters for Amina
118152,Blue Blooms the Gentian
118271,La V??rit?? si je mens !
118274,Gareth Jones
118277,Mojin: The Lost Legend
118301,Almost Friends
118302,Black Car
118334,The Tough Branch That Does Not Break in the Kona Gale
118431,"Alfie, the Little Werewolf"
118449,Alpine Glow in Dirndlrock
118633,The Man Who Fell From the Sky
118692,My Husband's Secret Life
118693,TIGER MILK
118909,Tonio & Julia: Schuldgef??hle
118931,Nothing More the Eyes to Search For
118953,Germany. A Winter's Tale
119071,Black Sun
119107,In the Shadow of Iris
119136,The Banishment
119140,The Comic Adventures of Max and Leon
119181,I Remember You
119422,"What's Up, Dock?"
119516,My Uncle Archimedes
119535,Open at Night
119628,The Mermaid
119630,The Lady and the Outlaw
119638,The Young Ahmed
119642,Bread & Roses
119698,A Berlin Romance
119699,House Without Roof
119774,Sheeple
119858,Knife in the Head
120193,SlendyTubbies
120217,The Scout
120224,The Violin Teacher
120393,The Dawns Here Are Quiet
120402,Kid Detectives and the Secret of the White Lady
120439,Mist & The Maiden
120501,The Summer of Sangail??
120888,Floating Skyscrapers
120892,Secret Things
120992,As Green as It Gets
120993,Guardians of the Night ?? The Vampire War
120994,Dance to Death
121061,Chino
121065,The Music of Silence
121087,A Crazy Night
121236,Wedding Unplanned
121356,T??ter??t????! ?? Die Kirche bleibt im Dorf 2
121778,Honk if You're Horny
122596,May God Save Us
123182,Their Last Bow
123640,The Silent Mountain
123643,Beanpole
123644,Portrait of a Lady on Fire
124761,Cecelia Ahern - Thanks for the Memories (1)
124762,Cecelia Ahern - Thanks for the Memories (2)
125879,The New Eve
126029,Kidnap - Bo's Most Exciting Holiday Ever
126050,Monsterville: Cabinet of Souls
126337,Escape Plan 3
126365,Inside Men
126378,Mission: Love
126450,The Girl in the Fog
126951,Wildwitch
126957,The Climb
127056,The Silver Forest
127715,Man in the Trunk
128490,Burn!
128616,The Demons
128834,The Confession
128896,La Belle ??poque
128978,Compulsion
129007,Spirit of Christmas
129375,Under the Pear Tree
129437,Cloud Whispers
129609,Wrong Side Up
129625,Needle Park Baby
129706,Babylon Berlin
129823,Wolf Warrior
130208,The Fortress
130793,Queen of Hearts
130910,A Regular Woman
131546,Metri Shisho Nim
131546,6.5 per Meter
132178,The Traitor
132182,The Wolf's Call
132594,The Summer After Graduation
132654,Lost in Separation
133242,The Five Man Army
133583,Granny Nanny
133625,The Occupant
133670,My Favourite Brunette
133808,The Winter War
134687,"Coluche, l'histoire d'un mec"
135550,Gates of Paris
136070,Parents
136284,One Square Mile 
136996,Be Sick... It's Free
137008,Oh Mercy!
137011,Welcome Mr. President
137012,Trilogy: The Weeping Meadow
137030,Those Who Love Me Can Take the Train
137031,Alice and the Mayor
137070,Human Resources
137080,Matti and Sami and the Three Biggest Mistakes in the Universe
137142,Trainee Day
137261,Bad Tales
137488,Troupe Zero
137615,Hail Mary
137639,My Nights Are More Beautiful Than Your Days
137976,The Pizza Triangle
137977,Chi-hwa-seon
137978,The Battle of the Rails
138303,"Live Twice, Love Once"
138304,The Endless Trench
138373,The Command 
138373,Kursk: The Last Mission 
138533,The Sons of the Three Musketeers
138561,On My Skin
138848,Detectives
139016,Libert??: A Call to Spy
139071,Fun Is Beautiful
139300,Lost Bullet
139393,The House in Karp Lane
139858,Abroad: Finding Faith
139858,Home Away from Home 
139989,CYI
139991,Revenge: A Love Story
139992,The Dinner
140106,The Hater
140549,Naked Normandy
140758,Last Days of Summer
140813,Sign of the Lion
141053,Gangsta
141452,The Truth on the Savolta Affair
141503,Summer of 85
142256,All the Gold in the World
142257,Trace of a Girl
142258,"Amore, bugie e calcetto"
142907,The Mystery of the Yellow Room
142923,The Law Is the Law
142938,In Safe Hands
143090,15 Years and One Day
143093,They Fought for Their Country
143209,Beauty and the Dogs
143457,The Big Hit
143806,And So Goodbye 
143806,Beyond Christmas
143974,A Girl in Black
144064,Kabei: Our Mother
144126,My Little Sister
144708,Master Z: The Ip Man Legacy
145291,The Ardennes
145301,Christmas Mix
145302,Another Christmas Kiss
145305,Legend of The Lone Ranger
145309,Love Break - Ein Dieb zum Verlieben
145473,From Hell to Borneo
145583,The Dark Side of the Heart
145909,Brodcasting Christmas
146051,Murder in H??rault
146565,Detective Dee: The Four Heavenly Kings
146577,Amityville: It's About Time
146582,Wait for Me in Heaven
146595,Head Burst
146680,The Marine 6 - Close Quarters
146680,Marine 6: Close Quarters
146688,I Love You in Every Language in the World
146732,White Bim Black Ear
146976,A Fairytale Christmas
146990,The Warden
147062,Princess Jasnenka and the Flying Shoemaker
147132,Vacuum
147150,Idyll
147251,The Wolf and the Seven Little Goats
147455,Switched at Christmas
147496,Blood Brothers
147890,What We Wanted
148049,In the Line of Duty
148126,Love on a Pillow
148200,"Me, Them and Lara"
148210,Girl on a Motorcycle
148213,Euthanizer
148231,Merry and Bright
148564,Little House on the Prairie: Pilot Movie
148653,Woman's Enemy
148661,A Song for Martin
148692,Home for Christmas Day
148704,The Christmas Family in the Land of the Elves
148706,Rivers Nine
148837,Whack a Mole
148868,Managing Manhattan
148871,Wolf Among Wolves
149063,The Life Ahead
149075,A Christmas Winter Song
149075,Christmas Song
149208,Don't listen
149237,The Sweet Life of Count Bobby
149238,The Tunnel
149243,Eden for All
149244,False Confessions
149798,Drowning Ghost
149818,The Christmas Star
150035,The Duelist
150145,A Pistol for Ringo
150403,Hidden Fortress: The Last Princess
150412, Small Axe: Lovers Rock
150413," Small Axe: Red, White and Blue"
150499,The Nature of Time
150547,Beyond the Front Line
150551,The International
150552,The Brest Fortress
150554,Montage
150556,The White Angel
150557,Romantic Comedy
150594,The Consolation
150736,Once You're Born You Can No Longer Hide
150859,Stuck Apart
150961,New Kind of Love
150982,Confession of Murder
151231,Three Days and a Life
151260,Daydreams
151374,Sorry If I Call You Love
151381,Boca
151387,7 Minutes
151450,Miss Saigon: 25th Anniversary Performance
151458,Britt-Marie Was Here
151460,The Listening
151466, Small Axe: Education
151895,Raiders in the Sky 
151912,Gunslinger's Revenge
151919,Silver Saddle
151926,Voyage to Nowhere
152043,Ballad of a White Cow
152045,Next Door
152084,Assassination in Davos
152133,Attraction
152202,Donyaye Mani
152202,you are my world
152211,Dear Comrades
152212,The Man Who Sold His Skin
152261,Space Sweepers
152290,Mrs. Mills
152302,The Party's Over
152345,Serial Teachers 2
152515,Nine Eleven
152927,Any Gun Can Play
152939,My Brother Chases Dinosaurs
152943,The Dog in the Manger
153167,Better Days
153308,Aurora Teagarden Mysteries - Dead Over Heels
153717,The Mayor of Rione Sanit??
153789,The Chair of Happiness
153865,The Reader
154128,The Pagan King
154203,The Stone Raft
154453,Where Were You When the Lights Went Out?
154809,Panic Time
154848,The Girl with a Bracelet
154854,Greenery Will Bloom Again
154855,Mother's Instinct
154966,COMA
155222,Scrap Wood War
155284,The Desert Bride
155379,Adobe and Mirror
155379,Brick and Mirror
155482,Hand in Hand
155497,The Champion
156168,The Knight of Shadows: Between Yin and Yang
156692,The Boys from St. Petri
156768,Bomb: A Love Story
157090,The Marriage Escape
157097,For Those I Loved
157565,Ella and Friends
157716,Shazam! 2
158330,Conker: Live & Uncut
158461,Aquaman 2
158462,Crash Bandicoot 3: Warped
158740,My Father Marianne
158812,Sons of Denmark
158909,Don't Tell Her
159554,How to Be a Good Wife
159746,The Last Family
159885,Caviar
160173,Our Wonderful Lives
160174,There Is No Place Like Home
160499,"Men, Women: A User's Manual"
160572,New Order
160857,Rampant
161072,Q: The Winged Serpent 
161246,Dynamite
161540,Our Time
161682,For Love and Honor
161696,Fusilier Wipf
161895,The Giant of Marathon
162088,Jailbreak Pact
162374,Laissez Les Bons Temps Rouler
162520,Why Don't You Just Die!
162948,Fear Street Part 3: 1666
162961,An Affair
162980,Mr. Know-It-All
163343,Madonna's Pig
163348,Eskil & Trinidad
163561,A Faithful Man
163575,Escape Room: Tournament of Champions
163583,Saint Philip Neri: I Prefer Heaven
163593,Nightmare Best Friend
163593,Dangerous Bestie
163598,The Black Madonna
163637,The Last Years of Childhood
163647,"I'm an Elephant, Madame"
163649,Devil in Silk
163650,The Guilt of Doctor Homma
163747,When I'm 64
163756,The Worst Marriage in Georgetown
163906,The Vow
163928,Letters from Marusia
163932,My Dearest Senorita
163959,Sunday in August
163961,The Last Stage
163963,Our Struggles
163975,Ladies of Steel
163980,Strings
164039,The Children of the Marshland
164049,Sealed Lips
164179,The Scientific Cardplayer
164181,The Teacher
164198,Death Trench
164200,The Journey
164204,"The Case Is Closed, Forget It"
164385,"Up, Down, Fragile"
164433,Walter Defends Sarajevo
164720,To the Ends of the World
165360,Otzi and the Mystery of Time
165396,Wall of Silence
165572,Sindbad
165918,Deadly Seasons: Blue Catacomb
165964,Rurouni Kenshin: The Beginning
166132,"Help, I shrunk my friends"
166288,Under the Riccione Sun
166290,The Immortal
166812,A Perfectly Normal Family
167137,White Cherries
167243,Do You Know Claudia?
167542,Centipede
167921,Vita and Virginia
168172,My Future Love
168247,"The Legend of Al, John and Jack"
168946,Real Love
169379,The Accused
169642,The Best Is Yet to Come
169833,The Vanishing of Sidney Hall
169840,Gates of the Night
169985,Night of the Kings
170114,Christmas in Vienna
170490,Atlantic Wall
171163,The Columnist
171172,The Perfect Patient
171415,Stuck Together
171457,Escape from Mogadishu
171730,Master Cheng
171744,The Sun King
171921,The Silver Skates
171925,The Other Side
171934,Shake It All About
172616,Alden Parker
172708,Mom Wars
173055,A Mermaid in Paris
173226,Air Bud: World Pup
173226,Air Bud 3 
173247,A Way Out
173260,Working Girls
174190,Iris the Movie
174192,Mandibles
174207,A Blind Hero: The Love of Otto Weidt
174312,The Doctor of Stalingrad
174501,I Know That You Know That I Know
174507,Love at Second Sight
174534,The Best Years
175357,Land of Storms
175521,Joan Verra
175521,About Joan
176198,OSS 117: From Africa with Love
176208,The Path
176383,Don't Kill Me
176420,Joan of Arc
176504,Knocking
176509,The Spy
176742,Ashes of Paradise
176951,Den b??sta sommaren
177602,Catch the Wind
177650,Black Crab
178064,Preparations to Be Together for an Unknown Period of Time
178276,Kidnapped Soul
178358,Servant of the People 2
179151,Dear Mr. F??hrer
179915,I Am Dina
179919,Marlina the Murderer in Four Acts
181497,The Trial of a Time Lord II
181497,The Mysterious Planet II
181498,The Mysterious Planet III
181499,The Trial of a Time Lord IV
181499,The Mysterious Planet IV
181848,"Rabin, the Last Day"
181934,The Desperate Hour
182020,The Takedown
182030,The Escorts
182153,Cease Fire
184867,Hatching
184874,The Wolf and the Lion
185191,Blackadder: Back & Forth
185202,For Love and Honor
185493,The Man Who Copied
185594,Hear Me Out
186414,"One Nation, One King"
186524,Margrete: Queen of the North
187293,Shadow Walkers
187293,Plus One 
187543,The Girl and the Spider
187685,Praetorius
188175,Never Take Candy from A Stranger
188289,The Next 365 Days
188744,The Dog Trick
188747,The Stonebreaker
188773,Bombs Under Berlin
188942,Danielle Steel's The Ring
189044,Equinox
189717,In a Land That No Longer Exists
190175,The Longest Penalty Shot in the World
190266,Little Angel
190303,Daydreams
478,Rest in Pain
484,The One-Armed Man
485,Cooper's Dreams
486,Realization Time
487,The Last Evening
491,Ghetto-Kids
499,Cleo From 5 to 7
690,Pick Pocket
904,The Pride of the Firm
908,Schnitzel Paradise
977,"Tabu, a Story of the South Seas"
1244,Eight Miles High
1392,Born into Brothels: Calcutta's Red Light Kids
1589,The Boys and Girl from County Clare
1684,Pool of Princesses
1721,"All the Way, Boys"
1863,The Sunflower
2015,Secret Sunshine
2111,Balzac et la petite tailleuse chinoise
2111,Balzac and the Little Chinese Seamstress
2172,Pathfinder
2199,My Mim`s a Werewolf
2417,A Girl in the Sunflowers
2455,Confidentially Yours
2702,Earth and Ashes
2702,Soil and Ashes
2748,Journey to Italy
2887,meme landia
2908,Visiting Van Gogh
2995,A Shabby Tiger
2995,Operation Masquerade
3102,My Step Brother Frankenstein
3412,Frankenstein 2000
3689,Safari de diamantes
3689,Desierio de Diamantes
3696,Les libertines
4194,A Matter of Resistance
4194,Gracious Living
4276,Episode 1.5
4615,College Girl on Vacation
4656,Snipers Valley
4679,Someone Behind the Door
4736,The Idiot
4976,The Man by the Shore
5049,Infamia
5049,Savage City
5049,La morte e'nei tuo occhi
5076,Wild Games
5083,Nude Strike
5104,"Simon Says, Colour Me Dead"
5252,Ardor
5464,Raging Inferno
5486,Twitch of the Death Nerve
5486,A Bay of Blood
5595,Fermat's Room
5596,The Blue Light
5598,Little Red Riding-Hood
5623,The Devil Came from Akasava
5770,The Glass Castle
6001,Charles' Aunt
6436,Star Command
6553,No More Mr. Nice Guy
6584,Golden Goddess of Rio Beni
6962,The Jesus Video
7266,What on Earth Have I Done Wrong?!
7267,Nothing to lose
7460,The Calling Game
8070,The Green Room
8355,Ice Age 3
8355,Ice Age Dawn Of The Dinosaurs
8355,Ice Age 3: Dawn of the Dinosaurs
8380,Asphalt Tango
8494,Weekend at Bernie's 2
8583,The Honest Courtesan
8852,John Carpenter's Prince of Darkness
9257,S. W. A. T.
9323,Ghost in the shell
9467,Enlightenment Guaranteed
9596,Daniel ?? Der Zauberer
9617,Little Sharks
9840,The Dreamlife of Angels
9875,King's Children
10039,Now and Forever
10039,The Love Tree
10072,A Nightmare on Elm Street 3: Dream Warriors
10100,Shark Attack in the Mediterranean
10305,Nightcap
10361,Ginger Snaps 2: Unleashed
10364,Catch 22
10484,ComDads
10500,No Place to Go
10593,The Phantom of the Opera
10698,Pissed and Proud
10798,Sky Fighters
10818,Water Lilies
10830,dababy
10835,The Killer
10835,Di??xu?? shu??ngxi??ng
10837,DuckTales the Movie: Treasure of the Lost Lamp
10941,Spacecenter Babylon 5: Thirdspace
10989,101 Reykjav??k
10992,Cats and Dogs
11055,Flatfoot in Africa
11057,The White Rose
11095,I Often Think of Piroschka
11162,William Shakespeare's The Merchant of Venice
11195,The Ninth Day
11291,The Brothers Lionheart
11367,Odds and Evens
11373,Strawberries in the Supermarket
11391,The Olsen Gang On The Track
11392,The Olsen Gang Sees Red
11394,Cr??ationnisme
11435,Willie Wanker & Chuckies Chockolate Starfish
11435,jesus a man from god
11435,I want to feel you deeply o lord
11435,Willy Wanker
11444,The Closet
11548,Batteries Not Included
11572,Kaena: The Prophecy
11579,Don Camillo's Last Round
11626,Pippi on the Run
11651,Hui Buh: The Goofy Ghost
11657,The Red Circle
11670,A Pain in the A...
11710,The Enigma of Kaspar Hauser
11913,The Gendarme Takes Off
11925,erol
11947,Emil and the Piglet
11961,Stephen King's The Langoliers
12078,Larks on a String
12207,Drunken Master II
12207,The Legend of Drunken Master
12269,The Last Exploits of the Olsen Gang
12481,Fists of Fury
12481,The Big Boss
12482,Love Is Colder Than Death
12492,Jade Warrior
12513,Marie-Jo and Her Two Lovers
12529,Boot Hill
12543,Breaking News
12553,The Shoot
12553,Yellow Devil
12609,A Fish Tale
12609,Help! I'm a Fish
12650,Il Mare
12652,Nelly and Mr. Arnaud
12702,Critters 3: You Are What They Eat
12705,Smokey and the Bandit 2
12799,Full Speed
12813,Return to Go!
12884,The Curse of the Pink Panther
12946,Tetsuo - The Iron Man
12978,Jack Ketchum's The Girl Next Door 
13194,Die Sopranos
13394,Eyes of Love
13520,The Third Wave
13542,Subject for a Short Story
13702,Monelle
14134,Lady Bar
14175,The X-Files
14176,The X-Files
14177,The X-Files
14178,The X-Files
14425,Shogun's Shadow
14730,Let Sleeping Corpses Lie
14780,Death Knocks Twice
14810,The Fruit is Ripe
15427,Minor Mishaps
15464,Wolfe in Sheep's Clothing (2)
15656,Goal III: Taking on the World
15699,"Black God, White Devil"
15725,You Bet Your Life
15771,Mystery of Mamo
15773,Legend of the Gold of Babylon
15775,Cash Academy
15845,Caroline and the Rebels
15876,Lupin III: Goodbye Lady Liberty
15884,Lupin III: Pursuit of Harimao's Treasure
15887,Pale Cocoon
15948,The Big Operator
16027,Lupin III: Da Capo of Love - Fujiko's Unlucky Days
16039,Lupin III: The Secret Files
16062,Bleach - The Movie 3
16084,Naruto Movie 1
16086,Naruto Movie 3
16087,Naruto Movie 4
16088,Naruto Movie 5
16137,Crash Point: Berlin
16174,My Little Country
16196,The Big Dream
16546,Love Hotel All Service
16724,Cold Prey 2: Resurrection
16751,The Sniper
17221,Resurrection of the Little Match Girl
17223,Marcello's Date
17337,"Fort Apache, The Bronx"
17474,Lesbian Vampires
17474,The Heritage of Dracula
18554,"Moritz, Dear Moritz"
19112,Love and Other Crimes
19247,Grand Slam
19253,A Time for Drunken Horses
19646,The Pillars of the Earth
19895,Blood And Roses
19945,The Flight Before Christmas
20654,The Bugs Bunny/Road Runner Movie
20673,Tresor
21114,The Dancer and the Thief
21292,Alive!
21294,Beyond the Circle
21471,Atomic Cyborg
21545,The Dust of Time
21631,Zoop in South America
22021,The King and the Mockingbird
22021,The King and the Bird
23096,Macabre
23110,Could of Dust... Cry of Death... Sartana Is Coming
23112,Touch of Death
23113,Kill Them All and Come Back Alone
23224,Brenda's Combat Boots
23819,Losing Balance
24524,Syndromes and a Century
24796,Meglos I
24923,Outta Control 
25004,Dragonfire I
25041,It Can Be Done Amigo
25179,We Are the Night
25446,Episode #1.4
26006,My Sisters
26049,Dawson Isla 10
26154,The Birth of Love
26243,The Lost Treasure of the Knights Templar II
26299,A Brand New Life
26396,Accomplices
26477,Problem Child III
26512,The Man Who Loved Yngve
26685,Titan Find
27049,The Eight Masters
27096,The Most Dangerous Man in America: Daniel Ellsberg and the Pentagon Papers
27096,The Most Dangerous Man in America
27147,A Fountain For Susan
27168,Beyond Suspicion
27171,Freedom-Ol??ron
27188,A Distant Neighborhood
27343,Apart Together
27388,Atom Age Vampire
27420,Vengeance of the Zombies
27422,In the Beginning
27518,Also Known As (AKA)
28178,Unresolved Sexual Tension
28189,A Somewhat Gentle Man
28397,The night in which really nobody had any sex
28546,Dolph Lundgren is the Killing Machine
28645,Bastion of Sin
28877,The Brady Bunch in the White House
29189,Cindy does not love me
29519,Buddy Goes West
29674,Rabbit ?? la Berlin
31036,The Grudge: White Ghost
31111,The Little Polish
31352,Tour Abroad
31380,"Devil`s Touch, The"
31380,Satan`s Claw
31380,Blood on Satan's Claw
31386,Aura's Enigma
31386,Dario Argento's Trauma
31464,High Score
31489,The Woman in the Fifth
31906,Uncle Boonmee Who Can Recall His Past Lives
32118,Sketchbook: full color's
32118,Sketchbook ~full color'S~
32131,Ritual of the Maniacs
32131,Awakenings of the Beast
32223,Skellig: The Owl Man
32699,The Hunt for Troy
32815,The Gang of Four
32853,The Light Thief
32970,La petite maison dans la prairie
33014,The Detective
33014,Father Brown ?? Detective
33145,Green Street Hooligans 2
33195,"Droopy, Master Detective"
33269,When You're Strange 
33269,When You're Strange: A Film About the Doors
33269,When You're Strange - A Film About The Doors
33275,Cyborg She
33275,My Girlfriend is a Cyborg
33704,The Lizard
33747,Supermen Against the Orient
33785,Haibane Renmei
33814,The Perfect Date
33827,Masks
33843,The Corridor
33902,Loch Ness Terror
34069,Zack and Reba
34234,Kuroneko
34302,"I, Don Giovanni"
34540,The Head
34622,Agnos??a
34862,The Police Officer's Wife
34970,The Longest Night in Shanghai
35080,Gangster's Law
35095,Atout coeur ?? Tokyo pour OSS 117
35116,If You Build It...
35133,Cruel Story of Youth
35165,A Hero Never Dies
35197,The Killers Are Our Guests
35205,The Dove on the Roof
35208,Night of the Ghoul
35444,Brought by the Sea
35597,The Dispensables
35617,The Intruder
35660,"Gunan, King of the Barbarians"
35684,Terminal Countdown
35714,CKY4: The Latest & Greatest
35829,Shaolin Wooden Men
35829, Shaolin Chamber of Death 
35829, 36 Wooden Men 
35829,Shaolin Wooden Men - Young Tiger's Revenge 
35887,The Black Adder
35887,Blackadder II
35887,Blackadder the Third
35887,Blackadder Goes Forth
35909,Secrets of Naked Girls
35943,Paris Does Not Exist
36145,The Blade
36152,Vykrutasy
36156,Three Rooms in Manhattan
36163,Five Women for the Killer
36241,"Live Like a Cop, Die Like a Man"
36245,To Be Twenty
36306,Seven Hours of Violence
36328,Covert One: The Hades Factor
36333,The Secret of the Magic Mushrooms
36398,Hit Man
36527,Memorias de un visitador m??dico
36602,The True Story of the Nun of Monza
36680,Pride and Vengeance
36940,His Name Was Pot... But They Called Him Allegria
36989,The Hand of Saint Sebastian
37039,Codename: The Soldier
37226,Heart Over Head
37227,Fatal Contact
37259,"Sunday, Bloody Sunday"
37293,Gallants
37332,A Cry in the Woods
37340,A Common Thread
37389,Magic Boy
37398,The Nun
37477,Gurin with the Foxtail
37563,Dr. Dolittle Million Dollar Mutts
37652,White Skin
37658,Boxer from Shantung
37702,Gen-Y Cops
37739,Happily Ever After
37751,Tooth and Nail
37762,Benjamin Due
37770,Four for Venice
37794,Kooky
37847,The Blindflyers
37858,Cypher
37892,When I Was a Singer
37957,One Life
38068,The Long Silence
38116,Alien Girl
38152,Raining Cats and Frogs
38170,Ulysses
38179,The Borgia
38354,A Question of Honour
38369,Patrick Still Lives
38382,Jungledyret Hugo - den store filmhelt
38399,Killing Birds: Raptors
38399,Raptors
38514,Butterfly and Sword
38597,Road Dogs
38605,A Police Officer Without Importance
38702,Samson & Sally
38743,Charlie Says
38794,The Restless
39027,Fun and Fancy Free
39095,Bad Family
39112,??????? ???????????
39112,Tengoku kara kita otoko-tachi
39401,Bon App??tit
39402,The Day I Was Not Born
39497,In another lifetime
39507,Days of Fury
39534,Madame Du Barry
39536,The Two Orphans
39565,The Wild Duck
39697,Virtual Weapon
39746,Forbidden Arsenal
39803,Explosion
40031,The Storm Warriors
40613,'Tis Pity She's a Whore
41156,Just Think of Us Both
41505,The Children of Bullerbyn Village
41660,The Red Spectacles
41667,Young Girls in Black
41669,The Village of Shadows
41740,The Kiss of the Tiger
41789,Bucharest's Mysteries
42075,Smooth Velvet
42093,"Paris, I??ll Kill You"
42171,The Marked Woman
42267,"Divorce, Italian Style"
42271,For a Few Dollars Less
42273,A Rose for Everyone
42327,Talking Head
42503,The Middle of the World
42746,Sleeping Princess
42876,Escape from Dartmoor
42964,Tokyo Twilight
42966,The Crucified Lovers
42967,The Sky Has Four Corners
43211,Vay Arkada??
43438,Traveling Companion
43485,Colors in the Dark
44009,The Amanda Knox Story
44037,OSS 117 - Double Agent
44065,The Friend
44069,I Promise
44110,The Colour Out of Space
44165,Decameron II
44181,The Fear
44213,The Daredevil Reporter
44297,Zorro the Fox
44302,"Money, Love & Crime"
44335,Pandora and the Flying Dutchman
44476,And Satan Calls the Turns
44545,How to Get Dad Into Reform School
44681,One Minute of Darkness
44687,Dead and Deader
44740,Target
44761,Late Autumn 
44779,Rampo Noir
44849,The Plane Tree
45041,The Night Fighters
45092,Hamam: The Turkish Bath
45266,Spy(ies)
45271,Strike Commando 2
45387,Kid Power
45510,The Sex of Angels
45545,Zero Hour
45736,Lillian the Perverted Virgin
45840,El Amor ?? primera parte
46034,Urban Feel
46315,The Belle Starr Story
46421,A Screaming Man
46487,War-Gods of the Deep
46487,The City Under the Sea
46487,City Under the Sea
46573,Girls' Night Out
46576,Unknown Pleasures
46733,The Salt of Life
46783,Series 4
46783,Miracle Day
46837,Suicide Room
47105,Falcon Arrow
47174,Sex-Business: Made in Pasing
47208,"No Retreat, No Surrender 4"
47275,Sleep Tight
47362,Election 2
47565,Poof! You're Dead
47840,A Pound on Demand
47857,Gakk?? no Kaidan 4
47979,Cry Chicago
48057,To Protect
48059,The Long Goodbye
48183,The House is Black
48183,Khaneh siah ast
48187,Footsteps on the Moon
48209,Black Mama White Mama
48387,Bedevilled
48423,Murph the Surf
48496,G Men
48827,The Bell from Hell
48905,The Unintentional Kidnapping of Mrs. Elfriede Ott
48940,The Toolbox Murders
49255,Mr. Klein
49333,Samma no aji
49333,An Autumn Afternoon
49609,The Hurricane
49873,The Cop in Blue Jeans
49998,Azur & Asmar: The Princes' Quest
50048,Ablaze
50048,The Blaze
50330,The Big Chance
50432,Beautiful Sunday
50522,Battle of the Brave
50848,Slayers Great
50917,The Sleeping Girl
51103,Darkness Light Darkness
51103,Darkness/Light/Darkness
51449,Savage Guns
51475,REC 3: Genesis
51523,The Sea Wall
51831,The Garden of Sinners: Overlooking View
51863,The SoulTaker
51893,The Dirty Outlaws
52191,Passionate Sunday
52263,Ill Met by Moonlight
52304,Texhnolyze
52381,Garibaldi
52397,Voyage to the End of the Universe
52470,Antikiller 3
52541,Gothic & Lolita Psycho
52693,Exile on Main St.
52946,Beauty and the Devil
53131,August 32nd on Earth
53171,In the Name of Love
53352,The Grand Maneuver
53487,Our Own
53715,Dragon Half
53774,The Killer Must Kill Again
54051,79 A.D.
54073,"OSS 117: Cairo, Nest of Spies"
54249,The 13 Cold-Blooded Eagles
54251,Death Kiss
54253,"Juliette, or Key of Dreams"
54423,The Garden of Sinners: Oblivion Recording
54630,Unfinished Song
54772,Battlestar Galactica: Razor Flashbacks
54783,Starwolf and the Raiders
54808,Summer Outside
54895,The Stranger returns
54978,A Letter to Momo
55760,Story One
55858,Doctor Benny
55961,Queen of Babylon
55962,Musketeers of the Sea
56368,Make Up
56370,The Phantom of the Moulin Rouge
56483,Long Shadows
56496,The Hammer
56511,Until the End is Near
56820,Where Do We Go Now?
57149,Temple of the Red Lotus
57264,Shun Li and the Poet
57275,Simon and the Oaks
57400,Aballay
57509,Jack & Diane
57594,Love Stories
57863,Shrapnel (WT)
57864,Inge and the Millions
57944,The Loreley's Grasp
57944,When the Screaming Stops
57944,Grasp of the Loreley
58068,In the Aftermath: Angels never Sleep
58072,Curse of the Deserted
58760,A Human Murder Weapon
58822,Real Fiction
58863,Towers of Silence
58972,Maalstroom
59113,Still Life
59170,Untitled Pixar Mind Project
59244,The Fall of the House of Usher
59247,The Fat and the Lean
59420,Running Out of Time 2
59645,Skill of Gold
59646,It's Forever Springtime
59652,The Inheritance or Fuckoffguysgoodday
59806,Worthy Deceivers
59881,This One Time at Space Camp...
59952,Angels Gone
59952,Normal the D??sseldorf Ripper
59957,The Stolen Airship
60268,The Rite of Love and Death
60306,Dark Souls
60399,Calm at Sea
60597,The Roman Orgy
60728,Murder: A Self Portrait
60763,The Package
60766,The Return to Reason
60775,Heaven or Hell
60953,A Hot Piece of A
61333,Cairo 678
61391,The Lost Expedition
61596,There Was a Castle with Forty Dogs
62393,Running Hero
62674,The Dragon's Snake Fist
62729,Fed Up
63717,Rock in the Park 
64038,The Girl in Room 2a
64046,Mr. Socrates
64068,Kali: Part III
64250,Our Children
64308,17 Girls
64439,Miles From Anywhere
64494,Virile Games
64951,Arsenal
65014,I'm So Excited
65113,Statues Also Die
65153,Cops & Robbersons
65721,Blood Street
65830,JLG/JLG ?? Self-Portrait in December
65847,The Treasure Knights and the Secret of Melusina
65879,Tiger Joe
65963,Wandering Ginza Butterfly 2: She-Cat Gambler
66074,The Parade
66227,The Fifth Season
66343,Crucial Years
66402,St. Vincent De Van Nuys
66463,"Doll, the Fatso & Me"
66689,8 ?? 8: A Chess Sonata in 8 Movements
66768,Cha Cha
67049,Tornado Warning
67148,10??
67199,Kick Boxer
67245,The Great M??li??s
67268,Death in the Family
67362,How to Catch a Monster
67543,Cover Up
67667,Diary of a Wimpy Kid 3: Dog Days
67745,Bed and Breakfast
67799,Crucible of Horror
67803,Cold Eyes of Fear
67861,Clash of the Empires
67861,Lord of the Elves
67861,Age of the Hobbits
68121,The Thief of Bagdad
68126,Agent 077: Mission Bloody Mary
68449,The Grass Whistle
68468,Alyosha's Love
68489,The Garage
68518,Tretya meshchanskaya
68676,Cold Days
68680,Young Aphrodites
68681,"Dom, v kotorom ya zhivu"
68684,I Live in Fear
68719,Stop Train 349
68720,The Corridor
68769,Twenty Hours
68878,Two Faces of January
69072,Vic + Flo saw a bear
69072,Vic and Flo Saw a Bear
69075,The Child
69110,Paganini: The Devil's Violinist
69225,You Won't Miss Me
69228,Bride of Glomdal
69244,The Mystery of Oberwald
69275,The Student of Prague
69391,Cries from the Heart
69393,Rickshaw Man
69394,A Year of the Quiet Sun
69442,Repentance
69530,The Theme
69617,The Sword
69623,Fire Dragon
69850,Dr Jekyll & Mistress Hyde
69932,"Revelations, Part 2"
70016,Daddy Goes Ptarmigan Hunting
70017,Lonely U
70032,Lethal Obsession
70245,C. O. G.
70435,King of the Children
70441,This Can't Happen Here
70442,Music in Darkness
70645,Fire and Ice: The Dragon Chronicles
70696,Replay
70882,The Classic
71022,IronBabe
71276,Nightmares Come at Night
71330,Bezhin Meadow
71602,100 Below Zero
72042,A School Outing
72130,Misfortune
72235,A Perfect Plan
72269,Transport z r??je
72292,Battlestar Galactica: Blood and Chrome
72435,T??zolt?? utca 25.
72555,Etoile
72844,End of Nights: Part 2
72855,Kali: Part II
73044,Child's Pose
73413,There's Always a Downside
73464,The Cat
73467,Scandal
73969,There Goes the Neighborhood (Part 1)
73970,There Goes the Neighborhood (Part 2)
74071,Mega Cyclone
74574,"Hello, Cruel World"
75169,Modest Reception
75220,The Gilded Cage
75296,Her - A Spike Jonze Love Story
75377,Fashion Victims
75551,Uh... Oh... Ah...
75579,Bright Days Ahead
75758,Two Mothers
75956,Magic Hour: Part 1
75983,Gallipoli: End of the Road
76064,Belle and Sebastian 
76132,"Past, Present, and Future"
76136,Oil and Water
77532,Half a Life
78093,Beneath the Surface
78489,WhiteHorse-Man
78719,Felicity Land
78736,Winter Sleep
79671,October November
79708,Fragments of Antonin
80047,"2 Autumns, 3 Winters"
80069,The Other Bank
80853,Tom at the Farm
81041,Reunited
81045,Family Comes First
81140,Force Majeure
81201,The Wonders
81227,Playing Doctor
81280,Robin Hood und ich
81290,1001 Grams
81394,Lovers Like Us
81594,The Blue Room
81621,Life Feels Good
81627,Life Happens
81676,It's Not Easy Being Green
81697,FX2
81752,Before the Winter Chill
81754,Dreamland
82224,Time of Our Lives 
82233,Angelica and the King
82342,The Gorilla of Soho
82377,Life!
82632,A Life for Football
82771,Undercover Kitty
82798,The Tinder Box
82883,Looking for Hortense
82919,Once Upon an Angel
83275,For King and Country
83407,Marie's Story
83790,Meet Bill
83839,Blue Blood
83841,Nomad
83946,Sto Spiti - At Home
84033,Death & the Divas
84615,Hedi Schneider Is Stuck
84677,Madame Rosa
84680,The Biggest Heroes
84727,Quartet
84729,The Proud and the Beautiful
84730,The Mountain Calls
84817,Little England
84947,In the Morning at Seven the World Is Still in Order
85165,Primal Secrets
85211,Wild Kurdistan
85221,In the Name of My Son
85284,Mother K??sters' Trip to Heaven
85285,Willi and the Windsors
85355,It Can't Always Be Caviar
85496,People to Each Other
85674,Dead Snow: Red vs. Dead
85741,The Old Switcheroo: Part 1
85785,At Any Second
85796,"Come Back to the 5 & Dime Jimmy Dean, Jimmy Dean"
85832,The Strange Case of Wilhelm Reich
85963,I Am You
86033,Erran
86053,Mimic 3: Sentinel
86074,The Fourth Direction
86242,Spiced Up Jack
86257,Elena and Her Men
86261,Ginger and Fred
86355,Broken Hill Blues
86379,Jar City
86405,Asteroid vs Earth
86411,Island of Swans
87324,A Suspicion of Innocence
87788,Kidnapping Freddy Heineken
87952,Surviving Summer
87952,According to Greta
87952,Greta - Surviving Summer
87997,Man of the East
87998,Malicious
88077,The 11th Hour
88423,Tartuffe
88464,Dyin' on a Prayer
88537,Gun-shy
88927,The Absent One
88927,Department Q: The Absent One
89057,The Woman Who Dares
89062,Always Trouble with the Reverend
89233,The Wrong Move
89315,The People vs. Fritz Bauer
89594,But I'm Not
89654,"Berlin, Schoenhauser Corner"
89662,Free Radicals
89747,Gargoyles: Wings of Darkness
89795,Drawing Conclusions
89823,Tornado apocalypse
89831,Mega Shark Versus Mecha Shark
89835,The Clan
89839,Attention! Bandits!
89924,When Inge Is Dancing
89980,The Last Summer of La Boyita
89987,All Men are Suspects
90119,Secret Hope
90133,The Lite Trap
90277,Unmasked
90280,Longshot
90281,Broken Dreams
90289,Justice for All
90292,Fallen Star
90521,The Pyramid
90552,My Father's Guest
90596,Sea Beast
90658,"Knock, Knock"
91024,Home Sweet Zombies
91395,Mary of Nazareth
91715,My American Uncle
91790,Konrad & Katharina
91864,Peter and Wendy
91866,The Rashevski Tango
91986,Life-Changing Ad
92468,The Commune
92473,A Love to Hide
92480,Chiraq
92654,The Midwife
92982,Hunting Scenes from Bavaria
93110,The Student of Prague
93114,Berlin-Alexanderplatz
93237,Town and Country
93250,The Mystery Of Maternal Instinct
93757,Love Is the Perfect Crime
93937,Best Chance
94247,Adidas vs Puma
94401,Queens of the Ring
94405,9 to 5
94851, Matryoshka (Part 2)
95148,Here is Harold
95166,I'm the Boss Now!
95251,Year of Enlightment
95253,Lulu in the Nude
95371,The First Day
95639,Fathers & Daughters 
95689,Inversion
95831,Entanglement
96045,I'm Dead but I Have Friends
96046,Wreck It!
96087,A Noble Radiance
96399,Apaches
97082,Summertime 
97182,Time to Say Goodbye
97590,The Case of Mr. Spalt
97660,Unknown Heart
97882,Dragonfly in Amber (1)
97882,Dragonfly in Amber (2)
97948,Lowlife Love
98264,One Hundred Steps
98270,Friend Request 
98611,To Life!
98618,The 10th Victim
98618,The Tenth Victim
98824,6 741
98954,We Did It for the Money
99009,Emperor of the North
99094,Magnificent Presence
99159,Death Wish IV
99250,Liesl Karlstadt & Karl Valentin
99333,Wedding in Blood
99615,Fog in August
99806,Film Without a Title
99855,Damn the Defiant!
100423,C??zanne and I
100450,The Castle
101101,Looking: The Movie
101149,Welcome to Germany
101231,Stowaways
101340,A Play of Bullets Ram-Leela
101340,Ram-Leela
101379,Still the Water
101449,The Mother of Tears
101986,The Sudden Wealth of the Poor People of Kombach
101991,Sakizuke
102255,Zhong Kui: Snow Girl and the Dark Crystal
102257,Sacco and Vanzetti
102279,By Way of Helena
102385,Mowgli
102385,Jungle Book (WT)
102385,Mowgli: Legend of the Jungle
102472,"Man and the Monster, The"
102723,The Magnificent Sinner
102787,The Taking of Tiger Mountain
102896,Escort in Love
102923,Santa Paws II: The Santa Pups
102925,The Journey Home
103151,The Shamer's Daughter
103178,Episode #3.6
103190,Operation Corned Beef
103216,At the Well in Front of the Gate
103856,Pioneer
104178,Operation Casablanca
104186,For Emma and forever
104240,Delete - Part 1
104240,Delete - Part 2
104298,Bibi & Tina: Perfect Pandemonium
104577,Dr Terror's House of Horror
104594,Capital
104817,The Unicorn
104897,My Name Is Juani
104951,The Brotherhood of Justice
105398,Les Bronz??s 3: Amis pour la vie
105448,Death in the Shadow of State
105654,The Sweet Science
105655,One's Personal Sense of Responsibility
105765,Inanimate
106127,When the Alpine Roses Bloom
106382,Assets
106551,Hikers
106555,Our Doctor is the Best
106556,When You're With Me
106661,Heat Wave
106977,Bonnie and Clyde: Dead and Alive
107002,Unfair World
107178,Blood Ties
107608,The Aquatic Effect
107846,Mr. Stein Goes Online
107860,How I Killed My Father
107915,Boys' School
108236,The Sheep Has Five Legs
108320,The Dandelions
108487,Ready to Play?
108549,New Player
108705,The Divine Order
109327,Mother and Son
109342,Black Tears
109347,The Fugitive - Part 2
109347,The Fugitive Part 2
109471,How to Grow Up Despite Your Parents
109551,Barney Thomson
109610,SK1
109782,Hardships Of A Youth
109783,The Boy With The Teddy
109853,Wedding in Rome
110022,Your Children
110201,The Passion of Michelangelo
110226,Mister V
110262,The Canterville Ghost
110311,The Great Game
110370,The Great Spy Chase
110414,Fly Away Home (2016 film)
110480,Five Fingers
110539,The Distinguished Citizen
110776,Pandora's Box (2)
110822,Free Men
110888,Heaven & Earth
111201,Shield of Straw
111268,Une chance sur deux
111433,My Brother Simple
111439,The Death Ship
111452,Alistair Maclean's Air Force One is Down
111763,The Stationmaster's Wife
111922,Antboy: Revenge of the Red Fury
111922,Antboy 2: Revenge of the Red Fury
112040,I Kissed a Girl
112080,Paris or Perish
112205,The Best Way to Walk
112223,Return of Mickey Spillane's Mike Hammer
112356,Team Spirit
112389,In the Aisles
112416,Mademoiselle Paradis
112513,This Crazy Heart
112658,Season of the Devil
112699,Aneurisma
112776,Master of FEAR!
113089,Full Moon in Paris
113172,The Visitors: Bastille Day
113202,Backtrack
113261,Nobody from Nowhere
113403,"You're Sleeping, Nicole"
113621,"Good fathers, bad fathers"
113841,Happy as Lazzaro
114016,F.B.I. Frog Butthead Investigators
114029,You Really Got Me
114644,Suite 7
115020,Cold Hell
115153,Film locations of Three Sinners
115266,Z-O-M-B-I-E-S 
115286,Chloe Does Lucifer
115743,Neuilly sa m??re!
115760,Swan Lake
115844,Custody
115958,The Adventure of the Ersatz Sobekneferu
116114,The Fear
116340,What is Gone is Gone
116404,Southern Fury
116499,The New Life of Paul Sneijder
116500,Line of Credit
116647,A Dysfunctional Cat
116920,Defamed
116935,Mack the Knife - Brecht's Threepenny Film
117117,Princess and the scribe
117155,Kind Is the Bird of Kaiona
117197,Bad Faith
117446,A Gift For Christmas
117536,Polina
117538,ISRA 88
117538,Mission 88
117538,Mission ISRA 88
117555,The Green Book
117641,The Tobacconist
117791,M. and Mme Adelman
117939,The Last 5 Years
117940,Love and Honor
118087,Mountain Miracle
118146,We were just playing
118237,The Invisibles
118254,The Avenger of Venice
118335,Ancients Exposed
118432,Truly Human
118616,Safari ?? Match me if you can
118635,"On the Slope of the Cliff, Not One Jutting Rock Is Hidden from Sight"
118695,Kissing You
118727,I Got Life!
118925,Holmes and Watson
118992,"Help, I Shrunk My Parents"
119039,Deep Burial 
119133,Mercy
119141,Too Beautiful for You
119203,Don't. Get. Out!
119343,Au Revoir L?? Haut
119415,Roger Corman's Operation Rogue
119420,"Me, Myself, and O"
119503,Tale of the Sea
119639,Grey Souls
119779,Stan and Ollie
120032,The Great War
120047,The City Without Jews
120081,100 Things
120164,"Follow Me, Scoundrels"
120203,The Man on the Roof
120336,The Garden
120431,The Wild Boys
120562,The Teacher
120622,Salyut 7
120646,The Famous Five and the Valley of Dinosaurs
120722,URKO
120784,Gettin?? Hygge With It
121068,Rory's Way
122379,Hail and Farewell
125582,Curling for Eisenstadt
125758,The German Lesson
125901,The End of the World
125959,Hunt for the Bosses
126305,The Peppercorns and the Curse of the Black King
127114,Devil's Mistress
127768,Promise at Dawn
128449,Tank 432
129184,The Publisher
129243,"A Live Chicken, a Fried Chicken, and Holy Matrimony"
130238,The Last Temptation of Barry Allen (1)
130709,The Road to Love
130785,A Voluntary Year
130850,"Dust, and Shadows"
131224,Rocca Changes the World
131258,Crystal Fairy & The Magical Cactus and 2012 
131903,Microbe & Gasoline
133616,Brahms: The Boy II - Directors Cut
134514,It??s Gonna Be Fine
134690,"Tsatsiki, Dad and the Olive War"
136131,Dummie de Mummie 2
137239,"Mektoub, My Love"
138112,William Tell
138220,The Woman in the Silver Plate
138559,Sun Children
138559,The Sun
138680,The Immoral Moment
138849,Best Day of My Life
138849,Here and Now
139019,(Question)
139019,Question
139073,Cuisine et Dependances
139074,If You Meet Sartana Pray for Your Death
139076,The Adventuress 
139252,The Grand Duke's Finances
139295,"The Gangster, The Cop, The Devil"
139851,Can't Come Out to Play
139855,Return of the Hero
139975,The Diary of a Chambermaid 
140154,A Woman in Danger
140580,What Will People Say
140775,I am William
140811,The Ties
140936,U-Boat 29
141551,Storm. Letter of fire
141929,Mais qui a tu?? Pamela Rose?
142254,Wolkenbruch
142409,The Passionate Thief
142602,Just Believe
142904,Tigers Are Not Afraid
142922,The Salamander
143088,The Blackcoat's Daughter
143091,Mister Twister at the Pitch
143206,From the Life of the Marionettes
143609,Beverly Hills Christmas II
143978,The Devil Dolls
144177,It's for Your Own Good
144499,Prejudice
144711,The Two Colonels
145312,A Mission for Christmas
145312,How Sarah Got Her Wings
145322,Search for the Mother Lode: The Last Great Treasure
145464,Christmas Bucket List
145472,Puppy Love Romance
145914,Neapolitan Turk
146059,The Replacement
146071,??stanbul K??rm??z??s??
146225,An Unforgettable Christmas
146255,The World Is Yours
146531,Wise Girls
146559,BlueBallz
146694,Godspell: A Musical Based on the Gospel According to St. Matthew
146972,Crossed Swords
147063,Scotland Yard vs. Dr. Mabuse
147064,The Secret of Dr. Mabuse
147454,The Immature
147471,Love Is Eternal While It Lasts
147481,Hurrah! I'm a Father
147492,The Stuff That Dreams Are Made Of
147538,Santa's Secret
147790,Peninsula
147790,Train to Busan 2 
147792,365 Days
147807,A Holiday Wish Come True
147870,Dirty Heroes
148105,Slap the Monster on Page One
148125,Une souris chez les hommes
148201,The Immature: The Trip
148853,Santa Claus. Battle of the Magi
149072,A Girl's Best Friend
149363,"Manina, the Girl in the Bikini"
149508,Night Rush
149954,The Eight Hundred
149954,The 800
150144,Kiss Me Again
150336,The Letter
150431,A Taxi Driver
150524,First Love
150535,Erik the Conqueror
150593,Rotten Link
150847,The Pilgrim
150863,Cuties
150907,Beneath the Surface
150946,Pretty Little Stalker
150955,The Spy Gone North
150992,Those who are fine
151091,The Samurai
151143,Born in Absurdistan
151145,Ninja Wars
151245,Dogs Don't Wear Pants
151246,"Dick Tracy, Detective"
151264,Karla & Jonas
151270, Atomic Train - Part 1
151270, Atomic Train - Part 2
151408,My Dog Stupid
151428,The Family Friend
151464,The Day Will Come
151676,"Neuilly sa m??re, sa m??re!"
151876,Love's Carnival
151887,Johannes Kepler - Storming The Heavens
151892,Spread Your Wings
151896,Riff-Raff
151899,The Fifth Wheel
151900,"No Sex Please, We're British"
151911,A Woman as a Friend
152081,My Name is Niki
152163,Blizzard of Souls
152199,Mob Rules
152265,Below Zero
152341,All About Them
152556,Tomyris
152686,Barb & Star Go to Vista Del Mar
152940,Sandokan Against the Leopard of Sarawak
152944,Frozen Flashes
153056,Bye Bye Morons
153246,Red Fox
153286,We All Loved Each Other So Much
153469,Ignorance Is Bliss
153481,Lola & Her Brothers
153530,"Good Morning, Babylon"
153531,The Guardians
153542,Unknown Origins
153545,"Something in the Air, Part I"
153687,Kidnapped
153715,The Long & the Short & the Tall
153725,The Third Half
153772,Kiss & Tell
154470,The Finale
154586,The Ruthless
154605,While at War
154606,King Shakir
154611,Au poste!
154611,Keep an Eye Out
154718,Five Ashore in Singapore
154721,Mission to Venice
154766,The Visitor
154849,The Vault
154850,The Resistance Banker
155220,Untimely
155387,The Chess Players
155449,The Divine Fury
155466,Heartstrings
155492,Tombs of the Blind Dead
155492,The Night of the Blind Terror
155492,Crypt of the Blind Dead
156774,The Blackout
157091,"My Donkey, My Lover & I"
158464,Jurassic World Dominion
158563,July-August
159516,"Please, Not Now!"
159747,The Congo Murders
159750,"Tatort: Wat Recht is, mutt Recht blieben"
161989,The Master of Errors
162946,Fear Street Part 1: 1994
163230,The Scent of Oranges
163234,Your Best Years
163345,The Great Halloween Puppy Adventure
163345,A Magic Puppy
163441,Love & War
163461,Sentimental Destinies
163636,The Olympic Summer
163901,Le C??ur des hommes 3
163927,Nights and Days
164299,Kidnapped in Paradise
164569,Christmas Crossfire
164826,The Heavy Water War
165745,The Cop
165963,Rurouni Kenshin: The Final
167059,The Leisure Hive II
167234,Torvill and Dean
167369,The Inquiry
167907,The Ibiza Affair
168072,Mayday (WT)
171070,I Wish Someone Were Waiting for Me Somewhere
171404,Nova Atlantis
171929,First Love
172709,Veggie Tales: Merry Larry and the True Light of Christmas
173282,The Investigation
174186,Wheel of Fortune and Fantasy
174193,Eyes of Crystal
174373,Stars by the Pound
174374,Something Fishy
174533,The Last Execution
175354,Sprite Sisters ?? Four Enchanted Sisters
176984,Lulu on the Bridge
179019,The Rest Is Silence
179146,Especially on Sunday
179507,RRR (Rise Roar Revolt)
179606,Paradise Towers II
180085,Downton Abbey 2
180107,Delta and the Bannermen II
180108,Delta and the Bannermen III
181399,Dear Thomas
181846,On War
182811,The Ash Lad: In the Hall of the Mountain King
186974,Tragedy of the Street
188181,Bones & All
189164,Smoking Causes Coughing
189336,The Scary House
189465,Stambul Garden
189754,The Robots of Death III
189755,The Robots of Death IV
189817,Halfmoon
189950,Leo & Claire
190271,Silent Shadow
190568,"Bodies, Bodies, Bodies"
26,Walk On Water
270,Family Rules
286,Deutschland. Ein Sommerm??rchen
1253,Breaking and Entering
1264,The Wild Guys 4
1283,"Torrente, the dumb arm of the law"
1450,Rasuto Buraddo
1484,Deathmaker
1663,The Squeaker
1686,Chelsea Girls
1836,In My Skin
1855,Young Rebel
1917,Who Killed Bambi?
1918,Mon Tr??sor
2008,The Promise
2032,Transit
2106,Agent 008 3/4
2106,Agent 8 3/4
2131,Peril en mer
2192,Temple of the white Elephant
2192,Le Temple de l`elephant blanc
2409,Guyver: The Bioboosted Armor
2430,The Choice
2443,Sherlock Holmes and the Spider Woman
2459,An Elephant Can Be Extremely Deceptive
2646,"Mad Mission, Part 3 - Our Man from Bond Street"
2646,Aces Go Places 3
2694,Tuya's Marriage
2753,The Assault
2761,The Secret Agent
3029,End of the World
3148,Un dollaro per sette vigliacchi
4227,I Married a Shadow
4287,The Most Gentle Confessions
4288,The Forest Primeval
4391,The Hassled Hooker
4398,Lissi and the Wild Emperor
4529,The Defector
4552,A Tale of Two Sisters
4558,Orpheus
4579,Andy Warhol's Heat
4705,I Will If You Will
4789,The Garden of the Finzi-Continis
4809,"Good Morning, Miss Dove"
4949,A Time for Killing
4993,Five Card Stud
5035,The Wanderer
5061,Carry On - Don't Lose your Head
5079,Born Winner
5188,Ocean of Dreams
5519,Finders Killer
5522,Her Sister`s Keeper
5634,The Strangler of Blackmoor Castle
5661,Computer Wizard
5732,The Cursed Mountain Mystery
5890,Azumi 2: Death or Love
6013,The Scoundrel
6015,One Step Behind
6109,Peril at End House
6967,The White Masai
6976,Who Slew Auntie Roo?
6983,The Gang Next Door
7088,Instant Message
7507,Specialists
7734,A Hero's Welcome
7898,Season 2
8062,Seven Dumpsters and a Corpse
8144,Dig Your Grave Friend... Sabata's Coming
8216,club 66
8267,Les Toilettes du pape
8268,Surviving with Wolves
8418,Burning Hearts
8430,The Messiah
8749,Hamlet Goes Business
8772,The Last Day
8853,Cold Is the Breath of Evening
8892,A Christmas Tale
8964,Ours is the labour
9033,The Prophecy 2
9033,States of Grace
9033,The Prophecy II
9302,Up Close and Personal 
9371,Tender Sharks
9379,Otto ?? Der Au??erfriesische
9421,The Dinner Game
9513,Garfield 2 
9628,Winnetou and the Crossbreed
9639,Grimm Love
9679,Gone In 60 Seconds
9765,The Devil and Ms. D
10061,John Carpenter's Escape from L.A.
10309,The Merchant of Four Seasons
10310,The Bitter Tears of Petra von Kant
10370,Premutos: The Fallen Angel
10434,"Faraway, So Close!"
10469,Come Sweet Death
10582,Hot Bubblegum
10638,The Valley of Death
10695,The Golem
10757,"Sometimes Happy, Sometimes Sad"
10813,Nothing Else Matters
10826,Godzilla Against Mothra
10826,Mothra vs. Godzilla
10870,The Daltons
10906,Pet Sematary Two
10915,"A Genius, Two Partners and a Dupe"
11053,Flatfoot Goes East
11183,French Fried Vacation
11405,The Red Cockatoo
11418,National Lampoon's European Vacation
11419,National Lampoon's Vegas Vacation
11550,Heroes Like Us
11553,Millennium Mambo
11608,Saga of a Star World
11613,Cat and Dog
11681,Two Missionaries
11696,The Great Vacation
11700,Smiles of a Summer Night
11842,Red Sun
11877,The Good Soldier Schweik
11878,The Bodyguard
11878,Y??jinb?? 
11985,Vive L'Amour
11986,Betty Blue
12130,I Don't Want to Sleep Alone
12131,Breaking Loose
12166,Achilles and the Tortoise
12167,The Art of Negative Thinking
12175,Goldfield Murders
12222,Dr. Seuss' Horton Hears a Who!
12316,Rising - Part 1
12531,The Appartment
12561,Godzilla vs. Destoroyah
12622,Violent Cop
12648,Secret Agents
12826,Just a Gigolo
13296,The Lacemaker
13395,Blood Relatives
14063,Prot??g??
14116,Climax!
14154,The Bird People in China
14154,Takashi Miike's The Bird People in China
14532,Age and Beauty
14754,Evangelion: 2.0 You Can Advance
14803,Women in Hospital
15625,Arabela Returns
15719,The Fabulous World of Jules Verne
15786,Running for their lives
16061,"Bleach: The DiamondDust Rebellion, Another Hy??rinmaru"
16089,Naruto Movie 6
16109,One Piece : The Movie 2
16112,One Piece: The Movie 5
16133,Doppelg??nger
16150,Dekker the trucker
16405,Cradle of Fear - Director's Cut
17572,Mary & Max
17577,The Church
17648,Frankenfish
17864,Her Married Lover
18280,The Contract
19358,Full-Court Miracle
19697,Will You Marry Us?
19828,London mon amour
19931,The Milk of Sorrow
20672,The Humpbacked Horse
20788,How much further
20830,Zoop in Africa
21510,D??vka na ko??t??ti
21759,Temmink: The Ultimate Fight
21792,The Man from London
21966,Mardi Gras
22083,Konets Sankt-Peterburga
22083,The End of St. Petersburg
22862,Irish Route
23015,Mad Foxes
23130,The Night of the Hunted
23399,The Dolphin: Story of a Dreamer
23674,Begin To Begin
23685,Band Aid Covers And Bullet Hole
23707,"Six Days, Part 2"
24670,Demons 2
24727,The House of Clocks
25002,Paradise Towers I
25706,Mahler on the Couch
26150,The Hole
26151,Girls Can't Swim
26264,Missing Parents
26404,Maatrabhoomi
26401,Ping Pong
26401,Pinpon 
26676,The Refuge
26720,Troubled Water
26987,"Go, Go, Second Time Virgin"
27133,All That I Love
27142,Us Two
27146,Hypnos
27148,Trece badaladas
27513,Deathline
27782,"Gomez & Tavar??s, la suite"
27874,Small Mountain
27959,Sheena - Queen of the Jungle
28338,Night Train Murders
28381,Rats: Night of Terror
28606,I Corrupt All Cops
28706,Floating Weeds
28706,Ukigusa
28752,Trouble at Timpetill
28756,"No Pain, No Gain"
28846,Justice/Vengeance
28960,Spliced
29179,Korkoro
29293,Turkey in the Straw - Part 1
29336,Piggies
29414,Double Vision
29458,100 Women
29724,He Never Dies
29741,Constantine and the Cross
29751,The Adventurer of Seville
29751,Adventures of the Barber of Seville
30077,The Race
30321,Captain Falcon
30432,Utopia
30448,Au Pair II: The Fairytale Continues
30615,Clive Barker's Book of Blood
30660,Lionheart: The Children's Crusade
30737,Delta Force 2: The Colombian Connection
30737,Delta Force II: The Colombian Connection
30737,Delta Force II
31194,The Brotherhood III
31492,A Cop
31492,Dirty Money
32269,Gakuen Utopia Manabi Straight!
32269,Manabi Straight!
32918,Chiccha na Yukitsukai Sugar
32918,A Little Snow Fairy Sugar
32942,Ice Age: Continental Drift
32997,Carmen Falls in Love
33025,Heat Team
33107,Fred Ott's Sneeze
33107,Sneeze
33189,Monaco Franze ?? Der ewige Stenz
33196,The Margin
33206,"Good Girl, Bad Girl"
33632,Hello Taxi
33713,Killing Car
33810,A Deal Is a Deal
33877,Our Day Will Come
33891,Roujin Z
33942,Rocksteady: The Roots of Reggae
34172,Noriko's Dinner Table
34176,Be Shure To Share
34176,Be Sure To Share
34298,God of Gamblers
34300,Everyone Else
34398,Riding for Germany
34462,Gate of Flesh
34596,Chuck Moll
34717,The Mosquito Net
34729,Above Us Only Sky
35002,The Librarian 3
35002,The Librarian 3 - The Curse of the Judas Chalice
35052,Story of A Young Couple
35164,Spider Lilies
35199,Death Rage
35541,Animals United
35600,Bionicle: The Legend Reborn
35624,Negadon: The Monster from Mars
35674,The Code
35711,Landspeed presents: CKY
35818,Dragons Forever
36004,Five Days Without Nora
36063,When the Raven Flies
36074,The Last of the Mohicans
36122,The Big Sellout
36144,The Perfect Crime
36146,Death Steps in the Dark
36147,With Love... from the Age of Reason
36157,Nights and Loves of Don Juan
36181,Wallander: The Revenge
36316,The Summertime Killer
36525,Wonderful and Loved by All
36556,Dirty Money
36609,House Of The Dead 2: Dead Aim
36638,Come Undone
36641,Diabe??
36678,The Three Superboys Strike Again
36825,Chaos and Desire
37038,Ace Ventura Jr: Pet Detective
37038,Ace Ventura: Pet Detective Jr.
37149,Payoff
37189,Fight Night
37235,Lilly the Witch: The Dragon and the Magic Book
37335,National Lampoon's Cattle Call
37367,Kickin' It Old Skool
37423,Witch in Our Family
37534,Jacko and Lise
37542,2019: After the Fall of New York
37662,Crate 'n Burial
37696,George Who?
37761,House of Fury
37883,Wondrous Oblivion
37987,"Never Love a Goalie, Part 2"
38084,Max Havoc: Curse of the Dragon
38177,Country Lady
38182,The Sleepwalker Killing
38186,Gangster High
38201,Bermuda Triangle North Sea
38226,"Mon p??re, ma m??re, mes fr??res et mes s??urs??"
38462,Lilla J??nssonligan p?? styva linan
38471,The Young Magician
38474,Little Tropikana
38513,The Memory of a Killer
38589,Call Me Irresponsible
38638,Queens of Langkasuka
38701,In Gold We Trust
38775,Tidal Wave
38782,The Eye 2
38807,Tiger Cage 3
38822,Murk
38835,"Zaina, Rider of the Atlas"
38851,The Sleeping Beauty
38882,Legendary Assassin
39087,The alarmist
39089,The Avenging Quartet
39521,The Great Vazquez
39557,The Nun and the Devil
39660,Rape of Love
39663,The Captivating Star of Happiness
39728,The Killing Game
39777,The Wages of Sin
39843,LD50
39895,Rebecca's Lover...Not
39905,The Profound Desire of the Gods
40057,Simple Simon
40059,4 Days in May
40384,My Fair Eddie
40437,Rosencrantz & Guildenstern Are Dead
40586,Horror Hotline...Big Head Monster
40965,The Virtuous Scoundrel
40987,Death in a French Garden
41387,Hypersonic
41507,House on the Edge of the Park
41745,Saint Tropez - Saint Tropez
41791,Haiducii lui ??aptecai
41811,Six Men Getting Sick (Six Times)
41891,His Brother
41936,Life on a String
42022,Thriller ?? A Cruel Picture
42027,Arthur 3: The War of the Two Worlds
42080,The Magnificent Robin Hood
42117,Bloody Friday
42204,Bacon on the Side
42326,Plague of the Zombies
42328,Don't Torture a Duckling
42335,The Warrior
42388,The Miner' Wife ... Takes Her Pick
42411,Walls
42440,The Woman That Dreamed About a Man
42467,The Mountain of the Cannibal God
42500,Ways to Live Forever
42773,Requiem for a Killer
42935,Japan's Longest Day
42935,The Emperor and a General
42977,Men vs. Women
42978,The Italian
42998,Shirley Temple's Storybook - The little Mermaid
43035,Two:Thirteen
43256,One on One
43437,Last Days of Mussolini
43462,Sweepers
43475,Acci??n mutante
43599,The Nutt House
44058,"Scrooge, or, Marley's Ghost"
44123,The Touch
44127,Slaughter Hotel
44156,The Eye of Evil
44178,The Magnificent Tony Carrera
44306,Avalon - In the depths of the abyss
44566,Secrets of Women
44673,Thin Ice
44864,The Double Hour
45038,A Girl Called Jules
45094,A Gentle Woman
45211,The Perfect Killer
45235,The Medusa Against the Son of Hercules
45345,Goat Story
45660,Pigsty
45716,Irene
45762,The Matrix: Resurrections
45762,Matrix 4
45833,Summer Window
45847,The Chaos Experiment
46122,An Average Little Man
46168,Days of the Eclipse
46319,Ali Baba and the Seven Saracens
46343,The Bloody Judge
46345,X312 - Flight to Hell
46396,The Ascent
46582,Baby Sex - Forbidden Ground
46608,Knight of the Apocalypse
46626,Love Hate
46638,Sawako Decides
46738,Iron Eagle on the Attack
46975,71: Into the Fire
47130,Volt
47201,Teenage Playmates
47468,Angel of Desire
47471,Gakk?? no Kaidan 4
47698,An Earthly Paradise For The Eyes
47715,Paranormal Activity 2: Tokyo Night
47803,The Bodyguard from Beijing
47830,Ghostly Bus
48025,The Girl with the Golden Eyes
48038,Emanuelle in Bangkok
48046,Forgotten/Missing
48056,Tidal Wave
48088,"Farewell, My Queen"
48096,The Tigers of Mompracem
48399,"Tuesday, After Christmas"
48562,Phantom Below
48865,Footprints on the Moon
49065,Sonny and Jed
49122,Cahill U.S. Marshal
49122,Cahill U. S. Marshal
49122,Cahill U.S. Marshall
49161,Forget Me
49319,A Matter of Taste
49335,Equinox Flower
49542,Intruder
49662,Mackennas Gold
49674,A Butterfly Kiss
49760,Boys' Night Out
50084,The Song of Sparrows
50084,Avaze gonjeshk-ha
50164,The Cutting Edge 3: Chasing the Dream
50191,Scooby-Doo! The Mystery Begins
50382,The Pack
50418,Hard Labor
50458,The Blues of Pop Street
50494,Maigret Sets a Trap
50532,Peter Bell
50771,Seven Seas to Calais
50892,Deadly Harvest
50950,Women Behind Bars
50993,Love in First Class
51106,The Pied Piper
51252,Disciples of Shaolin
51367,Polizeiruf 110: ??und raus bist du!
51374,The Triumph of Hercules
51591,Heart of Stone
51600,Young Thugs: Nostalgia
51947,Small Lights
52265,The Second Jungle Book: Mowgli & Baloo
52272,The Dukes of Hazzard: The Beginning
52376,"Vienna, City of My Dreams"
52443,Private Valentine: Blonde & Dangerous
52621,Kickboxer III: The Art of War
53014,Her Vengeance
53040,The Marconi Bros.
53145,The Prey
53275,Outside the Law
53531,Escape to Victory
53840,Dear Friend Hitler
53865,"Children, Mother, and the General"
54120,Stricken
54205,Boudu Saved from Drowning
54422,Amuck!
54568,The Laughing Woman
54568,The Frightened Woman
54647,The Girl from Cortina
54716,Battlestar Galactica: The Face of the Enemy
55006,High Street
55022,Shelf Life 
55057,Home for the Weekend
55098,If We All Were Angels
55174,Anna and the Prince
55337,A Wicked Ghost III: The Possession
55403,Detective Belli
55470,Lovey-Dovey 3
56089,A Chinese Ghost Story
56093,The Garden
56187,Back to Square One
56261,Seven Days... Seven Nights
56386,I and You
56798,Suzanne's Career
56869,University of Laughs
56937,The Little Fox
57765,The Designated Victim
57805,Marabunta
57920,Combat Girls
58071,City Hunter - Goodbye My Sweetheart
58228,The Silver Cliff
58351,The Crazy Ray
58351,At 3:25
58353,Tourists
58439,A Private Affair
58459,The Slaves of Sumuru
58459,The 1000 Eyes of Su-Muru
58479,Anacondas: Trail of Blood
58513,Eclipse
58812,Daria in 'Is It Fall Yet?'
58948,Muscle Heat
59034,Nature's Grave
59034,The Long Weekend
59274,The Big Picture: Rethinking Dyslexia
59495,The Karamazovs
59667,Duchacek Will Fix It
59787,The Spiritualist
59796,Gun Moll
59807,Lady Killer
59945,The Blue Star Hotel
59974,Dear Yelena Sergeevna
60311,Black Mask 2: City of Masks
60346,Cloudcluster
60464,Evil Senses
60500,Junction Point
60538,"Burt Dickenson, Most Powerful Magician on the Planet Earth"
60538,Burt Wonderstone
60594,American Masters: A Letter to Elia
60594,The Elia Kazan Documentary
60637,Elvis and Nixon
60670,Candidate for a Crime
60767,The Mysteries of the Chateau of the Dice
60813,"The Trust, or the battles of money"
60923,The Doll
61080,Today
61249,Yellow Room
61470,Kichiku: Banquet of the Beasts
61485,Young and Wild
61552,Lost in Paradise
61702,...And If We All Lived Together
61831,The Spider's Stratagem
61884,The Liverpool Goalie
61971,The Adventures of Milo and Otis
61984,God Grew Tired of Us
62721,Freshly Squeezed
62958,Africa Uncensored
62994,Daffy Duck's Fantastic Island
63022,Generation 1000 Euros
63159,"Good Luck, Charlie"
63474,In Another Country
63532,Green Chair
63679,Ways across the Country
63811,Advocate's Devil
64040,King Ordinary
64611,Design Of Death
65201,The Diamond Peddlers
65326,Atomic Age
65589,Heal Hitler!
65720,For Life or Death
65731,Teppanyaki
65982,The Wedding Song
65997,The Iron Rose
66037,The Flowers of St. Francis
66428,The Round-Up
66469,The Joke
66536,Nightfall
66605,An Ambiguous Report About the End of the World
66656,Identification Marks: None
66714,Painted Skin: The Resurrection
66766,Yellow Earth
66954,Life Actually
66962,The Money Order
67265,The Postman
67298,Beloved Sisters
67657,Long Arm of the Godfather
67875,Ecstasy
67907,Lake of the Dead
67908,Blackie the Pirate
67978,Million Dollar Crocodile
68380,Our Corpses Still Live
68422,Strawberry Blonde
68428,Siberian Lady Macbeth
68452,The Youth of Maxim
68485,The Outsider
68542,Love and Anger
68565,Zakl??te rewiry
68565,Hotel Pacific
68588,The Adventures of Remi
68589,Taira Clan Saga
68591,Woman Without a Face
68594,A Hero of Our Times
68787,Gideon of Scotland Yard
68799,Putyovka v zhizn
68799,Road to Life
68871,Famous Five 2
69091,The Way to Fight
69237,The Vanquished
69372,Right Connections
69761,The Kingdom of the Fairies
69895,Misty Mundae: Addicted to Lust
69931,"Revelations, Part 1"
70004,Breaking Horizons
70262,Evil Dead Trap 3: Broken Love Killer
71223,Crocodile Alert
71242,009 Re:Cyborg
71348,On the Move
72119,The Last Siege: Never Surrender
72274,The Visionaries
72472,Scattered Clouds
72599,Zangekikan: Blind
72843,End of Nights: Part 1
73448,A Mere Formality
73687,Nick Knatterton??s Adventure
73728,Salom??
73957,This One's for Jack
74267,Mama Said There'd Be Decades Like These
74269,I've Got You Under My Skin
74417,Special Ops (1)
75013,Two Lives
75036,Age of Uprising: The Legend of Michael Kohlhaas
75328,Ruh-Roh
75575,The Notebook
75989,Shed No Tears
75990,Wetlands
76067,Hello Ghost
76343,Happy Thanksgiving
76345,Keepsake
76815,Sanctuary for None: Part I
76816,Sanctuary for None: Part II
77358,Stations of the Cross
77797,Under the Skin of the City
77797,Under the City's Skin
78392,You're No Good
80476,A Throw of Dice
80476,Prapancha Pash
80632,Crescent City: Part 1
80855,Diplomacy
80857,Tour de Force
81200,My Summer in Provence
81219,The Famous Five 3
81818,Labyrinth of Lies
81994,The Thousand Eyes of Dr. Mabuse
82069,Lil' Smokie
82622,The Valet
82744,A Christmas Carol
82744,Scrooge - A Christmas Carol
82759,To Kill a Man
82878,The Heathens of Kummerow
82942,Cinnamon
83483,Port of Shadows
83564,The Return of the Dancing Master
83652,War of the Buttons
83850,Have Mercy on Us All
83851,Human Capital
83875,The Hawks and the Sparrows
83943,Naked Among Wolves
84616,Time of the Wolf
84667,Drug War
84676,Black and White in Color
84946,L'eau a la bouche
85005,Murder by the Lake: Family Issues
85018,The Bridesmaid
85053,The Cold Heart
85227,Marshland
85392,Call Me Helen
85393,Bibi & Tina 2
85407,"Peace, Love and Misunderstanding"
85653,Rock the Casbah
85655,Le C??ur des hommes
85781,Desperate Hours
85799,The Hatter's Ghost
85838,Call of the Toad
86076,Close Protection
86076,Disorder
86170,Jungle Juice
86214,Whirly Girl
86446,Confessions Of My Dangerous Mind
86598,Death Rides a Horse
86819,The New Land
87155,The Haunted Castle
87298,A Self Made Hero
87320,Rider on the Rain
87448,Tatort: ?? und die Musi spielt dazu
87724,Shizers
87724,The Parasite Murders 
87724,They Came from Within
87941,Everyone Dies Alone
88098,The Two of Us
88130,Quality Time
88414,The Manny
88415,Unfriended
88417,Daddy or Mommy
88465,Cry Lusion
88863,Black Harvest
89357,March of Millions
89426,Ghost Hunters
89788,The Witnesses
89789,Changing Times
91170,The Ridiculous Six
92299,"Dirty Mary, Crazy Larry"
92358,The Bait 
92360,The Woman and the Stranger
92485,Jealousy 
92544,Secrets of War
92682,One Breath 
93054,Let's Play Hide and Seek
93106,The Unknown Girl
93188,The Most Beautiful Day
93362,Saviours
93771,A Man Called Ove
94292,"Truth, Justice and the American Way"
94495,Tatort: Die Geschichte vom b??sen Friedrich
95155,The VVitch: A New-England Folktale 
95366,The Damned 
95675,From the Land of the Moon
95859,Chosen
96148,US vs. UN vs. UK
96557,The Good Neighbour
97454,8 Dates
97515,Stormforce
98153,Tatort: Deadly Reliance
98472,Death in a Strange Country
98628,The Seventh Juror
98706,"1, 2, 3"
99537,Shipwreck
101504,Like A Cast Shadow
101548,The Wall-Crosser
102065,Blue Pills
102215,The Bronte Sisters
102663,Chinese Roulette
102831,Trainspotting 2
102972,Happy New Year
103176,Episode #3.4
103223,"Henny Penny, the Sky Is Falling"
103311,The King's Choice
103608,Wild Mouse
103612,In Times of Fading Light
103758,Ill Met by Moonlight
104209,Pilot
104623,The Chilling Storm Is on the Mountains
104630, The Yellow Brick Road
104855,The Artful Dodger
105290,The Murderer Lives at Number 21
105788,Mickey Matson and the Copperhead Conspiracy
105831,The End in the End
106201,The Red Tent
106379,Misery Loves Company
106915,The Hunter
107179,The Entrance Is Stopped with a Spider's Web
107878,Painless
108704,Whisper 3
108941,Flight of the Storks: A Solo Journey
108941,Flight of the Storks: Fall in Hell
109115,A Bag of Marbles
109332,The Deal
109340,The Fishhooks of the Fishers become Entangled
109609,Serial Teachers
109762,The King of Berlin
109792,Suck Me Shakespeer 3
110124,The Best Of All Worlds
110134,"The Rich, the Pauper and the Butler"
110219,Disaster L.A.
110490,Dance Academy ?? Das Comeback
110782,NOLA Confidental
110855,Ogres
111309,Unlikely Heroes
111355,"Hurt People, Hurt People Too"
111372,Dakota's Summer
111398,The Bartered Bride
111417,The Secret of Arkandias
112503,Museum
112705,"No Matter How Much One Covers a Steaming Imu, The Smoke Will Rise"
112746,The Brutes
112881,"A Sneeze, Detention, and Sissy Spacek"
113082,The Chosen Ones
113084,21 Nights with Pattie
113091,1981: The Year I Became a Liar
113091,The Year I Became a Liar
113129,"They're Back, Aren't They?"
113228,Falling in Love
113442,An Angel and Paul
113525,A Tall Tree Stands Above the Others
113622,Hidden Kisses
113745,Harry & Meghan
113787,Shiverstone Castle 2
113790,Kiss the Chef
114179,Warriors of Peace
114504,Phantasm 2
114678,I Want You
114882,"10,000 Saints "
115047,Orchestra Class
115134,Cross the Line
115615,Ruined Heart: Another Lovestory Between a Criminal & a Whore
115799,April 9th
115850,The Mask of the Gorilla
115959,The Glass Tower
116016,Dancing Forever
116154,The Confessions
116332,A Prominent Patient
116424,Gruesome School Trip
116441,What's Left of My Life
116675,A Coral Reef Strengthens Out into Land
116833,The Officers' Ward
117153,To Do One's Duty
117432,"What Parents Will Do, Children Will Do"
117453,Brancaleone at the Crusades
117500,Border
117828,The Ground beneath my Feet
117829,"I Was at Home, But"
117958,Pain and Glory
117958,Pain & Glory
118149,Flemish Heaven
118231,The Devil's Hand
118231,The Devil's Rapture
118268,Bad Seeds
118275,Out Stealing Horses
118276,System Crasher
118921,Beating Heart
118933,The Smoke Seen in the Dream Now Rises
118961,Longing for a Kiss
119183,Brexit - Uncivil War
119223,"When the Light Goes Out, the House is Dark"
119418,Pride & Prejudice: A Latter-Day Comedy
119570,Koma
119603,The Wedding Cake
120344,Double Face
120654,The Fantastic Family Hotel
120816,"Piss off, Snow White."
120908,Identity Part 2
121096,Shiva and May
121240,Farmer Rockstar 
123646,The Whistlers
124621,The Captain
125098,The Collini Case
125399,Effigy ????Poison and the City
126947,Silent Screams
129464,Kill Beale: Vol. 1
129648,One Cut of the Dead
129648,Don't Stop the Camera!
129936,There Is No Evil
129940,The Turncoat
130025,A Beautiful Day In The Neighbourhood
130176,The Seventh Dawn
130303,Payback is for Beginners
130308,"Lies, Cheat, Steal, Kill "
131223,Dream Factory
131650,Reset
131902,A Hero
132029,Just a Breath Away
133659,The Unthinkable
135360,The Lady Without Camelias
136081,Broken Promise
137915,A Walk in Darkness
139243,The Scalawag Bunch
139322,Nightmare Detective 2
139335,Battle Ground 
139568,"Knute Rockne, All American"
139591,My Favourite Fabric
139593,My Extraordinary Summer with Tess
139595,"Yalda, a Night for Forgiveness"
139743,Four Hands
139854,The Angel
140150,The Devil Doll
140815,Rendezvous in Paris
141114,"Love, Wedding, Repeat"
141393,Dark Inclusion
141451,Rabid Dogs
142908,Heartbeat Detector
142916,Nicky Larson and Cupid's Perfume
143035,Three wonder kids
143094,David Cronenberg's Rabid 
143272,The Freshman
143595,The Purtity of Vengeance
144123,As Happy as Possible
144128,Bobby and the Ghost Hunters
144453,The Card Player
144789,The Serengeti Rules
145181,Rise of the Legend
145298,Magical Nights
145531,They Came to Rob Las Vegas
145584,A Place in the World
145631,Bahubali: The Conclusion
145912,The Secret Life of Mrs Claus
146205, The Scorpion King 5: Book of Souls
146247,Christmas Confessions
146379,Love and Monsters
146533,Suddenly Paradise
146674,Louisiana Caviar
146746,Life Is Tough
146989,When the Moon Was Full
147157,??ert?? brko
147519,The Avenger
147796,The Witch: Part 1. The Subversion
147796,The Witch: Part One - the Subversion
147799,I Became a Criminal
147799,They Made Me a Criminal
147888,Two of Us
147945,The Young Casanova
148348,Machine Gun McCain
148662,The Graduates
148666,Remi
148845,The Butchers
148895,The Christmas Chronicles 2
149190,Captain Fracassa's Journey
149228,Nine 1/2 Moons
149239,Lassie Come Home
149274,I Can Quit Whenever I Want: Ad Honorem
149283,Riders of Justice
149331,Mia and the White Lion
149746,The Counterfeiters of Paris
149762,Burning Rubber
150433,Blade of the Immortal
150500,How I taught myself to be a child
150529,"Rasputin, the Mad Monk"
150947,The Copper
151049,The Whisky Robber
151058,We Are Family
151149,City State
151674,The Unexcused Hour
151934,You Deserve a Love
152049,Railroad Tigers
152094,The Mass Is Ended
152158,Hercules Unchained
152200,Doomsday Book
152273,Wondrous Boccaccio
152453,Little Tickles
152537,A Man in a Hurry
152775,The Conductor
153107,Boy Missing
153312,The Magic Kids: Three Unlikely Heroes
153535,Tom and Jerry 
153546,"Something in the Air, Part II"
153727,The Eternal Zero
153731,The Captor 
154009,The Royal Exchange
154103,Delusion
154668,15 Minutes of War
155752,What Happened to Kate Kane?
156767,Careless Crime
158028,Deadpool: No Good Deed
159550,Ayla: The Daughter of War
160484,A Twelve-Year Night
163581,Le C??ur des hommes 2
163659,The Left-Handed Woman
164297,The Swarm
164413,Asako I & II
164469,Victor & C??lia
164711,Ugly Melanie
165789,Burning Bush
166740,Naked Animals
167061,The Leisure Hive IV
167242,The Whip and the Body
168867,The Invincible Dragon
169983,ComeBack Kid
170024,Spy for Germany
171032,Tigers
171458,School of Magical Animals
172148,In Bed with Santa
172152,Love for Christmas
172696,Clueless in Ireland
174314,The Ash Lad: In Search of the Golden Castle
174375,Nearest to Heaven
174485,Once Were Rebels
175620,Scream 5
176215,Violence of Action
176311,The 120 Days of Bottrop
176392,Realtime
179989,The Last Judgement
181449,Dragonfire II
181935,Earth and Blood
181941,You Tell Me
186846,Precious Ivie
189417,Unknown Beyond
189622,Glass Onion 
256,Antoine and Colette
514,May the Giant Be with You
826,Bridge On The River Kwai
905,Pandora's Box
1039,The Inheritors
1285,Torrente 3: El protector
1416,The Coast Guard
1540,Heading South
1614,The Bunnyguards
1671,Dr Who
1829,The Story of Adele H.
1849,9 hours to Rama
1914,FC Venus - Made in Germany
1926,11'09''01 - September 11
2003,Anatomy of Hell
2126,"I Love You, Baby"
2137,Feng Yun
2137,Feng Yun Xiong ba bian xia
2137,The Stormriders
2156,Deadly Web
2156,Net@Games
2156,Net G@mes
2166,"Amore, vegeance et trahison"
2166,Sweet Revange
2166,Sweet Revenge
2173,F.A.R.T. the Movie
2191,The Shelter
2191,N??ufragos
2195,Good Times
2197,Sounds of Sand
2375,Forbidden Priests
2382,Hearth Fires
2383,The Bear
2440,J.S.A. Joint Security Area
2440,JSA. Joint Security Area
2802,The Arm of Jesus
2912,The butcher
3066,Kyoufu Densetsu Kaiki! Frankenstein
3144,Rock N Roll Frankenstein
3145,Horror of Frankenstein
3344,Samurai Johnny Frankenstein
3347,Frankenstein - Italian Style
3701,Gang War in Milan
3755,Space Soldiers' Trip To Mars (1956 TV title)
3783,edited from the film serial Buck Rogers (1939)
3982,The Sweet and the Bitter
4034,That Man from Rio
4181,Catherine & Co.
4265,Episode 1.2
4273,Episode 1.3
4275,Episode 1.4
4368,Dark Wolf
4369,Just a Question of Love
4495,The Spirit of the Beehive
4495,Spirit of the Beehive
4565,Murderers Club of Brooklyn
4746,Rendezvous at Bray
4884,Death on Safari
4885,Desyat Negrityat
4902,Gaining Ground
5047,A Little Color
5082,Una noche en el coche cama
5182,IFBB Mr. Europe Contest
5335,Theorem 
5626,Dial Love for Murder
5640,I Am the Other Woman
5684,Sexpionage
5728,Day of the Idiots
5802,Sappho Darling
5839,The Magliari
5871,The World Is Big and Salvation Lurks Around the Corner
5887,Shadows Over St. Pauli
6113,Neudacha Puaro
6187,Dry Cleaning
6443,The Forest for the Trees
6536,Showdebola
7213,Engagement at Wolfgangsee
7218,DONNA D'ONORE 2
7248,Family Guy: The Movie
7462,Simply Love
7983,Lowlands
8362,Space Pirate Captain Harlock
8436,The Page Turner
8444,Maids
8668,"So Long, my Heart!"
8703,Three Wishes for Cinderella
8703,Three Nuts for Cinderella
8704,"How to Drown Dr. Mracek, the Lawyer"
8898,Woman Without A Head
8898,The Headless Woman
8989,Bigfoot and the Hendersons
9044,Tristan + Isolde
9317,The Cabbage Soup
9412,Night Time
9418,Cascadeur: The Amber Chamber
9478,Just the Two of Us
9524,The Harmonists
9657,Otto ?? Der Film
10335,The Heart of the Earth
10505,Run for Your Life!
10519,The Flying Classroom
10581,Going Steady
10584,Young Love
10755,Wild Soccer Bunch
10930,The Flower of Evil
10939,The Return of the Tall Blond Man with One Black Shoe
11080,The Little Polar Bear
11312,Engel & Joe
11350,Hell on Wheels
11379,The Adventures of Buckaroo Banzai
11399,Look at Me
11476,As Far As My Feet Will Carry Me
11539,The World of Don Camillo
11567,The Wedding Party
11616,Go for It
11680,The Miser
11874,Ace High
11951,Vanishing Point
12438,Two Years Vacation
12446,Mark of an Angel
12546,Bride and Prejudice
12547,Shadows in the Sun
12547,The Shadow Dancer
12585,Summertime Blues
12674,The Hang Up
12674,Perversion
12674,The Depraved
12674,The Perversion of Ryan McNamara
12674,Don't Hang Up!
12674,Agoraphobia
12699,Hellraiser VIII - Hellworld
12764,Missing In Action II - The Beginning
12798,The Best Day of My Life
12801,Lockes Up
14519,The Chaser
14569,Evangelion: 1.0 ?? You are (not) alone
14569,Evangelion: 1.01 ?? You are (not) alone
14573,The Method
14731,Dangerous Lives Of Altar Boys
15438,Head Case
15589,Susie Q
15765,Jupiter's Thigh
15772,It's Tough for Everybody
15785,Chronicle of a Death Foretold
15959,Only a Woman
15967,Music in the Blood
16059,Bleach - The Movie
16111,One Piece: The Movie 4
16113,One Piece: The Movie 6
16114,One Piece: The Movie 7
17326,Sartana Kills Them All
17349,"Alice, Sweet Alice"
17475,A World Without Thieves
17588,Berlin 36
18046,Top Jets - Angriff aus den Wolken
18070,Merlin: The Return
18559,Uncle Vanya
19484,The Blood of a Poet
19514,Tea in the Harem
19585,The Hitcher II: I've Been Waiting
19932,Factor 8
20139,Silent Wedding
20164,U-Boat
20253,Attack on Devil??s Island
20255,Island of Lost Souls
20328,Decalogue VI
20475,The Nun
21052,Me Too
21183,Tale 52
21469,The Concert
21480,Meet the Elisabeths
21482,Queen to Play
21513,Series 3
21751,Smokey And The Bandit III
21781,Kolpa??ino: Bir sehir efsanesi
21787,Cyber Seduction: His Secret Life
22028,A Millionaire's First Love
22186,Demons
22617,The Joshua Tree 
22998,Ashes from the Sky
23283,Dogtooth
24795,The Leisure Hive I
24958,Commando Deep Sea
25018,Anvil - The Stoy of Anvil
26146,Don't Forget You're Going to Die
26256,Leonard 6 
26598,Magic Journey to Africa
26715,Everlasting Moments
26719,Fat People
27044,33 Scenes from Life
27048,Civil Courage
27139,Just Before Nightfall
27185,Romy and Michele: In the Beginning
27347,In the Shadows
27358,The Swissmakers
27423,Wild Grass
27594,Dragon Trap
27623,Man in the Grey Flannel Suit
27623,Man in The Gray Flannel Suit
27775,The Fourth King
27836,Breakdance 2
27844,Dance Party USA
28182,A Simple Noodle Story
28184,To Hell with the Ugly
28607,Sewage Baby
29449,The Swimsuit Issue
29457,Fly Boy
29759,Mia and the Millionaire
29940,Claws
29940,Killer Grizzly
30323,The 7th Voyage of Sinbad
30428,Murder in Greenwich
30833,Category 6: Day of Destruction (Part 1)
30835,I'm Here 
31049,Unlikely Hero
31367,Curse of the dead
31367,Curse of the living dead
31367,Operation fear
31449,"Incredible Transplant, The"
31468,Mermaid Chronicles Part 1: She Creature
32106,Fooly Cooly
32106,Furi Kuri
32220,Mystery Kids
32662,The Other Boy
32673,Dearest Mother
33143,The Man Who Sold Himself
33220,The Kingdom
33375,Reaching You
33444,Rocket's Red Glare
33627,Ouran High School Host Club
33829,The Final Game
33910,The Wall
33937,Hands Up
33986,A Better Tomorrow 3
33986,A Better Tomorrow III
34183,Daddy's Dyin': Who's Got the Will?
34245,Boogeyman 2
34245,Boogeyman II
34306,Life Begins Today
34800,4bia
34824,Emanuele 3
34824,An Erotic Journal of a Lady from Thailand
34824,Carnal Times in Thailand
34825,ffolkes
34861,Grandmother
35060,The Old Maid
35271,Marvel's Man-Thing
35350,Man at Bath
35352,Little Paradise
35353,At Ellen's Age
35386,White White World
35451,SS Girls
35468,The Lady of the Camellias
35589,The Hellfighters
35592,Veronika Decides to Die
35652,Wasted!
35876,The Diary of Carlota
35986,Association of Wrongdoers
35987,The Bumblebee
35996,Special Police
36304,All the Colors of the Dark
36752,The Colossus of Rhodes
36861,Love Crime
36876,The Clink of Ice
36942,Sexy Sisters
36984,Corridor
37036,Lightning: Bolts of Destruction
37075,My Quick Way Out
37140,Fair Is Fair
37244,Hunger: Addicted to Love
37270,The Silent House
37437,Long Dark Kiss
37543,Red Alert
37927,Baby Love
37931,The Red Room
38130,The Angel of the Night
38175,The Virgin of Nuremberg
38244,Who Wants to Kill Jessie?
38300,G:MT ?? Greenwich Mean Time
38309,One Swallow Brought Spring
38339,Gregoire Moulin vs. Humanity
38352,The Last Man Alive
38353,Sean Dillon
38358,The Web of Death
38362,Someone Like Hodder
38406,Max Havoc: Ring of Fire
38444,Chronicle of Poor Lovers
38477,Catch that girl
38489,The Great Yokai War
38530,Harbingers in a Fountain
38530,Harbinger in a Fountain
38556,My Girlfriend Is an Agent
38602,The Mandrake
38658,Blessed Are Those Who Thirst
38666,The Robber Hotzenplotz
38692,Shadowless Sword
38708,Samurai Resurrection
38713,Shadows of Time
38714,The Black Panther of Ratana
38727,Fearless Hyena Part II
38834,Waterhole No. 3
38853,Anything You Want
38892,Withnail and I
39050,Naked Killer
39185,The Girl on the Ocean Floor
39344,Bold Heroes
39495,La situation est grave?? mais pas d??sesp??r??e
39516,I Killed Rasputin
39552,Near Misses
39558,Eyeball
39610,Ursule and Grelu
39694,Killer Angels
39782,God's Thunder
39976,Damnation
40036,A Frozen Flower
40969,Untitled Freddie Mercury Biopic
40969,Untitled Sacha Baron Cohen Project
41220,A Generation
41221,Execution Squad
41235,The Fifth Day of Peace
41388,Tommy and the Wildcat
41391,Au Revoir Taipei
41415,Who Cares: Anatomy of a Delivery Boy
41442,Kidnap Syndicate
41489,One Woman's Lover
41524,Only Fun in Bullerby Village
41699,From Beginning to End
41830,Heroes
41989,The Big Hit of Surcouf
41991,Clash of Steel
41999,Agent X-77 Orders to Kill
42058,Devil Hunter
42078,Between Yesterday and Tomorrow
42092,Julia's Eyes
42133,Hot Dogs on Ibiza
42170,The Wonderful Day
42213,Island of the Fishmen
42287,Five Minarets in New York
42347,Trapped: Buried Alive
42348,Get Smart's Bruce and Lloyd Out of Control
42349,Moonlight and Valentino
42382,The Dead Are Alive
42481,The Burning Soil
42482,Castle of Sand
42490,"I Was Born, But..."
42662,Trashes the World
42681,Treasure Island (1966 miniseries)
42692,Queen of the Vampires
42740,The Prophecy: Forsaken
42975,Women vs. Men
43031,Livid
43047,When Santa Fell to Earth
43242,Cardio-Funk
43444,The Girl with the Pistol
43444,The Girl With a Pistol
43444,Girl With A Pistol
43730,Timecop 2: The Berlin Decision
43775,Little Crumb
43811,The Yes Man
43987,The Buddenbrooks
43997,The End of War
44142,When Women Were Called Virgins
44228,Distant Journey
44303,Zorro and the Three Musketeers
44473,Bleach: The Hell Verse
44490, Kung Fu Killer 2
44642,As Far as Love Can Go
44643,Sophie's Ways
44738,The Fatherless
44739,Bullhead
44741,Free Man
45098,The Last Snows of Spring
45230,Deadly Companion
45491,The Turin Horse
45541,In Your Absence
45713,Every Man for Himself
45879,A Bridge of Dragons
45939,In This Tricky Life
46092,The Sentiment of the Flesh
46260,Flying Fish
46267,Crazy Jungle Adventure
46380,Inn of the Sinful Daughters
46583,Liebesspiele junger M??dchen
46620,A mort l'arbitre
46819,God's Police Patrol
46869,After Dusk They Come
46887,Caged Women
46903,Blue Rita
47002,Miracles Still Happen
47003,Wings of Hope
47016,Gamera the Brave
47074,Hatsukoi: The 300 Million Yen Incident
47191,All of a Sudden
47207,Best of the Best II
47446,The Girl from Monaco
47626,Love Ghost
47687,The Flat
47785,Ao: The Last Hunter
47870,Legend of the Fist: The Return of Chen Zhen
47896,Viper
48095,Winning Streak
48105,12 Winter
48123,Mr. Majestyk
48140,Quest for a Heart
48141,The Comb (From the Museums of Sleep)
48395,Alien vs Ninja
48884,Super Sweet 16: The Movie
49413,Bohachi Bushido: Code of the Forgotten Eight
49489,U.S. Catman: Lethal Track
49586,Emmanuelle's Magic
49631,F-117 A Stealth-War
49837,True Legend
50022,Hallmark Hall of Fame: Front of the Class
50326,The Gleiwitz Case
50375,Footnote
50377,Once Upon a Time in Anatolia
50385,The Kid with a Bike
50690,The Dragon Lives Again
50694,"Glenn, the Flying Robot"
50763,Omar Killed Me
51048,The Woman with a Broken Nose
51821,Showdown in Mexico
52030,Death of a Corrupt Man
52255,Ninja Resurrection
52294,Don't Look Down
52314,Kalevete - Rabies
52804,The Falling
52865,Priest of Evil
52923,Sexual Witchcraft
53030,"Mahuliena, Golden Maiden"
53281,Chameleon III
53522,College Animals 4
53529,The Prince and Me 3: A Royal Honeymoon
53673,The Moment to Kill
53687,Strange gardens
53783,The Seashell and the Clergyman
53793,Prince Charming
54195,Detective Conan: The Lost Ship in the Sky
54199,Getting Any?
54200,Secret Reunion
54257,Female Prisoner Scorpion: #701's Grudge Song
54573,Nine Guests for a Crime
54590,The Two Faces of Fear
54786,Web of the Spider
54787,Dream of a Summer Night
54801,Skandal in Paris
54806,Lost in Siberia
54807,Hut in the Woods
54896,The Silent Stranger
55195,Up to His Ears
55338,Song at Midnight
55338,????????????
55338,Ye ban ge sheng
55338,Midnight Song
55343,Oasis of Fear
55348,The Double
55354,In the Eye of the Hurricane
55496,Sick Nurses
55815,Billy Chan
56012,Space Dogs
56101,Marie X
56322,Rape: For Real
56322,Lustmord
56502,Underworld Beauty
56505,Pistol Opera
56510,Close to Heart
56850,Baywatch: Hawaiian Wedding
57106,Female Prisoner: Cage
57224,Fear of Fear
57233,Horror Of A Deformed Man
57297,"Heart of Sky, Heart of Earth"
57513,"Wer's glaubt, wird selig"
57614,"Happy, Happy"
57661,The Shattered Dream of Inge Brandenburg
58319,A Father's Son
58381,The Way to Live
58572,Zombies
58572,Voodoo Blood Bath
58601,Lapland Odyssey
58754,The Shark Hunter
58762,Chinese Take-Away
59051,Night of the Serpent
59095,The Wild Eye
59490,Juve vs. Fant??mas
59492,Fant??mas vs. Fant??mas
59527,Afghanistan - The Last War Bus
59530,Thunder Warrior III
59550,Treasure of the Four Crowns
59690,Dark Highway
59780,Ten Tigers from Kwangtung
59936,The Fuhrer Gives a City to the Jews
59959,The Jester's Tale
60148,The Black Hand
60334,The Wannsee Conference
60744,"Engaged, Part 2"
60958,Road House 2
60991,Robin and the Seven Hoods
61120,Childish Games
61185,The Girl with the Hat Box
61231,Blue Salt
61231,Hindsight
61356,Lemonade Joe
61451,Jayne Mansfield??s Car
61634,Run Sister Run!
61705,The Revenge of the Whore
61757,Conspirators of Pleasure
61759,Little Otik
62378,Rent-a-Cat
62759,Mistress of the Devil
62890,Hidden Assassin
62901,Boogeyman 3
63001,Rapturepalooza
63024,The Woman in Black: Angel of Death
63024,The Woman in Black 2: Angel of Death
63024,The Woman in Black 2: The Angels of Death
63271,Reported Missing
63280,Nothing But the Beat
63443,3096
63443,3096 Days
63840,A Quiet Life
64118,A Tale of the Wind
64208,The Postman Strikes Back
64245,Tamami: The Baby's Curse
64273,A War Named Desire
64369,The Prefab People
64441,Kermit's Swamp Years
64614,The Hidden Face
64756,Robinson and His Tempestuous Slaves
64759,Lunacy
64820,Pastoral: To Die in the Country
65286,"The White, the Yellow, and the Black"
65286,Shoot First... Ask Questions Later
65311,All American Orgy
65494,Sans Voir (Part I)
65834,Flamenco Flamenco
65862,Adventures in Zambezia
66159,The Chronicle of Anna Magdalena Bach
66426,Chess Fever
66471,Wolf's Hole
66591,My Sweet Little Village
66659,Innocent Sorcerers
66666,Case for a Rookie Hangman
66686,The Alienist
66901,The Hottie & the Nottie
67050,Mercy Mission - the Rescue of Flight 771
67197,Two English Girls
67424,So Long
67876,How Tasty Was My Little Frenchman
68060,Naked Seven
68579,One Summer of Happiness
68649,The Girl from Flanders
69112,Run Boy Run
69445,Bushido
69446,Who Saw Him Die?
69543,Raining in the Mountain
69618,Hercule et Sherlock
69618,Herkules & Sherlock
69618,Herkules and Sherlock
69737,Cristiano's Shirt
69934,Captured
70021,The 800 Heroes
70452,Bremen Freedom
70622,Air Bud 4
70632,Last Page
70703,Out of the Darkness
70902,Utamaro and His Five Women
71068,Dancing Girl
71266,The Secret Wounds
71267,Dragonwasps
71352,Je Tu Il Elle
71803,The False Faces
71893,How Is It Going?
72020,Wind from the East
72041,The Desert of the Tartars
72464,A Whistle in My Heart
72469,Late Chrysanthemums
72854,Kali: Part I
73259,Mini Macho
73421,Terry Pratchett's Going Postal
73449,Young & Beautiful
73837,Marco Polo - Part 1
73837,Marco Polo - Part 2
75576,On My Way
76105,Not My Day
76182,Farewell and Take Care
76625,In Order of Disappearance
77518,Lumber Kings
79607,Superegos
79714,The Hussy
79714,An Impudent Girl
80633,Crescent City: Part 2
81044,Fair Winds and Following Seas
81595,The French Minister
81632,Sleepless Night
81682,There's No Place Like Home
82076,Oh Don't You Die For Me
82172,Bending the Rules
82172,The Rule of Accident
82913,Jet Lag
83049,The Lion Woman
83539,Paula's Secret
83656,The Blind Spot
83797,The Misplaced World
84040,24/7: The Passion of Life
84459,'A' is for A-l-i-v-e
84661,Unter Verdacht
84661,Grauzone
84663,I'm Off Then
84673,Gate of Hell
84903,The B??lier Family
85048,Paris Express
85400,Franny
85951,The Fair
86267,Dark Eyes
86356,"Father, Mother and Nine Children"
86385,Happy as One
86505,Chronicles of the Gray House
86531,The Emigrants
87193,The Flowers of Yesterday
87721,Civil Wars (2)
87993,Genealogies of a Crime
88443,X Plus Y
88443,A Brilliant Young Mind
88463,The Last Fight
88834,The Last U-Boat
89122,The Hand-Off
89840,D'Artagnan and the Three Musketeers
90261,War of the Arrows
90274,The Last Break
90286,Searching for the Truth
90293,Chasing Yesterday
90294,Sharing Traditions
91273,The Inhabited Island
91540,Triplets on Board
91709,Captain Sabertooth and the Treasure of Lama Rama
91975,The Three Musketeers 
92063,Stella and the star of the Orient
92184,Der Athen Krimi - Trojanische Pferde
92437,Crooks in Clover
92475,The Salesman
92475,Seller 
93381,The Third Generation
93384,Cow Hard
93669,Die Opfer ?? Vergesst mich nicht
94163,"Pilot, Part 1"
95578,Ali Baba and 40 Robbers
96398,...And the Woman Clothed with the Sun
96416,Die Vampirschwestern 3 ?? Reise nach Transsilvanien
96990,Tatort: Wir ?? Ihr ?? Sie
97149,Even Cowgirls Get the Black and Blues
97240,...And the Beast from the Sea
99188,The Marquise of O
100635,Dead Tone
101158,The Dovekeepers (1)
101158,The Dovekeepers (2)
101828,Memories of the Sword
102856,Doctor Proctor's Fart Powder
103645,Bye Bye Germany
104624,Best Laid Plans
106402,Beware of the Young Girls
106918,The Cost of Freedom
107180,My Desire Is Only for the Chief
108552,House of Horrors
109328,Rite of Passage
109329,Two Days in November
109337,Hunting Monsters
109346,The Fugitive Part 1
110323, White Matter & the Ways Back
110351,Under the Family Tree 
111282,Saturday Morning
111799,C'est la vie!
111800,The Ancient Law
112290,Transformers Prime: Beast Hunters - Predacons Rising
112315,The Pig
112499,Entebbe
112530,Fire Will Never Say that It Has Had Enough
112704,"Your Knife, My Back. My Gun, Your Head."
112707,Unfolded by the Water Are the Faces of the Flowers
112968,The Neighbour
113183,On the Other Side of the Bridge
113183,For All Eternity
114191,Legion of Superheroes
115859,Cutie Honey: Tears
116161,Three man and a leg
116440,Men Don't Cry
117025,Islands (Part 1)
117431,"Though the Fish is Well Salted, the Maggots Crawl"
117511,Voyage of the Unicorn - Part 1
117511,Voyage of the Unicorn - Part 2
117618,The Magical Legend of the Leprechauns - Part 1
117618,The Magical Legend of the Leprechauns - Part 2
117740,The Old Man and the Gun
117841,To Walk Invisible: The Bronte Sisters 
117967,The Man with the Iron Heart
117967,Killing Heydrich 
118056,Ask Me If I'm Happy
118147,Season's Beatings
118166,Falling for Love
118491,The Hit List
118656,A Song for Mia
118696,The Murer Case
118760,boXed
118958,"Sex, Pity and Loneliness"
119450,Sink or Swim
119716,"O Come, All Ye Faithful"
120052,The King Of Swords
120394,Allmen and the Mystery of the Dahlias
120638,The Big House: Part 2
120837,The Lynching
124099,Devil's Bargain
124622,Smokescreen (2)
127813,Debbie Macomber's Dashing Through the Snow 
129084,Secret in the Mountain
129509,Ua ??eha ka ??ili i ka maka o ka ihe
130028,Stephen King's Doctor Sleep
130278,Nip/Stuck
130349,The Prince and Me 4: The Elephant Adventure
130349,The Prince & Me 4: Royal Adventures in Paradise
131112,Assassination Classroom
134871,The Cockbite
137541,"A 'ohe ia e loa'a aku, he ulua kapapa no ka moana"
138558,And Tomorrow the Entire World
138753,3 on a Match
139370,Fortune Favors the Brave
139849,Little White Lies 2
140776,To See the Sea
140897,Aren't You Happy?
141502,Another Round
141864,Boys Cry
141979,La Prochaine fois je viserai le c??ur
142512,"Lou Andreas-Salom??, The Audacity to be Free "
143080,The 4 Horsemen of the Apocalypse 
143889,Let the Girls Play
144129,How to Be Really Bad
144700,A Bet's A Bet 
144978,My Little Sister
145626,Hidden Reserves
146195,Double Trouble and the Magical Mirror
146250,'Gung Ho!': The Story of Carlson's Makin Island Raiders 
146254,Brainwashed
146373,Of Gods and Warriors
146589,Hello Janine!
146658,Parisienne
146704,The Decline
146764,Another Christmas Coincidence
146885,The Man from Majorca
147850,Beno??t Brisefer: Les taxis rouges
149058,Vincent-N-Roxxy
149361,C'est la vie
149451,Sweetheart
150390,The Fall of the American Empire
150993,Mariage blanc pour tous
150995,Darkness Fell on Gotenhafen
151880,A Night of Horror: Volume 1 
152041,I Am Your Man
152041,I'm Your Man
152781,Les Trois Fr??res: Le retour
153549,Operation Drano (1)
153550,Operation Drano (2)
155118,The Fish Fall in Love
155118,When Fish Fall in Love
155118,The Fishes Fall in Love
155228,The Components of Love
155765,Within the Limitations
155790,Things Heard and Seen
157642,It's Morbin' Time!
157642,Mighty Morbin Vampires
157642,morbussy
158350,Mortal Kombat 9
158742,Delete History
158942,Happy Ends
158950,The Uncertainty Principale
161051,Spider's Web
162947,Fear Street Part 2: 1978
164395,Viy 2: Journey to China
165744,Free Country
167060,The Leisure Hive III
167181,Meglos II
167213,The Tales of Hoffmann
167292,Meglos III
167707,Charlotte Link ?? the series
171918,Grass Stains
171920,The Translators
171935,Beware of Children
172676,The Audition
173629,Munich: The Edge of War
174531,The Line
175096,100 Days of Napoleon
179686,Paradise Towers III
181459,Quiet Days in Clichy
181538,Deliver Us From Evil
186972,Romeo and Juliet in the Snow
187004,Valley of the Dead
188194,The Bride
189159,The Book of Johns
189594,Ramstein - The Pierced Heart 
189718,Spy Today
189718,"Spy Today, Die Tomorrow"
222,Berlin: Symphony of a Metropolis
516,The Man Behind Glass
992,"Sherlock, Jr."
1488,Mongolian Ping Pong
1679,Godzilla Raids Again
2132,Peroxide Blonde
2335,T4xi
2381,L??nine ?? Paris
2381,Lenin in Paris
2389,The Return of Monte Cristo
2393,The Boat on the Grass
2692,The Red Elvis
2805,Tears of the Black Tiger
2816,Tatort ?? 3 x schwarzer Kater
2817,Same Old Song
2823,The Peace in Your Sad Eyes
2991,Diary of an Erotic Murderess
2991,Perversione
3002,The lost World: Land of the Apes
3026,Experiment in Evil
3026,The Doctor`s Horrible Experiment
3026,The Horrible Doctor Hitchcock
3026,The Testament of Doctor Cordelier
3028,Jekyll and Hyde... Together Again
3115,Godzilla vs. the Sea Monster
3160,Frankenstein Conquers the World
3166,Frankenstein Meets the Space Monster
3397,And Along Come Tourists
3418,Death Watch
3427,Max and the Junkmen
3581,Raw Meat
4113,Beef and the Banana
4243,The Heart Is a Dark Forest
4285,After Five in the Forest Primeval
4435,Ashoka the Great
4435,????????
4435,A??oka
4435,Samrat Ashoka
4465,Anna's Mother
4537,FBI Operation Pakistan
4683,Such a Gorgeous Kid Like Me
4786,Rude and Corny
4839,Love Life
4887,Takva - A Man??s Fear of God
5071,The Crazy Stranger
5071,The Crazy Stranger (Gadjo Dilo)
5443,Idiot Love
5589,????len?? smutn?? princezna
5632,The forger of London
6010,Charley??s Tante
6108,The Lacquered Box
6160,The Burned Barns
6176,Venus's trap
6179,The Longing
6416,Runaway Horse
6470,Fire Birds
7312,A Boy in the Tree
7349,Freddy and the Millionaire
7502,Mutants
7508,Stars on Earth
8048,When Women Lost Their Tails
8277,American Pie 6: Beta House
8286,The Unfaithful Wife
8332,Antibodies
8340,Turtles can fly
8351,Beautiful Memories
8416,The Conformist
8420,...And God Created Woman
8443,Lower City
8854,Steel Man
8883,Flame & Citron
8891,10 Seconds
9088,The Little Polar Bear 2: The Mysterious Island
9307,Never Ending Story 3
9307,The NeverEnding Story III
9579,Wild Chicks and Life
9629,Winnetou and Old Firehand
9733,Scenes from a Marriage
9789,My Brother Is an Only Child
10042,WIthIN
10146,Men...
10232,Shadow of Angels
10363,Purple Noon
10626,The Captain from K??penick
10768,Omen III: The Final Conflict
10768,The Omen III: The Final Conflict
10768,Omen 3 - The Final Conflict
10812,Silly's Sweet Summer
10814,Impy Superstar - Missione Luna Park
10848,Happiness Costs Nothing
11088,The Heist
11130,The Princess Diaries 2
11134,Police Story 3
11447,The Son's Room
11464,Code of the Templars
11482,The Tenant
11514,NVA
11580,Don Camillo: Monsignor
11666,Life Love Death
11674,Disney's 101 Dalmatians
11675,Halloween H2O: 20 Years Later
11687,Les Visiteurs - Ils ne sont pas n??s d'hier
11687,The Visitors
11717,The Parallel Corpse
11796,The Hairdresser's Husband
11813,Soldier of Fortune
11862,Father of the Bride Part 2
11915,Never Play Clever Again
12093,Lilya 4-ever
12097,Pippi Longstocking
12152,The Neverending Story 2
12266,Strange Affair
12638,Kill Cruise
12692,Crazy About Paris
12775,Flesh+Blood
12817,The Forester of the Silver Wood
12939,Cash Truck
14556,A Secret
14577,Jerome Bixby's The Man from Earth
14779,Y.P.F.
14816,Heat Wave
14831,The School Trip
15445,No Tell Motel
15744,Terror at London Bridge
15744,Arizona Ripper
15774,One Two Two
16101,Scrambled Eggs
16110,One Piece: The Movie 3
16186,Terror at the Opera
16218,Shoe at Your Foot (Jusqu'?? toi)
16261,Mummy in the Maze 
16274,Man in the Outhouse
16919,For a Moment
17347,Werckmeister Harmonies
17355,Deadly Is the Female
18466,Vision ?? From the Life of Hildegard von Bingen
18656,The Woman Alone
18933,Phase Four
19502,Laura's Star and the Mysterious Dragon Nian
20020,The Curse of King Tut's Tomb Part 1
20020,The Curse of King Tut's Tomb Part 2
20145,What No One Knows
20285,The Nest
20291,A Real Life
21289,ZoopIndia
21317,Nobody to watch over me
21320,Draft Dodgers
21481,The Happiest Girl in the World
21606,Allemagne 90 neuf z??ro
21797,The Extraordinary Adventures of Ad??le Blanc-Sec
21863,Klemperer ?? Ein Leben in Deutschland
22846,Here and There
22996,Four of the Apocalypse
23066,Cold Prey
23115,The Strange Vice of Mrs. Wardh
23128,Murderous Intent
23133,Demoniacs
23133,Curse of the Living Dead
23696,I Am a Tree
23709,Wishin' and Hopin'
25019,Cannibal Terror
25054,Black Belly of the Tarantula
25412,Nature Unleashed: Tornado
25581,Escuadr??n
25674,Otto Fiction
26272,Beings
26652,The Day of the Triffids (1)
26652,The Day of the Triffids (2)
26991,God of Gamblers Returns
27035,The Dark House
27138,The Road to Corinthe
27195,The Shock Labyrinth
27311,Sexmission
27324,My Best Enemy
27512,Martha: Behind Bars
27556,Another Bullshit Night in Suck City
27805,The Balibo Conspiracy
27823,Palermo or Wolfsburg
28139,A Fate Totally Worse Than Death
28188,Caterpillar
28193,The Hunter
28291,Eyes Wide Open
29230,Inside Paris
29451,The Stolen Years
29451,Barbaric Years
29520,The Last Seduction
29761,Fruit of Paradise
30274,Black Venus
30613,14 Blades
30637,The Barrings
30902,The Shepherd
30958,The Brotherhood II
31101,Trophy Wife
31190,Dazzle
31222,Valerie and Her Week of Wonders
31470,NYC: Tornado Terror
31566,The Secret of the Arch
31912,The Army of Crime
32305,The Sandman and the Lost Sand of Dreams
32665,The Prince & Me II: The Royal Wedding
32671,Cutlet for Three
32672,Corky Romano: 'Special' Agent
32672,Who Is Corky Romano?
32753,The Adventures of Tintin
32785,The Hunt for the BTK Killer
32796,Maya the Honey Bee
33649,A Tale of Springtime
33764,F for Fake
33782,Time of Eve
33968,Color of the Ocean
34385,Lost Boys: The Tribe
34595,Thor the Conqueror
34610,The Demons
34779,The Tender
34782,Plato's Academy
34900,Fatal Lessons: The Good Teacher
34966,Distance
34974,Solar Attack
35102,Gangster's Paradise: Jerusalema
35109,Time to Live
35136,Diary of a Shinjuku Thief
35270,Joanne Lees: Murder in the Outback
35397,The Crocodiles - All for one
35452,Women's Camp 119
35651,Seven Blows of the Dragon
35732,Cracks in the Shell
35745,The Night Is Young
35758,The Prophecy - Uprising
35812,Creatures from the Abyss
36011,A Man Named Rocca
36064,The Parent Trap IV: Hawaiian Honeymoon
36075,Weekend at Dunkirk
36088,Breathing
36167,Blazing Flowers
36222,Cargo 200
36275,The Decameron
36312,Biggles - Adventures in Time
36391,Evil Eye
36554,Girl with a Suitcase
36648,Twigson
36688,Love in 3-D
36830,Vengeance
36846,What War May Bring
37010,Terror Train
37034,The Last Breath
37046,The Thundering Mantis
37156,The Legend of Doom House
37315,Two Times Lotte
37345,"Naples Connection, The"
37345,"Smuggler, The"
37567,The Hidden Fortress
37622,Alex & Emma
37645,Summer of the Colt
37649,A Serbian Film
37740,Disciples of the 36th Chamber
37772,Change of Plans
37861,Diary of June
37885,Ol?? !
37886,The Divine Weapon
37896,Do You Like Hitchcock?
37928,Up Your Anchor
37958,The Sea Pirate
38126,Rebellion
38163,The Left Hand of the Law
38164,R.L. Stine: Mostly Ghostly
38173,Seven Golden Men Strike Again
38189,Garuda
38195,Act of Love
38245,Magma: Volcanic Disaster
38310,The Tomb
38458,A Pain in the Ass
38535,Tough Man in the Tender Chicken
38600,Bad Girls Don't Cry
38604,I Will Walk Like a Crazy Horse
38610,Celine and Julie Go Boating
38624,Pom le poulain
38665,Massacre in Rome
38704,Samurai Commando: Mission 1549
38715,SOS: Summer of Suspense
38779,Tube
38815,Fragments
39079,A Serious Shock! Yes Madam!
39079,Death Triangle
39079,Yes Madam' 92: A Serious Shock
39407,Giacomo Casanova: Childhood and Adolescence
39500,War Is Hell
39533,Four Black Suits
39653,Beastmaster 2: Through the Portal of Time
39740,The Wicked City
39914,Omert??
39970,Gu ling jie shao nian sha ren shi jian
39970,A Brighter Summer Day
40469,Fear and Trembling
40570,Violated Angels
41234,Man on Horseback
41385,The Butterfly Lovers
41440,Puzzle
41456,Conversation Piece
41477,The Comics 2
41525,The Children of Noisy Village
41540,Three Quarter Moon
41701,New York: November
41773,Gang War in Naples
41798,Forest of the Hanged
41800,Stephen the Great - Vaslui 1475
41824,Stars to Wish Upon
41857,A Day to Remember
41988,A French Woman
42026,Blind Man's Bluff
42055,Stomp the Yard: Homecoming
42068,Blue Belle
42091,Death Walks on High Heels
42131,Who Is That Splashing in the Mediterranean?
42172,Dr. Akagi
42216,Beautiful Women
42300,Now Where Did the 7th Company Get to?
42448,Bad Luck
42655,On Tour
42679,The Sky Calls
42770,The Fourth State
42844,Flowing
42892,Second Chance
42894,A View of Love
42970,Dracula's Daughter
43001,The Idiot
43439,Cross Shot
43461,Basilisk: The Serpent King
43484,Girl Can't Help It
43739,The Man in the Raincoat
43924,Beethoven's 5th: Big Paw
44034,Anita: Swedish Nymphet
44034,Anita: The Shocking Account of a Young Nymphomaniac
44141,"Helen, Yes... Helen of Troy"
44168,Return of the 38 Gang
44184,Cloistered Nun: Runa's Confession
44296,The Nephews of Zorro
44667,The Adventures of Pinocchio
44699,Mothers
44745,Love Likes Coincidences
44832,WarGames: The Dead Code
44832,Wargames 2: The Dead Code
44832,War Games 2: The Dead Code
45075,Watch Me When I Kill
45352,The Girl Who Knew Too Much
45414,Horror Vision
45748,Scene of the Crime
45870,5 Days of War
45870,Five Days of War
46038,Cup Final
46398,The Foster Boy
46483,Deported Women of the SS Special Section
46786,Totally True Love
46788,Nero and Poppea - An Orgy of Power
46868,The Wheel
46898,Downtown
46963,Popcorn & Paprika
46988,Black Magic
46989,Hell Behind the Bars
47011,Gamera vs. Jiger
47022,Martial Law 2: Undercover
47199,Mosquito the Rapist
47239,Dr. Dolittle: Tail to the Chief
47457,The Haunted School
47485,The Delinquent
47612,Oshikiri ?? The Strange Story
47700,Yukinoj?? Henge
47700,Revenge of a Kabuki Actor
47700,An Actor's Revenge
47730,Inner Senses
47986,My Father Is a Cleaning Lady
47990,The Well-Digger's Daughter
48082,Karen Cries on the Bus
48309,Iron Lord
48422,Megastorm
48729,Fr??ulein Devil
49001,Russian Disco
49002,Every Other Weekend
49473,The Blood Spattered Bride
49493,Thunder Kids 2
49493,Thunder-Kids 2
49493,Thunder Kids 2: Wonderful Mission
50190,Joy of Learning
50433,To Rob a Thief
50447,Antigone
50684,Ninja in the Dragon's Den
50705,"Throw Away Your Books, Rally in the Streets"
50934,The Miracle Fighters
51487,City Under Siege
51809,Striped Trip
51955,A Difficult Life
52400,Dragon Head
52483,I Was Nineteen
53041,Braving Alaska
53674,Time of Vultures
53780,A Town of Love and Hope
53966,Devil was an Angel
53966,Colt in the Hand of the Devil
53971,22nd of May
53989,Sex & Zen 4
54115,Demon City Shinjuku
54126,These Are the Damned
54430,The Night of the Damned
54564,Neapolitan Mystery
54770,Battlestar Galactica: The Resistance
54991,Johnny Hamlet
55330,Hate 2 O
55542,Innocence Unprotected
55543,"Love Affair, or the Case of the Missing Switchboard Operator"
55573,The Living Dead Girl
55781,The Turkish Wizard of Oz
55783,The Executioner
55799,Panic Beats
55814,Savage Wolf Pack
55817,Surprise Sock
56001,Angels with Burnt Wings
56178,I Am Waiting
56223,Qi??n L?? Z??u D??n Q??
56223,Riding Alone for Thousands of Miles
56229,Django Kill
56410,Birthright
56554,The Salt in the Wound 
56687,Vanished
56846,Jeff Gordon
56989,Disaster Zone: Volcano in New York
57602,Dorothy and the Witches of Oz
57849,Sailor Moon S: The Movie
57862,An Ideal Husband
58080,Remembrance
58214,Pecos Cleans Up
58230,The Past
58261,Love in the Big City
58817,Night of the Sorcerers
58835,Good Will Evil
58837,Rainbow Eyes
58864,Stupid Mama
58933,Mrs. Miracle 2: Miracle in Manhattan
58947,Wedding in Bessarabia
58974,Oba: The Last Samurai
58974,Codename: Fox
58974,Battle of the Pacific
59041,Howls For Sade
59208,Missing Brendan
59208,Holding Out Hope
59246,Two Men and a Wardrobe
59250,When Angels Fall
59498,Mid-August Lunch
59556,"Bizarre, Bizarre"
59735,Kid with the Golden Arm
59826,The Secret of Captain O'Hara
59886,Blood Will Tell
60100,Gantz: Perfect Answer
60244,The Battle of Algiers
60735,MVP: Most Valuable Primate
60956,13 Hrs 
60999,Count Tacchia
61076,Playmates
61085,In Her Dress
61112,Who lasts longer
61206,Sound of Horror
61473,Love Letters Of A Portuguese Nun
61660,A Class to Remember 
62225,Under the Salt
62581,Alexander the Great
62642,The Girlfriends
62704,Demons in the Garden
62897,7 Days in Havana
62954,Killing Point
63027,About Face
63195,Then came Lucy
63343,Halfway
63491,Cosmos: War of the Planets
63493,Battle of the Stars
63668,Svatohor
63918,The Record Observer
63939,One Human Minute
63978,Rampage at Apache Wells
64082,White: Melody of Death
64141,Daleks ?? Invasion Earth: 2150 A.D.
64299,Fallen Heroes
64493,"The Pendulum, the Pit and Hope"
64763,Kawa
64765,Come as You Are
64785,Throw Down
64900,The Goalkeeper's Fear of the Penalty
65246,"Birds, Orphans and Fools"
65382,Au Pair 3: Adventure in Paradise
65539,Roads to the South
65573,Flesh Eaters from Outer Space
65587,The Ghost
65725,Games Gamblers Play
65726,The Contract
65727,Security Unlimited
65728,The Last Message
65743,The Horrible Dr. Hichcock
65881,The Ark of the Sun God
65961,The Crucible
66216,Variety
66354,The Path to the Past
66421,Wild Rebels
66538,The Little Mermaid
66673,A Report on the Party and the Guests
66855,Target for Killing
66879,Dodging the Clock
67042,The Brooklyn Brothers Beat the Best
67154,Battle in Outer Space
67360,The Last War
67502,Capturing Reality
67599,The First 9?? Weeks
67661,San tiao ren
67664,Kilink: Strip and Kill
67664,Killing: Strip and Kill
67927,Cristiada 
68215,Mom's on Strike
68551,Dead Woman from Beverly Hills
68592,The Seven Deadly Sins
68917,Gorilla's King
69090,Terror at Red Wolf Inn
69622,Restless
69880,Irezumi
69913,Vampire Seduction
70506,My Way
70531,Prehistoric Women
70633,The Saint's Girl Friday
70638,Bad Blonde
70638,The Woman Is Trouble
70754,Tank Force
70906,The Seven Tasks of Ali Baba
70914,Mark Strikes Again
71010,Black Mic-Mac
71355,Anna's Meetings
71439,What Am I Doing in the Middle of the Revolution
71874,Blackout - Part 1
71874,Blackout - Part 2
72370,Twilight Phantom
72438,Antonio Gramsci: The Days of Prison
72517,Birds of Prey
72558,Practice Makes Perfect
72558,The Skirt Chaser
73122,Beastmaster III: The Eye of Braxus
73472,Close Friend
73956,God Mode
75210,Home from Home
77525,The Hundred-Year-Old Man Who Climbed Out the Window and Disappeared
77525,The 100-Year-Old Man Who Climbed Out the Window and Disappeared
78087,Aunt Julia and the Scriptwriter
79000,That '70s Show
82448,The Connection
82456,Tales from the Golden Age
82629,Madame Nobel
82892,Gentlemen in White Vests
83050,In the Fade
83287,Into the Black
83500,We Are Young. We Are Strong.
84212,Things You Can't Outrun
84364,Me & Earl & the Dying Girl
84723,Children of Sarajevo
85007,Dungeons & Dragons 3: The Book of Vile Darkness
85017,Kings and Queen
85352,King in Shadow
85662,Not All Were Murderers
86217,Miss Me x100
86396,False Freedom
86422,Blood Surf
86520,"I Just want live, train 8017 last stop"
88790,The Wagner-Clan
90275,The Painter
90276,Legacy
90278,If Perhaps
90283,Not Forgotten
90538,A Bitter Mix 
91353,Ho Ho Ho to You
91368,Goodbye Berlin
92366,Four in a Jeep
92411,The Colony
94549,The Fury of the Firestorm
97160,He Blinded Me... with Science
97359,Kennedy's Brain
98344,Dark Secrets
99101,The Wave
100023,The White Rabbit
100669,Who Is It That Can Tell Me Who I Am
101127,Hamilton: In the Interest of the Nation
101150,Center of my World
101265,The corpse in the Westfjord 
102980,Winnetou & Old Shatterhand
104622,Ashes to Ashes
105446,The Same Sky
106380,The Good Soldier
106821,Heroes
106891,Kilo Two Bravo
106891,Kajaki: The True Story
108437,The Wedding Photographer 
109230,Prosopagnosia & Parrot Fish
109330,The Burden
109335,Big Game
109993,A Many Splendoured Thing
111359,The Song of Gregory Williams Yates (2)
112706,"At Kama'oma'o, The Land of Activities"
112931,The Silent Revolution
113073,The Trail Leads To A Diving Place; Do Not Follow After
113080,Nothing About Robert
113341,In the Name of the King 3: The Last Mission
113368,The Future is in the Past
113437,Tonio & Julia: Kneifen gilt nicht
113439,Jim Button and Luke the Engine Driver
113906,I Just Wasn't Made for These Times
115534,A Dark Knight: One of My Three Soups
116217,Into the Woods and Out of the Woods
116231,One Man's Happiness
116339,The Round Up
116341,The Children of Kalaihaohia
116525,Love in Persian
116676,Only the Stars of Heaven Know Where Pae Is
116813,Checkmate (1)
117041,That??s Enough. Off You Go.
117156,The Answer To The Riddle Is Seen
117491,Hell's Gate
117943,The Trouble with Christmas
118932,Is Borne on the Back; Is Borne in the Arms
119186,The most beautiful girl in the world
119247,Land of Good Kids
119477,Winchester: House of Ghosts
119602,One Last Dance
119604,V8 - Start Your Engines!
119927,Elseworlds (1)
120637,The Big House: Part 1
122381,... and Executioner
126241,The Villainess
126325,Raining Cats and Dogs!
130297,Beyond the Edge
130297,Za granyu realnosti
133627,Gretel and Hansel
139984,Lost in Marseille
142901,The Secret of Marrowbone
142913,Fort Apache Napoli
143207,The Young Invaders
143419,Extreme Job
143608,It's for Your Own Good
144169,Let's Talk About the Rain
144800,Terminal Station
144800,Indiscretion of an American Wife
145178,A Wedding
146761,"Tomboy, a Revenger's Tale"
146969,Grain
147526,Beyond the Horizon
148537,Boris: The Film
148882,Conni und Co 2 - Das Geheimnis des T-Rex
148915,Freaks: You're One of Us
149362,??a se soigne?
150176,The Waiting
150541,Hitler is kaput!
150928,The Comey Rule - Night One
150928,The Comey Rule - Night Two
150969,Blumhouse's The Craft: Legacy
151966,Romulus & Remus: The First King
152093,Napoleon and Me
152780,The Last Sentence
152902, The Raft of the Medusa
153641,The Legacy of the Bones
153919,Offering to the Storm
155231,The Summit
155498,The Ghost Galleon
163547,Family Matters (1)
163548,Family Matters (2)
167257,Jim Button and the Wild 13
167370,Meglos IV
167841,K-9 and Company
171439,Arn ?? The Kingdom at Road's End
171559,Andron
172902,"tick, tick... BOOM!"
175520,Rabiye Kurnaz vs. George W. Bush
175870,Falling Water
175966,The Privilege
179711,Paradise Towers IV
180476,Operation Brothers
181636,The Ceremony
182059,Two Days of Hope
185418,Beyond the Infinite Two Minutes
186274,Fabricated City
189753,The Robots of Death II
190308,Douglas Fairbanks in Robin Hood
139,Mifune's Last Song
481,7 (seven) Virgins
530,A Grand Day Out with Wallace and Gromit
661,The Marriage of Maria Braun
689,The Travelling Players
822,Jalsaghar
822,The Music Room
870,Takeshi Kitanos Dolls
896,The World of Apu
899,Broken Blossoms or The Yellow Man and the Girl
1059,The Hidden Fortress
1194,Laura's Secret Diary
1196,Demons
1543,Emma's Bliss
1685,Beneath The Planet of The Apes
1720,Noi the Albino
1799,Hollywood Highschool
1840,The Brasher Doubloon
1860,And The Violins stopped playing
1864,Hello-Goodbye
1935,Les S??urs f??ch??es
1962,Love in Thoughts
1964,A Friend of Mine
1987,Benny's Video
2014,The Edge of Heaven
2057,Dancing in the Dark
2072,Virtual Assassin
2090,The Metal Box
2102,Solar Crisis
2102,Crisis
2139,Cleopatra Jones meets the Dragon Lady
2139,Na jin gang dou Kuang long nu
2204,Alice in the Cities
2282,? nos amours!
2298,The Film Narrator
2298,The Movie Teller
2303,Conversation with the Beast
2304,The Wounded Man
2306,God Does net Belive in Us Anymore
2361,The Lark Farm
2414,Malicious Pleasure
2532,Day 4: 7:00 am??- 8:00 am
2644,Aces go Places 1
2644,Aces Go Places
2747,"FL 19,99"
2857,The Man in Chains
2857,The Man in the Basement
2894,The Lady and the Duke
3009,The Trial
3023,Dr. Jekyll and Mrs. Hyde
3023,Abbott and Costello Meet Dr. Jekyll & Mr. Hyde
3043,Andy Warhol's Frankenstein
3122,Lady Frankenstein
3159,Frankenstein's Castle of Freaks
3199,Dracula Against Frankenstein
3405,Anyone Can Play
3423,The Things in Life
3423,The Things of Life
3426,C??sar and Rosalie
3515,I'll sleep when I'm dead
3515,Viva Las Nowhere
3561,Obscene Desire
3561,Pose??da
3561,La Profezia
4162,This Sweet Sickness
4213,Counterparts
4240,Titanic 2000: A Vampire's Lust is Unsinkable
4240,TITanic 2000: Vampire of the Titanic 
4253,Hum Tum
4253,???? ????
4272,My Life Is Hell
4370,The Lady Banker
4377,The Child i never wag
4436,Military Academy
4453,Nights on the Road
4453,The Mistress
4466,The Bachmeier Case
4555,Tread Softly
4571,Une saison de paix ?? Paris
4571,Peacetime in Paris
4572,Death and Diamonds
4574,Dead Body on Broadway
4678,The Life of the Dead
4682,The Barricade at Point Du Jour
4826,Five Moons Square
4838,The Islands
4947,A Woman at Her Window
4998,Import/Export
5068,That Man in Istanbul
5086,Quest for the Mighty Sword
5086,The Hobgoblin
5086,Ator III: The Hobgoblin
5186,sex
5242,Genghis Khan
5246,sexfilm
5482,Rabid Dogs
5592,A Girl Cut in Two
5602,The Common Man
5625,Madame and Her Niece
5630,The Terrible People
5823,Le Dragon des mers - la derni??re l??gende
5823,The Water Horse
5873,Guys and Balls
5911,Between Shanghai and St. Pauli
6005,Charley's Aunt
6006,Charley's Aunt
6279,Sister Act 2 
6663,"Goodbye, Franziska"
7291,36th Precinct
7295,8mm 2
7837,Thrill Seekers
7973,Caramel
7974,The Match Factory Girl
8074,Two or Three Things I Know About Her
8219,Labyrinth of Passion
8282,Summertime
8282,Summer Hours
8424,Love Me if You Dare
8425,The Clockmaker
8425,The Clockmaker of St. Paul
8425,The Watchmaker of St. Paul
8462,Joyless Street
8705,Romance for Bugle
8785,The Saragossa Manuscript
8899,Line of Passage
8899,Lorna's Silence
8982,Revenge of the Warrior - Tom yum goong
9301,The Princess and the Warrior
9474,My Name IS Nobody
9474,My Name Is Nobody
9589,We Children from Bahnhof Zoo
9644,National Lampoon's Loaded Weapon 1
9644,National Lampoon's Loaded Weapon 
9845,Dance with the Devil
9881,The Pharmacist
10021, The Secret of My Succe$s
10103,Windstruck
10109,The White Dragon
10114,Dark Memories
10241,A Tale of Winter
10421,War of the Buttons
10499,The Legend of Rita
10516,The Gendarme and the Extra-Terrestrials
10583,Private Popsicle
10628,Down and Under
10645,The Slurb
10711,The French Connection II
10746,Theo Against the Rest of the World
11042,The Barbarian Invasions
11333,Super Fuzz
11333,Super Snooper
11333,Supersnoopers
11792,For Your Love Only
11829,Trinity Is STILL My Name!
11898,Kind Hearts & Coronets
11975,John Grisham's The Rainmaker
12107,Nutty Professor 2: the Klumps
12127,Pippi in the South Seas
12214,Dead Certain
12272,Golden Night
12697,Laura's Star
12781,Flying Classroom
12823,Days and Clouds
13119,"Beresina, or the Last Days of Switzerland"
13540,The Castle
13541,Late Bloomers
14064,The Final Days
14142,Our Lost Dreams
14142,Iskyss (Ice Kiss)
14456,Demon Planet
14456,Planet of the Vampires
15199,Toyland
15458,In Case of Adversity
15712,Alistair MacLean's Death Train
15712,Detonator
15743,H.G. Wells' Food of the Gods
15781,The Twist
15951,False Shame
16162,By the Pricking of My Thumbs
16195,Women Without Men
16226,Storm Rider
16272,The Yanks in the U.K.: Part 1
16273,The Yanks in the U.K.: Part 2
18647,Beyond the Wall
19353,Legend - Part One
19353,The NCIS Movie: Legend
19811,(Half) The Time of My Life
20050,Sea Wolf
20326,Decalogue IV
20471,The Girl Who Played with Fire
20476,A Town Called Panic
20736,Sunshine Barry & the Disco Worms
21322,Backyard
21468,Black Lightning
21544,20th Century Boys 2: The Last Hope
21593,The Girl and the Legend
21727,Meltdown: Days of Destruction
22399,The New Barbarians
23706,"Six Days, Part 1"
23913,Cocke Dick and The First Kick
24075,Mr. Monk and the Very Very Old Man
24109,VICTOR VS. LOVE
24424,Ticket of No Return
24898,House of Lost Souls
25609,8. Wonderland
25647,Significant Others
25647,Little White Lies
25655,Dr. Seuss - The Lorax
25655,The Lorax
25990,A Turtle's Tale: Sammy's Adventures
26292,"Up, Up and Away"
26398,The Barons
26466,Profile of a serial killer
26516,The Magic Blade
26624,Highlander: The Source
27032,Initiation
27136,Ten Days' Wonder
27548,The Village
27613,Byleth: The Demon of Incest
27643,A Battle of Wits
27661,Let??s go!
27829,Sitting Bull??s History Lessons
28191,"If I Want to Whistle, I Whistle"
29000,Star Cruiser
29265,Between Heaven and Earth - Anthroposophy Today
29415,Spear of Destiny
29448,A rational solution
29767,New Tricks
29811,Kill the Wicked!
30313,dont speak inglesh aguante argentina jaja
30515,The Legend of Suram Fortress
31035,The Grudge: Black Ghost
31290,High Lane
31388,"Oh Dad, Poor Dad, Mama's Hung You in the Closet and I'm Feelin' So Sad"
32142,Jose Chung's Doomsday Defense
33445,3 Ninjas: High Noon at Mega Mountain
33771,Massacre Time
33901,The Man Who Saves The World
34088,They Came Back
34299,Bodyguards and Assassins
34543,Pumpkinhead: Blood Feud
34543,Pumpkinhead 4: Blood Feud
34543,Pumpkinhead IV: Love Hurts
34609,Barbed Wire Dolls
34713,Operation Weed
34801,All about Lily Chou-Chou
34845,Ningen no j??ken II
34846,Ningen no j??ken III
34870,Last Stop 174
34944,The Wise Guys
34949,The Golden Mass
35150,Invasion U.S.A.
35203,Vallanzasca - Gli angeli del male
35203,Il fiore del male
35601,Codename Coq Rouge
35602,Hoppity Goes to Town
35605,Sebastian Star Bear: First Mission
35634,Have Sword Will Travel
35637,Tom and Jerry: Blast Off to Mars
35641,Vengeance
35644,The Shadow Whip
35687,Legend of the Bat
35690,Lion Vs. Lion
35691,Emperor and His Brother
35694,In the Belly of the Whale
35920,One Way Ticket
35979,Stepsister from Planet Weird
36127,The Day of the Cat
36305,The Devil Has Seven Faces
36429,Closer than Blood
36533,Blood Feud
36555,Happy Hobos
36681,The Big Alligator River
36751,Horsemen of the Apocalypse
36759,Dead in 3 Days 2
36773,Flood: A River's Rampage
37276,The Last Days of Emma Blank
37355,Whatever You Say
37642,Vincent and Me
37718,Intervention
37766,Tunnel Rats
37791,The Seduction of Amy
37843,Rita of the West
38032,Naked Massacre
38071,The Antichrist
38202,Shipwrecked
38246,California Quake
38283,In the Line of Duty: Smoke Jumpers
38484,Captain Sabertooth
38523,To Paint or Make Love
38557,New Best Friend
38636,Pirates: Blood Brothers
38710,Saturn in Opposition
38726,The Stone Merchant
38825,Ong Bak 3
38877,Brotherhood of Legio
38942,The Man with Rain in His Shoes
38949,Wolfhound
39044,If I Were a Spy
39188,Louis l'Amour's Diamond Of Jeru
39494,The Invitation
39568,The Sternstein Manor
39708,"Private Vices, Public Pleasures"
39709,Hungarian Rhapsody
39734,Riot in a Women's Prison
39780,Little Robbers
40879,Sarah's Key
41229,Short Night of Glass Dolls
41414,Dear Louise
41542,Black Bread
41558,Murder Rock
41614,To Die like a Man
41683,Mission Stardust
41692,Misty Mundae: Erotic Raider
41741,"My True Love, My Wound"
41918,Angels in the Endzone
41938,In Search of Paradise
41984,All About Loving
42063,The Profiteer
42306,Loaded Guns
42319,The Flower in His Mouth
42330,His Name Was Holy Ghost
42421,Belle ??pine
42422,The Names of Love
42436,A Monkey in Winter
42442,Love and Anarchy
42648,Love Can Seriously Damage Your Health
42659,Peshavar Waltz
42659,Escape from Afghanistan
42690,Blood Moon
42690,The Werewolf Versus the Vampire Woman
42905,The Man Who Planted Trees
42981,Sasha
43060,"L??on Morin, Priest"
43217,Haru's Journey
43440,To All a Goodnight
43505,The Army Game
43828,Lapitch the Little Shoemaker
43981,The Buddenbrooks
44075,Romantics Anonymous
44143,Poppea ... a prostitute in the service of the empire
44187,Manhattan Baby
44305,A Queen for Caesar
44653,At World's End
44654,Dragon Girls
44678,King's Game
45029,Do not take the children of God for wild ducks
45139,Jo's Boy
45146,Blood from a Stone
45289,Tout ??a... pour ??a !
45528,The Angel's Melancholy
45704,Curse of the demon
45704,The Night of the Demon
45756,Disorder
45976,A Wrong Way to Love
46253,Locusts: The 8th Plague
46344,The Resort Girls
46363,The Killer
46423,Venus in Furs
46428,"The House of 1,000 Dolls"
46621,"Red Roses, Call for a Girl"
46904,Under the Hawthorn Tree
47012,Gamera vs. Zigra
47013,Gamera: Super Monster
47250,The Diamond Arm
47463,The Serpent of the Nile
47466,"Let's Kill Uncle, Before Uncle Kills Us"
47717,The Corsican File
47852,On the Comet
48031,Cinderella '80
48032,The Human Bullet
48150,Hercules and the Tyrants of Babylon
48153,Goliath at the Conquest of Damascus
48333,Kung Fu Master
48825,A Virgin Among the Living Dead
48826,"Father, Son and Holy Cow"
49090,The Monkey Mission
49549,"The Dragon, the Young Master"
49599,King of Devil's Island
49638,That Night in Varennes
49832,Champ vs. Champ
49832,Martial Monks of Shaolin Temple
49901,The Trouble-solving Broker
50141,Happiness Is in the Field
50193,The Seduction of Mimi
50756,Kaj??nek
50810,Crazy Safari
50921,New Kids in Town
51258,The Beloved
51547,Young Thugs: Innocent Blood
51869,Everything Will Be Fine
52195,Sayonara Jupiter
52221,Phantom Quest Corp.
52273,The Rose Technique
52309,Dream City
52507,Tomorrow I'll Wake Up and Scald Myself with Tea
52519,Measuring the World
52782,The Doll
52812,The Strangers Gundown
53235,A Beautiful Place to Kill
53235,A Quiet Place to Kill
53431,The Possession of Emma Evans
53696,Cop or Hood
53699,Project Moonbase
53716,The Case of the Bloody Iris
53769,Damned in Venice
53776,Enemies of the Public
53779,Operation Nam
53869,Murder at 45 R.P.M.
53962,A Chinese Torture Chamber Story
54078,Don't Tempt Me
54078,No News From God 
54242,The Criminal Shall Not Escape
54433,Chronicle of a Summer
54572,The Washing Machine
54574,The Killer Is on the Phone
54643,A White Dress for Marial??
54646,Blue Eyes of the Broken Doll
54674,In the Folds of the Flesh
54712,Orgasm
54713,Eyes Behind the Wall
54729,Face to Face
55024,A Day in the Country
55024,Partie de campagne
55325,Eye in the Labyrinth
55340,The Model Couple
55350,Nothing Underneath
55455,The Two Lives of Mattia Pascal
55803,The Diabolical Dr. Z
55807,Mill of the Stone Women
55811,The Shadowless
55813,"Bezeten, Het Gat in de Muur"
55833,Snuff Bottle Connection
55861,Giant of the Evil Island
56393,True Justice - Dark Vengeance
56443,Angel Guts: Rouge
56457,Gunsmoke: The Last Apache
56458,Gunsmoke: To the Last Man
56461,Gunsmoke IV: The Long Ride
56761,Herb and Dorothy
56841,Skazka stranstviy
56841,The Story of Voyages
57024,The Man Who Laughs
57084,Act of Valour
57262,Cravings
57669,Death of a Cheerleader
57775,The Cloud-Capped Star
57775,Meghe Dhaka Tara
57854,House of Fools
57923,City Hunter : La Mort de City Hunter
58057,My Worst Nightmare
58239,True Justice - Urban Warfare
58254,Dark Harvest 2: The Maize
58263,Dark Harvest 3: Scarecrow
58606,The Three Musketeers of the West
58700,Alien From the Deep
58713,Six Degrees of Celebration
58768,Sandra Brown's Smoke Screen
58895,Psycho Shark
59018,Dynamite Joe
59026,"Roma, l'altra faccia della violenza"
59064,His Name Was King
59067,Castle of Blood
59481,Fear in the City
59528,Ten Zan: The Ultimate Mission
59529,Thunder Warrior II
59567,The Mysterious Shadow
59590,Christmas in August
59607,The Boldest Job in the West
59685,Her Grace Commands
59922,A City of Sadness
59922,Bei qing cheng shi
59953,"You Are a Widow, Sir"
59972,"No Fear, No Die"
60281,The Unemployment Club
60288,The Stolen Children
60289,Odd Obsession
60400,Mercy
60498,The Man Who Burnt His Corpse
60509,Ice Age: Continental Drift
60509,Ice 2020
61002,Arizona Colt Returns
61198,Captured
61229,The Murri Affair
61290,When Night Falls on the Reeperbahn
61668,A Class to Remember 4: Fifteen
61986,Queen of Sin and the Spectacle of Sodom and Gomorrha
62082,Journey to Japan
62537,The Seven Revenges
62542,The Relentless Four
62577,Topio stin omichli
62578,Voyage to Cythera
62647,"The Bridegroom, the Comedienne and the Pimp"
62910,Burning Sands
62930,Secret Agent Fireball
62960,Rice Girl
63117,Operation Counterspy
63208,Raise Ravens
63213,Someday My Dad Will Come
63225,Der wei??e Rausch ?? neue Wunder des Schneeschuhs
63640,Winter Journey
63692,Message from the Future
63713,The Ten Rules: A Lesbian Survival Guide
63734,Zero Kelvin
63970,The Adventure of Denchu Kozo
64025,The Dreyfus Affair (WT)
64025,D (WT)
64025,An Officer and a Spy
64201,Snake in the Monkey's Shadow
64340,Parasite Eve
64424,The Man from the Diner's Club
64597,Taste of Vengeance
64818,Grass Labyrinth
64848,Bad ma ra khahad bord
64848,B??d M?? R?? Ch??had Bord
64848,The Wind Will Carry Us
64945,The Five Forty-Eight
65100,Stephen King's Bag of Bones
65399,"Love, Lust and Violence"
65403,Clip
65526,587: The Great Train Robbery
65564,A Married Woman
65836,The Olympic-Winning Lady
65869,The Schoolteacher Goes to Boys' High
65975,Indio 2: The Revolt
65999,Hunters of the Golden Cobra
66002,The Man Who Lies
66040,La Terra Trema
66040,The Earth Will Tremble
66201,Tell-Tale
66315,The Grim Reaper
66336,Brief Crossing
67145,Covert Action
67263,"I Love You, I Kill You"
67559,The Hunt for the Amber Room
67632,The Bloodthirsty Fairy
67644,Move
67663,Killing in Istanbul
68057,"With Friends, Nothing Is Easy"
68067,The Fuller Report
68145,Bikini Cavegirl
68398,Ballad of a Gunman
68423,Testament of Orpheus
68505,Sartana Does Not Forgive
68549,We Still Kill the Old Way
68622,Man Called Invincible
68633,Two Faces of the Dollar
68725,Diary of a Pregnant Woman
68742,The Murderer with the Silk Scarf
68925,Garibaldi
69020,Tell Me Something
69079,Bruce's Fist of Vengeance
69167,Eyes Behind the Stars
69711,Morphine
70433,"Jolanda, the Daughter of the Black Corsair"
70628,Stranglers of Bengal
70635,Scarlet Blade
70637,The Monster and the Woman
70637,The Four Sided Triangle
70747,I'm Getting a Yacht
70908,Hercules Against the Sons of the Sun
71927,Jobs: Get Inspired
75203,The Great Beauty
76241,Black-Winged Redbird
81833,A Faithful Husband
83910,The Tower
84210,City of Heroes
84488,The Pasta Detectives 2
84905,Suck Me Shakespeer 2
84915,Luther Braxton Conclusion
85128,Tugboat M 17
88188,10th and Wolf
88538,Friends in High Places
90272,Nowhere to Hide
90469,Northmen: A Viking Saga
90612,Witching & Bitching
91130,Sarajevo
93116,Roses for the Prosecutor
93456,Good Air/Bad Air
94507,Sister City - Part Two
95517,Santa Fe
95676,The Handmaiden 
95676,Agassi
96695,Mr. Solomon: Conclusion
102293,Full Circle
104847,Murder by the Lake: Till Death Do Them Part
105770,Rivals Forever - The Sneaker Battle
106458,Yeh Din Ka Kissa
106458,The Meyerowitz Stories (New and Selected)
106701,Dead Tired
106944,Ballistics & BFFs
109331,Snatchback
109333,The Clouds Always Return to Awalua
109992,"Pandora's Box, Part I"
110660,Everything's Coming Up Lucifer
112774,54 Hours
113914,Black Klansman
114290,All Fired Up
115758,"Roman Israel, Esq."
116434,Orientation II
116677,"The Fire Blazed Up, Then Only Ashes Were Left"
117026,Islands (Part 2)
118634,"When the Sea Draws Out the Tidal Wave, the Rocks Where the Cowries Hide Are Exposed"
119290,A Jar Full of Life
119960,"The Beginning of the End, part 2"
121102,Golden Job
121221,Bears and Clubs
121375,The Joker
126936,The Wall
129233,The Master Butcher
129726,Monster Hunt
130359,Oil & Water
131997,The Fog of War
138314,"As You Sow, So You Shall Reap"
139392,Ludwig: Requiem for a Virgin King
144643,God of War
146241,Uncle Pumble
146241,The story of Uncle Pumble
147255,The Fiancee
148916,No Hard Feelings
149060,The Hunchback of Notre-Dame
150406,Rose Island
153967,Family Secrets
154102,Liberation
163554,Heart of the Matter (1)
164047,Ostwind - Der grosse Orkan
168073,The Keeper of Traken II
170519,Little America
176740,The Witches
177625,Top of the Class
181568,"Stay, part I Missed You)"
189752,The Robots of Death I
60,The Simpsons Christmas Special
390,Libonne Story
572,Next Door
799,Annaluise & Anton
1195,The Orchid's Curse
1197,Lonley Souls
1199,Arbitrary Law
1255,The Host
1393,The Cave of the Yellow Dog
1448,Immortality
1556,Funeral Parade of Roses
1556,Bara no S??retsu
1615,The Bunnyguards vs. The Forces of Evil
1627,The Wild Child
1651,Mississippi Mermaid
1711,No Code of Conduct
1719,The Soft Skin
1851,The Return of Captain Nemo
1875,Fant??mas contre Scotland Yard
1899,The Chinese botanist's daughters
2038,Aoes - Iron Eagle III
2038,Aces - Iron Eagle III
2075,Prizzi's Honour
2094,Right this way Folks
2098,love in Las Vegas
2098,Only Girl in Town
2125,Deadlock
2152,Shut Up and Sing
2217,And Your Love Too
2228,Carnations in Aspic
2286,Crusaders in Jeans
2286,La Croisade en Jeans
2286,Crusade - March Through Time
2286,Crusade in Jeans
2299,The Light
2363,The Cousins
2436,Double Dragon - The Movie
2524,12:00 a.m. ?? 1:00 a.m.
2800,Rumor Has It ...
2856,Dix heures et demie
2974,The Hands of Orlac
3425,Simple Story
3425,A Simple Story
3477,The Infernal Trio
3485,The Castle of Fu Manchu
3523,The Last Ride to Santa Cruz
3593,Doctor Cyclops
3699,Seven Blood-Stained Orchids
4252,Chalte Chalte
4286,The Innocent
4339,The nasty girl
4395,Angels of Iron
4728,Gendarme in New York
4813,Lovable zanies
4813,The Crazy Jerks
4972,The Green Butchers
5259,The Band??s Visit
5259,The Band's Visit
5497,Evertything is love
5528,The Chorus
5906,Docks of Hamburg
6032,Agatha Christie's Murder With Mirrors
6123,Desire
6222,The Crows
6224,Stage Free for Marika
6460,Home Truths
6461,Cherry Blossoms
6593,Godzilla vs. Mechagodzilla II
6733,Where Is Fred?
7237,Wizards of the Lost Kingdom 2
7346,Sparrow
8049,The Grocer's Son
8266,Female Agents
8327,The Holy Mountain
8327,The Sacred Mountain
8388,Three Amigos!
8426,Swallowtail Butterfly
8689,Ruggero Deodato's Cannibal Holocaust
8768,The Little Thief
8887,Lulu and Jimi
9261,The Wedding Banquet
9261,Xi Yan
9261,X??y??n
9261,Hsi yen
9269,Jailbirds
9470,Gong fu
9470,Kung fu
9616,The Sin Eater
9627,Flaming Frontier
10102,The Big Feast
10102,The Grande Bouffe
10125,Fine Dead Girls
10285,Jason Goes to Hell: The Final Friday
10292,Urban Legends: Bloody Mary
10332,Untitled Ouija Project
10356,The Confessor
10541,Shall we kiss?
10699,Accidental Hero
10841,Breakthrough
11010,Il Postino: The Postman
11172,Music & Lyrics
11376,The Pool
11477,Common Wealth
11512,Hunter Will Get You
11554,Three Times
11659,The Best of Youth
11801,The Real Life of Angel Deverell
12447,Trabbi Goes to Hollywood
12588,My Friend from Faro
12782,The Charlemagne Code
12804,Private Diary
14121,Lucky Luke: The Daltons on the Run
14146,Druids
14458,Paris 36
14539,Andrew Lloyd Webber's Jesus Christ Superstar Australia
14639,Shoot the Living and Pray for the Dead
14765,Police Story 4: First Strike
14765,Jackie Chan's First Strike
14784,"Adi??s, Sabata"
15758,Last Quarter of the Moon
16094,"Out, Out Brief Candle"
16115,One Piece: The Movie 8
16116,One Piece: The Movie 9
16168,Tetsuo II: Body Hammer
16548,Tenebrae
16549,"So Sweet, So Dead"
16732,Hansel and Gretel
17219,Winter in Wartime
17220,Virgin Machine
17578,The Devil's Daughter
18562,The Volcano Disaster 
18746,Rapunzel Unbraided
19105,The Pit and the Pendulum
19517,A. I. Assault
19517,Shockwave 
19645,The Frontier
19857,Free Willy 3
19949,The Door
19980,Crypt of the Vampire
19980,Terror in the Crypt
20332,Decalogue X
20335,New Gladiators
20335,Rome 2033 - The Fighter Centurions
21058,Castillos de cart??n
21259,The Coming Days
21372,Out 1
21594,Group Portrait with Lady
21670,Lilly the Witch: The Journey to Mandolan
21673,Norwegian Wood
21753,Halloweentown II: Kalabar's Revenge
21770,Alicia's Books
22715,Julia's Disappearance
22990,Will You Be Mine
23189,For the Good of Others
23386,Brendan and the Secret of Kells
23675,Tell Me Sweet Lies
25608,Mr Bones
25802,Grounded
25825,An Empress and the Warriors
26015,The Sinking of the Laconia
26836,A Heart in Winter
27325,Private Lessons
27538,Jungle Child
27538,Jungle Child (1)
27538,Jungle Child (2)
28382,Magnificent Warriors
28382,Dynamite Fighters
28543,The Falling India
28593,A Prussian Love Story
28711,The Asthenic Syndrome
28711,Astenicheskiy sindrom
28776,The Boat Is Full
28793,Timetrip: The Curse of the Viking Witch
29644,Snowman??s Land
30310,The Last Warrior
30537,Samurai Avenger: The Blind Wolf
31323,Doomed Megalopolis
31555,Freud: The Secret Passion
31731,THE BEAST WITH TWO HEADS
31731,THE MAN WITH TWO HEADS
31888,Burnt by the Sun 2
31915,Don't look back
32212,Small World
32791,Angel Sanctuary
32833,The Blue Fox
32976,A Viking Saga: Son of Thor 
33009,When Women Had Tails
33012,Car-napping
33617,Tender Parasites
33682,The Hole
33742,The Hellbenders
33745,Sundance Cassidy and Butch the Kid
33911,Man's Favorite Sport?
34034,Summer Book
34047,The Stranger
34235,The Exterminating Angel
34858,Secret Love
34859,Lessons of a Dream
34913,Code Name: Tiger
35473,The Real Thing
35474,My Friends
35627,Island of the Amazons
35729,The Sword of the Barbarians
35843,A Blood Pledge
35910,"Young Girls Like it Hot, Housewives Even Hotter"
35955,"Elise, or Real Life"
35980,The End is My Beginning
35988,Death on a Rainy Sunday
36021,Femalien 2
36136,The Forgotten Pistolero
36366,Total Stranger
36579,Blackout
36983,Morgan and Destiny's Eleventeenth Date: The Zeppelin Zoo
36983,Morgan & Destiny??s Eleventeeth Date: The Zeppelin Zoo
37432,The Dog Who Stopped the War
37467,All Men Are Brothers
37611,War of the Birds
37840,T2-3D: Battle Across Time
37844,Human Lanterns
37874,Pirates 4-D
37894,Love Songs
37902,The Conquest
38197,"Tatort: Die Unm??glichkeit, sich den Tod vorzustellen"
38230,The Reef
38306,A Handful of Heroes
38470,Intimate Enemies
38509,The Profession of Arms
38728,Sirga
38741,The Sword with No Name
39333,The Dark Side of the Moon
39492,A Little Virtuous
39510,The Game Is Over
39527,Saturday Night & Sunday Morning
39587,A Sunday in the Country
39715,Colonel Redl
39865,Voice Over
40471,Seduced and Abandoned
40592,Rendezvous in July
40960,Palais royal !
41306,The Imprint of Giants
41400,Rock Hudson: Dark and Handsome Stranger
41487,Girls for the Summer
41488,My Pleasure Is Your Pleasure
41545,The Big Picture
41554,cible emouvante
41596,Of Gods and Men
41776,Seven Days Grace
41783,The Column
41933,Plot
41998,The Hurried Man
42008,Last Images of the Shipwreck
42084,Death by Hanging
42248,The Senator Likes Women
42272,The Swinging Confessors
42315,Porci con la P 38
42680,Montana Trap
42688,Seven Deaths in the Cat's Eye
42829,Seventh Heaven
42901,Body Chemistry II: The Voice of a Stranger
42904,The Unborn
42909,Needle
42915,Madness Rules
43048,The Taste of Apple Seeds
43058,Uncharted: Drake's Fortune
43507,Un mari ?? un prix fixe
43712,Good Neighbors
43727,The Holy Land of Tyrol
43893,Forbidden Door
43894,"Yes, I Can See Dead People"
44016,"Eleven Days, Eleven Nights"
44025,The Chinese Feast
44078,The Grandmasters
44151,Bandits in Milan
44154,Black Lemons
44227,If All the Guys in the World
44232,The Housemaid
44232,??????
44232,Hanyeo
44232,Hany??
44391,Cyber City Oedo 808
44474,Family Diary
44773,The Beast of Babylon Against the Son of Hercules
44823,Operation Daybreak
44870,Divided Heart
45145,Nobody Else But You
45273,Lovers and Other Relatives
45517,The Sunday Woman
45520,A Narrow Escape
45613,Crows Zero II
45655,Demented Death Farm Massacre
45714,The Death of Mario Ricci
45795,Drummer of Vengeance
45850,In the Name of the Law
45981,Road to Salina
46029,U-Carmen eKhayelitsha
46198,"Because, Because of a Woman"
46210,A Story of Floating Weeds
46268,What a Mess
46311,Crime After School
46361,Kara Murat ??eyh Gaffar'a Kar????
46479,Sweet Kill
46572,The New Life Style (Just to Be Love)
46623,Frankfurt: The Face of a City
46747,The Champions
46752,The Turkish Cucumbers
46770,Hot Little Brides in the Schoolroom
46840,A Summer in the Country
46972,Man of Glass
47008,Gamera vs. Gyaos
47009,Gamera vs. Viras
47010,Gamera vs. Guiron
47101,The Elixirs of the Devil
47200,Revenge of the East Frisians
47321,Platoon Warriors
47321,War City Platoon
47576,See How They Fall
47806,Mirush
47894,My Piece of the Pie
47966,Killer Adios
48156,The Perfume of the Lady in Black
48567,The Six Wives of Henry VIII
48751,...tick...tick...tick...
49159,Grand Tours: Disaster in Time
49171,The Sandman
49399,Freewheeling Men
49414,Ninja's Extreme Weapons
49457,Lethal Angels 2
49470,American Ninja: The Magnificent
49592,Shaolin and Wu Tang
49600,The Other Side
49605,You Ain't Seen Nothin' Yet!
49956,The Pirates! Band of Misfits
49956,The Pirates! In an Adventure with Scientists
50154,Alive and Ticking
50195,The Prey
50197,The Day I Saw Your Heart
51504,The Fairy 
51522,Eden of the East: The King of Eden
51723,Life Without Principle
51839,Unruly
51910,A Royal Affair
52275,Baoh
52503,Cruelty
52803,Seven Freckles
52854,There's Always Vanilla
53773,Roy Colt and Winchester Jack
53819,Don't Go Breaking My Heart
53973,The Assault
53984,Largo Winch II
53984,The Burma Conspiracy: Largo Winch 2
54224,The Shepherd from Trutzberg
54243,The Sweet Body of Deborah
54543,Executive Protection
54567,My Dear Killer
54591,Closed Circuit
54694,"Goke, Body Snatcher from Hell"
54730,"Run, man, run"
54765,Urusei Yatsura Movie 2 Beautiful Dreamer
55054,The Almost Perfect Man
55306,The Fifth Cord
55341,Maniac Mansion
55341,The Murder Mansion
55778,Turkish Exorcist
55780,The Deathless Devil
55790,3 Mighty Men
55795,Lorna the Exorcist
55796,The Red Plume
55805,Lady Terminator
55820,They Call Me Hallelujah
55830,Dragon Princess
55855,Animal Crimes
55996,The Interceptor
56244,Aftershock
56244,Aftershocks
56341,Terminal Force
56350,The Silence Within
56362,A Simple Life
56441,Angel Guts: Red Porno
56444,Angel Guts: Red Rope
56445,Angel Guts: Red Flash
56519,April Story
56527,Ax 'Em
56529,The Hunters
56778,Those Were the Days
57113,"Another Man, Another Chance"
57125,Stork Staring Mad
57426,The Great Scout & Cathouse Thursday
57450,C.C. Action
57453,Where the Lark Sings
57476,Severed Arm
57684,Island of Blood
57921,El Retorno del Hombre Lobo
58299,Don't Deliver Us from Evil
58352,N. Took The Dice
58366,Blind Love
58486,Beethoven Saves Christmas
58603,The Mansion of Madness
58605,Zagor vs. The Dark Menace
59028,Crimebusters
59037,Syndicate Sadists
59069,"You're Jinxed, Friend, You've Met Sacremento"
59253,At Home Among Strangers
59267,"Police, Adjective"
59477,Deadly Impact
59520,Break Up Man
59828,Secret of the Sphinx
59837,The Taste of Violence
59924,Station for Two
60101,Tarkan Versus the Vikings
60290,The Morning
60298,Meet Him and Die
60303,The Die Is Cast
60446,The Simple-Minded Murderer
60449,Breakfast in Bed
60555,The Girl with Nine Wigs
60967,What Price Survival
60975,Swedish Fly Girls
61131,Let's Get Out of Here
61446,Latitude Zero
61624,A Night in Nude: Salvation
61664,A Class to Remember 2
61896,Cross My Heart and Hope to Die
62040,Vs
62294,Scarecrow
62352,Gambling City
62379,The Convoy
62437,"Raise Your Hands, Dead Man, You're Under Arrest"
62470,They Call Him Cemetery
62538,Revenge of the Pirates
62543,Man of the Cursed Valley
62579,The Hunters
62580,Days of 36
62776,American Warships
62961,The Playgirls and the Vampire
62963,At Five O'Clock in the Afternoon
62995,Requiem for a Gringo
63110,My Brother Joshua
63155,Good Evening Paris
63160,Jack of Spades
63178,Journey Into the Beyond
63335,Para??so Travel
63445,Deathquake
63526,Tropic of Cancer
63966,A... For Assassin
64029,Put on Ice
64078,Unborn but Forgotten
64199,The God of Cookery
64233,Wild Search
64256,"Hey, Cinderella!"
64301,Apache Woman
64305,"Welcome, or No Trespassing"
64347,The Heroin Busters
64358,Deer Friend
64374,Rape Zombie: Lust of the Dead
64596,Righting Wrongs
64637,Kippur
64667,The G.I. Executioner
64805,Attack the Gas Station!
64805,Juyuso seubgyuk sageun
64805,Juyuso seubgyuksageun
65197,There Will Be No Leave Today
65200,Crime Boss
65391,Final Destination: Red Lantern
65451,The Serpent's Way
65511,Tokyo Gore School
65531,The House of the Dead
65570,Children's Island
65729,Mr. Boo Meets Pom Pom
65730,Chocolate Inspector
65841,Bedroom Mazurka
65870,The School Teacher
65875,Voodoo Passion
65891,The Rip-Off
65908,War Between the Planets
65917,The Fall of Rome
65954,Twice a Woman
66043,The Roof
66098,"D??truire, dit-elle"
66232,Piet??
66328,Father's Affair
66592,Loves of a Blonde
66941,The Fury of the Wolfman
67084,Devil in the Woods
67144,When Heaven Falls
67261,Erotic Ghost Story
67931,The English Marriage
68002,Lost Souls
68033,The Invincible Brothers Maciste
68063,Secret Rivals
68064,The Last Round
68385,Dans l'eau qui fait des bulles
68443,The Subversives
68559,Exterminators of the Year 3000
68643,The Joy of Living
68686,A Hole in the Forehead
69078,Ninjas Force
69508,The Harsh Life of Veronica Lambert
69508,Five Nights in Hollywood
69691,Curse of the Cannibal Confederates
69718,Bullet for Hire
69719,It Doesn't Hurt Me
69879,Curse of the Erotic Tiki
70015,The Bullet Vanishes
70436,I Knew Her Well
70513,The Secret of the Black Widow
70514,Secret of the Chinese Carnation
70554,"Ayesha, Daughter of She"
70554,"Ayesha, the Return of She"
70797,The Executioner
70843,The Magnificent Dare Devil
71273,Windstorm
71692,"Hercules, Prisoner of Evil"
71695,The Masked Man Against the Pirates
71764,A Year of School
71858,Hare Rama Hare Krishna
72304,The Devil by the Tail
75198,Absolutely Tame Is a Horse
75198,Horses Are Noble Animals
80046,"Rico, Oskar and the Deeper Shadows"
84678,Headwinds
85272,The Choir
86036,The Tale of Tales
86070,Blood Eagle
87191,Border Run
88940,Mega Spider
89224,Untitled Spanish Asghar Farhadi Project
89224,Everybody Knows
90453,Look Who's Back
92129,Marvin Gerard
93383,BoOzy' OS and the Cristal Gem
93383,The Cristal Gem
94594,The Man on the Balcony
96524,4 Kings
97102,Lost in Paris
98181,Devil in the Flesh 
98334,All Three of Us
101749,Fiddlesticks
102687,Four Against the Bank
104072,My Blind Date With Life
104078,She Who Brings Gifts
104621,Do Not Disturb the Water That Is Tranquil
109967,Good Cop Bad Cop
111796,Let the Sunshine In
115281,Mr. & Mrs. Mazikeen Smith
115311,The Deadly Reclaim
116814,Checkmate (2)
117154,Aohe Mea Make I Ka Hewa
117214,Hentai Kamen: Abnormal Crisis
118307,Stake Land II
119222,Truth Comes From the Night
119729,Best Dad in the World
119926,What's Past Is Prologue
119959,"The Beginning of the End, part 1"
125334,In the Valley of Shadows
126950,Go Like Hell (WT)
126950,Ford vs Ferrari 
130300,kamal mohamed sallam
140654,Oktoberfest: Beer & Blood
143592,The Quake
144454,Things from the Dead
144808,Upside-Down Magic
150441,The Negotiator 
163545,The People vs. Killer Frost
163555,Heart of the Matter (2)
164567,Confessions of Felix Krull
171384,Blood and Money
172560,Oskar the Rascal and Fanny Supergirl
174421,The Two Gladiators
176384,Sugar Babies
179401,The Seed
185157,The Roads You Didn't Take
186114,Orozco the Embalmer
189249,Children of the Corn: Revelation
190854,Bridges of Sarajevo
341,A Crime
341,Un Crime
383,Bad Night
407,Short Sharp Shock
419,About the Looking for and the Finding of Love
428,Summer '04
540,Fox Force Five
662,The Pier
775,A Trip to the Moon
775,A trip to Mars
778,Monsieur Hulot's Holiday
778,Mr. Hulot??s Holiday
781,Wintersleepers
835,F. P. 1 antwortet nicht
902,The City of the Lost Children
902,The City of Lost Children
1198,Drive With A Dead Girl
1279,Samaritan Girl
1418,Take My Eyes
1549,Games of Love and Chance
1631,A Real Young Girl
1660,Argent de Poche
1785,May Fools
1785,Milou in May 
1884,Caravan of Courage: An Ewok Adventure
2017,The House on Turk Street
2070,Sex with a Smile 2
2077,Rolling Around
2077,Waiter
2114,Fainaru fahtaji
2114,Final Fantasy : The Movie
2114,Gaia : Final Fantasy
2115,Born in the USA
2115,Just Around the Corner to the Light of Day
2160,Journey to the Bottom of the See
2205,Real Men don`t eat Gummi Bears
2386,Le Collectionneur des cerveaux
2394,Without Family
2433,The Young Girls of Rochefort
2435,Mine Alone
2464,One Last Heist
2527,This Man Must Die
2538,"Hi, Are You Alone?"
2645,Aces Go Places 2
2685,Dead Pigeon on Beethoven Street
2696,Gucha: Distant Trumpet
2964,400 Million Miles from Earth
2964,A Ship to Heaven
2964,A trip to Mars
2964,Sky Ship
2964,The Airship
3013,Sidney Sheldon's Bloodline
3346,"Frankenstein, el Vampiro y Compa????a"
3473,Journey Beneath the Desert
3475,The Train
3476,That Most Important Thing: Love
3480,The Old Gun
3592,One Million B. C.
3698,"Amigo, Stay Away"
3933,Tim Burton's Corpse Bride
4024,Last Year at Marienbad
4073,The Holes
4295,L. A. Vice
4375,The Triple Cross
4498,Not on Your Life
4499,"Pepi, Luci, Bom and Other Girls Like Mom"
4499,"Pepi, Luci, Bom and Other Girls on the Heap"
4499,"Pepi, Luci, Bom"
4532,Agent Joe Walker: Operation Far East
4569,Death in the Red Jaguar
4731,Sandokan the Great
4996,Afternoon
5003,Messy Christmas
5067,The Burning Court
5286,Eleven Men Out
5527,My Sister`s Keeper
5729,L'Age d'Or
5859,Jailbreak in Hamburg
5899,The Northerners
6014,The Scoundrel
6363,The Vulture Wally
6537,The Orphanage
6614,Attack of the Normans
6635,Two Bavarians in the Harem
6690,To Take A Wife
6824,Poppy's By the Tree (2)
6915,Two Among Millions
6959,What Women Dream
7006,White Noise: the Light
7085,The Desperado Trail
7230,Victor and Victoria
7271,The Last Drug
7289,"Eleven Days, Eleven Nights 2"
8888,A Year Ago in Winter
9028,The Great Silence
9311,Smilla's Feeling For Snow
9321,The Polar Bear
9322,La Femme Nikita
9335,The Transporter 2
9369,Asterix Conquers America
9488,Spy Kids 2: Island of Lost Dreams
9552,The Exorcist: The Version You've Never Seen 
9725, Friday the 13th Part II
9725, Friday the 13th (2)
9999,The Free Will
10018,Life Is All You Get
10148,Keep Coming Back (WT)
10190,Nothing Is Private
10299,What Ever Happened to Cousin Charlotte?
10308,Why Does Herr R. Run Amok?
10459,The Three Investigators and the Secret of Terror Castle
10495,"The Karate Kid, Part III"
10495,Karate Kid III
10495,The Karate Kid 3
10664,REC 2
10732,Revenge of the Musketeers
10751,Old Men in New Cars
10855,Naked Weapon
11070,Moonlight Tariff
11100,L'??toile du soldat
11188,Dark Kingdom: The Dragon King
11202,Blood and Guts
11222,The American Friend
11344,A Bittersweet Life
11422,Battle of Midway
11422,The Battle of Midway
11900,Even Dwarfs Started Small
11930,Autoroute Racer
12137,The Crocodiles
12250,The Fifth Commandment
12251,Clouds over Conakry
12456,The Five Obstructions
12814,Sacred Silence
12887,Kill Daddy Good Night
12958,Half the Rent
13486,shanghai baby
13486,shanghai belle
13486,Shanghai Belle
13486,Paris Decadence - The Skin Territory
13572,"Twinkle, Twinkle Lucky Stars"
13576,The Big Brawl
14088,www.schradersx.com
14550,Die Bad
14742,eeeeeeeeeeeeerrrrrrrrrr
14752,Trace of Stones
14794,I as in Icarus
17324,Polish-Russian War
17340,Jonas Brothers: The 3D Concert Experience
18288,The White Hell of Pitz Palu
18467,Young Goethe in Love
18590,A Glass of Water
18616,Come Drink With Me
18616,Da zui xia
18650,The Children of Huang Shi
18650,Children of the Silk Road
18831,"Maria, He Doesn't Like It"
18836,Victor and Victoria
19111,Fright Night Part 2
19648,The Whore
20324,Decalogue II
20329,Decalogue VII
20331,Decalogue IX
20553,The 41-Year-Old Virgin Who Knocked Up Sarah Marshall and Felt Superbad About It
21542,The Guardians
22873,Oscar and the Lady in Pink
23105,Yakuza's Law: Yakuza Keibatsushi: Rinchi
24419,Hell of the Living Dead
24431,The Awful Story of the Nun of Monza
24431,The Lady of Monza
25028,Miracle in Milan
27770,Sword in the Moon
27801,Distant Thunder
28844,Someone I Loved
29008,Samurai III: Duel at Ganryu Island
29186,Angels with Dirty Wings
29592,Eastern Plays
29757,Sam?? W??zu
29956,205 ?? Room of Fear
30271,Socialism
30831,Barbecue
30900,The 6th Man
30908,Garrincha: Lonely Star
31181,King Cobra
32978,Howling V: The Rebirth
33741,A woman is a woman
34096,The Angel and the Beasts
34806,The great Bellheim
34844,Ningen no j??ken
34844,No Greater Love
34953,"Tight Skirts, Loose Pleasures"
35082,Five Dolls for an August Moon
35097,The Man Who Was Worth Millions
35104,The Last Days of Planet Earth
35222,Stuart Gordon's Deathbed
35754,Copperhead: The Snake Movie
35817,Men in the City 2
35860,The Eternal Evil of Asia
35885,Time of the Apes
35904,State Reasons
36014,Portuguese Vacation
36025,Naked Comes the Huntress
36033,He Who Must Die
36228,Mommy Is at the Hairdresser's
36250,Cassandra Crossing
36353,Yogi Bear 3D
36524,Garden of Venus
36552,The Wolf at the Door
36562,Call-girl Undercover
36950,Female Yakuza Tale
37143,Class of Nuke 'Em High Part II: Subhumanoid Meltdown
37241,Tabu: The Soul Is a Stranger on Earth
37392,The Impostors
37607,Hospitals: The White Mafia
37829,The Suspects
38054,"Minotaur, the Wild Beast of Crete"
38074,5 Brandes Women
38082,Confucius
38140,Free Willy: Escape from Pirate's Cove
38151,Frontier(s)
38190,La Putain respectueuse
38289,Hey Arnold!: The Movie
38863,Night of the Vampires
38863,The Curse of the Green Eyes
38863,Cave of the Living Dead
38895,Wolf Girl
39049,"Yes, Madam"
39049,In the Line of Duty 2
39049,Police Assassins
39049,Super Cops
39299,The Flesh of the Orchid
39346,Sennentuntschi: Curse of the Alps
39528,Slovenian Girl
39548,The Powder Puff Gang
39628,Jack and the Beanstalk
39665,Police Assassin
39665,Royal Warriors
39980,The Cow
39980,G??v
40340,Dien Bien Phu
41420,The Golden Claws of the Cat Girl
41432,Eaten Alive!
41446,"Cinema, Aspirins and Vultures"
41855,"Wham! Bam! Thank You, Spaceman!"
41858,"Abominable Snowman Of The Himalayas, The (US release)"
41858,The Abominable Snowman of the Himalayas
41898,The Eternal: Kiss of the Mummy
41961,Crazy Hong Kong
41967,Sparrow
41979,The Lace Wars
41981,Circus Angel
42074,The Beyond
42098,The Terror of Rome Against the Son of Hercules
42226,Certo certissimo ... anzi probabile
42245,Narayama-bushi k??
42245,The Ballad of Narayama
42643,Turkish Rocky 
42914,Constable Studer
43694,Dr. of Evil
43694,"Freakmaker, The"
43694,The Freakmaker
43850,Kingdom of Crooked Mirrors
43862,The Children Are Watching Us
43991,Border Cop
44131,Django Shoots First
44207,Hellfire
44237,The Twelve Chairs
44907,Claang the game
44981,Winx Club 3D: Magical Adventure
45078,Story of a Cloistered Nun
45499,Sleeping Sickness
45506,Laboratory of The Devil
45835,Fool's Mate
45866,Born to Be A Star
46026,Baba's Cars
46233,Trinity Plus the Clown and a Guitar
46244,The Pinups
46247,The Shiver of the Vampires
46318,Satan's Baby Doll
46413,My Niece Doesn't Do That
46569,French Pussycat
46586,All Kitties Go for Sweeties
46615,The Smiling Madame Beudet
46618,The Miracle
46797,Goodbye Bruce Lee: His Last Game of Death
46838,"Skinny Tiger, Fatty Dragon"
46879,How I Became a Negro
47005,Gamera: Guardian of the Universe
47007,Gamera vs. Barugon
47149,Scent of Passion
47158,The Criminal Life of Archibaldo de la Cruz
47186,36 Deadly Styles
47232,Devil Dance
47254,The Dog in the Manger
47317,Prince of the Sun
47386,Viy or Spirit of Evil
47386,Viy
47492,Sons of Norway
47967,Mother's Day
48007,The Art of Love
48022,The State of Things
48509,Death Valley
48820,Sex After Six
48843,The House with Laughing Windows
49217,Legend of Dinosaurs & Monster Birds
49300,The Rat Savior
49552,Zodiac America 3: Kickboxer from Hell
49552,Kickboxer from Hell
49588,"The Dragon, the Hero"
49731,Such is Life
49927,Young Husbands
50181,Viva Algeria
50405,Stopped on Track
50445,The Adventures of Robinson Crusoe
50693,Evil Bong 2: King Bong
50959,Jesus loves me
51381,Family 2.0
52857,Sharpay's Fabulous Adventure
52871,Born in '45
53247,Death Caresses at Midnight
53278,Night Class
54116,Imogene
54216,Lizard
54585,Accuracy of Death
54585,Sweet Rain
54710,Hotel Fear
55291,Mutiny in Space
55329,Giallo in Venice
55329,Thriller in Venice
55329,Gore in Venice
55344,Magnum 45
55344,Plot of Fear
55344,Too Much Fear
55486,Invisible Strangler
55520,Why Did You Come to My House
55531,"Maria, Mirabela"
55693,A Colt Is My Passport
55791,Spy Smasher
55801,Satanic Pandemonium
55944,The Irony of Fate 2
55990,Declaration of War 
56318,Angel Guts: Red Classroom
56332,Ballistic Kiss
56442,Angel Guts: Red Vertigo
56518,Antarctica
57001,The Earrings of Madame de...
57050,Nativity 2 - The Second Coming
57063,Tooth for a Tooth
57069,Attack Of The Fifty Feet Woman
57191,Battleground
57750,nightmare maniac
57821,Brotherhood: Part 2
57938,StreetDance 3D II
58242,Black Heaven
58447,The King and the Clown
58673,Planet B-Boy
58748,The Amazing Mr Blunden
58898,Burial Ground
59027,Bloody Payroll
59066,Duel at Sundown
59070,Night of the Devils
59071,Street Law
59313,What Did the Lady Forget?
59478,White Fire
59491,The Murderous Corpse
59493,The False Magistrate
59562,Time Traveller: The Girl Who Leapt Through Time
59593,A Long Ride from Hell
59612,Venus in Furs
59758,Convoy Busters
59825,Brothers Till We Die
60292,The Rats Woke Up
60295,The Forbidden Christ
60445,Memories of Underdevelopment
60510,A Degree of Murder
60596,The Agony of Byzance
60960,One Thousand Dollars on the Black
61007,The Public Woman
61101,The Rage
61255,Punished
61439,The Warrior Empress
61444,The Mark of the Wolfman
61540,Xia nu
61540,A Touch of Zen
61555,Bikini Time Machine
61667,A Class to Remember 3: The New Voyage
61733,East Fifth Bliss
61745,A Day for a Miracle
61829,Ant Street
61904,The Old Guard
62042,The Brave Warrior
62043,The Reunion
62050,Black on White
62395,Beyond the Door
62424,Today Is the Day
62502,National Lampoon's Gold Diggers
62513,Daughters of Darkness
62550,Zombie and the Ghost Train
62551,The Suspended Step of the Stork
62582,Reconstruction
62653,Encounter with Werther
62670,The Kidnapper
62680,Psycho Sisters
62763,Kojak in Budapest
62781,The Octopus
62848,SS Hell Camp
63095,A Lesson in Love
63096,Summer Interlude
63101,Four Steps in the Clouds
63127,"Yours Truly, Blake"
63144,The Tall Women
63202,Escape from Tibet
63246,Kill and Be Killed
63282,"2 - I, a Woman, Part II"
63539,Waxworks
63669,A Year in Mooring
63725,Screwed in Tallinn
64170,Dance of the Drunk Mantis
64200,Lifeline
64209,Hong Kong 1941
64230,Women in Fury
64243,Just Heroes
64276,The Legend of Wisley
64279,Young and Dangerous 2
64298,The Prophecy
64307,Nameless Gangster
64365,99 Women
64559,War Goddess
64688,"Sizzle Beach, U.S.A."
65108,The Killers
65151,Take All of Me
65258,What's in a Name?
65408,Nightwars
65527,Raat Gayi Baat Gayi?
65540,The Trout
65590,The Atlantic Swimmers
65756,Mr. Peek-a-Boo
66035,The Iron Crown
66187,The Blue Villa
66210,Cy Warrior
66211,Respect
66331,The Third Part of the Night
66404,I Am Cuba
66734,Late August at the Hotel Ozone
67255,Twice a Woman
67260,Erotic Ghost Story II
67423,Deadly Circuit
68031,The Barn of the Naked Dead
68110,A Place in Hell
68303,Red Rings of Fear
68312,??abano??lu ??aban
68506,I Am Semiramis
68627,Find a Place to Die
68718,The Most Beautiful Age
68945,Four Nights with Anna
69097,Kickbox Terminator
69238,The Striker with Number 9
69368,Cries Unheard: The Donna Yaklich Story
69426,The Pod People
69426,Return of E.T.
69902,Ring for Catty
69939,Thunder Drive ?? Fluchtpunkt Los Angeles
70279,The Last Days Of Pompeii
70730,Invaders of the Lost Gold
70743,Disco Crazy
70765,"Theodora, Slave Empress"
70879,Samurai Spy
70903,A Mother Should be Loved
70915,The Republic of U??ice
71327,Wolves of the Deep
72014,Lucky Johnny
72160,The Legend of the Boneknapper
72559,The Keys to Paradise
72643,GS Wonderland
74999,Asylum
79073,The Scorpion King: Book of the Dead
79670,A Mother's Work (2)
82396,Remake
82396,Remake A.K.A. Cloudy... With a Chance of Improvement
83914,Famous Five 4
84664,The Cold Truth
85120,Lines of Wellington
86719,7500
90296,Until We Die
91417,A Perfect Christmas
93296,"Children, Be Afraid"
94928,Little Mountain Boy
95153,Too Hard to Handle
97170,Alexander Kirk: Conclusion
97889,'Til Death Do Us Part
101959,Skiptrace
106339,Who's Dead?
109030,Saints and Soldiers: Battle of the Tanks
110169,In and Out
111141,Erich K??stner and Little Tuesday
114401," Lies, Amplifiers, Fucking Twitter"
115054,Ian Garvey: Conclusion
116188,A Life in a Day
116532,The Adventurers
116704,The One that Matters Most
118356,Warrior's Gate
119341,Unfriended 2 - Dark Web
119769,Elseworlds: Hour Three
121098,Sniper Special Ops
122380,"Judge, Jury ..."
128505,Devil's Due
128668,Resurrection of Evil
131013, Saints and Sinners
133318,Incident in a Ghostland
142538,The Vanishing
148922,Anne Of Green Gables: The Good Stars
150411,Small Axe: Mangrove
157566,Lobo: The Animated Series
159506,A Quiet Place: Part II
167175,Chain of Death
167698,State of Decay III
179485,"Eat, Brains, Love"
189437,Dynasty Warriors
4,State of Siege
4,Estado De Sitio
234,The Cabinet of Dr. Caligari
234,Le Cabinet du docteur Caligari
259,Love on the Run
780,The Passion of Joan of Arc
823,Jin-R??
823,Jin-Roh: The Wolf Brigade
906,Three Good Friends
906,Three from the Gasoline Station
1653,The Motorcycle Diaries
1700, Stephen King's Misery
1791,The Piano Teacher
1846,Marlowe- The little Sister
1846,The little Sister
1868,Astragal
2030,Confession of Felix Krull
2031,Resurrection
2078,The Sign of the Dollar
2078,High and Low Finance
2122,The Whole Nine Yards 2
2136,Hangin Out
2140,Le Baiser du Dragon
2140,Le Baiser mortel du Dragon
2164,"Stargate, La porte des etoiles"
2181,The Small white Mouse
2285,Un amour en Allemange
2285,A Love in Germany
2346,Still Life
2374,The Raft of the Medusa
2437,Schools Falling Apart
2444,The Red Squirrel
2463,Hidden War
2463,An zhan
2648,Aces Go Places 5: The Terracotta Hit
2997,Sir Arthur Conan Doyle`s the lost World
3004,The Thirteen Chairs
3163,Dracula Against Frankenstein
3163,The Erotic Rites of Frankenstein
3479,Innocents with Dirty Hands
3521,The Puzzle of the Red Orchid
3524,Ordered to Love
3560,Ring of Darkness
3560,M??rkets ring
3590,Mysterious Island
4051,The Magic Mountain
4226,Shriek If You Know What I Did Last Friday the 13th
4267,Get Out Your Handkerchiefs
4483,The Return of Martin Guerre
4544,Emil and the Detectives
4897,The Dance
4898,Chicken with Vinegar
4911,4/29/1992
5070,How Much Do You Love Me?
5177,Dark Horse
5601,Shock Treatment
5742,Megavixens
5849,The Doctor of St. Pauli
5874,Nurses for Sale
5881,Twice Upon a Time
5905,Between Munich and St. Pauli
5931,Street Acquaintances of St. Pauli
5992,That Can't Shake Our Willi!
6296,Who Killed Santa Claus?
6372,"Help, I Love Twins"
6556,The Black Abbot
6618,Avenger of the Seven Seas
6645,A Woman Who Knows What She Wants
6647,Mikosch of the Secret Service
6794,Roses from the South
6957,The 40-Year-Old Virgin
7979,Les Cerfs-volants de Kaboul
8016,"Germany, Year Zero"
8333,Taking of Pelham 123
8347,running on empty
8349,The Red Baron
9565,No More School
10265,Korean Job
10275,The Shaolin Temple
10763,Dr. T & the Women
10983,"Harry, He's Here to Help"
11310,City Slickers II: the Legend of Curly's Gold
11328,With Blood on My Hands: Pusher II
11328,Pusher 2
11490,Thr Child
11490,The Child
11546,Police Academy 7: Mission to Moscow
11546,     Police Academy VII: Mission to Moscow
11841,The 36th Chamber of the Shaolin
11841,Sh??o L??n s??n sh?? li?? f??ng
11841,The 36th Chamber of Shaolin
12089,The Tall Blond Man with One Black Shoe
12169,The First Day of the Rest of Your Life
12487,Yakuza Horror Theater: Gozu
12574,Cop and a Half
12601,The Haunting of Rebecca Verlaine
12952,North Face
13379,Serious as Pleasure
13492,Dangerous Moves
15596,Ong Bak 2: The Beginning 
15707,Hell's Rain
15734,The Libertine
16202,Around a Small Mountain
16203,George A Romero's Survival of the Dead
17222,The School of Flesh
18399,A Prophet
18837,Love from Paris
19050,The Fall of the House of Usher
19050,The Fall of the House of Usher 
19050,The Mysterious House of Usher
19278,Ms. 45
19432,Love and human Remains
19896,Vampire Lovers
19996,Nine Dead Gay Guys
21261,Spring in a Small Town
21261,Xiao cheng zhi chun
21295,The Misfortunates
24891,The Secret of the Whales
25093,All Night Long 2
25094,All Night Long 3
26070,Confessions of an American Girl
26080,Run If You Can
26138,The Robber
26397,"Serge Gainsbourg, vie h??ro??que"
26727,The Door with Seven Locks
28966,I am Love
29680,The City of Lost Souls
29719,Moribito: Guardian of the Spirit
29719,Guardian of the Sacred Spirit
29754,Until Nothing Remains
30504,The Colour of Pomegranates
30634,Killer Crocodile 2
30750,"If Not Us, Who?"
31243,Blood Night: The Legend of Mary Hatchet
31379,Psalms of Planets Eureka Seven
31518,Zombieland 2
31519,Anchorman: The Legend Continues
31563,The Soul Keeper
31918,The City Below
32954,The Monitor
33534,Stephen King's Graveyard Shift
33755,Ladies of the Park
33760,A Summer's Tale
34195,Hikaru no Go
35100,The Battle of El Alamein
35128,Chronicle of a Homicide
35883,Sisters of Satan
35883,Innocents from Hell
35883,Mark of the Devil Part 3: Innocence from Hell
35883,Mark of the Devil 3
35908,The Serpent
36017,Black Brown White
36027,East Wind
36526,Bermuda: Cave of the Sharks
37121,A Quiet Place in the Country
37238,John Carpenter's The Ward
37351,Dark Woods
37664,Friends and Lovers
37841,A Man and His Dog
38031,Act of Aggression
38079,Final Hour
38165,Pillaged
38168,Shoeshine
38168,Shoe-Shine
38347,Beyond Good and Evil
38357,Carnal Circuit
38365,Chinese Hercules
39319,Town Creek
39334,Along The Ridge
39334,Libero 
39496,Captain Conan
39724,The Charterhouse of Parma
39735,Au-Dela de la Peur
39743,The Nutcracker
39790,Little Marcel
39794,Violet and Daisy
39806,God of Carnage
39841,The Man Who Will Come
39928,Tere Bin Laden
40606,Romance of a Horsethief
40697,Confessions of a Cheat
41646,The Protector
41655,Rattle Rat
41695,Trollhunter
41724,Me and Kaminski
42017,The White Sheik
42278,Dracula in the Provinces
42484,Grisbi
42554,The Return of Superman
42799,Witchhammer
43515,Preparation for the Festival
43708,8213: Gacy House
43808,War of the Wizards
43826,Cutting It Short
43891,Ju-Rei: The Uncanny
44047,Mr. Hercules Against Karate
44112,The Chronicles Of Riddick: Dead Man Stalking
44112, Riddick - Dead Man Stalking
44225,Pistol for a Hundred Coffins
44388,Technotise: Edit & I
44580,Behind Convent Walls
44640,Odysseus: Voyage to the Underworld
44640,Odysseus & the Isle of Mists 
45229,The Loves and Times of Scaramouche
45290,The Hanging Woman
45496,The Women on the 6th Floor
45687,The Smile
45698,The Shared Happiness
45710,The Inheritor
45739,House of Blood
45854,Children of Glory
45965,I Like the Girls Who Do!
46190,Winter Wind
46197,"Blood, Boobs & Beast "
46199,Young Sinners
46369,The Young Tigers of Hong Kong
46610,Chocolate Cop
46624,Your Money or Your Life
46653,Mister Scarface
46730,"Don't Fumble, Darling"
46996,House Of Cruel Dolls
47014,Gamera 2: Attack of Legion
47015,Gamera 3: Revenge of Iris
47061,Tigers in Lipstick
47340,Looking for Jackie
49577,Fury in Shaolin Temple
49577,Fury in the Shaolin Temple
49983,A Queen's Ransom
50165,Web of Lies
50420,The Minister
50444,The Seawolf
50708,The Snows of Kilimanjaro
50991,Three Bavarians in Bangkok
52105,High Kick Girl!
52318,Bait 3D
52479,More Mercy
52852,Mask Maker
53515,The First Time
53707,The Robot vs. the Aztec Mummy
53790,Aliens vs Avatars
53996,Two Female Spies with Flowered Panties
54265,Juan of the Dead
54593,The Sister of Ursula
54738,Calling All Police Cars
54812,Why Do They Call It Love When They Mean Sex?
55271,Scorpion with Two Tails
55319,The Haunted Strangler
55351,The Lady of the Lake
55380,Deadly Crossing
55800,Girl Slaves of Morgana Le Fay
55808,The Serpent's Tale
55810,Shattered Soul
55829,The Big Bust Out
55893,The Carpet of Horror
56003,Two Undercover Angels
56003,Sadist Erotica
56003,The Case of the Two Beauties
57004,The Eighth Day
57055,Deadly Pledge
57617,The Importance of Tying Your Own Shoes
57703,Sources of Life
58206,The Forgotten Wells
58361,Vysotsky. Thank You For Being Alive
58454,The Late Mathias Pascal
58454,The Living Dead Man
58852,Ghost Cat
59031,Roads to Koktebel
59039,Cut-Throats Nine
59061,From a Whisper to a Scream
59754,Cry of a Prostitute
59830,Winged Devils
60293,Courage for Every Day
60294,Silence and Cry
60425,The Circuit 3: Street Monk
60503,Female Vampire
60508,Twenty Brave Men
60566,Red Lion
60659,Surviving Life
60937,Dark Rising: Bring Your Battle Axe 
60937,Dark Rising 1
61125,"If You Love Me, Why Am I Dyin'?"
61195,Hercules Against the Moon Men
61195,Maciste vs. the Moon Men
61195,Hercules vs. the Moon Men
61325,Terror Beneath the Sea
61340,Varan the Unbelievable
61909,Natsume's Book of Friends
62053,My universities
62053,Gorky 3: My Universities
62054,The Childhood of Maxim Gorky
62055,Gorky 2: My Apprenticeship
62069,Tidal Wave
62304,Family Nest
62407,"A Reason to Live, a Reason to Die"
62541,"Morgan, the Pirate"
62650,"Eyes Do Not Want to Close at All Times, or, Perhaps One Day Rome Will Allow Herself to Choose in Her Turn"
62669,The Hand in the Trap
62703,Story of a Love Affair
62972,The Bandit of Brazil
63068,Edward and Caroline
63069,It Happened at the Inn
63102,Nobody Will Laugh
63172,Destination Fury
63267,Early Works
63463,America's Most Hated Family in Crisis
63520,M??rcio Apagil
63733,My Heart Is That Eternal Rose
64032,The Viral Factor
64191,Expect the Unexpected
64560,My Super Psycho Sweet 16: Part 2
64803,The Phantom of the Big Tent
65205,Half Human
65405,August Eighth
65407,American Cyborg Steel Warrior
65512,Bungee Jumping of Their Own
65852,Wolf Children Ame and Yuki
65981,Cruel Restaurant
66436,Vladimir and Rosa
66968,Reed: Insurgent Mexico
67063,13 Beloved
67142,"Young, Violent, Dangerous"
67751,Stephen King's a Good Marriage
68148,Monsters vs. Aliens: Mutant Pumpkins from Outer Space
68305,Kong Island
68399,A Sword for Brando
68427,Leaves Out of the Book of Satan
68534,Explosion
68942,R??ce do g??ry
68942,Hands Up!
69716,Happy Days
69729,Dead Man's Bluff
70230,Rang-e khoda
70230,The Color of Paradise
70600,A Princess for Christmas
70600,Christmas at Castlebury Hall
70600,A Christmas Princess 
70722,Love Camp
71012,A Larva to Love
71702,The Secret Mark of D'Artagnan
71881,Marco Polo: The Missing Chapter
72557,The Gypsy
73035,A Cube of Sugar
80698,The Hired Hand - Director's Cut
81143,The Olsen Gang Goes Crazy
81996,Autumn Tingles ?? Speed dating for Silver Hairs
84610,The Big Risk
84948,A Doll to Treasure
94514,Sister City - Part One
95413,Sierra Nevada
96439,Only in New York
98448,Among Us Hide...
99674,Heal the Living
102416,The Hidden Word
103984,Police Story 2013
103984,Police Story: Lockdown
104071,Resident Evil 6
104071,Resident Evil 6 - The Final Chapter
107952,Coral Palms Part 3
109227,Spirochete & Santeria
109228,Tree Toxins & Three Stories
109949,Bacterium & the Brothers Panitch
109951,Asphyxiation & Aces
111719,Happy Death Day
112179,Hard Drive
113354,Manhattan Night
113903,The Serpent's Egg
113920,A Dark Knight: Things That Go Boom
114627,A Dark Knight: Queen Takes Knight
115241,A Dark Knight: Reunion
115242,A Dark Knight: The Sinking Ship the Grand Applause
117199,Balloon
118849,Goosebumps: Haunted Halloween
118849,Goosebumps 2
119221,Birds of a Feather...
120140,Prison Riot
120573,Pain Killer
128617,Paradise War - The Story of Bruno Manser
131729,The Specials
136808,Love in the City
144513,The Captain
152289,The Mystery of Henri Pick
152682,Shock Wave
155499,Night of the Seagulls
159350,Everything Went Fine
159547,A Little Something for Your Birthday
167695,Full Circle III
167697,State of Decay II
167699,State of Decay IV
113,"Spring, Summer, Fall, Winter??and Spring"
113,"Spring, Summer, Autumn, Winter... and Spring"
148,The Secret Life of Words
427,My Uncle
537,I'm Not Here to be Loved
624,Easy Rider - Buscando Mi Destino
633,Soldier of Orange
860,War Games
877,"Scarface, The Shame of the Nation"
917,Mother India
917,Bharathamba
1433,The Devil's Backbone
1553,The Beat That My Heart Skipped
1626,Vivre sa vie: Film en douze tableaux
1626,My Life to Live
1626,It's my Life
1688,Conquest of the Planet of The Apes
1805,Beavis and Butthead
1834,"Murder, my Sweet"
1834,"Farewell, my lovely"
1835,"Farewell, My Lovely"
1841,La Dame du Lac
1841,The Lady in the Lake
1919,Loin d'elle
2000,Aguirre: the Wrath of God
2000,"Aguirre, Wrath of God"
2060,Spoiled Children
2079,Almost a Gentleman
2145,Feel the Motion
2161,Microscopia
2161,Strange Journey
2194,No Regrets
2391,A Captain's Honor
2566,Time to Leave
2828,Tatort: Eine Leiche zu viel
3007,By Rocket the Moon
3007,Girl in the Moon
3007,Woman in the Moon
3031,The Island of Dr. Moreau
3053,Dance of the Vampires
3107,Destroy All Monsters
3474,L'Atlantide
3528,A Goddamn Job
3564,The Last Tunnel
3685,Apache Gold
4146,The Wonderful Crook
4191,The Bride Wore Black
4268,The Other One's Mug
4307,The Flower of My Secret
4383,"Love Now, Pay Later"
4383,She Walks by Night
4383,The Truth about Rosemarie
4397,Sex on the Run
4397,Some Like It Cool
4519,Conversations with My Gardener
4814,Lovable Zanies II
4814,Three Crazy Jerks II
5473,The Preacher
5618,Cousin Cousine
5631,The Green Archer
5748,Good Morning and... Goodbye!
5909,J??rgen Roland??s St. Pauli-Report
5912,Two Bavarians in St. Pauli
5939,Between Hamburg and Haiti
5960,Only Human
5998,Dr. Mabuse the Gambler
6011,Der Haus-Tyrann
6391,Jellyfish
6630,Son Without a Home
6658,Bottoms Up
6881,Two Bavarians in the Jungle
6960,What Is the Matter with Willi?
7070,Willi Manages The Whole Thing
9254,"If It Don't Fit, Use a Bigger Hammer"
9282,11:14 PM
9316,Ong-Bak: Muay Thai Warrior
9508,Whiskey with Vodka
9736,Love Me No More
9805,Traumschiff Surprise ?? Periode 1
10161,My Left Foot: The Story of Christy Brown
10244,Gods of the Plague
10257,The Huadu Chronicles: Blade of the Rose
10257,Twins Effect 2
10257,The Twins Effect II
10280,Stephen King's Thinner
10580,Lemon Popsicle
10976,All Gone
11431,The Perfect Catch 
11786,Dracula and Son
12550,Return of the Blind Dead
13361,Solemn Communion
13525,Tomorrow Is My Turn
13708,The Letter for the King
15994,Mao's Last Dancer
16138,Chik yeung tin si
16153,Park Benches
16210,The Poseidon Adventure
16727,Clive Barker's Dread
17218,Seduction: The Cruel Woman
17585,Jew Suss: Rise and Fall
18944,Mark of the Devil
19471,Contamination
19471,Toxic Spawn
19902,In God We Tru$t
20323,Decalogue I
20325,Decalogue III
22086,The Librarian
23098,Son of Django
24041,The King's Spech
24453,The Sleeper's Wife
26079,The Adventures of Sharkboy and Lavagirl in 3-D
26985,One Piece
27425,Baby Bigfoot
27783,The Bounty Killer
29129,Zombie Flesh Eaters 2
29876,Doberman Deka
30294,Hells Angels in Vietnam
30890,Fire Monsters Against the Son of Hercules
31124,The String
31426,Urotsukid??ji
31459,Men to Kiss
32153,Beauty & the Briefcase
32231,The Impossible
32690,The Miracle of Berlin
32917,Tintin and the Blue Oranges
32921,Tintin and the Mystery of the Golden Fleece
33019,Rugantino
33378,Outback
34031,Kung Fu Mama ?? Agentin mit Kids
35194,Vengeance Is Mine
35323,Sex and Zen
35946,Life Is a Bed of Roses
35948,Eden and After
36002,A Bullet in the Gun Barrel
36095,For a Cop's Hide
36281,The Last Circus
36633,Battle of the Amazons
37445,X-tro
37735,Don 2: The Chase Continues
37855,Clans of Intrigue
37884,Center Stage: Turn It Up
38034,"Don Juan, or If Don Juan Were a Woman"
38060,Without Apparent Motive
38176,The Treasure Hunter
39025,The Atlantis Interceptors
39045,Justice Is Done
39352,Without warning
39491,Anything for a Buck
39511,Outside the Law
39788,Faustine et le Bel ??t??
40348,The Family
40584,Naughty Nymphs
40967,Burke & Hare
41623,Six: The Mark Unleashed 
41869,The Tartars
42162,Dead Eyes
42670,Treasure of the Amazon
42749,How To Lose Your Lover
43043,The Pleasure Pit
43153,Seven Beauties
43184,Welcome to the South
43863,The Flavor of Green Tea over Rice
43892,Illusion of Blood
44036,The Judge and the Assassin
44083,Archim??de le clochard
44133,Emanuelle's Revenge
44160,Detective Dee and the Mystery of the Phantom Flame
44186,Sex of the Witch
44188,Convent of Sinners
44275,Season 1
44539,The Legend Is Born ?? Ip Man
45288,"Ivanhoe, the Norman Swordsman"
45324,Enthiran
45324,Endhiran
45505,The Three Fantastic Supermen
45733,Train Station Pickups
45814,Fighting Elegy
45956,Das verr??ckte Strandhotel
46035,Max Minsky and Me
46375,The Naked Wytche
46482,???????????????????
46581,Beautiful and Wild on Ibiza
46960,The Homosexual Century
47147,Emma Hamilton
47181,"Come to Vienna, I'll Show You Something!"
47796,Burst City
47827,The End of Man
49429,Angel & Tony
49494,Thunder Kids
49494,Thunder-Kids
49494,Thunder Ninja Kids: The Golden Adventure
49550,Terror Serpent
49573,Angel Enforcers
49800,The Leopard Fist Ninja
50039,Dirty Weekend
50572,Winter of the Dead: Meteletsa
51482,Famous Five
51684,Colour of the Truth
51943,Different from You and Me
52238,Lethal Lady
52238,She Shoots Straight
52320,2069: A Sex Odyssey
52360,Tekken: Blood Vengeance
52504,Attentato ai tre grandi
52796,Nema-ye Nazdik
52796,Close-Up
53024,Provinces of Night
53787,Zero for Conduct
53812,Victor and the Secret of Crocodile Mansion
54067,Revolutionary Girl Utena
54675,Midnight Killer
55295,Dr??cula - Spanish Version
55295,Spanish Dracula
55295,"Dracula, Spanish Version"
55818,Violent Rome
56055,Resurrection
56224,The Key Is in the Door
56231,The First Rebel
56319,Angel Guts: High School Coed
56320,Angel Guts: Nami
56321,Dr. Lamb
56476,Children of the Century
56514,Something to Remind Me
56883,The Art of Love
56968,The Golden Coach
57022,Carthage in Flames
57686,35 Shots of Rum
57820,The Greatest Showman on Earth
58318,Virgins From Hell
58323,Watcher in the Attic
58510,Blood Sucker
58516,Into a Dream
58717,Beyond the Door
58734,Andromedia
59025,"A Minute to Pray, a Second to Die"
59035,Manhunt in the City
59050,War of the Buttons
59413,Hands off Mississippi
59444,A Policewoman in New York
60059,Red Bells II
61640,A Very Short Life
61976,Our Crazy Nieces
62528,Poison in the Zoo
62534,I a Woman
62666,Summer Skin
63260,Nick Carter and Red Club
63687,Bare Behind Bars
64016,In Desert and Wilderness
64017,Apparitions at Fatima
64202,Tiger on Beat
64568,6 Bullets
64770,Successive Slidings of Pleasure
65139,Six Inches Tall
65788,Hot Dog??The Movie
65910,"Wild, Wild Planet"
65913,War of the Planets
65949,Beatrice
66041,The Gold of Naples
66406,In Praise of Love
68577,"Hook, Line & Sinker"
69251,Love Circle
69722,In the Line of Duty 5: Middle Man
70733,The Funny-Drivers
71008,Fire Syndrome
71064,Winchester Bill
71407,Rome 11:00
72052,Cracking Up
72608,The Owl vs Bombo
73039,The Past
75202,"The Way, Way Back"
77768,Tambourine
79268,Fish & Cat
80065,"We Are Grounders, Part 1"
80241,Ni Jing: Thou Shalt Not Steal
80347,Serial (Bad) Weddings
83113,Whisper 2
85787,November Man
93477,Shed My Skin
93629,Paranormal Activity 5
95650,L.M. Montgomery's Anne of Green Gables
96117,The Take
99021,Girl House
104469,Rush to Judgement
104611,We're Good People Now
107869,I Spit on Your Grave III: Vengeance is Mine
107869,I Spit on Your Grave: Vengeance Is Mine
107951,Coral Palms Part 2
108594,Nora Roberts' High Noon
109071, Eddie & the Empire State of Mind
109072,Boatopsy & Booty
109229,Lidocaine & Long-Term Lust
109950, Mummies & Meltdowns
112253,The Book of Love
112253,The Devil & the Deep Blue Sea
119292,The American Alien
148897,Rogue City
152865,What Doesn't Kill Us
155502,Eaters
179171,Queen of Niendorf
204,The Wages of Fear
224,Man of Marble
276,The Edukators
299,Ocean's 11
315,"Faster, Pussycat! Kill! Kill!"
410,Summer in Berlin
631,Sunrise - A Song of Two Humans
631,Sunrise 
720,Nacked Gun
720,The Naked Gun
720, Naked Gun: From the Files of Police Squad
787,Mr. and Mrs. Smith
808,???????? ????????
897,The Unvanquished
930,The Great Love
1040,The Leopard
1088,Te Kaieke Tohora
1254,"I'm Fine, Don't Worry"
1585,It??s A Wonderful Life
1848,Poodle Springs
1955,The Elefant Man
2002,The Last Mistress
2035,Chi Tocca Muore
2076,$windle
2123,"Me, Myself and Irene"
2124,The Color of Night
2226,Lord of Alexander Square
2254,On Parole
2283,Die Manns ?? Ein Jahrhundertroman
2290,Jakob le menteur
2586,"Tatort: Saarbr??cken, an einem Montag ??"
2703,Genesis: The Creation and the Flood
2855,Man whith the Objective
2909,In the Dust of the Star
2914,Chemistry and Love
2970,Daughter of Evil
3428,Spring Awakening
3988,Blondie's Hero
4106,Check Point
4387,A Girl Called Rosemary
4387,The Girl Rosemarie
4479,Les Mis??rables
4526,"Death Is Nimble, Death Is Quick"
4680,Two Men in Town
4735,The Good and the Bad
4739,"Raphael, or The Debauched One"
4765,The Red Ibis
4922,Benjamin Button
5691,The Canterbury Tales
5914,Hotel by the Hour
6002,Charley's Aunt
6105,Dead Man's Folly
6105,Agatha Christie's Dead Man's Folly
6368,Holiday in Tyrol
6591,What Have You Done to Solange?
6916,"Watch Out, We're Mad!"
8276,I've Loved You So Long
8324,Fast Food Nation: The Dark Side of the All-American Meal
8441,The Man of the Year
8558,Paradise Mall
8841,The Class
8856,Karate Kid II
9336,Police Academy I
9797,Ivan the Terrible
9797,"Ivan the Terrible, Part 1"
9803,7 Dwarves ?? Men Alone in the Wood
10031,Don't Go Into the Attic
10038,Saikano - The last Love Song on this little Planet
10038,The Last Love Song on This Little Planet
10588,Dr. Seuss' The Cat in the Hat
11147,Peaceful Times
11163,Fellini - Satyricon
11633,Appurush??do
12196,66/67: Fairplay Is Over
12504,The Outsider
12565,November Child
12879,Children of the Moon
13129,The Crow: Wicked Prayer
13169,The Hidden Blade
13329,Love at the Top
13355,Before the Deluge
14072,Siberiade
14130,Appleseed Ex Machina
14461,Yi Yi: A One and a Two
14517,Species IV - Das Erwachen
14564,Sagan
15662,"Tjorven, Batsman, and Moses"
15762,Holocaust: The Story of the Family Weiss
15872,This Side of the Truth
15950,One Swedish Summer
15979,Re-Animator 2
16737,IP Man
17476,Tomie: Beginning
18086,The Frog Princess
18936,Gas Food Lodging
19510,The Night a Village Vanished
19649,The Cove - La Baie de la honte
19814,Saviors in the Night
20294,A Man Escaped
20330,Decalogue VIII
20691,Dust to Dust (AT)
20691,The Low Dweller (AT)
20829,Samurai X: Trust & Betrayal (Director's cut)
21146,Doctor Detroit
21530,20th Century Boys 1: Beginning of the End
22084,Storm over Asia
23010,Caliber 9
23100,Long Live Your Death
23104,Maniac Cop III: Badge of Silence
23383,The Missing Lynx
23402,Ceasefire
24486,Enter the Phoenix
25023,10.5 - Part 1
25023,10.5 - Part 2
25092,All Night Long
26156,My Sex Life... or How I Got into an Argument
26184,"Skin of Man, Heart of Beast"
26296,The Perfume of the Lady in Black
27863,Halloween Camp 2: Scream If You Wanna Die Faster 
28179,The Round Up
28187,Puzzle
28192,On the Path
29764,Sir Arne's Treasure
30507,Ira and Abby
30743,Min D??t: The Children of Diyarbak??r
30847,OSS 117: Lost in Rio
31247,Farm House
34154,Closure
35731,Arresting Love
35938,The Debutant
36067,Hearts and Armour
36863,Tomie: Another Face
37073,Bedtime Stories for Grownups
37239,Thou Shalt Not Kill...Except
37854,Extremely Loud & Incredibly Close
37879,Untitled Nora Fingscheidt project
37879,Unforgiven (WT)
37926,The Hole
37963,Ferat Vampire
38364,Holy Year
39022,Drive-In Massacre
39351,No Problem!
39749,Liberation
40973,The Woman in Blue
41441,Silent Action
41964,School Day of the Dead
42305,Cogan??s Trade
42642,Badi: Turkish E.T.
42778,Eternal Blood
43442,Tender Scoundrel
43467,Sgt. Pepper's Lonely Hearts Club Band
43709,"Tarzeena, Queen of Kong Island"
43758,Magic Silver
43758,Christmas Night in Blue Mountain
44033,Santa Baby 2: Christmas Maybe
44470,Gates of the Night
44860,Journey to Saturn
44876,King Boxer
44982,The Nutty Boy: A Film
45344,Killer Nun
45349,Chicken with Plums
45493,"Nader and Simin, A Separation"
45493,Jodaeiye Nader az Simin
45493,A Separation
45504,Innocent Saturday
45838,Wise Guys
45980,"Hey Marie, I Need More Sleep"
45988,Crime and Passion
46195,Living It Up
46232,Tower of Screaming Virgins
46352,Killer Clans
46425,The Mad Aunts Strike Out
46764,Tomie Unlimited
46798,The Hypnotized
47146,Love Nights in the Taiga
47180,All Night Long R
47231,The Unborn 2
47653,Angel of Death II
47713,The Candidate
47733,Funky Forest
48348,The Captain and His Hero
48678,Where's Officer Tuba?
49458,Outlaw Brothers
49611,Salaryman Kintar??
49876,Hard Ball 
49950,The Brutal Boxer
50156,Shattered Hearts
50156,Shattered Hearts: A Moment of Truth Movie
50299,Bruce Lee Fights Back from the Grave
50313,The Blonde with Bare Breasts
51234,"Voyage to Italy, Complete with Love"
51446,Frankie the Fly
52212,The Night of San Lorenzo
52330,Ronal the Barbarian
52439,Dumb & Dumber Sequel
53432,The Violent Kind
53917,200 mph
54592,The Spider Labyrinth
54728,The Big Gundown
55312,For Your Height Only
55521,The Story of the Last Chrysanthemums
55521,The Story of the Late Chrysanthemums
55779,Killing vs. the Flying Man
55885,The Passion of Anna
56008,Project FIVE
56040,The Last Victim
56085,Les Mis??rables
56146,The 7th Victim
56302,"Ivan the Terrible, Part 2"
56446,Angel Guts: Night is Falling Again
56446,Alone in the Night
56583,Me and My Dick 
57506,Twice Born
57666,When the Party's Over
57850,Sailor Moon R: The Movie
58110,Sad Movie
58703,Saya Zamura??
58830,Moss
59015,Day of the Wacko
59017,Up the MacGregors!
59074,"Girl, Positive"
59074,Consequences
59142,The Abyss
59190,Saw 8: Legacy
59362,Super Ninja Doll
59394,Cyberzone
59516,The Phone Box
59831,The Heroes
60058,Red Bells
60068,Why?
60070,School Is the Foundation of Life
60085,The Blizzard
60340,New York Underground Collection - Richard Kern
60340,The Hardcore Collection: The Films of Richard Kern
60394,Minnie & Moskowitz
60441, Wrong Turn IV - Bloody Beginnings
60560,Orbiter 3
60769,Among Wolves
60966,The New One-Armed Swordsman
61440,Viper in the Fist
62139,American Tiger
62350,Code Condor
62392,Special Agent Hammer
62394,Amok Train 
62526,The Carabineers
62529,The Last Witness
62661,Love Is All You Need
62706,The Black Flag Waves Over the Scow
62728,Drakula ??stanbul'da
63122,Captive Women
63149,Zombie Lake
63251,Long Live the Lady!
63621,Bullet in the Dark
63700,Animal Rage
63963,The Decline of the American Empire
64020,"See No Evil, Hear No Evil, Speak No Evil"
64070,Hit & Run
64150,Zu Time Warriors
64150,Zu Warriors
64150,Warriors from the Magic Mountain
64244,Mr. Vampire
64333,City War
64432,Through the Olive Trees
64432,Zire darakhatan zeyton
64599,Ace Attorney
64816,Signs and Wonders
68044,Caged Women
68062,Emergency Squad
68382,Dead Men Don't Make Shadows
68544,Man Called Amen
69141,Star Odyssey
69247,"Don't Wait, Django... Shoot!"
69367,Catherine the Great
69920,Sanctuary for All: Part 1
70122,A Stranger in Paso Bravo
70767,The Witches' Sabbath
70832,Lost in Siberia
70847,Operation Poker
70850,Save Us from Our Friends
71878,Terrible Day of the Big Gundown
72045,Made in U.S.A.
75627,Suck Me Shakespeer
77242,Joy of Fatherhood
81993,Romance and Cigarettes
91006,The Tower
91763,Love and Friendship 
98853,"Perverse Instantiation, Part 1"
102892,"1,000 Years From Now (1956 US reissue)"
102935,Floating Melon
105098,Help Me Help You
107954,Crime & Punishment
109234,Heroes Rise: Destiny Calling
110132,A Shot Heard Round the World
111773,The Hose or the Animal
113205,Sunken Plum
113935,Put the Damage On
113936,This Woman's Work
114347,The Squad
114347,The Sweeney: Paris
114940,A Manny-Splendered Thing
114940,A Many-Splendored Thing
115003,A Dark Knight: Pieces of a Broken Mirror
116366, Brainless in Seattle (1)
116411,National Lampoon's Stoned Age
118281,Once Upon a Time in... Hollywood
118281,Once Upon a Time ... in Hollywood
129702,Night Hunter
138246,Love Me Like You Do
138787,Blumhouse's Fantasy Island 
139852,A.X.L.
152904,The Lord Giveth...
156606,The Great Battle
167696,Full Circle IV
177809,Amazing Racer 
188979,The Crew of the Dora
189167,Thai Cave Rescue
27,Nine Songs
147,The 400 Blows
210,Encounter at Farpoint - Part 1
225,Man of Iron
317,Esma's Secret: Grbavica
391,A Fistful of Dollars
408,David Li??bana
761,The Wing or the Thigh
798,Anna Louise and Anton
878,The Punch Bowl
878,The Fire Tongs Bowl
893,Policewoman
1090,The 13th Floor
1114,The Story of the Weeping Camel
1818,Shoot the Piano Player
2039,The Bride and the Wolf
2117,Sophie Scholl ?? The Final Days
2141,James Dean: An Invented Life
2149,Deadly Evidence
2214,Secret Marriages
2216,Five Cartridges
2229,The Runaway
2229,The Flight
2233,Love`s Confusion
2240,Under The Pear Tree
2380,La f??te ?? Jules
2380,Le home se r??volte
2475,The New World: Part I
2487,Lady Snowblood
2497,A Hard Day's Night
2599,Tatort: Der Richter in Weiss
2676,The Texas Chain Saw Massacre
2792,The Testament of Cornelius Gulden
2882,Hunting and Gathering
2969,A Daughter of Destiny
2969,Mandrake
2969,Unholy Love
2971,Unnatural
2971,Mandrake
2973,Aelita: Queen of Mars
2973,Revolt of the Robots
3005,The NeverEnding Story
3529,Jitem Kod Ad?? Syrup
3541,Beast With a Gun
3541,Ferocious
3541,The Mad Dog Killer
3541,The Human Beast
3541,Wild Beasts with Machine Guns
3541,Ferocious Beast with a Gun
3686,Last of the Renegades
3929,Blondie bring's up Baby
3977,Blondies Holiday
4235,The Sicilian Clan
4384,Rosemary's Daughter
4386,Law Breakers
4487,"Belphegor, Phantom of the Louvre"
4557,The Trap Snaps Shut at Midnight
4630,It??s Winter
4630,It's Winter
4630,Zemestan
4710,Masculin F??minin
4719,Arsene Lupin vs. Arsene Lupin
4762,The Lost Honor of Katharina Blum
5063,The Passerby
5235,The Fisherman and His Wife
5817,"You, the Living"
5850,Times and Winds
5967,The Umbrellas of Cherbourg
6165,The Beautiful Miller
6225,Arrogance in the Salzkammergut
6401,Email to Bill Gates
6497,Max the Pickpocket
6693,A March for the Emperor
8088,Broken Embraces
8389,L. A. Story
8740,The Vanishing
8860,Metro - Life is a negotiation
9652,The Passenger
9690,Play It Loud!
9702,Blood In Blood Out
10119,The Color of Milk
10594,The Skulls 3
10604,Zorba the Greek
11439,The Ghost
11847,The Accidental Spy
11912,The Tattooed One
11912,The Million dollar tattoo
13290,Beautiful Minds
14651,The Death King
15780,The Slap
15946,The Prince of Pappenheim
15961,The Rose of Stamboul
16166,The Answer Man
16406,Demon Terror
16891,Vicky the Viking
17567,Lippel's Dream
17573,Caligola - La storia mai raccontata
17647,Winds of Terror
19246,House by the Cemetery
19246,The House by the Cemetery
19246,Zombie Hell House
19511,Percy Jackson & the Lightning Thief
19511,Percy Jackson and the Lightning Thief
20477,The Secret in Their Eyes
21370,I've Never Been Happier
21748,Halloween 2
21918,The Crocodiles Strike Back
21931,Katy??
22764,The Girl Who Kicked the Hornet's Nest
23005,The Italian Connection
26073,Diary Of A Lost Girl
26073,Diary of a Lost Girl
26169,Burnt Out
26242,The Lost Treasure of the Knights Templar
27618,With Your Permission
29596,The Endless Night
30269,Augustine: The Decline of the Roman Empire
31278,Curse of 1000 Tomorrows
31278,Dead / Undead
31294,At Midnight I'll Take Your Soul
31592,The Princess of Montpensier
32310, Son of No One
33740,The mother and the whore
34173,The Bullet Train
34173,Killer Train
34794,"She Does Not Drink, Smoke or Flirt But... She Talks"
35363,Many Wars from Now
35454,Single by Contract
36282,Airport '80 - The Concorde
37313,The Ages of Love
37562,In the Land of Blood and Honey
37562,The Land of Blood and Honey
37566,Day of the Falcon
38783,Just the Beginning
38796,The Scorpion King 2: Rise of a Warrior
39085,The Hour-Glass Sanatorium
39085,The Hourglass Sanatorium
39570,Swann in Love
39609,Idiot in Paris
40430,A Cat in the Brain
40573,A Thousand Heroes
41045,The Cat o' Nine Tails
41476,Battle of Neretva
41750,Cholera Street
41808,"White slave, violence in the Amazon"
42174,Monkey Shines: An Experiment in Fear
42247,The Adventures of Hercules
42465,Deadly Spirits
43377,Emperor Tomato Ketchup
44128,The Irony of Fate
44137,Jin ling shi san chai
44163,Beach House
44193,Gladiator Cop: The Swordsman II
44215,Rudolph the Red-Nosed Reindeer and the Island of Misfit Toys
44484,Any Number Can Win
45045,Commando Leopard
45519,Ast??rix et Ob??lix: God Save Britannia
45519,Asterix and Obelix: God Save Britannia
46357,"Pardon, Are You for or Against?"
46376,"Rudi, Behave!"
46900,Dracula Blows His Cool
47069,Varsity Playthings
47598,The Throne of Fire
47735,Lunarcop
47984,Fanfares of Love
48034,Eye of the Black Cat
48034,Gently Before She Dies
48034,Your Vice Is a Locked Room and Only I Have the Key
48228,Clattering Chastity Belts
48232,Fly Me the French Way
48308,The Man Called Noon
49773,Because of You
49773,Dance With Me
49890,Ninja Condors
50502,We Have a Pope
50904,The Boogeyman 2
51035,Operation: Endgame
51050,Ossi??s Eleven
52516,The Human Centipede 2
52879,Number 1 Cheerleader Camp
53044,Made... The Movie
53230,The Suspicious Death of a Minor
53241,A Very Mary Christmas
53243,Babysitters Beware
53786,The Wild Cat
55013, Pilot (1)
55013, Pilot (2)
55317,Slithis
55352,"Man, Woman and Beast "
55405,I Only Want You To Love Me
56041,Star of David: Beautiful Girl Hunter
56086,Prague: Iron Curtain
56222,Peppermint Soda
56417,The Boys Who Slaughter
56417,Naked Violence
56417,Sex in the Classroom
56570,The Ghost & Mrs Muir
57163,Homeless To Harvard
57164,Dark Secrets
57198,The Word
57826,Don't Look Up
57919,Detective Conan: Quarter of Silence
58448,Flowers of Shanghai
58831,Massacre at Marble City
58833,Gorath
58853,What's Up Scarlet
59038,The Big Racket
59254,Landscape After the Battle
59596,The Deserter
60071,Cubs
60410,Music for One Apartment and Six Drummers
60512,The Man with the Shaven Head
60512,The Man Who Had His Hair Cut Short
60772,The Last Exorcism Part II
60772,The Last Exorcism 2
61219,Far from Vietnam
61251,My Friend Who Can't Say No
61443,"Zoltan, Hound of Dracula"
61449,Cosmic Monsters
61449,"Cosmic Monster, The"
61744,Delicacy
62077,The Dirty Seven
62141,Manichitrathazhu
62351,The Opponent
62474,Liar Game: The Final Stage
62540,Xi meng ren sheng
62540,In the Hands of a Puppet Master
62540,The Puppetmaster
62665,St. George Shoots the Dragon
62672,Attack of the 50 Foot Cheerleader
62747,The Woman Eater
62876,The Set-Up
63036,The Guernsey Literary and Potato Peel Pie Society
63036,Guernsey
63283,Troll 3
64013,Men Who Love Women
64242,New Dragon Gate Inn
64345,Once Upon a Time in China V
64647,Strawberry wine
65092,Doctor Solm
65438,Obscene Mirror
65898,Mr. Superinvisible
66150,Yakuza Ladies
66157,Dr. Jekyll and Sister Hyde
66250,White Palms
68134,The Rockford Files: If it Bleeds ... it Leads
68198,The Chaos Class Is Waking Up
69111,The Time Travellers
69698,Flaming Brothers
69714,A Stoker
69771,Devil Hunters
69886,Guess Who's Coming for Breakfast
70128,Our Crazy Aunts in the South Seas
70202,Gangsters
70223,Rurouni Kenshin ?? The Movie
70292,Detective Conan: The Eleventh Striker
70858,Fruits of Passion
70911,The Twins from Zillertal
70913,Doctor Justice
71401,Life and Nothing More...
71931,7:35 in the Morning
72212,Circle of Deceit
72229,The Corrupt Ones
72229,The Peking Medallion 
72285,Option Zero
74599,White Tiger
80066,"We Are Grounders, Part 2"
83567,Airborne - Come Die with Me
85222,The Hateful 8
88407,Paper chochis
91260,Christmas Icetastrophe
91420,Death Race 3: Inferno
94671,The Director (No. 24 - Conclusion)
100541, Nora Roberts' Midnight Bayou
104669,Dr. Adrian Shaw: Conclusion
105293,The Best Washing Machine in the World
106016,The Bye Bye Men
107158,The Four Horseman
109986,A Dark Knight: Pax Penguina
110166,Ip Man: Final Fight
111407,Agatha Christie's Crooked House
111583,"Looking for Mr. Goodbrain, Part 2"
112255,X-Men: The New Mutants
113710,The Fisher King
114642,Suite 7
115240, A Dark Knight: A Beautiful Darkness
115753,The Golden Glove
116184,The Tale of the Seven Keys
117651,Ties That Bind
121376,Whisper 4
121576,Quarantine (1)
129725,Back to 1942
139373,Daughter of God
148839,I Do...Until I Don't
149590,The Labyrinth Prisoner
155490,Skinning
156776,Leprechaun: Back 2 tha Hood
189756,The Cobra
173,"Jules Verne's 20,000 Leagues Under the Sea"
173,Twenty Thousand Leagues under the Sea
273,The White Sound
351,Longing
442,Popular Music From Vittula
458,Sissi ?? The Young Empress
542,The Crime of Father Amaro
760,The Mad Adventures of Rabbi Jacob
1421,The Man who loved the women
1492,La Conquista del Paraiso
1492,La conquete du Paradis
1699,Anatomy 2
1896,Salvador Puig Antich
2016,Days of Glory
2044,Mare II
2044,The See
2215,Star - Crosseed Lovers
2218,The Knight of Bredow`s Trousers
2219,The Third
2225,Alaska - Foxes
2227,Naked Among Wolves
2237,Sunday Drivers
2842,The Silent Star
2842,Milczaca gwiazda
2842,First Spaceship on Venus
3015,The Head of Janus
3015,The Janus Head
3015,The Two-Faced Man
3015,Dr. Warren and Mr. O`Connor
3099,"The Tulse Luper Suitcases, Part 3: From Sark to the Finish"
4023,A Thousand Billion Dollars
4244,Disneys The Kid
4540,Emil and the Detectives
4554,Manhattan Night of Murder
4727,Le Gendarme de Saint-Tropez
4799,Great Man
4995,Pushing Thirteen
5338,Why Men Don't Listen and Women Can't Read Maps
5676,Playboy: Voluptuous Vixens I.
6365,The Vulture Wally
6501,Gru?? und Ku?? vom Tegernsee
6509,When the Heath Is in Bloom
6639,Kamasutra 4 la venganza de slash
6656,When The Village Music Plays on Sunday Nights
6913,Widower with 5 Daughters
7735,The Wave
8273,American Pie: the Wedding
8434,Summer Things
8681,96 Hours
8810,Mad Max II
8810,Mad Max 2: The Road Warrior
8810,The Road Warrior
9677,Forklift Driver Klaus ?? The First Day on the Job
10636,Big Girls Don't Cry
10799,Empire of the Wolves
10852,The Evil Cult
10852,Lord of the Wu Tang
10852,The Swordmaster
10852,Kung Fu Master
10852,Kung Fu Cult Master
11653,The Myth
11964,The Gamblers
14447,Stargate: The Arc of Truth
14523,The Bubble
14565,For my Father
15764,Dear Detective
15770,Incorrigible
15933,"Moscow, Belgium"
17393,The Bone Man
17404,Love in Stunt Flying
18606,Rambo 5
19362,Disney's A Christmas Carol
19703,Chef's Special
20653,The Hedgehog
20764,The Eagle with Two Heads
21771,Shadows of the White Nights
21940,Killer on the road
24088,Mr. Monk and the TV Star
27083,The Fast and the Furious 5
27083,Fast & Furious 5
28544,The Sorceror's Curse
28544,St. George and the Dragon
28544,St. George and the Seven Curses
28544,The Seven Curses of Lodac
29006,Samurai II: Duel at Ichijoji Temple
29374,Egg
31374,Raisins of Death
31374,Pesticide
31374,Pestizide-Grapes of death
31857,Full Metal Yakuza
34211,Undisputed 3
35498,The Dirty Dozen: The Next Mission
35501,Dirty Dozen: The Deadly Mission
35898,On the Lamb
35949,The Four Charlots Musketeers
35975,Legacy of Evil
35984,Anatomy of a Marriage: My Days with Fran??oise
36318,Different from the Others
38819,Way of War
39695,In the Line of Duty III: Force of the Dragon
40566,Kiss the Girls and Make Them Die
40566,If All the Women in the World
41632,The Cannibal Man
43690,Mega Shark Versus Crocosaurus
43952,Oh! My Zombie Mermaid
44169,Terror Express
45042,Soldier Warriors 
45073,The Four Charlots Musketeers 2
45502,Men Behind the Sun
45522,Black Sun: The Nanking Massacre
46282,Black Market of Love
46659,Bloody Pom Poms
46703,A Mission for Mr. Dodd
46983,"Hugo, the Woman Chaser"
47353,Blood Orgy of the She Devils
47845,Gakk?? no Kaidan 3
48000,Lizard in a Woman's Skin
48000,A Lizard in a Woman's Skin
48212,9 Souls
48715,The Bible Code
49544,The Umbrella Coup
49563,Lethal Panther
49563,Deadly China Dolls
51830,Requiem pour un Vampire
52278,1911
54248,Happiness Never Comes Alone
54988,The Soviet Story
56061,Les Mis??rables
56796,Entre Nous
57651,The Killing Hour
57940,City Hunter ?? Magnum with Love and Fate
58104,Memorial Day
58620,God's Puzzle
59532,Battletruck
60938,Dark Rising 2
61316,House of Mystery
61979,The Bird with the Crystal Plumage
62160,Crying Out
62396,Adua and Her Friends
63273,The Miracle of Father Malachia
64012,100 Days
64023,Divide and Rule
64024,The First Tuesday in October
64461,The White Balloon
64461,Badkonake sefid
65030,The Blue Veil
65267,Galaxy Hunter
65267,Backlash: Oblivion 2
65392,I Can't Marry Them All
66214,Neon Vampires
68034,Angels Revenge
68065,Mark Shoots First
68069,Detective Story
68109,The Archangel
68113,Taste of Killing
68113,A Taste of Killing
68880,Sammy 2
68881,Model Behaviour
68918,Beaks: The Movie
70642,Man in Hiding
70642,Woman in Hiding
70711,Code Name: Dancer
71238,Mass Effect: Paragon Lost
71405,Angry Guest
72234,Women & Men: Stories of Seduction
90336,Kerosene Cowboys
91762,Frank and Lola
94407,MI-5
94407,MI5
98854,"Perverse Instantiation, Part 2"
99083,Rise of the Villains: Mommy's Little Monster
99624,Underworld: Next Generation
110278,"No Retreat, No Surrender"
111582,"Looking for Mr. Goodbrain, Part 1"
112186,234567
113453,The Outskirts
114761,Shifting Sand
115065,D??j?? Vu
118282,Summer of '84
119219,Serial (Bad) Weddings 2
121577,Quarantine (2)
124571,John Wick: Chapter 3 
128895,"The Good, the Bad and the Dead"
129453,The House of Tears
130000,The Last Kennedy
146536,Ares
167515,Los 7 Magn??ficos
174187,The Trip
177285,Get In
179286,The Last Matinee
62,Two Thousand and One: A Space Odyssey
191,The State I Am In
347,People on Sunday
363,Head-On
685,Olympia Part Two: Festival of Beauty
711,Finding Red
743,Train Birds
776,The Rules of the Game
846,The X Files: Fight the Future (Working Title)
846,X-Files: Blackwood (Working Title)
872,Singing in the Rain
1558,Learning to Lie
1580,Rope's End (B??hnenst??ck)
1586,"Secret Window, Secret Garden"
1670,The Hound of Blackwood Castle
1718,Santa Fe Trail
1913,The Sea Inside
1973,Ju-on 2
2200,Jacob the Liar
2200,Jakub Ihar
2200,Jakub Luhar
2234,At a French Fireside
2378,The Island of Thirty Coffins
2378,The Island of the 30 Coffins
2378,Coffin Island
2387,Tableau d??honneur
2476,The New World: Part II
2972,The Golem
2972,The Golem: How He Came Into the World
3577,The Tunnel
3865,Darkbluealmostblack
3961,Leave It to Blondie
4204,$5 a Day
4204,5 Dollars a Day
4266,The Breach
4300,The Crucible
4311,The Sleeping Car Murders
4707,"Hurrah, the School Is Burning"
5206,The boss of it all
5233,Wild Orchid II: Two Shades of Blue
5511,The Godson
5558,The Phantom of Liberty
5637,Only the Wind Knows the Answer
5816,The Waiter
5869,The Priest of St. Pauli
6173,Read My Lips
6216,The Whore's Son
6399,A Friend Is a Treasure
6399,Who Finds a Friend Finds a Treasure
6554,The Architects
6689,Trees are Blooming in the Prater
6793,The Haunted Castle
7862,The Counterfeiters
8211,Our Folks
8211,Our Friends Here
8280,The The Secret of the Grain
8280,The secret of the grain
9041,One Deadly Summer
9347,Among Vultures
9510,1?? Knights ?? In Search of the Ravishing Princess Herzelinde
9815,Goal! 2: Living the Dream...
9949,Death Ride
10004,Stephen King??s Desperation
10854,Zombies
11357,Halloween IV: The Return of Michael Myers
12455,The Young Lieutenant
14588,Bride of the Orient
14764,Tomie: Revenge
15778,The Honors of War
16132,Freaked Monstrum
16167,Screams of Blasphemy
20005,Kim Novak Never Swam in Genesaret's Lake
21263,Yuen Ling-yuk
21263,Centre Stage
21263,The New China Woman
21498,A couple of dicks
21968,"Gute Zeiten, Schlechte Zeiten"
23125,Torso
26157,The Sentinel
27317,Inside Ring
28989,6 Souls
29746,Carlos the Jackal
29755,The Solitude of Prime Numbers
30168,easy A
30791,Beyond the Fog
30791,Horror on Snape Island
33203,Invasion of the Flying Saucers
33242,The Big Carnival
33252,The Disappearance of Haruhi Suzumiya
33582,My Life in Orange
33950,Overheard
34102,Spy Kids 4D
34102,Spy Kids 4: All the Time in the World
34102,Spy Kids: All the Time in the World in 4D
34871,The Warrior
35822,Chinese Zodiac
35822, CZ12
35921,Metal Gear Solid: Philanthropy
36092,Adieu poulet
37413,Hotel Oklahoma
37413,Innocent Young Female
38464,The Stand (1+2)
38464,Stephen King's The Stand
38501,Flower and Snake
39403,The Cremator
39783,Goetz von Berlichingen of the Iron Hand
40725,Harpoon
40725,Harpoon: Reykjavik Whale Watching Massacre
40725,R.W.W.M.
41707,Vegas Vice
41963,A Promise Kept
42088,Skyline 2
42826,The Man from UNCLE
43201,The Man in the Buick
43849,Horror Cannibal 2
44136,Flying Dagger
44658,Boys don't cry
45703,Life and Nothing But
45791,Justice maximum
46381,Massage parlor
46796,Asphalt Warriors
47051,In Trouble
47338,Dream Home
49428,The Black 6 
51829,Amundsen the Penguin
52623,Crime on a Summer Morning
57372,The Shop on Main Street
57463,Starship Troopers: Invasion
58225,Murder a la Mod
58756,The Man in White
60447,The Shameless Old Lady
60579,Daisies
60600,Behind Blue Skies
61001,Sex with a Smile
61656,Vengeance of a Soldier
61919,Bratty Babies
62008,Albert Fish
62068,The Storm
62539,Nero and the Burning of Rome
63085,The Paper Will Be Blue
63245,The Menace
63616,Hanni and Nanni 2
63708,Snow White and the Huntsman 2
63708,The Huntsman: The Winter's War
64019,State Visit
64278,Young and Dangerous
64685,Distant
65017,The Dinosaur Experiment
65722,The Magic Crystal
66332,The Curse of the Komodo 
67619,Purple Storm
67934,Demon Fighter
68058,Fist to Fist
70783,Canoe Commandos
71360,The Revolt of the Slaves
71610,Journey to the Centre of the Earth
71913,Nothing's all Bad
72065,FBI Operation Yellow Viper
77566,Three Days to Kill
81283,The Body in the Thames
91844,Bus 657
95035,Weightless
97622,The Conjuring 2: The Enfield Case??
97622,The Conjuring 2: The Enfield Poltergeist
98608,The Gourmet Detective
104347,The Texas Chainsaw Massacre Part 2
105267,The Fast and Furious
105267,Fast and Furious 8
109291,Badge of Honour
112289,Anarchy
114005,Destruction: Los Angeles
115535, A Dark Knight: Mandatory Brunch Meeting
117038, Old Unresolved S...
117038,Old Unresolved Shit
118355,Robin Hood: Origins
118472,Rush Hour Date
129695,Chloe and Theo
145177,A Very Bad Day
147832,Halloween 2018
149733,Brothers in Arms
170025,Dead in a Week: Or Your Money Back
186409,Water Circles Under Cotton Clouds
166,The Party
186,Lucky Number S7evin
186,Lucky # Slevin
271,"Ronia, the Robber's Daughter"
279,Amadeus - Director's Cut
338,Good Bye Lenin!
766,Army of Darkness: Evil Dead 3
766,Army of Darkness: The Medieval Dead
766,Bruce Campbell vs. Army of Darkness
766,Army of Darkness: Director's Cut
1256,Dead in 3 Days
1541,Thelma and Louise
1611,The Miracle of Bern
1687,Escape from The Planet of The Apes
1697,Grave Decisions
1923,Twin Peaks: The Movie
2371,Assassination Attempt
2371,Teheran 43: Spy Ring
2371,Teheran 43
2410,A Spiral of Mist
2457,Children of Paradise
2546,Zazie in the Metro
2587,"Brother Sun, Sister Moon"
2598,Tatort: AE612 ohne Landeerlaubnis
2841,A Very Long Engagement
3095,Miss Marie Lloyd ?? Queen of The Music Hall
3478,Ludwig
3511,The Broken
3944,Blondie: Footlight Glamour
4279,The Married Couple of the Year Two
4880,Nothing but ghosts
4991,The Good Cop
5004,The Long Swift Sword of Siegfried
5720,Motorpsycho
5724,Madonnas
5825,National Lampoon's Christmas Vacation
5991,The Last Laugh
6107,Agatha Christie's Murder in Three Acts
6153,The Mad Bomberg
6154,The Mad Bomberg
6695,The Winemaker of Langenlois
7009,Wild Chicks
7297,"Krauts, Doubts & Rock ??n?? Roll"
7452,"The Cook, the Thief, His Wife and Her Lover"
9287,Troublemakers
9910,For the Money
9992,Arthur and the Invisibles
9992,Arthur and the Minimoys
10006,Wild 7
10045,B13
10045,District B13
10116,Shinobi 
10254,Born to Fight
10754,A Short Film About Killing
10808,Doctor Dolittle 2
10846,The Tiger and the Snow
11348,Fragile
12828,No. 2
12960,Slugs
13111,Twisted - The Blackout Murders
15405,Stephen Kings Rose Red
15720,Those Daring Young Men in Their Jaunty Jalopies
15844,Daning on and on
18361,The Girl with the Red Riding Hood
21208,Spring Awakening
21303,About Elly
26059,The Place Promised In Our Early Days
27197, The Zookeeper
29523,Tiger Team: The Mountain of the 1000 Dragons
31452,Ebola Syndrome
33952,The Skin I Live In
34065,The Moon in the Gutter
39347,Deep in the Woods
39356,The Big Pardon
42095,The Island of the Bloody Plantation
42303,Asylum of the Damned
42640,The Indian Superman
43851,Diamonds of Kilimandjaro
44120,Women??s Penitentiary I
44191,Codename 7700 ?? The Final Experiment
44564,The Phantom Carriage
44578,School of the Holy Beast
44774,The Devil's Sword
45680,"A Girl, 3 Guys and a Gun"
45764,The Last Word (WT)
46002,The Sweet Sins of Sexy Susan
46005,The Countess Died of Laughter
46283,Teenage Sex Report
46289,The New Adventures of Snow White
46292,Rasputin: Orgies in the Tsar's Court
46372,Popcorn and Ice Cream
46959,Bring the Little Pigs
48679,We're Going to Eat You
49613,Toxic Zombies
50581,Wild Chicks in Love
52319,Low Life
55302,Walking Tall Part 2
55303,Walking Tall: Final Chapter
55374,U.F.O.
55374,Alien Uprising
56365,Pioneers in Ingolstadt
56513,Stairway to Heaven
56688,Resident Evil: tunometecabrasaramambiche
58339,Troublesome Night 5
59766,Red Desert
59832,The Fifth Commandment
60682,Paparazzo
61450,Croaked: Frog Monster from Hell
62415,The Batman vs Dracula: The Animated Movie
62421,Sky without stars
63244,Step Up 4: Miami Heat
64277,The Swordsman
65096,Welcome to L. A.
65323,Ecstasy of the Angels
65890,Kassbach ?? Ein Portr??t
66369,On the Silver Globe
67650,Seal Team Six: The Raid on Osama Bin Laden
68384,The Tiger of Eschnapur
68582,Convoy Buddies
69885,Convoy of Women
70746,Colossus and the Amazon Queen
71013,Dead Sushi
71601,Of Men and Mavericks
72046,L??vy and Goliath
72282,The Secret Agents
72366,A Soldier's Love Story
72366,Soldier Love Story
72593,7 Steps of Kung Fu
81229,Step Up: All In
82642,Pre destination
87029,Spiders 3D
87705,Sweet Vengeance
90335,One Hundred and One Nights
98840,Wanheda: Part Two
107016,Mad City: Better to Reign in Hell...
109948,Half-Life & Havana Nights
113147,Geezer
115988,Blumhouse's Truth or Dare
117078,Karma's a Bitch
118512, Damocles (1)
118513,Damocles (2)
149447,Last Rampage: The Escape of Gary Tison 
151468,Tyler Perry's The Single Moms Club
152681,The Bombing
172698,The Palace
176434,Lost in the Black Hole (Alternate Version)
181157,Simple Things
181157,Country Remedy
228,The Blue Angel
316,Grill Point
459,Sissi ?? Fateful Years of an Empress
580,Jaws - The Revenge
678,Build My Gallows High
721,The Naked Gun 2 1/2: The Smell of Fear
794,Omen I: The Antichrist
1269,The Wixxer
1407,La M??me
1407,"M??me, La"
1407,The Passionate Life of Edith Piaf
1407,La Vie en Rose
2187,Life is a Bluff
2609,"Planes, Trains and Automobiles"
2927,Intruder
3539,Off Beat
3543,Bagdad Caf??
3578,The Tunnel
3943,Blondie's Blessed Event
4196,Lenin...The Train
4254,Tomorrow May Or May Not Be
4254,???? ???? ???? ????
4610,The Invincibles
4733,The Gardener of Argenteuil
5800,Can I Do It... 'Til I Need Glasses?
5953,The Lady in the Car with Glasses and a Gun
5999,Charley's Aunt
6633,The Daring Swimmer
6792,The White Horse Inn
7392,"Ilsa, Harem Keeper of the Oil Sheiks"
7456,The Cloud
8556,Am I Beautiful?
8769,Chevil
9003,Clive Barker's Hellraiser
9817,Steppin' Up: Save the Last Dance 2
12119,A Light in Dark Places
12206,The Testament of Dr. Mabuse
12289,The Battle of Red Cliff
13508,Kill Zone
14662,The Warlords
18278,XXX: The Return of Xander Cage
18428,Men in the City
26058,Sex And Fury
26134,Almanya ?? Welcome to Germany
27170,Vicky and the Treasure of the Gods
27345,The Drifter
30747,Return of the Street Fighter
30893,The Children from Blue Lake Mountain
30907,Black Turin
35982,Love and the Frenchwoman
36696,Tucker and Dale vs. Evil
38131,Matrimonial Agency
39046,The Devil's Female
39342,Boy Scouts vs Zombies
39595,Heroes Are Not Wet Behind the Ears
42006,The Russian Singer
42393,All People Will Be Brothers
43429,A Midwinter's Tale
44652,The Bench
45100,Neil Simons The Cheap Detective
45830,Sunshine Reggae in Ibiza
45961,Student of the Bedroom
46211,Love Hotel in Tyrol
46239,Nympho Girls
46354,Virgins of the Seven Seas
46358,The Fountain of Love
46964,Cousins in Love
46971,Naughty Coeds
47895,"Run, Virgin, Run"
48388,Punishment battalion 999
49209,Matango the Fungus of Terror
49209,Matango: Fungus of Terror
49209,Matango: Attack of the Mushroom People
49209,Attack of the Mushroom People
49859,Guilty as Charged
52279,Last Order: Final Fantasy VII
56525,Set Up
56525,Set-Up
57053,Deadball
57851,Sailor Moon SuperS: The Movie
60435,The Golden Thread
62132,WR: Mysteries of the Organism
63559,The Necessary Death of Charlie Countryman
63861,Fa??ade
64022,The Silly Season
64380,ID A
66405,Abraham's Valley
67539,Grave Encounters II
68061,"The Cynic, the Rat and the Fist"
69071,The Iron Hand of the Mafia
70258,Toy's House
70729,King of the City
70845,The Last Gun
70848,From Corleone to Brooklyn
71396,Carnival in Flanders
71765,Seven Guns for the MacGregors
75580,A Crude Awakening: The Oil Crash
86210,Beyond Deceit (WT)
87260,The Winds of Change
92033,Fake Identity
94135,Needs of the Many
97418,Bad Ass 3: Bad Asses on the Bayou
107822,"Vendetta - Alles, was ihm blieb, war Rache"
116909,The mas
123152,Fall Finale
131086,The Voyage of Doctor Dolittle
142905,The Emperor of Paris
148220,The Janky Promoters
175,The Big Blue
242,The Godfather III
242,The Godfather Coda: The Death of Michael Corleone
342,Summer Storm
422,Eight and a Half
422,8 1???2
464,As It Is in Heaven
692,Pink Flamingos - An exercise in poor tase
765,Evil Dead 2
765,Evil Dead 2: Dead By Dawn
843,????????????
843,In the Mood for Love
1600,The Double Life of Veronique
1716,The Last Metro
1771,The First Avenger: Captain America
1924,Superman: The Movie
1986,"Go, See, and Become"
1986,Live and Become
1986,"Go, Live and Become"
2024,El melon
2257,The Story of a Murder
2259,Andernes hus
2259,A Casa dos Espiritus
2784,A Mad Idea
4195,Bluebeard
4543,The Meaning of Life
4543,Monty Python's Meaning of Life
5855,Homesick for St. Pauli
5964,Cyclones
6114,Bram Stoker's Dracula
6914,The Spessart Inn
7840,"10,000 A.C."
8453,Destruction
8882,Gomorra - New Edition
9793,The Hills Have Eyes 2
10000,The Strategy of the Snail
10000,The Snail's Strategy
10036,7 Zwerge ?? Der Wald ist nicht genug
10046,Renegade
10123,French for Beginners
10542,Killer Condom
10620,Once Upon a Time in China and America
11463, The Battle of Britain
12158,Wes Craven's Vampire in Brooklyn
14553,24: Redemption
16005,Repo - The Genetic Opera
18045,The Inglorious Bastards
18045,Counterfeit Commandos
19507,The Human Factor
19516,Arthur and the Revenge of Maltazard
20861,Mission: Impossible ?? Ghost Protocol
21057,Hindenburg: The Last Flight
22761,The Girl with the Dragon Tattoo
27558,The Wimp
28590,The End of Evangelion
31300,Embodiment of Evil
31322,This Night I Will Possess Your Corpse
31322,This Night I'll Possess Your Corpse
31322,Tonight I Will Eat Your Corpse
31322,Tonight I Will Paint in Flesh Colour
31322,Tonight I Will Make Your Corpse Turn Red
31322,Tonight I Will Enter Your Corpse
31322,This Night Will Make Your Corpse Incarnate
35185,Defamation
36087,Robotrix
36644,Super Stooges vs. the Wonder Women
37960,"Vincent, Fran??ois, Paul and the Others"
38207,Hostel Part III
39779,The Possessors
40977,Antoine and Antoinette
41678,Our Short Life
41995,Beru and These Women
42308,Shock Troops
42553,??mer the Tourist in Star Trek
43209,Black Scorpion: Ground Zero
43489, Doctor Who - The Movie
43791,Slumber Party Massacre 3
43819,Mutant Girls Squad
44192,Bloody Cottage in the Forest
44192,There is Nothing Out There
44195,The Dungeonmaster
44471,The Truth
44755,Time Regained
44824,Oasis of the Zombies
45932,The Thief of Paris
46148,Loving Greetings from the Lederhosen
46408,Getting My Brother Laid
46417,Swedish Wife Exchange Club
47161,The Wettest County in the World
52486,The Naked Man in the Stadium
53871,Shortcut to Happiness
54796,Love at Sea
54799,Young Girls Beware
56094,Never Back Down 2
56979,A Crime in Paradise
59009,Caligula and Messalina
60639,Blackbird
61379,Prometheus 2
63315,The Mark of the Angels ?? Miserere
63495,War of the Planets
63667,Three Brothers
63696,Organic Fighter
64309,Murmur of the Heart
64455,The Broom
65764,Border Post 58
68313,The Girl with the Red Scarf
68885,Um Thron und Liebe
69327,Cattle Annie
69717,The Castle
71354,We're Talking Serious Money
71431,Dangerous Encounters of the First Kind
72192,Undercover Man
79093,Grace of Monaco
85816,Stonehearst Asylum
86329,Are We Officially Dating?
87180,"Blood Must Have Blood, Part 1"
93494,Sinners & Saints
95644,Now You See Me: The Second Act
98839,Wanheda: Part One
100453,Father Figures
100453,Bastards (WT)
114964,Meet the Twins 4
116314,A Dark Knight: No Man's Land
116367,Brainless in Seattle (2)
116691,... and you my darling stay here
117897,Birds of Passage
130229,Six Underground
134750,The Final Party of Your Life
138323,An Endless Cycle
154111,Killing the Traitor
154111,Killing a Traitor
155442,Wrong Turn: The Foundation
78,Blade Runner - Final Cut
78,Blade Runner: The Final Cut
300,The Science of Sleep
490,The Seventh Seal
584,Most Fast Most Furious
615,The Passion of Christ
618,"The Clansman,"
677,Olympia Part One: Festival of the Nations
852,It Happened in Broad Daylight
890,Brother Of Sleep
1710,Copykat
2232,The Legend of Paul and Paula
3784,Frankie & Johnny
4550,Sympathy for Lady Vengeance
5590,Donkey Skin
5913,Under the Roofs of St. Pauli
6029,Tayna chyornykh drozdov
6029,Secret of the Blackbirds
6585,The Inn on the River
6590,Teenage Wolfpack
6932,Twelve Girls and One Man
6947,The Woods
8220,Dark Habits
10051,Orchestra Seats
10051,Avenue Montaigne
10417,Operation Valkyrie
10761,Made of Honour 
12578,Germany in Autumn
13331,Hail the Artist
14442,The Bothersome Man
15972,Foreigners out! Schlingensiefs Container
17334,The Wolverine
17334,X-Men Origins: Wolverine 2
20327,Decalogue V
21179,Snow Piercer
26441,The Edge of Love
26762,Nanny McPhee & the Big Bang
26762,Nanny McPhee and the Big Bang
26762,Nanny McPhee Returns
27544,Shinjuku Incident
27544,Jackie Chan in Shinjuku Incident
30787,The Street Fighter's Last Revenge
32060,The Frenchman
32060,Millennium: Pilot
33067,Bibi Blocksberg and the Secret of the Blue Owls
33100,Death Note 2: The Last Name
35122,Lovers of Paris
36985,Playing the Field
39086,Run and Kill
39771,Dear Caroline
42536,Alien Terror
46414,Crazy - Completely Mad
46934,MIRANDA
49218,The H-Man
51798,The Ear
55179,Dark Fields
55504,The Baker's Wife
55842,The Amazing Life of Sergeant York
56480,Fox and His Friends
56755,Tight Little Island
56996,Mystique
56996,Brainwash
56996,The Naked Weekend
57680,Digimon X-Evolution
58073,Stormland
59021,The Man Who Walked Through the Wall
59834,Sheer Madness
59960,Before the Revolution
60123,Killer's Carnival
61208,Insidious 2
61208,Insidious - Chapter II
61334,Don Jon's Addiction
61382,Pompaslovers
61905,Message from Space
61918,All in the Family
62767,"Confess, Doctor Corda"
63243,Hell Hole
64011,The Art of the Possible
64210,The Seventh Curse
66720,Ghost Brigade
68153,The Assassination of Matteotti
68891,Survive!
69170,Captain Video: Master of the Stratosphere
69466,Killer Constable
70118,"Ghidorah, the Three-Headed Monster"
70593,Street Fighter IV: The Ties That Bind
71700,Soul Brothers of Kung Fu
71883,Kiss Me Monster
87787,The Last Knights
92397,Manchester-by-the-Sea
95036,Story of Your Life
96119,The Purge 3
96119,The Purge 3 - Election Year
112212,Spider-Man: Far From Home
112212,Spider-Man: Homecoming 2
128956,Christmas Cottage
188978,Attack on Baku
55,Love's a Bitch
106,Primevil
106,Alien Hunter
106,Hunter
348,Alien: The Director's Cut
348,Alien: Directors Cut
387,Das Boot
1281,Bean: The Ultimate Disaster Movie
1366,Rocky 1
1996,Lara Croft and the Cradle of Life: Tomb Raider 2
2013,The Diving Bell And The Butterfly
2100,The Castle
2100,Untitled Rod lurie Projekt
6116,Spiceworld
9989,Conspiracy.com
10032,National Lampoon's Van Wilder: The Rise of Taj
10032,Van Wilder: The Rise of Taj
11127,Starship Troopers III: Marauder
26143,Life on Earth
27223,BloodRayne 2: Deliverance
29634,Sherlock Holmes 2: A Game Of Shadows
30749,The Streetfighter
30842,Red Zone Cuba
30844,Monster a Go-Go
31381,Monster City
31381,Supernatural Beast City
33267,The Descent Part 2
33556,Hitman 2
35992,The Last Romantic Lover
36842,Tomie vs Tomie
38139,The Expendables II
40857,Die Geschichte vom kleinen Muck
41626,Carry on Henry or Mind My Chopper!
41626,Carry on Henry VIII
42433,Zombie Apocalypse
43348,Gas-s-s-s
43801,Hachiko Monogatari
44472,Green Harvest
45546,Switchblade Sisters
45998,House of Pleasure
46637,The French Woman
46894,"Take Off Your Clothes, Doll"
46895,Sex-shop
47163,Kill the Referee
47637,Me and the Forty Year Old Man
47659,Mutti - The Movie
47818,Percy Jackson & The Olympians: The Sea Of Monsters
57895,That Day
58611,Payer of Promises
58611,The Given Word
59328,The Sicilian Checkmate
61106,The Counsellor
62130,Cowboys & Zombies
63690,Millionaire's Express
64009,Decency in the Middle
64431,Lay the Favorite
65325,Trigger Fast
67635,Flying Fish
68459,American Steel
69946,Outlaw Cop
70062,Operation Kid Brother
71236,Witch Story
71280,Lumpy
86277,A Second Chance
93105,BFG
102107,The Stolen Diary
112485,The Flash: Pilot
112664,Ninety-nine thousand and large fortune
114970,Mamma Mia 2
146598,Dark Woods
28,Apocalypse Now - Final Cut
28,Apocalypse Now: The Final Cut
429,"The Good, The Bad, and the Ugly"
429,"The Good, the Bad and the Ugly"
446,Distant Lights
583,Life of Brian
932,Murderers Among Us
932,The Murderers Are Among Us
1369,"Rambo: First Blood, Part II"
1369,Rambo: First Blood II
1925,Agnes and His Brothers
2250,The Adventures of Werner Holt
2262,Veronika Voss
2981,The Lost World
4858,The Invasion
5840,St. Pauli Night
6364,Wally of the Vultures
8077,Alien 3
12967,Wes Craven Presents: They
22878,Just Another Love Story
25352,Tricks
25697,The Death and Life of Charlie St. Cloud
25697,Death & Life of Charlie St Cloud
31178,Shadows of Forgotten Ancestors
31257,Skinned Alive
41684,Mystics in Bali
42502,Zombie Stripper Apocalypse
43208,The Woman Cop
43535,Last Take
43814,The Welfare Worker
44101,The Chinese Dragon
44138,Prescription For Murder
44688,KISS in Attack of the Phantoms 
45237,Between Two Wars
46000,Sexy Susan Sins Again
46275,Housewives Report
46280,Housewives on the Job
46570,The Merry Wives of Tyrol
46613,69 Love Games
47154,Tong nien wang shi
47154,A Time to Live and a Time to Die
47660,18:15 ab Ostkreuz
57040,Yakuza Weapon
57177,Hill 24 doesn't answer
61882,Hercules: The Thracian Wars
62731,The Chef
68550,Colossus of the Arena
69465,New Face in Hell
69703,Renaldo & Clara
70126,Our Crazy Aunts
70935,The Unfish
81883,The Expatriate
90235,Dead Rising: Watchtower
96761,Ruth & Alex
96761,Ruth and Alex
102900,Adapted from La Momia Azteca (1957)
103189,Kung Fu Jungle
103189,Last of the Best
104076,Two Is a Family
104294,John Wick 2
105249,Deep Water (WT)
110081,The Invisible Guest
113005,Commuter
116029,Never Look Away
119575,Drive-Thru
130193,Emma.
659,The Tin Drum
769,GoodFellas
1566,The Bridge
4203,Women On The Verge Of A Nervous Breakdown
5858,Angels of the Street
5870,The Heart of St. Pauli
6477,Alvin and the Agus
12402,Alex and Leo
15706,Imagine: John Lennon
15952,The Oldest Profession
26773,The Baster
28616,The Taste of Tea
35926,The Host
37278,Resident Evil: Damnation
38613,The Under-Gifted
38669,Modigliani of Montparnasse
39656,The Fun House
39656,The Cuckoo Clocks of Hell
45794,Rape Squad
46003,The Hostess Exceeds All Bounds
46373,Schoolgirl Report Part 2: What Keeps Parents Awake at Night
46472,The Seventh Son
46594,Headshot (AT)
46896,A Bit of Everything
46987,She Devils of the SS
47640,Christmas Evil
49942,Bill & Ted 3
53256,A Man Comes Home
53256,When a Man Comes Home
56543,Das grosse Comeback
58096,Camp Slaughter
61057,The Secret Service
64293,Lan feng zheng
64293,L??n f??ngzheng
64293,The Blue Kite
64387,Zille and Me
66339,Universal Soldier IV
67637,11 Flowers
69777,Sherlock Holmes Returns
70438,Street Fighter Alpha: The Animation
70472,Alice in Wonderland 2
70472,Alice in Wonderland: Through the Looking Glass
88996,The Amateurs
90072,The Transporter: Refueled
95151,Bad Neighbours 2
95826,Comancheria
97457,Arms and the Dudes
114900,Sicario 2: Soldado
120318,Men in Black International
120318,Men in Black 4
120318,MIB: International
138322,Lost and Found
188961,Shanzhai
582,The Lives of Others
4781,The War Is Over
4953,Soyez sympas rembobinez
10211,Nightshapes
10429,Operation Takedown
10429,Track Down
10429,Hackers 2: Takedown
10429,"Takedown: The Pursuit and Capture of Kevin Mitnick, America's Most Wanted Computer Outlaw"
12950,Black and White
13327,The Emperor's New Groove 2: Kronk's New Groove
13509,The Black Box
14120,The Goodbye Kiss
15515,Til Death
24798,State of Decay I
31493,The Hangover 2
37688,We Mortals Are
37688,All You Need Is Kill
37688,Edge of Tomorrow - Live. Die. Repeat
39581,L: Change the World
39664,The Cranes are Flying
39664,Letyat zhuravli
46040,Tel Aviv Stories
46238,Three Swedes in Upper Bavaria
46259,Love Bavarian Style
46325,Sex Dreams Report
46328,Husbands-Report
46365,Hot Pavements of Cologne
46759,Charley's Nieces
52371, Tarzan
52795,Mnemosyne
56045,Robin Hood: Ghost of Sherwood
59099,What?
60438,The Tomb
62459,"Arthur Newman, Golf Pro"
62459,Arthur & Mike 
62459,Arthur and Mike
66329,A Coffee in Berlin
71397,Carnival in Flanders
71709,Gramps Is in the Resistance
87181,"Blood Must Have Blood, Part 2"
94132,The Brave New World
112491,USS Indianapolis
114083,"Henry IV, Part I"
147479,Coming to America 2
157637,Suicide Squad 2
167694,Full Circle II
255,Stolen Kisses
955,Mi:2
1294,Four Minutes
1294,4 Minutes
1427,Perfume: The Story of a Murderer (film)
1826,Russian Dolls
2349,Peas at 5:30
2670,Stephen King's It
2720,Apocalypse Revelation
4326,Berlin Blues
4593,The Discreet Charm of the Bourgeoisie
4841,The Blood of others
9530,R.V. - Runaway Vacation
9530,RV - Runaway Vacation
10075,Blood & Chocolate
11774,A Series of Unfortunate Events
13412,The Milky Way
14817,Fightgirl Ayse
15741,Enemy From Space (US title)
15818,Heimat ?? Eine deutsche Chronik
21383,Twelve and Holding
24114,Dilwale Dulhania Le Jayenge
25454,Mister Freedom
31391,The Odyssey - Part 1
31391,The Odyssey - Part 2
41924,The Adolescent
43349,House of My Father
46006,Operation Sleeping Bag
46288,"Come Now, My Dear Little Bird"
46324,Nurse Report
57824,rojo atardecer
60678,Balthazar
60940,The Firemen's Ball
60940,The Fireman's Ball
62420,Bad Boys for Life
62420,Bad Boys 3
62682,The Devil and Daniel Webster
63718,A Question of Silence
69105,Boneboys
69956,Caesar and Otto's Deadly Xmas 
71083,Cyrus: Mind of a Serial Killer
71089,Murderer in the Fog
77244,A New York Winter's Tale
77244,A Winter's Tale
88133,Unhitched
109785,Hitman's Bodyguard
138324,The White Devil
159,Maybe... Maybe Not
194,The Fabulous Destiny of Amelie Poulain
194,Am??lie
194,Am??lie from Montmatre
389,Twelve Angry Men
682,Man With The Golden Gun
1727,Bird on a wire
10268,You Are So Beautiful
11282,Harold & Kumar Get the Munchies
12182,Nick & Norah's Infinite Playlist
15548,The Boy in the Striped Pajamas
15590,Quentin Tarantinos Hell Ride
15590,Quentin Tarantino presents Hell Ride
19580,Peking Opera Blues
26172,Someone Else's Happiness
27084,Fast and Furious 6
36995,Mad Detective
42283,Shogun's Joys of Torture
42531,Escaflowne - The Movie
46287,Swinging Wives
52199,Celeste & Jesse Forever
56871,Bab el hadid
56871,Bab el-hadid
56871,The Iron Gate
56871,Cairo Station
57229,Marianne and Juliane
62408,Kitty Foyle
62408,Kitty Foyle: The Natural History of a Woman
63373,The Tree of Wooden Clogs
63373,The Tree with the Wooden Clogs
64569,Animal Rescue
70772,Pickup Alley
90240,The Maze Runner: Scorch Trials
90240,Maze Runner 2
104970,Saban's Power Rangers
105928,The Last King
121101,Origin Wars
138319,Dark Matter
189072,Fullmetal Alchemist: The Final Alchemy
154,Star Trek: The Wrath of Khan
258,Bed and Board
309,The Celebration 
2525,The Bible
3083,Mister Smith Goes to Washington
3681,What's New Pussycat?
3926,Volume Two: Generations
4564,Sex and the City - The Movie
9543,Prince of Persia: Sands of Time
10196,Avatar - The Last Airbender
11232,Kate and Leopold
14582,Resident Evil: Degeneration
15202,Yamahata's Metamorphosis
16743,Newsmakers
16757,Aaah! Zombies!!
34215,Scre4m
35599,The Edifying and Joyous Story of Colinot
37601,Two in the Wave
43380,Jack The Giant Killer
53001,The Welts
56837,Raavan
60083,The Gospel According to Matthew
60083,The Gospel According to St. Matthew
61650,The Letter
65973,21 Jump Street 2
81217,Bad Neighbours
93805,The Return of the Dancing Master
97928,Abraham jossafat
99215,Deepwater (WT)
108405,Their Finest Hour
113746,08/15 at Home
115098,Pacific Rim Uprising
115098,Pacific Rim 2: Uprising
138321,The Travellers
136,The Monstershow
136,Nature's Mistakes
434,Tough Enough
1912,Reclaim Your Brain
1966,Alexander (1)
1966,Alexander (2)
2722,The Other Side of the Bed
2722,The Wrong Side of the Bed
6404,"Nosferatu, the Vampyre"
8009,Highlander - There Can Be Only One
9717,Deadly Pursuit
11253,Hellboy II - The golden Army
12832,A Woman in Berlin
14589,Welcome Home Roscoe Jenkins
27184,Life Is a Miracle
27383,H??xan: Witchcraft Through the Ages
27383,Witchcraft Through the Ages
27383,The Witches 
29675,The Ninth Legion
33987,The Investigator
55754,Biruma no tategoto
55754,The Burmese Harp
55754,Harp of Burma
56824,Raavanan
64809,The Captive
69165,For Sasha
71473,Rahtree Reborn
79672,The Young and Prodigious T. S. Spivet
106749,Phantom Hour
138318,Beginnings and Endings
157635,Justice League: The Snyder Cut
2155,Deception
2593,A Time to Live and a Time to Die
2593,The Fire Within
2593,Will o' the Wisp
9420,Love Your Neighbor!
10671,Airport '70
11631,Mamma Mia! The Movie
28367,Live with It (WT)
30793,Sister Street Fighter
34458,Deathstalker IV: The Darkest Hour
34458,Deathstalker IV
34458,Deathstalker 4
46597,The End of Time ?? Part Two
53138,Prom Wars
53686,Thor 2
61090,The Alamo: 13 Days to Glory
64010,Count to 90
80292,Birdman or (The Unexpected Virtue of Ignorance)
117580,A Simple Favour
5,Four Rooms and a Hotel (Working Title)
5,Four Rooms and a Hotel
221,Rebel without a Cause
238,Der Pate
3682,Studio 54 Director's Cut
8374,The Boondock Saints
8409,A Man Apart
12113,House of Lies
14775,Jaane Tu... Ya Jaane Na
27521,The Sophomore
27521,The Assassination
33549,Two Evil Eyes
34202,Deathstalker II: Duel of the Titans
34202,Deathstalker 2
34202,Deathstalker II 
42066,The Damned
58243,Arthur & Lancelot (WT)
62412,Mission: Impossible ?? Rogue Nation
63556,"Atlantic City, USA"
64507,Three Lives and Only One Death
69031,DaVinci's War
70319,Nayagan
93348,Alvin and the Chipmunks: Road Chip
93628,Assault on Wall Street
107094,Escapade
117575,Fantasastic Beasts: The Crimes of Grindelwald
126304,Terminator Dark Fate
240,The Godfather II
579,Jaws II
699,James Bond 007 - For Your Eyes Only
1927,The Hulk
1992,Grindhouse: Planet Terror
4258,Scary Movie V
10425,Bobby Z
10425,Let's Kill Bobby Z
11615,The Live of David Gale
12943,"Buones Aires, 1977"
19257,Night at the Museum 2
22909,Divided Heaven
34153,Pride & Prejudice & Zombies
34814,Barbarian Queen 2
45415,R.E.D. 2
60947,The Red and the White
63729,The North
65754,Attack of the 5' 2'' Women
70020,Storm Over the Pacific
70205,Holiday Hotel
71631,Zycie za zycie. Maksymilian Kolbe
71631,Life for Life: Maximilian Kolbe
85226,Furious Seven
85226,Fast and Furious 7
2668,Guarras en tanga
9341,Padtells Virginia
12279,Mission 3D
24967,The Hungry Rabbit Jumps
33312,Diary of a Wimpy Kid 2: Rodrick Rules
34085,Oz: The Great and Powerful
63822,Tomorrowland: A World Beyond
80780,Christ Stopped at Eboli
105269,Guardians of the Galaxy 2 
114084,"Henry IV, Part II"
205,Ashley Palacios
1402,The Pursuit of Happiness
5261,What to Do in Case of Fire?
6155,The Man Who Was Sherlock Holmes
6968,The Baader Meinhof Complex
13189,Fixing the Shadow
13189,Made of Steel
16120,G.I. Samurai
34200,Warrior King
60968,Bombay
62083,Shooting Stars
65782,"Won Ton Ton, the Dog Who Saved Hollywood"
86783,To Each His Own Cinema
95418,lalaputas
137654,Three From Hell
393,Kill Bill Volume 2
1991,Grind House: Death Proof
2749,Fifteen Minutes 
6972,kaylani lei
8871,The Grinch
8871,Dr. Seuss' How the Grinch Stole Christmas
10937,baryflie
13319,"Falco: Damn It, We're Still Alive!"
14725,la grande paura
14725,Young@Heart
18074,Zift
19431,Brand New Day
19431,Traveling
31407,The Apocalypse
31407,The End of the World
52873,Gritta Of The Rat??s Castle
58675,The Plot to Assassinate Hitler
65569,The Hunger Games: Mockingjay ?? Part 2
81875,The Inheritance
112207,Swim Life
187001,Panipat - The Great Betrayal
3093,Basic Instinct 2: Risk Addiction
10431,Rogue Assassin
24797,Full Circle I
31067,I'm.mortal
31067,Now (AT)
33646,Love & Other Drugs
43034,World of Warcraft (WT)
75725,The Lunchbox
85012,The Divergent Series: Insurgent
147499,Barbarous Mexico 2
339,lanewyorkparisromehelsinki
2099,Triple Identiy
8338,Cegueira
11679,xXx: the Next Level
14518,Chi Bi
31514,Independence Day 2
34417,Deathstalker III: The Warriors from Hell
34417,Deathstalker 3
36130,My Mother's Curse
50306,Aurul
51906,"I hate you, Dad"
54076,Bridget Jones 3
60313,Monuments Men 
62460,The Long Voyage Home
80797,The Consequences of Love
130141,Harley Quinn: Birds of Prey
130141,Birds of Prey: And the Fantabulous Emancipation of One Harley Quinn
86,Atomised
86,The Elementary Particles
217,Indiana Jones 4
489,mente indomable
575,The Experiment
755,From Dusk till Dawn (franchise)
1674,Jurassic Park 4
4147,The Road to Perdition
5336,"Sal??, or the 120 Days of Sodom"
9024,The Concierge
11808,U. S. Marshals
13483,Whiskh
49056,This Is Forty
55401,Twelve Years a Slave
56291,The Chronicle History of King Henry the Fift with His Battell Fought at Agincourt in France
63468,American Bullshit
69983,Collection
112254,Dark Phoenix
112254,X-Men: Dark Phoenix
138315,Everything is Now
63,12 Monkeys
634, Bridget Jones' Diary
2979,Ghostbusters III
8086,Justice League Mortal
8086,Justice League of America
8086,The Justice League Part One
8086,Zack Snyder: Justice League 
8086,Whedon Cut
8086,Josstice League
15739,The Quatermass Xperiment
15739,The Quatermass Experiment
15739,"Creeping Unknown, The (USA)"
36138,22 Bullets
49490,Johnny English 2
56692,Age of Heroes
62187,The Sorrow and the Pity
64292,The Family
76700,The Hunger Games: Mockingjay ?? Part 1
116060,Lucy Again
24,Kill Bill - Volume 1
192,The Name Of The Rose
452,The Idiots
2105,East Great Falls High
2105,Great Falls
2112,Porter
8815,AVPR: Aliens vs Predator Requiem
10064,Edison Force
11921,The White Tape or the Teacher's Tale
11921,The White Ribbon
13339,Vares: Private Eye
14119,Omen IV: The Awakening
29183,Step Up 3
64467,X??ch l??
165,Back to the Future 2
364,Batman 2
1893,Star Wars Episode I
1894,Star Wars Episode II
6076,Rabbit Without Ears
9021,The Santa Clause 2
9021,The Mrs. Clause: Santa Clause 2
15969,"The Good, the Bad, and the Weird"
15969,Joheunnom nabbeunnom isanghannom
15969,"The Good, the Bad, the Weird"
36891,Marvel Avengers Assemble
36891,Avengers Assemble
37158,The Death of Mr. Lazarescu
47059,The Roaring Fifties
55663,The Rabbit Is Me
71982,I Am Gabriel
93283,Mother's Mercy
4364,The Trails of Vera B.
13366,The World According to Monsanto
18071,The Hairy Bird
18071,All I Wanna Do
66470,The Fifth Horseman is Fear
66470,...and the Fifth Horseman Is Fear
67196,Pirates of the Caribbean: El tridente de Poseidon
67196,Pirates of the Caribbean: Salazar's Revenge
85,Indiana Jones and the Raiders of the Lost Ark
280,Terminator 2: Judgement Day
709,License to Kill
754,Face Off
4708,Is Paris Burning?
11137,The Prince and Me
14138,The Color of Magic
14551,Venus Beauty Institute
107978,Spider-Man: Jesus Cristo
7516,Smokin Aces
33522,Kick-Ass3
36960,April in Love
50704,Born Killers
57415,The Confession
64119,A Story of Women
93104,Allegiant
93104,"The Divergent Series: Allegiant, Part 1"
2978,Ghostbusters 2
3563,I Now Pronounce You Chuck & Larry
33226,The Kingdom
39622,The Trials of Cate McCullough
43895,Zoolander No. 2
45404,Tales of Vesperia: The First Strike
95498,Mother's Day
148844,The kingdom
620,Ghost Busters
1891,Star Wars Episode V
1891,Star Wars: The Empire Strikes Back
1891,The Empire Strikes Back 
8292,Cuatro cuates
13347,Memories of Matsuko
14444,Angels and Demons
17587,The Hobbit: There and Back Again
34212,Queen of the Naked Steel
50724,The Inquiry
93068,Sully: Miracle On The Hudson
102089,Transformers 5
739,Xmen
7551,Deja Vu
64710,Gohatto
64710,Taboo
163,Ocean's 12
14814,The Art Of War II
14814,Art of War II: Betrayal
14814,Art of War: The Betrayal
53991,Gwaan wan cheung
53991,Gu??n y??nch??ng
53991,Guan yun chang
53991,The Lost Bladesman
66754,Kill Bin Laden
1895,Star Wars Episode III
1895,Star Wars: Revenge of the Sith
11452,Van Wilder
11452,Van Wilder: Party Liaison
50015,The President
63196,The Claws of Light
69538,Star Wars Episode VIII
69538,Star Wars: Episode VIII
69538,Star Wars: Episode VIII - The Last Jedi	
69538,Star Wars: Episode VIII -The Last Jedi
415,Batman and Robin 
8334,The Taking of Pelham 123
16147,Just Sex and Nothing Else
34171,Zero Woman: Red Handcuffs
49559,"Ladybird, Ladybird"
109550,Ocean's 8
109550,Ocean's Eight
35193,Breaking Dawn - Part One
35193,The Twilight Saga - Breaking Dawn (I)
39929,The Legend of Suriyothai
18,Le Cinqui??me ??l??ment
18,The 5th Element
8832,The Diva
8961,Bad Boys 2
63836,The Official Story
33227,The Kingdom II
61061,Captain America 2: The Winter Soldier
61877,Deewaar: Let's Bring Our Heroes Home
61877,Deewaar: Wall of War
61877,Gaurang Doshi's Deewaar
61877,Gaurang Doshi's Deewaar: Let's Bring Our Heroes Home
32227,The Poll Diaries
49716,The Gangster Squad
68123,Alexandria... Why?
1571,Die Hard 4
1571,Die Hard 4.0
1571,Die Hard 4: Die Hardest
8363,Ronige
45673,Tu vieja
110477,Once Upon a Deadpool
187,Frank Miller's Sin City
1892,Star Wars Episode VI
1892,Return of the Jedi
1572,Die Hard 3
11325,Inglorious Basterds
33960,The Bourne Legacy
79677,Truth About Men
8290,Don't Look Now... We're Being Shot At!
13400,Project A Part II
13400,'A' gai wak juk jap
27203,Father of My Children
28323,Mesrine: Public Enemy No. 1
28323,Mesrine Part 2: Public Enemy #1
69539,Star Wars Episode IX
69539,Star Wars: The Rise of Skywalker
69539,Star Wars: Episode IX - The Rise of Skywalker 
10040,Miss Congeniality 2: Armed & Fabulous
61336,Greetings to the Devil
61336,My Regards to the Devil
121449,It: Chapter Two
121449,It: Chapter 2
13338,The Ax
56731,Infinite Justice
335,Once Upon A Time In The West
1573,Die Harder
1573,Die Hard 2: Die Harder
112187,The Avengers: Infinity War 
112187,Avengers 3
31522,Iron Man Three
84487,St James Place
155,Batman Begins 2
13332,Rascals on the Road
14124,Frank Herbert's Children of Dune
14124, Frank Herbert's Children of Dune - Part 1
14124, Frank Herbert's Children of Dune - Part 2
35198,Breaking Dawn - Part Two
55706,The Black Pimpernel
57782,The Journey of Natty Gann
4251,Veer-Zaara
4251,Yash Chopra's Veer-Zaara
35216,The Dog of Wallstreet
26454,National Lampoon's Pledge This!
557,Spiderman
20135,nada
106750,Dinner at 8
106750,BFD8
53777,Red Psalm
75534,Our Daily Bread
186988,"Game, Set and Match"
602,Independence Day - Extended Cut 
9503,Pope Joan
64114,"Hotel Terminus: Klaus Barbie, sa vie et son temps"
8880,Che Part 2: Guerrilla
87025,The News Boys
61019,Three Idiots
64394,Path of Fire
15630,Star Trek: The Future Begins
8079,OSO
8079,Om Shanti Om
24523,Che Part 1: The Argentine
18096,Rise of the Footsoldier: Extreme Extended Edition
64815,Russian Ark
64815,Russkiy kovcheg
