movieId,genreId
1,g_11
1,g_18
1,g_28
1,g_34
1,g_37
1,g_85
1,g_130
1,g_218
1,g_329
1,g_354
1,g_541
1,g_644
1,g_707
1,g_1033
1,g_1037
1,g_1110
1,g_1119
1,g_1505
1,g_3167
1,g_10215
1,g_10216
1,g_10224
10,g_11
10,g_12
10,g_13
10,g_939
11,g_11
11,g_12
11,g_13
11,g_17
11,g_49
11,g_50
11,g_104
11,g_151
11,g_1108
11,g_1109
11,g_1110
11,g_3148
11,g_10214
11,g_10215
11,g_10281
20,g_19
20,g_71
20,g_219
20,g_303
20,g_865
20,g_10219
20,g_10221
20,g_10224
22,g_14
22,g_17
22,g_35
22,g_50
22,g_104
22,g_145
22,g_541
22,g_1108
22,g_3160
22,g_10214
22,g_10216
22,g_10217
22,g_18385
36,g_16
36,g_49
36,g_104
36,g_114
36,g_864
36,g_865
36,g_1110
36,g_3167
36,g_10216
36,g_10217
36,g_10228
36,g_13544
64,g_73
64,g_209
64,g_219
64,g_301
64,g_303
64,g_329
64,g_865
64,g_3163
64,g_7142
64,g_10219
64,g_10221
64,g_10222
64,g_10281
67,g_54
67,g_92
67,g_302
67,g_303
67,g_1164
67,g_10224
67,g_10225
67,g_10227
79,g_12
79,g_28
79,g_31
79,g_81
79,g_92
79,g_104
79,g_329
79,g_939
79,g_2926
79,g_10215
79,g_10222
79,g_10223
79,g_10228
79,g_10281
81,g_17
81,g_34
81,g_52
81,g_84
81,g_85
81,g_303
81,g_10221
81,g_10223
99,g_18
99,g_69
99,g_71
99,g_73
99,g_129
99,g_130
99,g_302
99,g_865
99,g_3163
99,g_7141
99,g_10221
99,g_10222
99,g_10228
99,g_10281
99,g_14354
99,g_15588
100,g_35
100,g_49
100,g_87
100,g_250
100,g_1125
100,g_10215
100,g_10216
100,g_10218
100,g_10228
101,g_18
101,g_28
101,g_49
101,g_50
101,g_53
101,g_134
101,g_249
101,g_251
101,g_541
101,g_864
101,g_1080
101,g_1109
101,g_1110
101,g_2738
102,g_19
102,g_20
102,g_54
102,g_71
102,g_87
102,g_219
102,g_303
102,g_353
102,g_707
104,g_19
104,g_54
104,g_71
104,g_329
104,g_354
104,g_684
104,g_1119
104,g_10214
104,g_10222
104,g_10228
108,g_18
108,g_54
108,g_71
108,g_302
108,g_3163
108,g_10221
108,g_10222
108,g_10227
109,g_56
110,g_18
110,g_54
110,g_302
110,g_303
110,g_3163
110,g_10221
110,g_10222
110,g_10282
112,g_20
112,g_54
112,g_71
112,g_114
112,g_122
112,g_126
112,g_130
112,g_302
112,g_303
112,g_707
124,g_92
128,g_14
128,g_17
128,g_34
128,g_10215
128,g_10221
129,g_13
129,g_17
129,g_34
129,g_10215
129,g_10218
129,g_10221
129,g_10228
129,g_10281
129,g_17580
140,g_44
140,g_53
140,g_71
140,g_219
140,g_302
140,g_353
140,g_3163
140,g_10216
140,g_10220
140,g_10225
140,g_10227
140,g_10228
144,g_13
144,g_33
144,g_301
144,g_302
144,g_353
144,g_354
144,g_1178
144,g_10219
144,g_10221
144,g_10223
146,g_12
146,g_14
146,g_28
146,g_33
146,g_81
146,g_2926
146,g_10214
146,g_10219
146,g_10221
146,g_10228
146,g_10281
146,g_10282
149,g_34
149,g_49
149,g_52
149,g_82
149,g_85
149,g_154
149,g_158
149,g_218
149,g_878
149,g_1049
149,g_2979
149,g_10214
149,g_10215
149,g_10225
149,g_10226
149,g_10227
152,g_11
152,g_50
152,g_104
152,g_864
152,g_1080
152,g_1108
152,g_1109
152,g_1163
152,g_1167
152,g_2979
152,g_10214
152,g_10215
152,g_10282
156,g_25
156,g_56
156,g_71
156,g_114
156,g_122
156,g_219
156,g_10216
156,g_10221
156,g_10223
157,g_11
157,g_50
157,g_1109
157,g_1163
157,g_1167
157,g_2979
157,g_3160
157,g_10215
157,g_10221
168,g_11
168,g_49
168,g_50
168,g_51
168,g_104
168,g_124
168,g_878
168,g_1109
168,g_2979
168,g_3160
168,g_10214
168,g_10216
168,g_10218
168,g_10282
172,g_11
172,g_50
172,g_329
172,g_864
172,g_1109
172,g_2896
172,g_2979
172,g_10214
172,g_10218
174,g_11
174,g_50
174,g_76
174,g_104
174,g_106
174,g_864
174,g_1109
174,g_1167
174,g_2979
174,g_3160
174,g_4866
174,g_10214
174,g_10215
174,g_10282
189,g_28
189,g_53
189,g_85
189,g_1119
193,g_11
193,g_50
193,g_51
193,g_104
193,g_1109
193,g_1167
193,g_2979
193,g_3160
193,g_10214
193,g_10215
199,g_11
199,g_50
199,g_51
199,g_52
199,g_104
199,g_878
199,g_1108
199,g_1109
199,g_1167
199,g_2979
199,g_3160
199,g_10213
199,g_10214
199,g_10215
199,g_10216
199,g_10223
199,g_10282
200,g_11
200,g_43
200,g_2979
200,g_10214
200,g_10215
201,g_11
201,g_50
201,g_1108
201,g_1109
201,g_1167
201,g_2896
201,g_2979
201,g_3160
201,g_10214
201,g_10215
214,g_39
214,g_50
214,g_141
214,g_157
214,g_1108
214,g_2579
214,g_10067
214,g_10215
214,g_10225
214,g_10227
214,g_14710
215,g_39
215,g_141
215,g_157
215,g_2579
215,g_10066
215,g_10214
215,g_10215
215,g_10225
215,g_10226
215,g_10227
216,g_44
216,g_87
216,g_127
216,g_130
216,g_303
216,g_524
216,g_1110
216,g_3163
216,g_10221
216,g_10223
216,g_10224
216,g_10227
246,g_28
246,g_134
246,g_193
246,g_6033
246,g_7286
246,g_10214
246,g_10216
246,g_10228
250,g_28
250,g_56
250,g_87
250,g_154
250,g_541
250,g_874
250,g_2738
250,g_10066
250,g_10067
250,g_10216
250,g_10225
250,g_10228
250,g_18385
252,g_17
252,g_22
252,g_35
252,g_50
252,g_154
252,g_1108
252,g_1110
252,g_6033
252,g_8741
252,g_10216
252,g_10217
252,g_10221
252,g_10282
266,g_33
266,g_127
266,g_130
266,g_227
266,g_302
266,g_1110
266,g_1164
266,g_1178
266,g_5702
266,g_6033
267,g_122
267,g_127
267,g_130
267,g_142
267,g_303
267,g_867
267,g_1123
267,g_1479
267,g_6033
267,g_10220
267,g_10222
269,g_19
269,g_49
269,g_87
269,g_227
269,g_1076
269,g_1195
269,g_2738
269,g_10215
269,g_10228
292,g_22
292,g_35
292,g_101
292,g_866
298,g_35
298,g_250
298,g_10214
298,g_10215
298,g_10216
298,g_10217
298,g_10218
302,g_141
302,g_142
302,g_302
302,g_353
302,g_818
302,g_10215
302,g_10220
302,g_10597
307,g_18
307,g_31
307,g_32
307,g_301
307,g_874
307,g_1101
307,g_1167
312,g_17
312,g_19
312,g_69
312,g_71
312,g_302
312,g_10221
312,g_10223
312,g_10282
336,g_191
336,g_864
336,g_1110
336,g_1167
336,g_10215
336,g_10223
336,g_10225
337,g_69
337,g_71
337,g_1045
337,g_6033
337,g_10221
337,g_10222
337,g_10224
346,g_18
346,g_28
346,g_49
346,g_193
346,g_1112
346,g_3148
346,g_3165
346,g_7286
346,g_10214
346,g_10215
346,g_10216
346,g_10222
346,g_10223
346,g_10224
377,g_49
377,g_169
377,g_864
377,g_874
377,g_1110
377,g_10214
377,g_10215
377,g_10226
377,g_10227
436,g_44
436,g_87
436,g_92
436,g_10225
445,g_71
445,g_79
445,g_302
445,g_10215
445,g_10227
445,g_10228
454,g_33
454,g_71
454,g_1024
454,g_10215
454,g_10219
454,g_10224
454,g_10282
455,g_49
455,g_69
455,g_71
455,g_126
455,g_303
455,g_10107
455,g_10216
455,g_10221
460,g_56
460,g_126
460,g_329
460,g_1055
460,g_1073
460,g_1134
460,g_1137
460,g_1150
460,g_10216
460,g_10217
460,g_10222
471,g_44
471,g_303
471,g_1135
471,g_1152
471,g_1167
471,g_1597
472,g_33
472,g_71
472,g_79
472,g_80
472,g_166
472,g_1150
473,g_53
473,g_87
473,g_301
473,g_303
473,g_878
473,g_3164
473,g_10215
473,g_10222
473,g_10225
473,g_10227
496,g_49
496,g_56
496,g_101
496,g_124
496,g_303
496,g_1115
496,g_3115
496,g_10216
496,g_10228
496,g_10282
497,g_50
497,g_104
497,g_134
497,g_707
497,g_818
497,g_1109
497,g_1140
497,g_6033
497,g_10221
497,g_10223
497,g_10224
511,g_44
511,g_49
511,g_302
511,g_353
511,g_1110
511,g_6033
515,g_33
515,g_49
515,g_71
515,g_79
515,g_166
515,g_251
515,g_864
515,g_865
515,g_1150
531,g_17
531,g_197
531,g_1122
531,g_6515
532,g_17
532,g_197
532,g_1122
532,g_10216
532,g_10217
532,g_10218
533,g_17
533,g_35
533,g_197
533,g_2731
533,g_6515
533,g_10216
533,g_10217
533,g_10218
533,g_10228
533,g_10281
548,g_28
548,g_49
548,g_79
548,g_87
548,g_134
548,g_141
548,g_193
548,g_301
548,g_303
548,g_1110
548,g_6033
548,g_7286
548,g_10215
548,g_10222
548,g_10223
548,g_10225
552,g_87
552,g_126
552,g_303
552,g_353
552,g_1088
570,g_69
570,g_219
570,g_302
570,g_1113
570,g_10215
570,g_10225
593,g_49
593,g_57
593,g_219
593,g_818
593,g_1107
593,g_1110
593,g_2979
593,g_3148
593,g_10221
593,g_10227
593,g_10228
595,g_17
595,g_50
595,g_69
595,g_71
595,g_135
595,g_353
595,g_1037
595,g_1045
595,g_1055
595,g_1073
595,g_1110
595,g_1133
595,g_1146
595,g_1147
595,g_1152
595,g_1167
595,g_3165
595,g_4870
595,g_6033
595,g_10214
595,g_10215
595,g_10221
595,g_10222
595,g_10223
595,g_10224
595,g_10282
595,g_11083
595,g_14666
595,g_15588
596,g_44
596,g_50
596,g_71
596,g_1110
596,g_1115
596,g_6033
596,g_10221
596,g_10225
598,g_69
598,g_80
598,g_329
598,g_2738
598,g_6033
598,g_10221
598,g_10224
598,g_10225
598,g_10282
599,g_18
599,g_33
599,g_49
599,g_50
599,g_114
599,g_644
599,g_1110
599,g_3165
599,g_5702
599,g_10221
599,g_10227
599,g_10281
599,g_11083
601,g_12
601,g_13
601,g_17
601,g_18
601,g_50
601,g_104
601,g_878
601,g_1109
601,g_1110
601,g_10221
601,g_10224
601,g_10281
613,g_31
613,g_36
613,g_92
613,g_209
613,g_210
613,g_353
613,g_7424
613,g_10223
613,g_10224
613,g_10227
613,g_10282
614,g_49
614,g_219
614,g_302
614,g_353
614,g_1110
614,g_17580
628,g_18
628,g_36
628,g_50
628,g_104
628,g_163
628,g_818
628,g_939
628,g_1109
628,g_6033
628,g_10220
628,g_10221
628,g_10223
628,g_10224
628,g_10226
637,g_54
637,g_71
637,g_92
637,g_116
637,g_122
637,g_124
637,g_126
637,g_219
637,g_303
637,g_1088
637,g_10216
637,g_10217
637,g_10221
637,g_10224
637,g_10281
643,g_36
643,g_44
643,g_301
643,g_354
643,g_1078
643,g_1087
643,g_1116
643,g_1135
643,g_3148
643,g_3162
643,g_10222
643,g_10223
643,g_10228
644,g_17
644,g_18
644,g_43
644,g_50
644,g_878
644,g_1109
644,g_3138
644,g_6033
644,g_10221
644,g_10223
644,g_10224
644,g_10282
648,g_13
648,g_33
648,g_353
648,g_1103
648,g_2895
650,g_44
650,g_49
650,g_69
650,g_80
650,g_10214
650,g_10223
650,g_10225
650,g_13547
651,g_32
651,g_49
651,g_116
651,g_6033
663,g_28
663,g_39
663,g_50
663,g_141
663,g_157
663,g_329
663,g_874
663,g_2579
663,g_10225
663,g_10227
666,g_44
666,g_54
666,g_71
666,g_1115
666,g_4220
666,g_10282
666,g_17580
670,g_49
670,g_79
670,g_85
670,g_141
670,g_219
670,g_329
670,g_541
670,g_864
670,g_867
670,g_874
670,g_1112
670,g_1133
670,g_3918
670,g_10067
670,g_10215
670,g_10221
670,g_10222
670,g_10224
670,g_10225
670,g_10227
671,g_12
671,g_14
671,g_17
671,g_50
671,g_104
671,g_152
671,g_818
671,g_1049
671,g_1109
671,g_3160
671,g_10214
671,g_10215
671,g_10216
671,g_10282
697,g_36
697,g_101
697,g_206
697,g_209
697,g_354
697,g_1116
697,g_1165
697,g_1167
697,g_3148
697,g_3162
697,g_3165
722,g_50
722,g_117
722,g_124
722,g_1108
722,g_1109
722,g_1119
722,g_2713
722,g_10216
723,g_36
723,g_101
723,g_202
723,g_206
723,g_3148
723,g_3162
723,g_3163
723,g_3165
723,g_10223
733,g_28
733,g_50
733,g_76
733,g_85
733,g_163
733,g_10214
733,g_10225
733,g_10226
734,g_28
734,g_50
734,g_85
734,g_163
734,g_1108
734,g_1109
734,g_10214
734,g_10215
740,g_50
740,g_85
740,g_104
740,g_864
740,g_866
740,g_1108
740,g_1109
740,g_2891
740,g_3160
740,g_10214
740,g_10215
742,g_56
742,g_3163
763,g_49
763,g_56
763,g_86
763,g_157
763,g_164
763,g_303
763,g_329
763,g_541
763,g_874
763,g_1112
763,g_1137
763,g_10226
763,g_10227
772,g_17
772,g_35
772,g_50
772,g_124
772,g_869
772,g_3160
772,g_10105
772,g_10216
772,g_10217
772,g_10221
777,g_18
777,g_31
777,g_1104
784,g_54
784,g_71
784,g_303
784,g_2731
789,g_32
789,g_33
789,g_122
789,g_126
789,g_3165
789,g_9595
803,g_99
803,g_874
803,g_1112
803,g_1122
803,g_3159
803,g_3165
807,g_27
807,g_50
807,g_104
807,g_141
807,g_251
807,g_864
807,g_1109
807,g_1110
807,g_3135
807,g_3148
807,g_10215
807,g_10222
807,g_10223
807,g_10224
807,g_10225
807,g_10226
807,g_10227
807,g_10282
811,g_49
811,g_864
811,g_1085
811,g_1109
811,g_2979
827,g_27
827,g_79
827,g_141
827,g_6033
832,g_44
832,g_141
832,g_209
832,g_251
832,g_867
832,g_1110
832,g_3165
832,g_10215
832,g_10222
832,g_10225
832,g_10227
834,g_14
834,g_28
834,g_161
834,g_163
834,g_329
834,g_864
834,g_867
834,g_10214
834,g_10215
834,g_10226
834,g_14926
880,g_35
880,g_87
880,g_133
880,g_303
880,g_1119
880,g_2370
880,g_10216
880,g_10221
880,g_10228
895,g_36
895,g_210
895,g_353
895,g_1110
895,g_1123
895,g_2890
895,g_3165
928,g_50
928,g_1109
928,g_1137
928,g_10215
928,g_10216
928,g_10226
928,g_16304
931,g_49
931,g_79
931,g_867
931,g_1110
931,g_3138
931,g_3148
931,g_6033
934,g_49
934,g_241
934,g_644
934,g_864
934,g_1110
934,g_3148
934,g_3165
934,g_10215
934,g_10223
935,g_56
935,g_116
935,g_245
935,g_1113
935,g_6033
935,g_10216
935,g_10222
935,g_10227
935,g_10228
938,g_191
938,g_864
938,g_1110
938,g_10214
938,g_10215
950,g_16
950,g_17
950,g_35
950,g_50
950,g_103
950,g_104
950,g_1109
950,g_1137
962,g_17
962,g_35
962,g_1110
962,g_1116
962,g_3165
979,g_18
979,g_53
979,g_684
979,g_873
979,g_874
979,g_1112
979,g_1168
979,g_1180
979,g_1188
979,g_10223
979,g_10225
979,g_10227
979,g_10228
1018,g_49
1018,g_79
1018,g_141
1018,g_219
1018,g_303
1018,g_353
1018,g_354
1018,g_3168
1018,g_10214
1018,g_10219
1018,g_10222
1018,g_10227
1018,g_10228
1018,g_10282
1018,g_11083
1023,g_54
1023,g_56
1023,g_302
1023,g_303
1023,g_10216
1023,g_10222
1023,g_10228
1023,g_14415
1050,g_35
1050,g_71
1050,g_87
1050,g_303
1075,g_56
1075,g_126
1075,g_303
1075,g_1110
1075,g_1113
1075,g_10216
1075,g_10228
1093,g_33
1093,g_80
1093,g_227
1093,g_818
1093,g_1110
1093,g_3148
1093,g_3165
1093,g_10214
1093,g_10215
1093,g_10221
1115,g_44
1115,g_69
1115,g_87
1115,g_302
1115,g_303
1115,g_1096
1115,g_10224
1115,g_10227
1245,g_18
1245,g_50
1245,g_130
1245,g_818
1245,g_1110
1245,g_10221
1245,g_10223
1245,g_10224
1245,g_10281
1273,g_15
1273,g_50
1273,g_85
1273,g_87
1273,g_154
1273,g_329
1273,g_866
1273,g_1108
1273,g_2891
1273,g_3160
1273,g_10214
1273,g_10215
1273,g_10216
1273,g_18385
1277,g_19
1277,g_33
1277,g_49
1277,g_130
1277,g_134
1277,g_302
1277,g_707
1277,g_818
1277,g_1032
1277,g_1134
1277,g_1135
1277,g_10219
1277,g_10221
1277,g_10224
1280,g_87
1280,g_104
1280,g_130
1280,g_353
1280,g_867
1280,g_3163
1364,g_130
1364,g_303
1364,g_353
1364,g_818
1364,g_1119
1364,g_2916
1364,g_3163
1364,g_10220
1364,g_10224
1368,g_28
1368,g_50
1368,g_53
1368,g_134
1368,g_329
1368,g_818
1368,g_864
1368,g_874
1368,g_1108
1368,g_1110
1368,g_1119
1368,g_10214
1368,g_10215
1368,g_10221
1368,g_10225
1379,g_44
1379,g_1048
1379,g_3163
1390,g_44
1390,g_104
1390,g_122
1390,g_303
1390,g_10216
1390,g_10221
1390,g_10224
1391,g_49
1391,g_69
1391,g_303
1391,g_1115
1391,g_2579
1391,g_2916
1391,g_10216
1391,g_10220
1391,g_10224
1391,g_10282
1396,g_18
1396,g_36
1396,g_3114
1398,g_18
1398,g_79
1398,g_878
1398,g_1110
1398,g_3137
1414,g_54
1414,g_87
1414,g_130
1414,g_10219
1414,g_10221
1414,g_10224
1414,g_10228
1417,g_18
1417,g_71
1417,g_92
1417,g_151
1417,g_154
1417,g_867
1417,g_1113
1417,g_2579
1417,g_7402
1417,g_10215
1417,g_10223
1417,g_10224
1417,g_10225
1417,g_10226
1417,g_10228
1417,g_10281
1417,g_10282
1493,g_35
1493,g_50
1493,g_865
1493,g_1109
1493,g_10216
1493,g_10217
1493,g_14354
1493,g_17126
1494,g_81
1494,g_127
1494,g_707
1494,g_818
1494,g_939
1494,g_1164
1494,g_2774
1494,g_2926
1494,g_10215
1494,g_10220
1494,g_10223
1494,g_10224
1494,g_10228
1494,g_10282
1567,g_53
1567,g_219
1591,g_87
1591,g_127
1591,g_210
1591,g_818
1591,g_10221
1591,g_10223
1593,g_14
1593,g_17
1593,g_35
1593,g_50
1593,g_869
1593,g_8741
1593,g_10216
1593,g_10217
1593,g_10218
1613,g_2738
1613,g_18385
1628,g_33
1628,g_49
1628,g_127
1628,g_209
1628,g_227
1628,g_818
1628,g_1048
1628,g_1110
1628,g_1185
1628,g_3163
1628,g_3165
1639,g_28
1639,g_53
1639,g_10214
1639,g_10215
1643,g_33
1643,g_49
1643,g_303
1643,g_873
1643,g_2579
1643,g_2916
1643,g_3163
1643,g_10219
1643,g_10220
1643,g_10224
1643,g_10225
1643,g_10228
1667,g_17
1667,g_208
1667,g_869
1667,g_10217
1667,g_10222
1672,g_28
1672,g_76
1672,g_106
1672,g_818
1672,g_864
1672,g_874
1675,g_18
1675,g_49
1675,g_1110
1675,g_5702
1678,g_49
1678,g_105
1678,g_1110
1678,g_2932
1678,g_3148
1678,g_3160
1678,g_3172
1698,g_27
1698,g_53
1698,g_169
1698,g_1108
1698,g_10215
1698,g_10226
1704,g_18
1704,g_865
1704,g_867
1704,g_3167
1704,g_10215
1704,g_10216
1704,g_10228
1704,g_14354
1705,g_50
1705,g_878
1705,g_1108
1705,g_10214
1705,g_10215
1735,g_12
1735,g_50
1735,g_154
1735,g_10214
1735,g_10215
1735,g_10226
1735,g_18385
1740,g_18
1740,g_122
1740,g_329
1740,g_1024
1740,g_10219
1740,g_10220
1740,g_10221
1740,g_10222
1740,g_10227
1786,g_44
1786,g_69
1786,g_92
1786,g_209
1786,g_1110
1786,g_3163
1786,g_10282
1793,g_17
1793,g_35
1793,g_50
1793,g_6033
1837,g_127
1837,g_302
1837,g_873
1837,g_3110
1837,g_3164
1845,g_126
1845,g_302
1845,g_10216
1845,g_10217
1845,g_10222
1872,g_53
1872,g_154
1872,g_163
1902,g_33
1902,g_76
1902,g_141
1902,g_3138
1902,g_10066
1902,g_10067
1902,g_10220
1902,g_10221
1902,g_10222
1902,g_10224
1902,g_10227
1902,g_10597
1958,g_71
1958,g_1024
1958,g_10216
1958,g_10220
1958,g_10222
1958,g_10228
1958,g_14452
1958,g_14999
1971,g_27
1971,g_87
1971,g_867
1971,g_3166
1979,g_49
1979,g_50
1979,g_85
1979,g_104
1979,g_1108
1979,g_1109
1979,g_2891
1979,g_2896
1979,g_10215
1995,g_12
1995,g_50
1995,g_1108
1995,g_2891
1995,g_3004
1995,g_3160
1995,g_10214
1995,g_10215
1995,g_10217
1995,g_10220
1995,g_14926
1997,g_12
1997,g_13
1997,g_17
1997,g_2731
2009,g_54
2009,g_92
2009,g_302
2009,g_1112
2009,g_1113
2009,g_10223
2009,g_10228
2009,g_15588
2021,g_122
2021,g_126
2021,g_127
2021,g_130
2021,g_10216
2021,g_10217
2021,g_10219
2084,g_33
2084,g_35
2084,g_80
2084,g_1115
2210,g_17
2210,g_22
2210,g_33
2210,g_35
2210,g_863
2210,g_866
2210,g_878
2241,g_35
2241,g_69
2241,g_818
2241,g_1126
2241,g_2888
2241,g_10216
2241,g_10217
2269,g_27
2269,g_154
2269,g_303
2269,g_818
2269,g_1108
2269,g_6723
2269,g_10215
2269,g_10225
2269,g_10226
2318,g_53
2318,g_864
2384,g_56
2384,g_87
2384,g_303
2384,g_524
2384,g_1113
2384,g_1119
2384,g_2731
2384,g_3163
2384,g_3165
2384,g_10216
2384,g_10217
2384,g_10218
2384,g_10222
2384,g_10227
2384,g_10228
2395,g_12
2395,g_17
2395,g_35
2395,g_85
2395,g_1108
2395,g_10216
2395,g_10218
2460,g_33
2469,g_56
2469,g_302
2469,g_2916
2469,g_10220
2469,g_10225
2517,g_71
2517,g_302
2522,g_28
2522,g_71
2522,g_76
2522,g_79
2522,g_92
2522,g_104
2522,g_106
2522,g_134
2522,g_1072
2522,g_3148
2522,g_10215
2574,g_33
2574,g_44
2574,g_127
2574,g_818
2574,g_1110
2574,g_3165
2602,g_39
2602,g_169
2623,g_33
2623,g_49
2623,g_50
2623,g_10218
2623,g_10219
2623,g_10281
2671,g_27
2671,g_79
2671,g_10214
2671,g_10215
2671,g_10226
2673,g_27
2673,g_219
2796,g_17
2796,g_19
2796,g_35
2796,g_3144
2796,g_3167
2860,g_126
2860,g_10219
2860,g_10222
2897,g_12
2897,g_17
2897,g_49
2897,g_50
2897,g_104
2897,g_149
2897,g_818
2897,g_10216
2897,g_10222
2897,g_10228
2899,g_12
2899,g_17
2899,g_35
2899,g_85
2899,g_2896
2899,g_10216
2899,g_10217
2901,g_18
2965,g_12
2965,g_17
2965,g_878
2965,g_3167
2965,g_6033
2968,g_17
2968,g_27
2968,g_878
2968,g_1110
2968,g_3165
2968,g_6033
3025,g_17
3025,g_27
3025,g_878
3025,g_6033
3040,g_27
3040,g_28
3040,g_49
3040,g_104
3040,g_154
3040,g_818
3040,g_1108
3040,g_6723
3040,g_10214
3040,g_10215
3040,g_10226
3040,g_10228
3050,g_17
3050,g_35
3050,g_50
3050,g_154
3050,g_1108
3050,g_1109
3050,g_8741
3050,g_10216
3050,g_10217
3059,g_18
3059,g_50
3059,g_149
3059,g_1116
3059,g_2896
3059,g_3165
3073,g_17
3073,g_27
3073,g_35
3073,g_49
3073,g_50
3073,g_3165
3079,g_17
3079,g_18
3079,g_158
3079,g_878
3176,g_27
3176,g_53
3176,g_10215
3176,g_10227
3291,g_36
3291,g_92
3291,g_106
3291,g_209
3291,g_301
3291,g_1045
3291,g_3165
3291,g_10215
3291,g_10223
3421,g_18
3421,g_302
3421,g_818
3512,g_17
3512,g_28
3512,g_50
3512,g_878
3546,g_53
3546,g_864
3546,g_2648
3549,g_71
3640,g_87
3640,g_122
3640,g_865
3640,g_1108
3716,g_19
3716,g_1115
3716,g_10217
3716,g_10218
3716,g_10219
3716,g_10221
3763,g_27
3763,g_31
3763,g_32
3763,g_142
3763,g_3128
3763,g_3165
3763,g_10215
3763,g_10220
3763,g_10227
3763,g_10228
3764,g_71
3764,g_1116
3764,g_3165
3777,g_36
3777,g_193
3777,g_1024
3777,g_3165
3777,g_7285
3780,g_18
3780,g_818
3780,g_3135
3780,g_3165
3782,g_18
3870,g_18
3870,g_49
3870,g_92
3870,g_1110
3870,g_3163
3875,g_18
3875,g_71
3901,g_18
3901,g_1122
3901,g_3165
3921,g_18
3921,g_1122
3921,g_1250
3964,g_18
3964,g_76
3964,g_80
3964,g_818
3964,g_1109
3964,g_10214
3964,g_10215
3964,g_10223
3964,g_10225
3964,g_10227
3965,g_76
3965,g_10215
3965,g_10227
4011,g_50
4011,g_56
4011,g_170
4011,g_1108
4011,g_10216
4011,g_10217
4011,g_10226
4011,g_10228
4011,g_10281
4031,g_35
4031,g_49
4031,g_867
4043,g_33
4043,g_73
4043,g_122
4043,g_302
4043,g_1113
4043,g_7142
4043,g_10220
4043,g_10227
4116,g_17
4116,g_50
4116,g_85
4116,g_863
4116,g_878
4116,g_1110
4116,g_3165
4176,g_53
4180,g_17
4180,g_35
4180,g_10216
4180,g_10217
4180,g_10218
4241,g_27
4241,g_49
4241,g_56
4241,g_114
4241,g_142
4241,g_354
4241,g_873
4241,g_874
4241,g_1112
4241,g_1479
4241,g_3166
4241,g_10214
4241,g_10216
4241,g_10225
4241,g_10226
4241,g_10227
4241,g_10228
4271,g_49
4271,g_56
4271,g_69
4271,g_71
4271,g_10215
4271,g_10216
4271,g_10220
4271,g_10221
4271,g_10228
4283,g_17
4283,g_27
4283,g_50
4283,g_53
4291,g_17
4291,g_35
4291,g_1113
4348,g_33
4348,g_36
4348,g_818
4348,g_865
4348,g_939
4348,g_1108
4348,g_1109
4348,g_10219
4348,g_10221
4348,g_10282
4382,g_17
4382,g_18
4382,g_209
4382,g_3165
4396,g_1479
4396,g_2713
4421,g_50
4421,g_134
4421,g_138
4421,g_10214
4421,g_10225
4437,g_50
4437,g_818
4437,g_878
4437,g_10215
4437,g_10222
4437,g_10223
4481,g_133
4481,g_818
4481,g_1110
4482,g_126
4486,g_18
4486,g_49
4486,g_302
4494,g_18
4494,g_27
4494,g_49
4494,g_7142
4516,g_18
4516,g_35
4527,g_17
4527,g_80
4527,g_818
4528,g_36
4528,g_818
4546,g_36
4548,g_36
4548,g_134
4548,g_818
4548,g_939
4548,g_10221
4548,g_10224
4553,g_79
4553,g_141
4553,g_10227
4561,g_2916
4588,g_33
4588,g_76
4588,g_92
4588,g_106
4588,g_134
4588,g_136
4588,g_818
4588,g_873
4588,g_874
4588,g_1112
4588,g_10219
4588,g_10221
4588,g_10224
4611,g_17
4611,g_35
4655,g_28
4655,g_53
4655,g_87
4655,g_863
4655,g_864
4655,g_874
4655,g_2896
4689,g_18
4689,g_27
4689,g_53
4689,g_874
4689,g_10215
4689,g_10223
4689,g_10227
4816,g_249
4816,g_329
4816,g_2738
4816,g_10214
4816,g_10222
4835,g_35
4918,g_53
4918,g_136
4921,g_44
4921,g_69
4921,g_1115
4921,g_3163
4929,g_37
4929,g_135
4935,g_17
4935,g_34
4935,g_818
4935,g_10215
4935,g_10222
4935,g_10282
4973,g_130
4973,g_302
4973,g_10221
4973,g_10224
4977,g_14
4977,g_34
4977,g_878
5000,g_18
5000,g_32
5000,g_49
5000,g_1110
5000,g_10282
5050,g_53
5050,g_80
5050,g_130
5050,g_873
5050,g_1048
5050,g_2916
5050,g_10214
5050,g_10215
5050,g_10220
5050,g_10226
5055,g_92
5155,g_18
5155,g_818
5155,g_1101
5155,g_1110
5155,g_3165
5156,g_44
5156,g_54
5156,g_69
5156,g_1101
5156,g_1110
5156,g_3165
5156,g_10282
5165,g_19
5165,g_80
5165,g_1101
5165,g_3148
5165,g_3163
5165,g_3165
5165,g_10221
5165,g_10224
5168,g_87
5168,g_204
5168,g_209
5168,g_303
5168,g_1043
5168,g_10221
5168,g_10222
5168,g_10223
5488,g_18
5488,g_35
5493,g_12
5493,g_17
5493,g_28
5493,g_878
5552,g_17
5552,g_18
5552,g_43
5552,g_85
5552,g_878
5622,g_31
5622,g_35
5644,g_12
5644,g_17
5654,g_31
5654,g_818
5654,g_3167
5781,g_18
5781,g_130
5781,g_818
5781,g_1048
5781,g_1110
5781,g_3163
5781,g_7141
5781,g_10214
5781,g_10216
5781,g_10221
5781,g_10228
5801,g_18
5801,g_44
5801,g_71
5801,g_1110
5801,g_3163
5801,g_3165
5801,g_4221
5801,g_6033
5801,g_15505
5846,g_28
5846,g_79
5846,g_85
5846,g_3082
5879,g_209
5879,g_302
5879,g_303
5879,g_353
5879,g_873
5879,g_1112
5879,g_2916
5879,g_3110
5879,g_3148
5879,g_10221
5879,g_10222
5879,g_10223
5879,g_10225
5879,g_10227
5885,g_17
5885,g_122
5885,g_1123
5885,g_3164
5889,g_12
5889,g_28
5889,g_49
5889,g_85
5889,g_1180
5889,g_3087
5900,g_18
5900,g_35
5901,g_18
5901,g_76
5901,g_106
5901,g_818
5910,g_18
5910,g_49
5910,g_127
5910,g_874
5910,g_2894
5910,g_3163
5961,g_71
5961,g_133
5961,g_210
5961,g_303
5961,g_1110
5961,g_3163
5961,g_10221
5961,g_10222
5961,g_10227
5961,g_10281
5971,g_50
5971,g_1024
5971,g_1125
5971,g_10217
5971,g_10464
6073,g_126
6073,g_1125
6073,g_10215
6073,g_10216
6073,g_10219
6073,g_14354
6079,g_35
6079,g_87
6181,g_17
6181,g_35
6181,g_3165
6278,g_14
6278,g_28
6278,g_52
6278,g_10214
6278,g_10215
6278,g_10225
6283,g_17
6283,g_50
6283,g_124
6283,g_1108
6283,g_10216
6312,g_49
6312,g_79
6312,g_86
6312,g_209
6312,g_1108
6312,g_2774
6312,g_3167
6312,g_10214
6312,g_10220
6312,g_10225
6312,g_10226
6312,g_10228
6419,g_12
6419,g_17
6419,g_27
6419,g_28
6419,g_35
6419,g_863
6419,g_878
6435,g_50
6435,g_126
6435,g_154
6435,g_818
6435,g_865
6435,g_1108
6435,g_1109
6435,g_2896
6435,g_10216
6435,g_10219
6498,g_141
6498,g_10215
6498,g_10226
6619,g_18
6619,g_49
6619,g_54
6619,g_353
6619,g_1110
6619,g_1134
6619,g_2579
6619,g_3135
6619,g_3148
6619,g_13266
6619,g_13849
6619,g_14666
6691,g_126
6691,g_10216
6691,g_10217
6691,g_10221
7217,g_79
7229,g_1125
7229,g_10216
7343,g_18
7343,g_54
7343,g_69
7343,g_80
7343,g_87
7343,g_1113
7343,g_2738
7343,g_10214
7343,g_10215
7343,g_10221
7343,g_10224
7343,g_10225
7347,g_28
7347,g_54
7347,g_204
7347,g_251
7347,g_818
7347,g_10215
7347,g_10225
7347,g_17580
7549,g_18
7549,g_28
7549,g_36
7549,g_81
7549,g_209
7766,g_196
7942,g_126
7942,g_1109
7942,g_3164
7942,g_10216
7942,g_10217
7942,g_10218
8056,g_31
8056,g_56
8056,g_303
8056,g_10216
8056,g_10223
8056,g_10227
8072,g_43
8072,g_227
8072,g_301
8072,g_644
8072,g_1165
8072,g_1167
8072,g_3148
8072,g_3163
8072,g_3165
8072,g_6033
8072,g_10215
8072,g_10222
8072,g_10228
8072,g_14726
8072,g_14999
8072,g_17580
8073,g_18
8073,g_1073
8073,g_3165
8075,g_18
8075,g_227
8075,g_353
8075,g_354
8075,g_871
8075,g_873
8075,g_874
8075,g_3148
8075,g_3163
8075,g_10225
8075,g_10227
8075,g_10228
8078,g_159
8078,g_878
8078,g_10214
8078,g_10215
8078,g_10225
8078,g_10226
8221,g_56
8221,g_71
8221,g_122
8221,g_3163
8222,g_53
8222,g_71
8222,g_122
8222,g_3163
8265,g_17
8265,g_35
8265,g_104
8265,g_10216
8328,g_50
8328,g_72
8328,g_866
8328,g_10218
8342,g_32
8342,g_10216
8342,g_10221
8342,g_10281
8342,g_15588
8386,g_154
8386,g_2888
8386,g_10216
8392,g_34
8422,g_49
8422,g_71
8422,g_1110
8422,g_10221
8439,g_206
8439,g_3164
8439,g_10222
8439,g_10223
8467,g_50
8467,g_104
8467,g_124
8467,g_10216
8467,g_10217
8467,g_13544
8469,g_49
8469,g_87
8469,g_2712
8469,g_10216
8469,g_10217
8469,g_10228
8672,g_205
8672,g_3117
8672,g_10216
8672,g_10221
8672,g_10224
8672,g_10228
8696,g_35
8696,g_209
8696,g_865
8696,g_10216
8696,g_10218
8697,g_28
8697,g_81
8697,g_10214
8816,g_69
8816,g_818
8833,g_28
8833,g_2888
8833,g_10216
8833,g_10217
8833,g_10218
8846,g_219
8846,g_3164
8859,g_50
8859,g_878
8859,g_2888
8875,g_27
8875,g_53
8920,g_16
8920,g_17
8920,g_35
8920,g_85
8920,g_10216
8923,g_44
8938,g_18
8938,g_35
8938,g_1119
8953,g_34
8953,g_57
8953,g_2774
8974,g_159
8974,g_878
8974,g_10214
8974,g_10215
8980,g_28
8980,g_35
9025,g_44
9025,g_54
9025,g_219
9025,g_1119
9051,g_33
9051,g_35
9056,g_28
9056,g_35
9056,g_81
9056,g_251
9056,g_10214
9056,g_10216
9059,g_14
9059,g_168
9059,g_874
9071,g_17
9071,g_126
9071,g_14999
9073,g_12
9073,g_17
9073,g_50
9073,g_71
9073,g_105
9073,g_10215
9073,g_10221
9075,g_31
9075,g_53
9090,g_73
9090,g_1115
9273,g_35
9273,g_10216
9273,g_10217
9273,g_10218
9299,g_27
9299,g_141
9299,g_874
9299,g_1045
9299,g_1109
9299,g_1134
9299,g_1137
9299,g_1146
9299,g_1147
9299,g_1150
9299,g_1167
9299,g_3164
9299,g_7141
9299,g_9260
9299,g_10214
9299,g_10215
9299,g_10223
9299,g_10225
9299,g_10226
9299,g_10227
9299,g_17321
9299,g_17322
9360,g_12
9360,g_28
9360,g_53
9360,g_86
9360,g_10214
9360,g_10215
9378,g_3082
9378,g_3138
9378,g_10226
9378,g_10464
9393,g_18
9393,g_54
9393,g_10214
9393,g_10215
9393,g_10221
9393,g_10222
9393,g_10224
9394,g_35
9394,g_191
9394,g_10214
9400,g_28
9400,g_53
9431,g_50
9431,g_163
9454,g_13
9454,g_17
9454,g_19
9454,g_33
9454,g_50
9454,g_865
9454,g_939
9454,g_2895
9454,g_10219
9454,g_10221
9454,g_10222
9460,g_864
9460,g_2891
9462,g_81
9462,g_249
9462,g_2891
9463,g_34
9463,g_85
9463,g_163
9463,g_2895
9464,g_49
9464,g_18606
9465,g_50
9465,g_71
9472,g_35
9472,g_10107
9472,g_10216
9473,g_16
9473,g_35
9473,g_10216
9473,g_10282
9536,g_35
9550,g_12
9550,g_28
9550,g_33
9550,g_2579
9550,g_2926
9550,g_10215
9550,g_10219
9550,g_10282
9559,g_18
9559,g_53
9559,g_80
9559,g_2579
9559,g_10215
9559,g_10221
9559,g_10224
9564,g_14
9564,g_85
9564,g_2888
9564,g_13544
9571,g_69
9571,g_1126
9581,g_28
9581,g_82
9581,g_874
9581,g_2738
9642,g_12
9642,g_16
9642,g_35
9694,g_27
9694,g_53
9696,g_18
9696,g_27
9696,g_28
9696,g_35
9696,g_53
9696,g_80
9696,g_114
9696,g_252
9753,g_12
9753,g_18
9753,g_53
9753,g_10215
9753,g_10220
9764,g_12
9764,g_18
9775,g_18
9775,g_35
9807,g_12
9807,g_14
9807,g_28
9807,g_35
9807,g_2895
9833,g_19
9833,g_14452
9929,g_17
9929,g_85
9929,g_196
9929,g_1110
9945,g_37
9945,g_39
9945,g_50
9945,g_163
9945,g_818
9945,g_874
9945,g_10214
9945,g_10227
10024,g_17
10024,g_50
10024,g_54
10024,g_71
10024,g_135
10024,g_818
10024,g_865
10024,g_1109
10024,g_10221
10024,g_10223
10024,g_10224
10027,g_19
10027,g_28
10027,g_53
10027,g_80
10027,g_10214
10027,g_10215
10027,g_10225
10027,g_10228
10044,g_28
10044,g_35
10071,g_863
10071,g_864
10071,g_2888
10071,g_2896
10071,g_10216
10071,g_10228
10086,g_49
10086,g_56
10086,g_115
10086,g_874
10086,g_3115
10086,g_5702
10092,g_27
10092,g_79
10092,g_141
10130,g_134
10130,g_209
10130,g_2890
10155,g_141
10155,g_219
10155,g_818
10155,g_10215
10155,g_10220
10155,g_10225
10155,g_10227
10157,g_1125
10157,g_2888
10157,g_10216
10157,g_13544
10157,g_14999
10162,g_35
10162,g_3163
10180,g_28
10180,g_35
10180,g_80
10216,g_50
10216,g_52
10216,g_159
10226,g_141
10226,g_169
10226,g_874
10226,g_14710
10228,g_17
10228,g_34
10228,g_49
10228,g_869
10235,g_31
10235,g_3162
10235,g_3165
10238,g_71
10238,g_3163
10239,g_18
10239,g_19
10239,g_227
10239,g_302
10239,g_303
10239,g_1113
10239,g_3163
10239,g_10218
10239,g_10222
10239,g_10228
10258,g_16
10258,g_35
10258,g_1122
10284,g_163
10284,g_1126
10284,g_10216
10284,g_10217
10293,g_19
10293,g_69
10293,g_126
10293,g_1479
10293,g_10216
10293,g_10217
10293,g_10220
10315,g_12
10315,g_17
10315,g_35
10315,g_197
10315,g_303
10315,g_3163
10315,g_8741
10315,g_10215
10315,g_10216
10315,g_10217
10315,g_10221
10315,g_10282
10327,g_126
10327,g_1126
10327,g_2888
10327,g_10216
10333,g_33
10333,g_71
10333,g_818
10341,g_18
10341,g_878
10341,g_2748
10348,g_28
10348,g_49
10348,g_864
10355,g_18
10355,g_28
10355,g_79
10366,g_50
10366,g_864
10366,g_2891
10366,g_10215
10375,g_50
10375,g_53
10375,g_864
10389,g_27
10389,g_10215
10389,g_10226
10401,g_19
10401,g_122
10401,g_126
10404,g_36
10404,g_44
10404,g_10282
10424,g_53
10424,g_80
10450,g_56
10450,g_2888
10450,g_14999
10451,g_35
10451,g_71
10451,g_126
10451,g_10216
10451,g_10217
10451,g_10219
10486,g_35
10486,g_10216
10486,g_10221
10515,g_14
10515,g_17
10515,g_34
10515,g_878
10585,g_49
10585,g_79
10585,g_141
10585,g_158
10585,g_166
10585,g_10225
10585,g_10226
10587,g_56
10587,g_124
10587,g_2888
10587,g_10215
10587,g_10216
10587,g_14999
10616,g_28
10616,g_35
10616,g_81
10617,g_28
10617,g_2926
10618,g_19
10618,g_28
10618,g_36
10618,g_81
10618,g_10215
10619,g_28
10619,g_36
10619,g_81
10622,g_81
10622,g_10217
10622,g_18385
10643,g_28
10643,g_52
10643,g_86
10643,g_159
10643,g_864
10643,g_866
10681,g_15
10681,g_17
10681,g_33
10681,g_50
10681,g_52
10681,g_104
10726,g_27
10726,g_141
10748,g_35
10748,g_85
10748,g_245
10748,g_866
10748,g_1042
10748,g_1044
10748,g_1072
10748,g_1108
10748,g_1126
10748,g_1148
10748,g_9120
10753,g_28
10753,g_81
10753,g_251
10753,g_10214
10775,g_18
10775,g_49
10775,g_53
10775,g_249
10775,g_864
10775,g_874
10775,g_10066
10775,g_10067
10775,g_10215
10775,g_10225
10795,g_53
10795,g_818
10795,g_10215
10795,g_10223
10819,g_35
10842,g_27
10842,g_79
10918,g_56
10918,g_126
10920,g_14
10920,g_16
10920,g_52
10920,g_818
10951,g_81
10951,g_126
10951,g_2891
10951,g_10217
10951,g_10219
10951,g_10221
10951,g_10228
10974,g_28
10974,g_35
10975,g_28
10975,g_35
10975,g_81
10975,g_10215
10975,g_10216
10995,g_71
10995,g_130
10995,g_3137
10997,g_19
10997,g_73
10997,g_129
10997,g_130
10997,g_864
10997,g_865
10997,g_1110
10997,g_10282
10998,g_53
10998,g_127
10998,g_141
10998,g_142
10998,g_219
10998,g_10214
10998,g_10215
10998,g_10220
10998,g_10225
10998,g_10282
11011,g_17
11011,g_1126
11011,g_10216
11011,g_10217
11011,g_10218
11011,g_13544
11024,g_14
11024,g_17
11024,g_35
11024,g_50
11024,g_1109
11048,g_28
11048,g_35
11048,g_80
11048,g_10216
11069,g_17
11069,g_50
11069,g_86
11069,g_864
11069,g_865
11069,g_10216
11069,g_10226
11069,g_13544
11075,g_27
11075,g_127
11075,g_130
11075,g_141
11075,g_10215
11075,g_10226
11075,g_10227
11083,g_35
11083,g_10214
11104,g_33
11104,g_126
11104,g_130
11153,g_12
11153,g_124
11156,g_2890
11156,g_10221
11156,g_10223
11156,g_10282
11160,g_49
11160,g_2737
11160,g_10216
11174,g_18
11178,g_19
11178,g_35
11180,g_12
11180,g_14
11180,g_34
11180,g_10217
11180,g_10218
11180,g_10221
11190,g_12
11190,g_71
11190,g_219
11190,g_10215
11190,g_10221
11190,g_10223
11190,g_10225
11197,g_44
11197,g_10215
11197,g_10223
11197,g_10225
11197,g_10227
11198,g_81
11198,g_8497
11198,g_10216
11198,g_10219
11216,g_18
11216,g_33
11216,g_130
11216,g_10217
11216,g_10221
11216,g_10224
11216,g_10281
11220,g_219
11230,g_28
11230,g_81
11230,g_124
11230,g_10214
11230,g_10216
11230,g_13544
11239,g_19
11239,g_72
11239,g_126
11351,g_154
11351,g_158
11361,g_39
11361,g_154
11361,g_2579
11378,g_49
11378,g_87
11378,g_114
11378,g_124
11378,g_13544
11411,g_85
11411,g_2891
11411,g_10215
11411,g_10216
11423,g_18
11423,g_79
11423,g_80
11441,g_126
11451,g_35
11451,g_10217
11488,g_12
11488,g_19
11488,g_28
11502,g_18
11502,g_3165
11506,g_18
11506,g_3165
11516,g_208
11523,g_50
11523,g_122
11523,g_126
11523,g_10216
11523,g_10217
11523,g_10218
11523,g_13544
11537,g_28
11537,g_35
11576,g_12
11576,g_28
11576,g_35
11576,g_73
11576,g_10216
11577,g_37
11578,g_35
11583,g_50
11583,g_250
11583,g_17126
11596,g_39
11596,g_50
11602,g_18
11602,g_3165
11606,g_19
11621,g_12
11621,g_14
11621,g_34
11621,g_35
11624,g_115
11624,g_302
11624,g_1110
11624,g_1119
11624,g_3163
11624,g_7424
11630,g_35
11630,g_126
11630,g_10216
11630,g_10217
11630,g_10218
11630,g_10219
11634,g_69
11634,g_73
11634,g_129
11634,g_866
11634,g_3163
11635,g_35
11635,g_50
11635,g_1108
11635,g_10216
11635,g_10218
11636,g_28
11636,g_53
11636,g_81
11636,g_10214
11636,g_10215
11636,g_10225
11636,g_10228
11645,g_18
11645,g_31
11645,g_138
11647,g_2738
11647,g_10215
11647,g_10223
11677,g_35
11677,g_73
11677,g_126
11677,g_865
11677,g_1109
11677,g_3167
11677,g_10216
11677,g_10219
11677,g_10220
11677,g_14354
11689,g_35
11689,g_2730
11689,g_10214
11689,g_10215
11689,g_10216
11699,g_53
11699,g_80
11699,g_871
11699,g_873
11699,g_874
11699,g_10214
11699,g_10215
11699,g_10216
11699,g_10225
11699,g_10228
11712,g_12
11712,g_28
11712,g_35
11712,g_3165
11713,g_18
11713,g_28
11713,g_53
11770,g_28
11770,g_35
11770,g_81
11770,g_2926
11825,g_1125
11825,g_2888
11825,g_10216
11825,g_10217
11825,g_13544
11832,g_18
11868,g_53
11868,g_163
11895,g_35
11895,g_50
11895,g_10216
11895,g_10217
11902,g_18
11902,g_35
11907,g_19
11907,g_35
11909,g_18
11909,g_28
11909,g_53
11917,g_39
11917,g_50
11917,g_53
11917,g_157
11917,g_329
11917,g_867
11917,g_874
11917,g_2579
11917,g_10225
11917,g_10227
11927,g_27
11927,g_53
11936,g_18
11936,g_35
11956,g_126
11956,g_10216
11956,g_10217
11972,g_35
11972,g_10216
12094,g_115
12094,g_866
12094,g_1126
12094,g_10216
12094,g_10217
12094,g_10225
12112,g_141
12112,g_10214
12112,g_10215
12118,g_35
12118,g_50
12118,g_1108
12118,g_10214
12118,g_10215
12118,g_10216
12122,g_27
12122,g_50
12122,g_818
12122,g_878
12139,g_17
12139,g_35
12139,g_50
12139,g_85
12139,g_10216
12140,g_34
12140,g_43
12140,g_218
12205,g_27
12417,g_44
12429,g_12
12429,g_17
12429,g_34
12429,g_49
12429,g_302
12429,g_3163
12429,g_10215
12429,g_10216
12429,g_10221
12429,g_10222
12444,g_12
12444,g_17
12444,g_50
12444,g_104
12444,g_151
12444,g_818
12444,g_1108
12444,g_1109
12444,g_10214
12444,g_10215
12445,g_12
12445,g_14
12445,g_17
12445,g_50
12445,g_104
12445,g_7407
12445,g_10215
12445,g_10226
12471,g_69
12471,g_2370
12477,g_18
12477,g_31
12477,g_34
12485,g_27
12485,g_3167
12485,g_10215
12485,g_10226
12493,g_53
12493,g_1110
12493,g_3165
12516,g_14
12516,g_18
12516,g_353
12555,g_18
12577,g_28
12577,g_53
12577,g_80
12581,g_71
12613,g_28
12613,g_34
12659,g_44
12700,g_141
12700,g_3083
12700,g_10215
12700,g_10225
12700,g_10227
12716,g_71
12716,g_2890
12717,g_69
12717,g_818
12717,g_2890
12720,g_79
12720,g_157
12720,g_168
12761,g_71
12768,g_35
12768,g_69
12769,g_12
12769,g_35
12780,g_28
12780,g_36
12780,g_81
12796,g_18
12796,g_73
12796,g_10221
12806,g_129
12940,g_35
13363,g_18
13397,g_28
13397,g_81
13397,g_10215
13397,g_18385
13397,g_18606
13398,g_12
13398,g_18
13496,g_69
13496,g_163
13496,g_818
13496,g_10214
13496,g_10219
13496,g_10221
13496,g_10224
13496,g_10225
13496,g_10226
13496,g_10228
13571,g_28
13571,g_81
13575,g_81
13575,g_939
13575,g_10214
13575,g_10216
13575,g_10217
14094,g_141
14094,g_10225
14129,g_18
14129,g_28
14144,g_33
14144,g_126
14170,g_10222
14170,g_10223
14170,g_19644
14715,g_142
14715,g_10215
14715,g_10220
14756,g_28
14756,g_34
14756,g_52
14756,g_878
14756,g_3167
14756,g_8497
14766,g_99
14768,g_19
14768,g_33
14768,g_35
14768,g_10216
14768,g_10218
15454,g_18
15454,g_209
15465,g_18
15465,g_71
15506,g_28
15506,g_1109
15506,g_10214
15506,g_10215
15540,g_35
15540,g_53
15540,g_79
15540,g_141
15540,g_867
15584,g_28
15584,g_53
15584,g_80
15584,g_210
15584,g_874
15584,g_2890
15631,g_18
15631,g_79
15631,g_818
15722,g_39
15722,g_10225
15722,g_10226
15728,g_99
15728,g_106
15728,g_10215
15728,g_10216
15728,g_10217
15728,g_10222
15761,g_34
15761,g_2370
15868,g_18
15868,g_36
15868,g_818
15879,g_34
15879,g_250
15879,g_3167
15996,g_18
15996,g_53
15996,g_79
15996,g_80
15996,g_10214
15996,g_10215
15996,g_10227
15998,g_18
15998,g_10219
15998,g_10221
16179,g_28
16179,g_53
16205,g_35
16205,g_36
16205,g_71
16205,g_133
16205,g_10215
16205,g_10216
16205,g_10221
16324,g_33
16324,g_34
16324,g_878
16324,g_1122
16430,g_34
16726,g_28
16726,g_80
17003,g_122
17041,g_27
17184,g_16
17216,g_18
17216,g_303
17216,g_1119
17216,g_3163
17216,g_10222
17216,g_10223
17319,g_144
17319,g_10215
17322,g_18
17322,g_10221
17322,g_10223
17343,g_18
17343,g_10221
17351,g_163
17591,g_22
17591,g_35
17591,g_126
17591,g_10216
17591,g_10217
17591,g_10218
18646,g_37
18646,g_50
18646,g_53
18646,g_57
18646,g_85
18646,g_104
18646,g_1108
18646,g_1109
18646,g_7407
18646,g_10214
18646,g_10215
18706,g_18
18706,g_35
18706,g_49
18706,g_50
18706,g_69
18706,g_104
18706,g_154
18706,g_158
18706,g_865
18706,g_866
18706,g_3163
18706,g_3167
18706,g_10215
18706,g_10216
18706,g_10220
18706,g_10221
18706,g_10226
18706,g_10228
18706,g_14926
18895,g_18
18895,g_53
18895,g_79
18895,g_80
18895,g_141
18895,g_818
18895,g_10221
18895,g_10223
18929,g_27
18930,g_18
18930,g_28
18930,g_81
18949,g_35
18949,g_2731
18949,g_2738
18949,g_10214
18949,g_10223
19103,g_28
19103,g_50
19103,g_864
19103,g_1108
19103,g_1109
19103,g_1123
19103,g_10214
19103,g_10215
19103,g_10216
19103,g_10225
19103,g_18385
19370,g_130
19370,g_163
19370,g_863
19370,g_939
19370,g_2896
19370,g_10219
19370,g_10221
19370,g_10226
19477,g_18
19477,g_35
19477,g_1115
19477,g_10216
19477,g_10221
19477,g_10224
19496,g_50
19496,g_818
19496,g_866
19496,g_1108
19496,g_2712
19496,g_10216
19496,g_10217
19496,g_10218
19518,g_28
19518,g_863
19518,g_3166
19641,g_12
19641,g_18
19641,g_28
19641,g_3167
19813,g_33
19813,g_163
19813,g_219
19813,g_302
19813,g_818
19813,g_873
19813,g_874
19813,g_10214
19813,g_10219
19813,g_10223
19813,g_10224
19813,g_10225
19813,g_10226
19813,g_10227
19813,g_14354
19890,g_10105
19890,g_10216
19890,g_10464
19943,g_122
19943,g_10214
19943,g_10221
19966,g_17
19966,g_18
19966,g_50
19966,g_122
19966,g_209
19966,g_865
19966,g_10216
19966,g_10221
19966,g_10224
19966,g_10464
19994,g_18
19994,g_10215
19994,g_10225
20107,g_19
20107,g_36
20107,g_209
20107,g_939
20107,g_2890
20107,g_10218
20107,g_10219
20107,g_10221
20107,g_10223
20146,g_18
20146,g_56
20146,g_10281
20295,g_18
20295,g_79
20677,g_99
20677,g_3114
20852,g_17
20852,g_18
20852,g_208
20852,g_209
20852,g_302
20852,g_353
20852,g_10221
20852,g_10222
20852,g_10227
20862,g_28
20862,g_141
20862,g_8497
20862,g_10225
20862,g_10464
21048,g_1125
21048,g_10216
21048,g_10217
21065,g_18
21065,g_28
21065,g_10214
21065,g_10215
21065,g_10225
21103,g_15
21103,g_28
21103,g_50
21103,g_878
21103,g_1108
21103,g_7407
21103,g_10215
21104,g_16
21104,g_17
21104,g_35
21104,g_50
21104,g_1108
21104,g_8741
21104,g_10214
21104,g_10216
21108,g_16
21108,g_17
21108,g_50
21108,g_126
21108,g_3145
21108,g_10219
21108,g_10221
21256,g_28
21256,g_50
21256,g_104
21256,g_126
21256,g_1125
21256,g_10214
21256,g_10215
21256,g_10216
21256,g_10219
21301,g_69
21301,g_73
21301,g_129
21301,g_210
21301,g_303
21301,g_3163
21301,g_10221
21301,g_10227
21392,g_18
21392,g_87
21392,g_219
21392,g_2731
21392,g_3164
21392,g_10216
21392,g_10223
21392,g_10225
21392,g_10227
21392,g_10228
21398,g_27
21398,g_53
21398,g_874
21410,g_13
21410,g_27
21410,g_1167
21410,g_2895
21410,g_14726
21596,g_18
21773,g_17
21773,g_35
21773,g_56
21773,g_241
21773,g_1125
21773,g_10216
21773,g_10221
21773,g_10228
21880,g_18
21936,g_28
21936,g_53
21936,g_864
21936,g_6033
21936,g_10215
21938,g_31
22081,g_69
22845,g_35
22845,g_209
22845,g_210
22845,g_865
22845,g_10216
22845,g_10217
22845,g_10220
22845,g_10223
22845,g_10228
22987,g_3114
22987,g_10221
23034,g_13544
23136,g_13
23136,g_197
23136,g_2895
23136,g_8741
23534,g_1126
23534,g_10216
24179,g_18
24179,g_10216
24179,g_10221
24179,g_10228
24203,g_18
24203,g_69
24203,g_2370
24203,g_10215
24203,g_10218
24203,g_10221
24233,g_869
24920,g_19
24920,g_31
24920,g_133
24920,g_149
24920,g_818
24920,g_1037
24920,g_1107
24920,g_1110
24920,g_1203
24920,g_6352
24920,g_8990
24920,g_10214
24920,g_10215
24920,g_10219
24920,g_10221
24920,g_10222
24920,g_10225
24920,g_14687
25017,g_54
25017,g_2916
25017,g_10219
25017,g_10220
25017,g_10221
25095,g_18
25095,g_28
25095,g_53
25095,g_141
25095,g_3109
25644,g_43
25644,g_49
25644,g_53
25644,g_303
25644,g_524
25644,g_818
25644,g_867
25644,g_1110
25644,g_1165
25644,g_3163
25644,g_3167
25644,g_10214
25644,g_10222
25644,g_10227
25644,g_14726
25644,g_14727
25780,g_28
25780,g_50
25780,g_53
25780,g_86
25780,g_818
25780,g_1108
25780,g_10214
25780,g_10215
26100,g_18385
26147,g_18
26147,g_10221
26147,g_10228
26164,g_53
26164,g_80
26165,g_18
26167,g_18
26167,g_126
26186,g_1115
26186,g_10215
26186,g_10221
26225,g_18
26225,g_53
26225,g_105
26225,g_3167
26484,g_12
26484,g_14
26831,g_219
27037,g_12
27037,g_28
27037,g_81
27037,g_864
27037,g_1113
27037,g_10214
27037,g_10228
27039,g_14
27039,g_18
27145,g_106
27145,g_10214
27145,g_10215
27145,g_10225
27169,g_122
27169,g_10216
27169,g_10221
27169,g_10228
27173,g_44
27173,g_10221
27173,g_10224
27293,g_14
27293,g_35
27302,g_18
27302,g_53
27302,g_130
27302,g_3167
27315,g_17
27315,g_35
27315,g_50
27315,g_136
27315,g_1108
27315,g_1109
27649,g_18
27649,g_80
27649,g_867
27649,g_10221
27649,g_10223
27649,g_10225
27710,g_18
27710,g_31
27710,g_10221
27710,g_10223
27710,g_10225
27710,g_10227
27720,g_17
27720,g_18
27720,g_35
27720,g_1024
27727,g_44
27727,g_71
27727,g_87
27727,g_303
27727,g_10221
27727,g_10223
27727,g_10224
27727,g_10225
27760,g_127
27760,g_3165
27760,g_10221
27760,g_10223
27760,g_10224
27760,g_17580
28185,g_18
28185,g_22
28185,g_14452
28190,g_69
28190,g_71
28190,g_2717
28190,g_10215
28190,g_10223
28190,g_10224
28190,g_17580
28383,g_19
28383,g_303
28383,g_354
28383,g_1134
28383,g_1152
28383,g_3148
28383,g_10214
28383,g_10215
28383,g_10216
28383,g_10220
28383,g_10221
28383,g_10222
28383,g_10223
28383,g_10225
28383,g_10227
28383,g_10228
28680,g_19
28680,g_33
28680,g_35
28680,g_10216
28680,g_10219
28883,g_12
28883,g_27
28883,g_28
28888,g_34
28888,g_85
29003,g_18
29003,g_28
29003,g_53
29003,g_80
29003,g_251
29003,g_864
29003,g_867
29003,g_874
29003,g_10224
29120,g_18
29120,g_35
29232,g_44
29232,g_69
29232,g_71
29232,g_1115
29232,g_10216
29232,g_10221
29232,g_10224
29232,g_10228
29685,g_31
29685,g_138
29735,g_35
29735,g_10107
29735,g_10216
29808,g_249
29808,g_864
29808,g_871
29808,g_873
29808,g_874
29808,g_1112
29808,g_10214
29808,g_10215
29808,g_10223
29808,g_10225
29808,g_10227
29909,g_14
29909,g_34
29914,g_157
29914,g_864
29914,g_874
29914,g_1112
29914,g_3160
29914,g_7407
29914,g_10214
29914,g_10225
29914,g_10226
29914,g_10227
29914,g_14710
30128,g_28
30128,g_81
30128,g_126
30128,g_864
30128,g_10216
30128,g_10217
30322,g_12
30342,g_12
30342,g_17
30342,g_36
30342,g_196
30342,g_869
30342,g_1110
30342,g_3167
30435,g_35
30435,g_10216
30487,g_54
30487,g_154
30487,g_864
30487,g_865
30632,g_53
30635,g_33
30635,g_79
30676,g_18
30676,g_27
30676,g_79
30676,g_864
30676,g_867
30676,g_15130
30800,g_49
30800,g_82
30800,g_87
30800,g_864
30800,g_10215
30800,g_10225
30816,g_49
30816,g_81
30816,g_303
30816,g_864
30816,g_867
30816,g_874
30816,g_10214
30816,g_10215
30816,g_10216
30816,g_10225
31057,g_92
31060,g_92
31083,g_18
31083,g_33
31083,g_35
31083,g_122
31083,g_127
31083,g_10105
31083,g_10216
31083,g_10219
31083,g_10221
31091,g_18
31091,g_71
31091,g_122
31091,g_127
31254,g_252
31254,g_864
31254,g_10215
31254,g_10225
31366,g_27
31366,g_170
31366,g_3082
31507,g_28
31507,g_35
31507,g_50
31507,g_104
31507,g_878
31507,g_1108
31507,g_1109
31507,g_10216
31547,g_18
31547,g_10215
31547,g_10221
31547,g_10223
31584,g_18
31584,g_53
31584,g_71
31711,g_34
31711,g_878
31712,g_18
31712,g_10214
31712,g_10221
31932,g_12
31932,g_34
31932,g_81
31932,g_2888
31932,g_2891
32126,g_34
32126,g_35
32126,g_1109
32126,g_2774
32126,g_3167
32126,g_8497
32235,g_34
32368,g_34
32368,g_818
32368,g_1037
32368,g_3167
32809,g_18
32809,g_10219
32977,g_18
32977,g_130
32977,g_864
32977,g_865
33003,g_863
33003,g_878
33003,g_1113
33003,g_10214
33003,g_10215
33003,g_10223
33096,g_14
33096,g_79
33096,g_122
33096,g_141
33096,g_144
33097,g_14
33097,g_79
33097,g_122
33097,g_141
33097,g_144
33134,g_12
33134,g_17
33134,g_35
33134,g_49
33134,g_196
33134,g_869
33134,g_1110
33134,g_3167
33134,g_10216
33134,g_10217
33134,g_10222
33134,g_10228
33134,g_14999
33142,g_149
33217,g_34
33217,g_80
33223,g_18
33223,g_56
33223,g_122
33245,g_33
33245,g_10219
33245,g_10221
33245,g_10224
33245,g_10228
33328,g_17
33328,g_35
33328,g_49
33328,g_124
33328,g_1110
33328,g_3148
33328,g_3167
33328,g_10216
33328,g_10217
33328,g_13544
33362,g_18
33362,g_33
33362,g_1116
33569,g_18
33569,g_10214
33569,g_10215
33608,g_34
33608,g_196
33608,g_354
33608,g_1122
33609,g_15
33609,g_34
33609,g_196
33616,g_15
33616,g_34
33616,g_196
33655,g_33
33655,g_43
33655,g_52
33655,g_54
33655,g_57
33655,g_218
33655,g_354
33655,g_878
33655,g_1110
33655,g_1122
33655,g_3148
33753,g_28
33753,g_81
33753,g_210
33753,g_2890
33753,g_10214
33753,g_10225
33761,g_193
33761,g_209
33761,g_10225
33761,g_10227
33812,g_130
33812,g_818
33812,g_10221
33879,g_27
33879,g_154
33879,g_164
33879,g_874
33879,g_1164
33879,g_1167
33879,g_2579
33879,g_3164
33879,g_4866
33879,g_10214
33879,g_10215
33879,g_10216
33879,g_10222
33879,g_16304
33892,g_14
33892,g_34
33892,g_69
33892,g_134
33892,g_3167
33895,g_18
33895,g_10221
33895,g_10222
33909,g_18
33909,g_10217
33909,g_10221
33964,g_18
33964,g_28
33964,g_34
33964,g_8497
34100,g_18
34100,g_53
34616,g_33
34616,g_863
34616,g_867
34616,g_1112
34616,g_3110
34616,g_10220
34616,g_10227
34753,g_10216
34753,g_10219
34753,g_13544
34792,g_18
34792,g_27
34792,g_35
34792,g_3164
35011,g_53
35011,g_136
35011,g_818
35011,g_864
35011,g_1109
35011,g_10215
35011,g_10222
35110,g_50
35110,g_142
35110,g_10215
35110,g_10220
35147,g_14
35147,g_28
35147,g_50
35147,g_1108
35147,g_1109
35147,g_7407
35147,g_10214
35147,g_10215
35151,g_27
35151,g_3082
35153,g_87
35153,g_196
35153,g_3166
35191,g_80
35191,g_644
35345,g_12
35345,g_17
35345,g_50
35345,g_126
35345,g_145
35345,g_869
35345,g_1109
35345,g_8741
35387,g_27
35387,g_56
35387,g_10215
35387,g_10228
35395,g_18
35401,g_27
35401,g_35
35401,g_39
35448,g_27
35448,g_863
35448,g_10214
35448,g_10215
35506,g_18
35526,g_18
35526,g_10221
35526,g_10223
35685,g_81
35685,g_10215
35827,g_28
35827,g_35
35827,g_80
35827,g_10215
35827,g_10216
35827,g_10217
35833,g_12
35833,g_28
35833,g_2579
35833,g_10215
35833,g_10216
35833,g_10217
35841,g_27
35841,g_818
35841,g_3082
35842,g_18
35842,g_27
35901,g_18
35901,g_33
35901,g_69
35901,g_2916
35939,g_18
35939,g_301
35939,g_14726
36012,g_18
36012,g_53
36012,g_10215
36012,g_10223
36012,g_10225
36066,g_33
36066,g_818
36158,g_191
36205,g_50
36205,g_53
36303,g_27
36303,g_53
36529,g_71
36529,g_10221
36529,g_10223
36529,g_10224
36586,g_27
36586,g_35
36586,g_157
36586,g_164
36586,g_10215
36586,g_10216
36586,g_10225
36586,g_10226
36586,g_10228
36642,g_191
36716,g_53
36716,g_874
36716,g_1112
36716,g_10225
36878,g_18
36878,g_27
36878,g_10215
36878,g_10226
36910,g_196
36910,g_303
36910,g_353
36910,g_864
36910,g_878
36910,g_1040
36910,g_10222
36910,g_10228
36954,g_158
36954,g_878
37000,g_33
37000,g_122
37008,g_105
37218,g_53
37218,g_114
37295,g_170
37295,g_219
37295,g_10215
37295,g_10226
37295,g_10227
37370,g_28
37370,g_10215
37371,g_18
37371,g_69
37371,g_71
37371,g_302
37371,g_1113
37371,g_10107
37379,g_28
37379,g_43
37379,g_50
37379,g_52
37379,g_85
37379,g_104
37379,g_874
37393,g_18
37393,g_79
37393,g_878
37393,g_10214
37393,g_10215
37393,g_10226
37402,g_13
37402,g_14
37725,g_158
37725,g_10216
37725,g_10226
37725,g_14414
37834,g_35
37834,g_10216
37834,g_10217
37901,g_18
37901,g_28
37901,g_50
37901,g_53
37901,g_303
37901,g_353
37901,g_644
37901,g_656
37901,g_818
37901,g_864
37901,g_867
37901,g_874
37901,g_1032
37901,g_1041
37901,g_1045
37901,g_1055
37901,g_1077
37901,g_1078
37901,g_1134
37901,g_1150
37901,g_1152
37901,g_1163
37901,g_1167
37901,g_1180
37901,g_1181
37901,g_1182
37901,g_1185
37901,g_2738
37901,g_4844
37901,g_4865
37901,g_4870
37901,g_6033
37901,g_10214
37901,g_10215
37901,g_10219
37901,g_10222
37901,g_10223
37901,g_10224
37901,g_10225
37901,g_10227
37901,g_10228
37901,g_10282
37901,g_11083
37901,g_14666
37901,g_15588
37906,g_28
37906,g_53
37906,g_10215
37940,g_18
37940,g_19
37940,g_10214
37940,g_10215
37940,g_10221
37940,g_10223
37945,g_27
37945,g_28
37945,g_35
37945,g_104
37945,g_864
37945,g_2759
37945,g_2895
37945,g_10214
37945,g_10215
37945,g_10216
37945,g_10225
37945,g_10226
38070,g_99
38083,g_28
38083,g_81
38083,g_2926
38083,g_10215
38148,g_27
38148,g_10214
38148,g_10215
38148,g_10226
38148,g_10227
38148,g_10464
38187,g_35
38187,g_114
38187,g_10216
38187,g_10217
38187,g_10228
38203,g_18
38203,g_3145
38210,g_92
38210,g_106
38305,g_27
38305,g_158
38305,g_878
38305,g_10214
38305,g_10215
38465,g_53
38465,g_10215
38485,g_28
38485,g_35
38485,g_10216
38485,g_10219
38485,g_10225
38599,g_250
38599,g_1125
38621,g_18
38621,g_35
38621,g_10221
38797,g_28
38797,g_35
38797,g_251
38797,g_10215
38797,g_10216
38829,g_18
38829,g_28
38829,g_33
38829,g_10214
38829,g_10219
38829,g_10228
38862,g_56
38862,g_2738
38862,g_10215
38862,g_10216
38897,g_193
38897,g_1110
38897,g_10215
38897,g_10221
38897,g_15588
38978,g_16
39041,g_34
39041,g_43
39041,g_218
39041,g_878
39041,g_8497
39113,g_18
39113,g_28
39113,g_130
39113,g_2892
39130,g_18
39130,g_33
39130,g_10221
39130,g_10223
39130,g_10224
39206,g_193
39206,g_818
39206,g_3165
39206,g_10214
39206,g_10221
39206,g_10224
39335,g_18
39335,g_10219
39335,g_10221
39335,g_10227
39350,g_18
39350,g_53
39350,g_864
39350,g_1112
39350,g_10223
39350,g_10225
39350,g_10227
39390,g_18
39390,g_10219
39390,g_10221
39390,g_10224
39550,g_3144
39550,g_3163
39550,g_3165
39550,g_13544
39562,g_18
39696,g_18
39710,g_18
39721,g_80
39721,g_144
39721,g_818
39721,g_867
39721,g_1110
39721,g_3167
39729,g_27
39729,g_53
39729,g_79
39745,g_22
39745,g_35
39792,g_18
39792,g_31
39868,g_14
39868,g_27
39868,g_1116
39868,g_3165
39868,g_6033
40436,g_18
40436,g_80
40436,g_134
41000,g_44
41000,g_53
41000,g_209
41000,g_867
41000,g_10225
41107,g_53
41107,g_251
41107,g_864
41107,g_10215
41107,g_10228
41369,g_44
41369,g_56
41369,g_249
41369,g_874
41369,g_2738
41369,g_10216
41369,g_10225
41490,g_35
41539,g_27
41539,g_86
41539,g_874
41539,g_7407
41539,g_10214
41539,g_10220
41539,g_10226
41591,g_18
41591,g_10221
41591,g_10224
41595,g_99
41611,g_18
41616,g_18
41616,g_10215
41616,g_10225
41651,g_50
41651,g_80
41651,g_644
41651,g_3165
41651,g_10215
41671,g_53
41671,g_10215
41871,g_28
41871,g_53
41978,g_18
41978,g_80
41978,g_303
41978,g_3163
42236,g_1479
42311,g_18
42454,g_18
42454,g_53
42454,g_157
42454,g_219
42454,g_867
42454,g_871
42454,g_873
42454,g_874
42454,g_1112
42454,g_10215
42454,g_10223
42454,g_10225
42454,g_10227
42483,g_71
42505,g_50
42505,g_104
42505,g_1108
42505,g_1109
42505,g_2891
42505,g_10214
42505,g_10215
42505,g_10219
42537,g_251
42537,g_1110
42555,g_28
42555,g_87
42555,g_863
42555,g_864
42555,g_14414
42668,g_49
42668,g_303
42668,g_353
42668,g_807
42668,g_864
42668,g_867
42668,g_871
42668,g_874
42668,g_1112
42668,g_2738
42668,g_3163
42745,g_19
42745,g_80
42745,g_10214
42745,g_10219
42745,g_10220
42974,g_13
42974,g_28
42974,g_2895
42974,g_10215
42976,g_2738
42976,g_10215
43146,g_81
43146,g_2890
43146,g_10215
43146,g_10222
43146,g_10223
43152,g_18
43152,g_303
43152,g_3164
43152,g_10221
43152,g_10227
43218,g_17
43218,g_18
43218,g_35
43218,g_302
43218,g_1110
43218,g_10216
43218,g_10221
43405,g_34
43405,g_10215
43441,g_17126
43565,g_14
43565,g_17
43565,g_10221
43722,g_92
43722,g_251
43722,g_10214
43722,g_10223
43722,g_10225
43820,g_28
43820,g_53
43830,g_18
43830,g_49
43830,g_301
43830,g_1110
43830,g_1116
43830,g_1165
43830,g_1167
43830,g_3148
43830,g_3163
43830,g_3165
43853,g_17
43853,g_878
43853,g_3148
43853,g_3165
43853,g_3167
43870,g_28
43870,g_53
43870,g_864
43870,g_1108
43870,g_10215
43870,g_10223
43878,g_14
43878,g_53
43878,g_878
44077,g_17
44077,g_35
44077,g_10216
44233,g_27
44233,g_49
44233,g_3082
44233,g_10215
44233,g_10226
44274,g_18
44384,g_121
44384,g_1110
44384,g_3165
44466,g_18
44466,g_53
44466,g_303
44466,g_3138
44466,g_10215
44466,g_10223
44541,g_18
44542,g_53
44641,g_18
44641,g_19
44641,g_54
44641,g_1104
44641,g_3165
44694,g_18
44694,g_32
44694,g_301
44694,g_10224
44748,g_27
44748,g_10215
44748,g_10226
44748,g_15038
44820,g_18
44820,g_35
45034,g_18
45034,g_27
45034,g_53
45168,g_12
45168,g_14
45168,g_28
45168,g_303
45168,g_863
45168,g_864
45168,g_867
45168,g_874
45168,g_2896
45168,g_10226
45168,g_14414
45333,g_28
45337,g_35
45337,g_85
45337,g_866
45337,g_1126
45337,g_10216
45375,g_18
45375,g_34
45382,g_18
45382,g_1116
45537,g_158
45537,g_3166
45537,g_10215
45537,g_14414
45702,g_122
45702,g_1115
46067,g_19
46067,g_10219
46067,g_10221
46360,g_818
46360,g_864
46360,g_873
46360,g_1119
46360,g_1479
46360,g_2916
46360,g_3110
46360,g_3111
46360,g_10217
46360,g_10220
46578,g_44
46578,g_10221
46634,g_28
46634,g_35
46634,g_864
46634,g_10215
46634,g_10216
46650,g_39
46650,g_14710
46917,g_18
46917,g_2579
46917,g_10221
47169,g_18
47169,g_106
47169,g_136
47169,g_3167
47169,g_6033
47169,g_10215
47169,g_10222
47169,g_10228
47603,g_35
47603,g_3167
47696,g_18
47728,g_18
47728,g_53
47728,g_69
47728,g_73
47728,g_129
47728,g_1113
47728,g_10221
47844,g_36
47981,g_33
47981,g_10219
47981,g_10221
47981,g_10223
47981,g_10224
48092,g_35
48258,g_52
48390,g_12
48390,g_14
48390,g_28
48390,g_85
48390,g_866
48390,g_878
48390,g_2891
48390,g_10215
48390,g_10228
48462,g_27
48462,g_53
48485,g_33
48502,g_122
48719,g_204
48719,g_1115
48829,g_53
48829,g_10215
48875,g_53
48875,g_10215
48941,g_35
48941,g_2915
48941,g_10216
48941,g_10217
49174,g_18
49174,g_39
49174,g_43
49174,g_71
49174,g_1063
49174,g_1122
49174,g_1134
49174,g_1150
49174,g_2579
49301,g_18
49301,g_28
49301,g_3167
49944,g_18
49944,g_114
49944,g_10216
49944,g_10221
49944,g_10228
50009,g_18
50059,g_12
50059,g_35
50059,g_196
50219,g_12
50219,g_18
50219,g_28
50312,g_18
50312,g_10222
50312,g_10223
50312,g_10225
50312,g_15588
50341,g_19
50341,g_10221
50408,g_18
50408,g_303
50408,g_864
50408,g_1113
50408,g_10223
50408,g_10228
50427,g_81
50427,g_10223
50427,g_10225
50427,g_10228
50528,g_12
50528,g_15
50570,g_35
50791,g_12
50791,g_18
50791,g_31
50791,g_36
50791,g_6033
50791,g_10215
50791,g_10223
50872,g_18385
50944,g_19
51224,g_81
51320,g_193
51458,g_18
51458,g_33
51492,g_18
51510,g_27
51510,g_53
51510,g_79
51510,g_867
51510,g_3163
51510,g_10215
51510,g_10220
51510,g_10226
51664,g_2370
51722,g_18
51722,g_54
51722,g_92
51722,g_1112
51722,g_2889
51848,g_53
51896,g_18
51896,g_35
51896,g_209
51896,g_10216
51896,g_10223
51899,g_33
51899,g_71
52098,g_34
52497,g_34
52497,g_85
52497,g_2891
52497,g_3167
52499,g_18
52499,g_114
52552,g_28
52552,g_34
52552,g_85
52552,g_2891
52552,g_3167
52777,g_18
52777,g_35
52777,g_303
52777,g_878
52777,g_3135
52777,g_6723
52791,g_27
52791,g_79
52791,g_10215
52791,g_10226
52797,g_28
52797,g_34
52797,g_163
52921,g_53
52921,g_79
52921,g_80
53033,g_18
53033,g_353
53033,g_1116
53033,g_1165
53033,g_1167
53033,g_3148
53033,g_3165
53042,g_18
53042,g_33
53095,g_18
53095,g_35
53228,g_99
53228,g_1122
53239,g_18
53239,g_34
53239,g_69
53239,g_219
53239,g_329
53239,g_656
53239,g_807
53239,g_864
53239,g_866
53239,g_1051
53239,g_1137
53239,g_1152
53239,g_1205
53239,g_6033
53239,g_7402
53239,g_10067
53239,g_10216
53239,g_10217
53239,g_10219
53239,g_10221
53239,g_10223
53239,g_10224
53526,g_18
53526,g_10223
53602,g_33
53667,g_79
53689,g_28
53689,g_34
53689,g_35
53689,g_79
53689,g_7931
53697,g_53
53705,g_28
53705,g_53
53705,g_79
53705,g_80
53705,g_3165
53705,g_10215
53782,g_18
53782,g_33
53782,g_707
53782,g_1116
53782,g_3145
53782,g_3165
53782,g_10219
53782,g_10223
53785,g_18
53785,g_35
53785,g_1116
53785,g_3165
53785,g_10213
53785,g_10217
53785,g_10223
53805,g_18
53805,g_73
53841,g_28
53841,g_878
53960,g_53
53960,g_10215
54070,g_18
54070,g_22
54070,g_35
54187,g_33
54187,g_10221
54301,g_14
54301,g_18
54301,g_35
54301,g_3166
54321,g_18
54589,g_27
54589,g_867
54589,g_2916
54589,g_10215
54589,g_10220
54625,g_51
54625,g_79
54798,g_18
54798,g_28
54798,g_10215
54798,g_10223
54951,g_18
54951,g_80
55004,g_18
55004,g_35
55004,g_80
55068,g_53
55157,g_27
55196,g_31
55196,g_114
55196,g_122
55202,g_18
55202,g_80
55202,g_3165
55202,g_10221
55202,g_10223
55207,g_18
55207,g_36
55207,g_10213
55207,g_10223
55326,g_27
55326,g_53
55326,g_141
55326,g_10215
55326,g_10226
55336,g_14
55336,g_18
55336,g_122
55489,g_34
55489,g_219
55489,g_878
55528,g_12
55661,g_44
55661,g_865
55661,g_14726
55980,g_28
55980,g_35
55980,g_81
55980,g_10215
55980,g_10216
56043,g_12
56043,g_28
56043,g_34
56043,g_35
56046,g_18
56046,g_37
56046,g_301
56046,g_1116
56046,g_3138
56046,g_3148
56046,g_3165
56046,g_14726
56052,g_12
56052,g_14
56052,g_28
56052,g_863
56052,g_878
56052,g_2891
56052,g_10215
56052,g_10228
56069,g_34
56069,g_35
56069,g_193
56069,g_878
56069,g_2774
56099,g_18
56099,g_2916
56099,g_3110
56205,g_130
56205,g_10221
56205,g_10224
56205,g_10225
56328,g_196
56328,g_869
56328,g_6522
56363,g_28
56363,g_1167
56363,g_10215
56363,g_10225
56561,g_18
56561,g_3163
56561,g_10223
56561,g_10227
56776,g_33
56776,g_50
56776,g_80
56776,g_141
56776,g_1109
56776,g_10215
56776,g_10219
56776,g_10223
56776,g_10225
56809,g_53
56809,g_10215
56823,g_99
56823,g_10216
56838,g_301
56838,g_1125
56838,g_10282
56838,g_14726
56970,g_39
56970,g_7407
56970,g_10220
56970,g_10225
57029,g_18
57029,g_53
57029,g_301
57029,g_3137
57029,g_10282
57029,g_14726
57281,g_28
57281,g_36
57281,g_10215
57281,g_10223
57333,g_71
57333,g_10223
57333,g_10225
57383,g_27
57383,g_86
57383,g_10215
57411,g_13
57411,g_14
57411,g_71
57412,g_18
57412,g_28
57412,g_53
57412,g_655
57412,g_861
57412,g_864
57412,g_1045
57412,g_1047
57412,g_1109
57412,g_1134
57412,g_1163
57412,g_1167
57412,g_2579
57412,g_2738
57412,g_10215
57412,g_10223
57412,g_10225
57412,g_14452
57412,g_14666
57413,g_33
57413,g_301
57413,g_14726
57429,g_18
57429,g_27
57429,g_873
57429,g_874
57429,g_1112
57467,g_34
57511,g_99
57511,g_10216
57511,g_10224
57668,g_17
57668,g_18
57668,g_53
57668,g_71
57668,g_127
57668,g_141
57668,g_209
57668,g_865
57668,g_1108
57668,g_3167
57855,g_28
57855,g_33
57855,g_34
57855,g_35
57855,g_130
57855,g_2730
57869,g_28
57869,g_34
57869,g_2730
57936,g_18
57936,g_3158
58107,g_33
58107,g_3135
58107,g_14726
58232,g_18
58232,g_10221
58232,g_10223
58541,g_33
58607,g_28
58607,g_35
58607,g_80
58607,g_130
58607,g_2738
58607,g_3163
58607,g_10216
58607,g_10221
58607,g_10223
58616,g_18
58616,g_301
58616,g_14726
58705,g_136
58705,g_864
58705,g_10214
58860,g_130
58860,g_3165
58860,g_10219
58860,g_10221
58860,g_10223
58874,g_27
58874,g_10214
58874,g_10226
58874,g_10227
58976,g_28
58976,g_10215
58976,g_10223
58976,g_10225
59014,g_19
59014,g_33
59014,g_6033
59014,g_10219
59014,g_10221
59053,g_18
59053,g_35
59091,g_18
59140,g_14452
59279,g_122
59279,g_878
59279,g_1125
59279,g_10216
59279,g_10217
59279,g_10221
59279,g_10228
59306,g_35
59306,g_10216
59306,g_10218
59306,g_10220
59484,g_17
59484,g_878
59484,g_1116
59484,g_3148
59484,g_3165
59484,g_6033
59584,g_99
59615,g_18
59615,g_53
59615,g_80
59615,g_2737
59615,g_10215
59682,g_18
59682,g_53
59682,g_3165
59682,g_6033
59682,g_10282
59682,g_14726
59736,g_81
59745,g_81
59873,g_3148
59873,g_7407
59873,g_19454
59938,g_2890
59938,g_10221
59958,g_99
60056,g_18
60056,g_193
60056,g_301
60316,g_14
60316,g_18
60316,g_35
60316,g_14726
60344,g_35
60595,g_17
60595,g_22
60595,g_72
60595,g_1116
60595,g_3165
60764,g_18
60936,g_18
60936,g_73
60936,g_10219
60936,g_10221
60936,g_10223
60963,g_18
60963,g_28
60963,g_82
60963,g_2926
60963,g_10215
60963,g_10223
60965,g_12
60965,g_18
60965,g_28
60965,g_82
60965,g_2926
60965,g_10215
60965,g_10223
60998,g_35
60998,g_1119
60998,g_10216
61072,g_18
61072,g_1152
61072,g_10223
61072,g_10224
61117,g_27
61117,g_79
61117,g_1119
61117,g_6033
61117,g_10215
61117,g_10226
61202,g_1109
61202,g_1119
61202,g_1479
61403,g_28
61403,g_818
61403,g_10464
61438,g_18
61438,g_301
61438,g_3165
61438,g_14726
61482,g_18
61482,g_27
61482,g_301
61482,g_14726
61541,g_18
61662,g_69
61755,g_16
61755,g_1122
61756,g_16
61756,g_1122
62224,g_34
62224,g_878
62390,g_18
62390,g_27
62404,g_18
62404,g_33
62404,g_36
62404,g_50
62404,g_54
62404,g_71
62404,g_130
62404,g_301
62404,g_329
62404,g_818
62404,g_865
62404,g_1109
62404,g_1140
62404,g_1165
62404,g_1167
62404,g_3165
62404,g_10282
62466,g_27
62466,g_3082
62475,g_18
62475,g_10223
62475,g_10228
62524,g_14
62524,g_17
62524,g_18
62524,g_50
62524,g_71
62524,g_127
62524,g_301
62524,g_329
62524,g_865
62524,g_1024
62524,g_1033
62524,g_1109
62524,g_1137
62524,g_1165
62524,g_1167
62524,g_3165
62524,g_6352
62524,g_10282
62664,g_18
62664,g_35
62976,g_33
62976,g_873
62976,g_6033
62976,g_10225
62976,g_14726
63094,g_18
63094,g_3163
63094,g_3165
63094,g_10223
63249,g_18
63249,g_3163
63249,g_10223
63258,g_18
63258,g_52
63258,g_79
63258,g_14726
63430,g_80
63430,g_144
63430,g_10215
63479,g_18
63628,g_53
63628,g_6033
63724,g_18
63724,g_10223
63820,g_12
63820,g_33
63820,g_50
63820,g_126
63820,g_864
63820,g_865
63820,g_1024
63820,g_1109
63820,g_1165
63820,g_10214
63820,g_10215
63820,g_10216
63820,g_10217
63820,g_10218
63820,g_10219
63820,g_10223
63820,g_10282
63841,g_18
63841,g_31
63841,g_32
63841,g_1112
63841,g_14727
63962,g_18
63962,g_35
64069,g_18
64069,g_31
64069,g_6033
64069,g_14726
64069,g_17580
64080,g_16304
64153,g_15038
64198,g_12
64198,g_18
64198,g_69
64198,g_87
64198,g_303
64198,g_353
64198,g_818
64198,g_1078
64198,g_1112
64198,g_1113
64198,g_10214
64198,g_10215
64198,g_10221
64198,g_10223
64198,g_10225
64198,g_10227
64198,g_10228
64280,g_17126
64331,g_69
64352,g_18
64352,g_10214
64397,g_27
64397,g_53
64448,g_18
64448,g_117
64448,g_197
64448,g_303
64448,g_353
64448,g_1071
64448,g_1122
64529,g_33
64529,g_126
64546,g_18
64546,g_15588
64549,g_18
64549,g_1112
64562,g_27
64562,g_53
64562,g_79
64562,g_10214
64562,g_10215
64562,g_10225
64562,g_10226
64562,g_10227
64584,g_170
64584,g_3004
64584,g_15038
64680,g_18
64680,g_31
64680,g_210
64680,g_15588
64836,g_33
64902,g_53
64957,g_71
64957,g_92
64957,g_301
64957,g_1116
64957,g_1167
64957,g_3148
64957,g_3165
64957,g_6033
65110,g_18
65143,g_18
65143,g_301
65143,g_14726
65302,g_27
65642,g_35
65642,g_1115
65861,g_18
65861,g_5702
65861,g_10219
65861,g_10228
65872,g_34
65872,g_1122
65900,g_126
65932,g_12
65932,g_28
65932,g_878
65942,g_36
65942,g_209
65942,g_2890
65974,g_12
65974,g_14
65974,g_18385
66039,g_18
66039,g_1163
66039,g_1167
66039,g_3165
66039,g_6033
66039,g_14726
66042,g_16
66042,g_35
66206,g_18
66206,g_130
66206,g_301
66206,g_1165
66206,g_1167
66206,g_3165
66206,g_14726
66266,g_99
66312,g_18
66312,g_1163
66312,g_1167
66312,g_14726
66439,g_18
66439,g_301
66439,g_1163
66439,g_1167
66439,g_3165
66439,g_6033
66439,g_14726
66439,g_15588
66593,g_18
66593,g_301
66593,g_1165
66593,g_1167
66593,g_3165
66593,g_9595
66593,g_14726
66723,g_99
66723,g_2890
67004,g_16
67004,g_303
67004,g_354
67004,g_1113
67004,g_1122
67006,g_16
67006,g_303
67006,g_1113
67006,g_1122
67064,g_34
67064,g_79
67064,g_1122
67064,g_2774
67064,g_3166
67152,g_18
67152,g_69
67162,g_18
67162,g_209
67162,g_301
67162,g_303
67162,g_1164
67162,g_1167
67162,g_3165
67162,g_14726
67248,g_196
67248,g_303
67248,g_354
67248,g_1113
67248,g_1122
67248,g_1165
67248,g_1167
67248,g_14726
67793,g_14
67793,g_878
67904,g_18
67913,g_17
67913,g_31
67913,g_32
67913,g_36
67913,g_209
67913,g_210
67913,g_939
67913,g_1109
67913,g_3167
67999,g_99
68000,g_18
68114,g_79
68114,g_3163
68400,g_28
68400,g_80
68400,g_2738
68400,g_10215
68432,g_35
68474,g_34
68593,g_18
68593,g_35
68593,g_3165
68647,g_18
68647,g_3165
68647,g_6033
68900,g_18
68900,g_3163
68900,g_3165
68913,g_27
68913,g_10215
68913,g_10226
69227,g_14
69227,g_18
69227,g_1116
69227,g_3165
69236,g_53
69236,g_3163
69236,g_3167
69236,g_10215
69320,g_18
69320,g_18606
69359,g_16
69359,g_35
69359,g_10105
69359,g_10215
69359,g_10216
69359,g_10217
69359,g_10226
69520,g_16
69520,g_869
69531,g_12
69531,g_28
69531,g_878
69616,g_18
69616,g_2889
69621,g_82
69749,g_18
70225,g_18
70309,g_18
70502,g_18
70504,g_18
70504,g_1116
70504,g_3165
70504,g_10221
70504,g_10224
70504,g_10227
70504,g_10228
70505,g_18
70505,g_28
70505,g_36
70505,g_53
70505,g_80
70505,g_10214
70505,g_10215
70505,g_10225
70548,g_18
70548,g_53
70548,g_79
70548,g_10215
70548,g_10226
70841,g_18
70841,g_126
71270,g_18
71270,g_19
71270,g_126
71270,g_10214
71270,g_10216
71270,g_10219
71624,g_14
71624,g_34
71624,g_8497
72070,g_27
72070,g_3082
72086,g_54
72086,g_71
72086,g_3163
72329,g_22
72329,g_35
72329,g_14452
72466,g_18
73405,g_71
73446,g_18
75035,g_130
75035,g_873
75035,g_15588
75059,g_2890
75059,g_3167
75378,g_12
75378,g_16
75378,g_2759
75380,g_54
75453,g_18
75453,g_31
75453,g_302
75726,g_53
75827,g_16
75827,g_18
75985,g_53
75985,g_80
75988,g_28
75988,g_80
75991,g_18
75996,g_18
76626,g_13
76626,g_14
76626,g_33
76626,g_2759
76900,g_53
76900,g_80
77376,g_18
77376,g_37
77774,g_18
77801,g_18
77835,g_71
77836,g_18
77836,g_31
78696,g_18
78696,g_53
79015,g_54
79015,g_71
79146,g_18
79673,g_71
79712,g_18
79712,g_33
79712,g_35
79964,g_2890
79966,g_33
79966,g_80
80067,g_53
80067,g_80
80152,g_35
80289,g_18
80305,g_18
80306,g_127
80306,g_10105
80308,g_18
80308,g_53
80308,g_56
80308,g_1119
80311,g_18606
80781,g_18
80781,g_35
80856,g_134
80856,g_209
80858,g_53
81238,g_12
81238,g_17
81238,g_35
81238,g_197
81288,g_18
81390,g_12
81390,g_35
81409,g_18
81593,g_18
81593,g_10225
82170,g_18
82170,g_33
82190,g_18
82190,g_31
82197,g_99
82203,g_16
82203,g_18
82218,g_79
82218,g_141
82248,g_18
82248,g_33
82248,g_35
82483,g_18
82609,g_12
82609,g_14
82609,g_17
82731,g_16
82731,g_35
82731,g_3166
82899,g_18
82899,g_33
82945,g_18
82945,g_71
82952,g_28
82952,g_53
83078,g_18
83362,g_18
83362,g_53
83362,g_80
83362,g_3167
83387,g_18
83387,g_80
83387,g_644
83659,g_15
83659,g_35
83732,g_18
83732,g_818
83828,g_18
83847,g_35
84362,g_18
84371,g_18
84371,g_36
84371,g_80
84375,g_71
84444,g_18
84444,g_80
84614,g_53
84614,g_56
84614,g_80
84662,g_18
84665,g_18
84674,g_33
84674,g_35
84674,g_1119
84675,g_18
84675,g_80
84842,g_18
84847,g_18
84921,g_18
84921,g_34
84989,g_1125
84989,g_17126
85074,g_18
85074,g_80
85074,g_3166
85089,g_18
85089,g_33
85093,g_14
85093,g_18
85093,g_27
85166,g_35
85166,g_69
85170,g_43
85170,g_52
85170,g_53
85170,g_878
85244,g_12
85244,g_18
85244,g_27
85281,g_33
85281,g_53
85281,g_136
85283,g_14
85283,g_18
85651,g_18
85651,g_35
85675,g_18
85675,g_31
85777,g_18
85777,g_28
85777,g_80
85814,g_12
85814,g_16
85814,g_35
85887,g_18
85887,g_33
85887,g_3138
86043,g_18
86045,g_18
86045,g_122
86148,g_35
86148,g_866
86258,g_18
86263,g_18
86263,g_22
86263,g_35
86264,g_18
86264,g_33
86293,g_27
86293,g_53
86409,g_18
86560,g_18
86560,g_31
86735,g_12
86735,g_28
86735,g_148
86756,g_18
87061,g_18
87061,g_53
87061,g_2579
87061,g_2738
87559,g_53
87559,g_3167
87638,g_35
87638,g_878
87763,g_16
87763,g_18
87944,g_28
87944,g_3167
87981,g_18
88000,g_33
88000,g_141
88268,g_15
88268,g_869
88579,g_28
88579,g_35
88579,g_81
88752,g_122
88771,g_18
88771,g_33
88771,g_3167
88866,g_18
88964,g_81
88964,g_874
88964,g_2926
88990,g_18
88990,g_35
89180,g_18
89180,g_33
89180,g_3145
89239,g_18
89248,g_18
89248,g_36
89248,g_73
89621,g_18
89621,g_79
89748,g_28
89748,g_53
89836,g_18
89841,g_12
89841,g_14
89983,g_12
89983,g_866
89983,g_3167
90193,g_14
90193,g_27
90193,g_16304
90535,g_18
91008,g_191
91252,g_13
91451,g_13
91468,g_18
91481,g_33
91481,g_35
91855,g_35
92116,g_12
92153,g_39
92222,g_12
92222,g_28
92325,g_18
92461,g_28
92461,g_36
92461,g_82
92477,g_81
92493,g_12
92493,g_18
92493,g_3165
92503,g_35
92616,g_18
92616,g_53
92913,g_18
92917,g_18
92917,g_35
92918,g_18
92956,g_36
92956,g_53
92957,g_18
92984,g_18
92984,g_36
93016,g_18
93016,g_80
93102,g_28
93102,g_209
93102,g_818
93156,g_18
93202,g_14
93202,g_27
93212,g_80
93239,g_18
93328,g_18
93328,g_33
93473,g_18
93523,g_35
93523,g_18385
93581,g_31
93618,g_18
93712,g_28
93712,g_154
93712,g_874
93712,g_878
93712,g_1205
94725,g_18
95098,g_17126
95503,g_35
95642,g_18
95642,g_43
95642,g_53
95741,g_18
95750,g_14
95750,g_16
95841,g_79
96120,g_14
96742,g_35
96742,g_126
96886,g_53
96954,g_18
97415,g_28
97415,g_3166
97415,g_18385
97646,g_18
98180,g_99
98474,g_71
99208,g_14
99208,g_16
99208,g_18
99294,g_12
99294,g_27
99297,g_161
99340,g_12
99340,g_53
99340,g_3167
99547,g_31
99616,g_126
99627,g_28
99627,g_31
99627,g_878
99627,g_2579
99675,g_2890
99675,g_10107
100220,g_18
100220,g_28
100220,g_51
100220,g_54
100220,g_878
101152,g_28
101152,g_164
101153,g_22
101153,g_115
101153,g_3115
102721,g_12
102721,g_2890
102853,g_13
102853,g_3167
102936,g_18
102936,g_79
102936,g_219
102936,g_302
102936,g_303
102936,g_353
102936,g_1113
102936,g_1122
102936,g_2370
102936,g_10215
102936,g_10221
102936,g_10225
102936,g_10227
103265,g_18
103265,g_644
103306,g_12
103306,g_14
103306,g_28
103306,g_34
103307,g_18
103307,g_35
103314,g_18
103543,g_18
103543,g_35
103590,g_43
103590,g_878
103613,g_53
103613,g_56
103668,g_14
103668,g_33
103668,g_34
103668,g_69
103668,g_866
104127,g_35
104411,g_80
104540,g_27
104917,g_14
104917,g_35
105439,g_18
105629,g_18
105629,g_878
105786,g_18
105912,g_18
106019,g_18
106019,g_35
106092,g_18
106092,g_80
106114,g_2932
106429,g_28
106429,g_35
106755,g_35
106755,g_99
106755,g_114
106755,g_878
106755,g_3115
106755,g_3167
106844,g_28
106892,g_27
106892,g_87
106892,g_301
106892,g_3165
106981,g_71
106981,g_122
106983,g_18
107099,g_18
107099,g_35
107668,g_18
107797,g_18
107797,g_33
107829,g_12
107829,g_28
107829,g_85
107829,g_878
107842,g_35
107848,g_18
107848,g_36
108099,g_15
108099,g_35
108099,g_2891
108224,g_79
108224,g_80
108313,g_18
108313,g_53
108313,g_80
108942,g_79
109121,g_27
109121,g_79
109121,g_141
109199,g_33
109297,g_18
109462,g_35
110092,g_71
110092,g_3167
110214,g_16
110214,g_35
110214,g_1122
110627,g_18
110646,g_18
110654,g_2890
110900,g_252
111226,g_147
111429,g_18
111429,g_34
111462,g_17126
111524,g_2890
111525,g_2370
111708,g_35
111723,g_53
111936,g_12
112072,g_80
112736,g_53
112736,g_80
112736,g_1188
112740,g_18
112775,g_53
112895,g_1141
112895,g_10067
113184,g_18
113184,g_43
113184,g_103
113192,g_3084
113618,g_18
113618,g_69
113665,g_18
113736,g_18
113803,g_28
113803,g_878
113833,g_18
113833,g_36
113840,g_18
113840,g_35
114018,g_2932
115248,g_99
115248,g_14453
115253,g_18
115253,g_69
115846,g_18
116034,g_18
116484,g_17
116484,g_85
116484,g_866
116484,g_869
116484,g_871
116484,g_874
116484,g_3167
116484,g_7931
116484,g_18322
116607,g_71
116607,g_2738
117105,g_80
117119,g_18
117119,g_3167
117239,g_12
117239,g_17
117239,g_864
117239,g_865
117239,g_1113
117704,g_13
117707,g_18
117797,g_35
117949,g_37
117949,g_3167
117959,g_2890
118270,g_28
118270,g_2932
118385,g_80
118697,g_18
118986,g_18
118986,g_53
120056,g_44
120056,g_71
120056,g_122
120056,g_10281
120056,g_15588
120070,g_18
120070,g_3167
120822,g_33
120858,g_17
120858,g_27
120858,g_53
120858,g_104
120858,g_303
120858,g_866
120858,g_1122
120858,g_4221
120858,g_7221
120880,g_79
120880,g_104
120880,g_303
120880,g_866
120880,g_1122
120880,g_4221
120880,g_7221
120880,g_18322
120983,g_12
120983,g_18
121051,g_18
121251,g_12
121251,g_51
121251,g_8497
121377,g_12
121377,g_16
126587,g_34
127568,g_12
127568,g_14
127568,g_15
129066,g_14
129066,g_35
129066,g_196
130067,g_10464
130067,g_16304
130163,g_18
130163,g_33
130296,g_35
130296,g_114
130495,g_28
130495,g_35
131907,g_33
131907,g_80
133614,g_34
134055,g_2890
134872,g_28
134872,g_34
135057,g_35
135896,g_18
135896,g_22
135896,g_1122
136281,g_35
137025,g_35
137035,g_99
137643,g_34
137980,g_18
137980,g_56
137983,g_18
138217,g_18
138217,g_80
138316,g_18
138316,g_79
138316,g_7221
138320,g_18
138320,g_51
138320,g_79
138320,g_133
138320,g_7221
139017,g_18
139017,g_1122
139377,g_99
139390,g_35
140109,g_2738
140118,g_99
140534,g_28
141453,g_12
141453,g_28
141895,g_53
141895,g_80
142921,g_18
143777,g_136
143777,g_18385
145284,g_27
145284,g_3166
145625,g_18
145625,g_3167
145974,g_18
146202,g_18
146244,g_18
146244,g_31
146315,g_99
146354,g_18
146621,g_34
146656,g_18
147141,g_27
147141,g_53
147891,g_18
148623,g_34
148917,g_69
148969,g_85
148969,g_164
149578,g_53
149578,g_80
150143,g_18
150402,g_79
150445,g_27
150445,g_165
150445,g_166
150445,g_168
150445,g_209
150445,g_867
150445,g_3083
150491,g_27
150491,g_2579
150553,g_122
150801,g_18
150801,g_33
150850,g_27
150850,g_28
151041,g_18
151041,g_36
151045,g_18
151045,g_16304
151051,g_2932
151052,g_18
151052,g_136
151230,g_28
151230,g_878
151949,g_27
151949,g_53
151968,g_12
152167,g_33
152167,g_10107
152464,g_22
152464,g_353
152464,g_6366
152464,g_9527
152464,g_14452
152534,g_22
152534,g_302
152534,g_353
152534,g_6366
152534,g_9527
152534,g_14452
152776,g_18
152906,g_18
152906,g_1188
152906,g_1210
152926,g_18
152926,g_53
152993,g_36
152993,g_7221
154494,g_80
154494,g_3167
154618,g_18
155382,g_18
155480,g_2926
155493,g_53
156770,g_79
158357,g_22
158357,g_302
158357,g_353
158357,g_3898
158357,g_6366
158357,g_9527
158357,g_14452
158357,g_14453
161225,g_18
161225,g_1115
161226,g_17
161226,g_71
161226,g_127
161226,g_1122
161226,g_1123
161570,g_126
161687,g_18
163282,g_35
163437,g_18
163559,g_16
163559,g_18
163559,g_1122
163939,g_130
163966,g_18
164038,g_31
164062,g_18
165957,g_18
166291,g_18
166890,g_36
167058,g_18
169888,g_34
169986,g_122
170416,g_35
171093,g_53
171133,g_241
171443,g_18
171443,g_31
171462,g_53
172403,g_18
172536,g_35
173228,g_35
173240,g_53
173240,g_80
174056,g_53
174056,g_56
174257,g_53
174326,g_18
174326,g_27
174506,g_122
174529,g_33
175285,g_18
175285,g_36
175335,g_19
175335,g_35
175347,g_18
175407,g_12
175407,g_33
175955,g_18
176082,g_53
176349,g_18
176409,g_28
176409,g_53
176568,g_27
176731,g_18
176911,g_27
176911,g_3167
176987,g_18
177137,g_28
177410,g_18
177410,g_80
177626,g_53
177626,g_3167
178283,g_80
178290,g_53
178290,g_878
178456,g_27
178456,g_168
178456,g_7141
178760,g_35
178798,g_28
178798,g_53
179120,g_35
179284,g_18
179435,g_122
179688,g_12
179688,g_15
180228,g_27
180229,g_34
180926,g_34
181005,g_18
181016,g_18
181018,g_35
181032,g_35
181036,g_18
181061,g_36
181067,g_18
181067,g_80
181130,g_53
181133,g_35
181279,g_18
181293,g_99
181303,g_35
181303,g_164
181486,g_27
181861,g_122
181881,g_251
181946,g_80
182037,g_18
182154,g_18
183269,g_35
184360,g_79
185099,g_18
185099,g_36
185133,g_53
185133,g_80
185188,g_3167
185188,g_14453
185190,g_18
185199,g_35
185199,g_14740
185282,g_18
185381,g_33
185501,g_122
185509,g_35
185732,g_18
185732,g_27
185732,g_79
185821,g_80
186536,g_18
186536,g_209
187130,g_18
187566,g_35
187689,g_2890
187935,g_18
187954,g_18
188011,g_18
188011,g_1116
188070,g_14
188070,g_28
188070,g_71
188070,g_85
188387,g_28
188387,g_3167
188424,g_18
188434,g_18
188435,g_18
188530,g_196
188601,g_18
188779,g_18
188779,g_36
189016,g_18
189449,g_53
189449,g_80
189493,g_28
189502,g_18
189637,g_53
190199,g_99
190241,g_18
190241,g_1122
190248,g_16
190248,g_1122
190289,g_18
190368,g_12
190368,g_37
190370,g_18
190386,g_35
190386,g_1122
190398,g_28
190398,g_35
190573,g_53
190895,g_35
190895,g_197
190895,g_1122
190986,g_80
283,g_878
1756,g_869
2519,g_34
3018,g_196
4072,g_878
4074,g_878
9309,g_37
10554,g_1479
13625,g_10216
15139,g_16
22022,g_878
22023,g_878
22024,g_878
22025,g_878
22026,g_878
25055,g_80
25827,g_27
25884,g_206
28423,g_36
29526,g_34
33314,g_35
33356,g_35
33462,g_18
33484,g_34
34680,g_10215
34776,g_34
34945,g_80
35057,g_34
36346,g_34
38528,g_34
42699,g_35
44582,g_13544
46631,g_878
52331,g_34
52334,g_34
52365,g_34
52414,g_34
54275,g_28
55653,g_34
55945,g_34
56159,g_6033
56411,g_34
56589,g_35
57448,g_27
58333,g_196
60679,g_80
63097,g_34
63830,g_2890
66795,g_80
67895,g_34
72680,g_80
73117,g_34
75917,g_13544
77359,g_34
78075,g_99
86737,g_80
87067,g_35
87803,g_80
88677,g_14
90043,g_18
90204,g_80
90700,g_80
92414,g_34
92527,g_80
93641,g_80
94237,g_71
95086,g_80
95277,g_13544
95443,g_80
96526,g_18
96697,g_80
97442,g_80
97800,g_80
98417,g_80
99669,g_1141
100235,g_18
101079,g_18
101264,g_80
101493,g_251
103196,g_10105
105758,g_2891
106395,g_80
106483,g_35
106779,g_80
108583,g_99
109266,g_92
109307,g_18
109710,g_10105
109858,g_80
111587,g_80
111941,g_18
114064,g_80
115863,g_99
116035,g_12
116445,g_35
118089,g_80
118156,g_18
118445,g_17126
119295,g_80
123140,g_208
127247,g_18
129772,g_878
132787,g_35
133842,g_69
134774,g_13544
135104,g_18
135361,g_208
136809,g_80
138448,g_34
140123,g_35
140521,g_80
142513,g_80
142539,g_196
142657,g_13544
143427,g_80
146172,g_35
146385,g_35
147427,g_99
147852,g_208
150960,g_3113
152246,g_18
158502,g_80
164084,g_99
166659,g_18
166667,g_18606
171946,g_22
173054,g_208
175408,g_16
176727,g_99
180512,g_80
180536,g_34
180565,g_34
180828,g_18
181158,g_50
183271,g_28
186011,g_13544
187706,g_34
188581,g_18606
189353,g_15
1708,g_11
1708,g_878
2733,g_50
2733,g_196
5131,g_133
5131,g_3167
5134,g_133
5134,g_3167
5135,g_133
5135,g_3167
5136,g_133
5136,g_3167
6234,g_196
6240,g_196
6247,g_196
6259,g_196
6260,g_196
6263,g_196
6449,g_196
6452,g_196
6648,g_196
6649,g_196
6651,g_196
6666,g_196
6669,g_196
6674,g_196
6676,g_196
6686,g_196
6823,g_10105
6823,g_13544
6840,g_10105
6840,g_13544
6857,g_196
6859,g_196
6866,g_196
7264,g_196
7322,g_196
7330,g_196
7470,g_196
7472,g_196
7489,g_196
7526,g_196
7546,g_196
7573,g_196
7579,g_196
7582,g_196
7605,g_196
7618,g_196
7663,g_196
7676,g_196
7706,g_196
7758,g_196
7724,g_196
7730,g_196
7731,g_196
7744,g_196
7762,g_196
7764,g_196
7768,g_196
7776,g_196
8586,g_99
8907,g_1122
8925,g_99
8930,g_99
8979,g_49
8979,g_2915
11735,g_18
12188,g_208
12431,g_34
12997,g_10105
12997,g_13544
12998,g_10105
12998,g_13544
13000,g_10105
13000,g_13544
13005,g_10105
13005,g_13544
13017,g_10105
13017,g_13544
13018,g_10105
13018,g_13544
13021,g_10105
13021,g_13544
13022,g_10105
13022,g_13544
13024,g_10105
13024,g_13544
13027,g_10105
13027,g_13544
13051,g_10105
13051,g_13544
13052,g_10105
13052,g_13544
13063,g_10105
13063,g_13544
13065,g_10105
13065,g_13544
13085,g_10105
13085,g_13544
13096,g_10105
13096,g_13544
13099,g_10105
13099,g_13544
13547,g_99
13549,g_99
13854,g_196
13862,g_196
14033,g_878
14668,g_99
14762,g_99
14905,g_10105
14905,g_13544
14916,g_10105
14916,g_13544
14953,g_10105
14953,g_13544
14954,g_10105
14954,g_13544
15066,g_10105
15066,g_13544
15099,g_10105
15099,g_13544
15203,g_10105
15203,g_13544
15216,g_10105
15216,g_13544
15423,g_10105
15423,g_13544
15431,g_10105
15431,g_13544
15453,g_3167
15787,g_34
17629,g_18
17629,g_53
20011,g_99
20322,g_18
20322,g_3167
21427,g_80
21924,g_99
21928,g_99
23237,g_99
23319,g_18
23319,g_3167
24911,g_2890
24956,g_80
26137,g_99
27352,g_99
28917,g_18
28917,g_71
29879,g_126
29895,g_16
30619,g_80
32125,g_34
32125,g_3167
33061,g_3113
33061,g_10215
33450,g_28
33450,g_251
33482,g_18
33482,g_878
34190,g_196
34190,g_2891
34460,g_15
34460,g_10216
34667,g_34
34667,g_10215
34674,g_10216
34674,g_15520
34775,g_34
34775,g_10215
35213,g_196
36979,g_79
38495,g_16
38753,g_18
38753,g_80
39195,g_80
39195,g_10215
39284,g_28
39284,g_10215
39316,g_34
39316,g_10215
39336,g_206
39368,g_3113
39368,g_10215
39754,g_196
39759,g_196
39871,g_16
41125,g_16
41125,g_10217
41186,g_99
41186,g_10223
41209,g_10217
41209,g_15520
41367,g_13
41367,g_2741
41618,g_99
42379,g_16
42652,g_34
43092,g_2717
43092,g_10215
43119,g_80
43119,g_10215
43367,g_34
43367,g_10215
43700,g_17
43700,g_10217
44552,g_202
44880,g_152
46908,g_1122
46910,g_1122
46911,g_1122
46913,g_1122
46916,g_99
47204,g_101
47810,g_14
49049,g_196
49099,g_206
49580,g_16
49581,g_16
49933,g_99
50047,g_99
50429,g_99
50511,g_18
50524,g_196
50579,g_99
51033,g_99
51659,g_99
51703,g_99
51946,g_18
51946,g_34
52087,g_34
52156,g_99
52206,g_99
52426,g_34
52426,g_8497
53086,g_3118
53485,g_99
53843,g_99
53867,g_99
54055,g_99
54855,g_99
54953,g_99
55104,g_99
55104,g_208
55184,g_99
55618,g_34
55618,g_144
55631,g_196
55636,g_196
55640,g_196
55641,g_196
55642,g_196
55969,g_99
56237,g_80
57128,g_99
57725,g_99
57786,g_34
57786,g_79
57833,g_28
57833,g_34
57836,g_34
57836,g_878
57839,g_34
57839,g_126
58552,g_14
58552,g_53
58770,g_15
58922,g_99
59317,g_99
59471,g_99
59581,g_34
59581,g_878
59605,g_202
59619,g_15678
59622,g_99
59643,g_202
59676,g_204
59693,g_15
59809,g_81
60057,g_196
60057,g_2891
60073,g_99
60164,g_99
60309,g_18
60309,g_34
60323,g_644
60323,g_2738
60417,g_99
61388,g_99
61503,g_99
61665,g_99
61676,g_99
62964,g_99
62966,g_99
63676,g_99
63838,g_1122
64186,g_19717
64831,g_99
64958,g_99
65328,g_28
65328,g_36
65966,g_99
66007,g_35
66007,g_10216
66307,g_99
66308,g_99
66728,g_99
66730,g_99
66735,g_99
66736,g_99
66887,g_99
67015,g_196
67016,g_196
67024,g_196
67026,g_196
67413,g_99
67634,g_99
67670,g_15
67670,g_14452
67877,g_71
67991,g_99
68182,g_99
68192,g_99
68454,g_196
68691,g_99
69311,g_99
69829,g_196
69831,g_196
69833,g_99
69890,g_99
69912,g_99
70014,g_99
70109,g_10105
70621,g_99
70878,g_99
71782,g_27
71891,g_27
72087,g_27
72531,g_1122
74074,g_18
74313,g_34
74959,g_196
75245,g_196
75250,g_196
75650,g_196
76629,g_99
79240,g_196
79243,g_196
79246,g_196
79302,g_18
79302,g_79
83843,g_99
84843,g_99
84955,g_15
85081,g_99
85410,g_99
85652,g_16
85808,g_99
85809,g_99
85958,g_99
86062,g_99
86304,g_196
86306,g_196
87045,g_99
87799,g_34
88367,g_18
88367,g_251
88372,g_80
88800,g_18
88800,g_28
90530,g_80
90747,g_99
91857,g_16
92081,g_196
92386,g_99
92416,g_34
92456,g_18
92456,g_36
92545,g_99
93242,g_16
93621,g_99
93869,g_99
93889,g_208
93954,g_99
94381,g_80
94381,g_17126
94704,g_99
95045,g_99
95095,g_80
96008,g_99
96909,g_16
97269,g_99
99342,g_99
99509,g_3114
99709,g_15
99803,g_34
99944,g_99
101988,g_99
102075,g_18
102075,g_80
102110,g_80
102114,g_53
103253,g_208
103253,g_1182
103561,g_80
103893,g_196
104264,g_196
104265,g_196
104589,g_10105
105264,g_18
105264,g_80
105471,g_196
106369,g_99
106455,g_99
107109,g_99
107448,g_34
108087,g_18
108087,g_80
108431,g_99
108435,g_99
108671,g_99
108694,g_99
108695,g_99
109252,g_99
109358,g_99
109472,g_106
109472,g_136
109996,g_34
110155,g_34
110678,g_99
110907,g_99
111219,g_99
111388,g_34
111434,g_208
111464,g_34
111661,g_34
111662,g_34
111663,g_34
111664,g_99
111671,g_34
111731,g_34
111766,g_99
111928,g_99
111953,g_18
111953,g_36
112061,g_34
112097,g_99
112132,g_34
112252,g_99
112357,g_34
112486,g_196
112492,g_34
112631,g_99
112660,g_99
112759,g_34
112791,g_34
113136,g_34
113324,g_99
113347,g_34
113385,g_34
113386,g_34
113690,g_34
113811,g_34
113836,g_18
114182,g_34
114250,g_34
114292,g_196
114625,g_99
114748,g_80
114748,g_3114
114971,g_99
115102,g_99
115436,g_99
115845,g_99
115862,g_99
115862,g_1122
116015,g_16
116068,g_34
116069,g_34
116070,g_34
116355,g_34
116762,g_34
116819,g_34
116983,g_34
117010,g_99
117162,g_34
117699,g_34
117853,g_99
117925,g_34
117948,g_34
117948,g_3167
118004,g_18
118004,g_80
118280,g_34
118478,g_99
119046,g_34
119463,g_15
119621,g_99
119903,g_34
120151,g_16
120378,g_34
120383,g_99
121219,g_34
122984,g_208
123397,g_34
123399,g_34
125097,g_34
126047,g_34
126048,g_34
126569,g_14
126569,g_18
126624,g_196
127075,g_99
127190,g_34
127301,g_28
127301,g_80
127903,g_99
128621,g_196
128821,g_34
129601,g_34
130351,g_196
130755,g_33
131724,g_34
134794,g_12
134794,g_196
135460,g_99
135684,g_99
135984,g_14453
136125,g_99
136126,g_99
136806,g_99
137000,g_99
137034,g_99
137074,g_99
137238,g_99
137327,g_99
138259,g_18
138259,g_53
138778,g_99
138976,g_208
139378,g_99
140662,g_99
140833,g_18
140833,g_53
141504,g_99
142312,g_99
142319,g_99
142347,g_99
142354,g_99
142727,g_99
143123,g_34
143441,g_99
143459,g_99
143597,g_99
143714,g_34
143714,g_138
143984,g_34
144447,g_196
144457,g_99
144488,g_18
144488,g_53
144745,g_79
144745,g_866
144783,g_99
145219,g_53
145219,g_80
145469,g_34
145578,g_34
145704,g_18
145704,g_80
146744,g_99
146774,g_35
146774,g_8708
147142,g_99
147155,g_34
147478,g_34
147800,g_34
148619,g_34
148664,g_99
148691,g_196
148695,g_15
148712,g_99
149214,g_15
149270,g_196
149275,g_99
149643,g_14453
150034,g_34
150397,g_99
150398,g_99
150414,g_99
150867,g_99
151015,g_99
151065,g_196
151402,g_99
151451,g_14453
152107,g_34
152166,g_14453
152779,g_196
153005,g_18
153005,g_36
153058,g_34
153484,g_15
153794,g_99
154620,g_34
155837,g_99
156166,g_99
156167,g_99
158752,g_99
160175,g_99
160539,g_35
160539,g_878
161349,g_99
163116,g_99
163468,g_196
163468,g_13544
163585,g_27
163586,g_27
163588,g_27
163589,g_157
163589,g_874
163643,g_99
163652,g_208
163752,g_34
167256,g_99
167306,g_34
167455,g_99
168069,g_34
168658,g_16
168658,g_196
168914,g_34
169023,g_16
172640,g_34
172664,g_99
173821,g_34
174198,g_15
174547,g_15
175342,g_99
175596,g_14453
175972,g_34
176191,g_99
176387,g_34
176391,g_34
176436,g_18
176436,g_71
176547,g_99
176726,g_99
176834,g_99
177451,g_99
178072,g_34
178284,g_208
178849,g_34
179283,g_99
179316,g_15
180347,g_34
180524,g_99
180876,g_99
181007,g_34
181023,g_196
181070,g_34
181116,g_34
181118,g_34
181143,g_99
181153,g_50
181153,g_8497
181243,g_99
181276,g_99
181379,g_15
181830,g_99
182027,g_50
182027,g_10107
182187,g_99
182553,g_15
185189,g_34
185294,g_34
185409,g_34
185410,g_34
186528,g_99
186537,g_99
186660,g_18
186660,g_878
186947,g_99
187146,g_99
187696,g_99
187699,g_34
187704,g_34
187934,g_34
187999,g_34
188140,g_196
188191,g_122
188262,g_34
188757,g_99
188995,g_34
189293,g_99
189563,g_99
189612,g_53
189612,g_80
190108,g_19717
190154,g_99
190156,g_99
190176,g_99
190178,g_99
190233,g_99
190267,g_99
91,g_101
91,g_204
125,g_202
125,g_1122
959,g_126
959,g_13544
969,g_35
969,g_3167
1260,g_16
1275,g_878
1275,g_10214
1275,g_10222
2647,g_28
2647,g_35
2867,g_2729
2867,g_3168
3923,g_99
3923,g_1122
6390,g_80
6390,g_3167
6390,g_10215
6490,g_17
6490,g_1125
6490,g_3167
6628,g_99
6628,g_209
6760,g_10105
6760,g_13544
6768,g_10105
6768,g_13544
6828,g_10105
6828,g_13544
6952,g_80
6952,g_1119
8158,g_35
8158,g_56
8158,g_878
8977,g_3118
8977,g_3159
9069,g_206
9069,g_3167
10334,g_35
10334,g_2730
10667,g_99
10793,g_99
12270,g_99
13201,g_249
13201,g_1125
13214,g_249
13214,g_1125
13236,g_249
13236,g_1125
13256,g_249
13256,g_1125
13270,g_249
13270,g_1125
13704,g_19644
13721,g_16
13721,g_869
14695,g_80
14695,g_1119
16363,g_15
16363,g_35
16441,g_80
16441,g_1119
17348,g_28
17348,g_34
19191,g_208
19191,g_10222
19372,g_3108
19707,g_354
19707,g_1122
21042,g_99
21042,g_10223
22864,g_35
22864,g_7221
22864,g_10216
22905,g_154
22905,g_163
22905,g_2891
24800,g_878
24800,g_3167
25051,g_22
25051,g_99
25901,g_22
25901,g_99
26723,g_99
28378,g_18
28378,g_80
28992,g_35
28992,g_1119
30286,g_14
30286,g_34
30286,g_8497
30760,g_878
30785,g_208
30785,g_1113
31297,g_99
31425,g_12
31425,g_16
32114,g_34
32114,g_878
32114,g_8497
32982,g_864
32982,g_3113
32982,g_3167
33540,g_196
33540,g_869
33540,g_10216
33703,g_99
33703,g_10222
33940,g_99
34165,g_251
34165,g_10215
34165,g_10216
34646,g_34
34646,g_218
34646,g_10215
34648,g_34
34648,g_10214
34648,g_10228
34809,g_99
34809,g_10221
35519,g_144
35519,g_251
35519,g_818
36365,g_80
36365,g_10214
36365,g_10215
36374,g_33
36374,g_10219
36374,g_10221
36413,g_12
36413,g_18
36413,g_10221
36548,g_99
36548,g_10221
36877,g_35
36877,g_10216
36877,g_10217
37587,g_196
37587,g_10216
37587,g_10217
37710,g_196
37710,g_10216
37710,g_10217
39921,g_104
39921,g_197
41145,g_10215
41145,g_10222
41145,g_15520
41163,g_22
41163,g_10217
41163,g_10221
41355,g_10215
41355,g_10216
41355,g_15520
41664,g_99
41664,g_2890
42025,g_18
42025,g_196
42130,g_12
42130,g_196
43087,g_80
43087,g_10215
43087,g_10216
43468,g_16
43468,g_869
43468,g_10217
44549,g_16
44549,g_1122
45291,g_18
45291,g_1122
45507,g_16
45507,g_7407
46658,g_99
46658,g_210
46886,g_99
46886,g_10222
46886,g_10223
47708,g_57
47708,g_114
47708,g_878
47842,g_16
47842,g_16304
48202,g_18
48202,g_5702
49155,g_99
49155,g_1122
49988,g_27
49988,g_34
49988,g_79
50187,g_3113
50187,g_10221
50187,g_10228
51010,g_2890
51044,g_14
51044,g_196
51089,g_16
51089,g_1122
51145,g_99
51145,g_1122
51229,g_18
51229,g_1122
51572,g_99
51871,g_27
51871,g_34
51871,g_79
52002,g_99
52002,g_3118
52043,g_27
52043,g_79
52043,g_3167
52169,g_16
52169,g_3166
52548,g_34
52548,g_15520
52989,g_16
52989,g_17
53174,g_1122
53824,g_27
53824,g_28
53824,g_34
53992,g_28
54565,g_18
54565,g_28
54565,g_34
54944,g_12
54944,g_16
56353,g_28
56353,g_53
56353,g_1108
57183,g_12
57183,g_18
57183,g_34
58483,g_34
58483,g_163
58483,g_8497
58676,g_99
59265,g_99
59265,g_206
59265,g_10107
59512,g_16
59512,g_196
59531,g_18
59531,g_53
59608,g_99
59608,g_1122
59613,g_202
59613,g_206
59641,g_99
59641,g_1122
59863,g_99
60074,g_16
60074,g_1122
60185,g_35
60185,g_14415
60246,g_16
60246,g_1122
61330,g_3118
61350,g_869
61350,g_15520
61481,g_28
61481,g_52
61481,g_154
61512,g_99
61513,g_99
61947,g_99
63365,g_53
63365,g_80
63365,g_10215
63505,g_35
63505,g_196
64398,g_16
64398,g_3004
65398,g_99
65825,g_16
65825,g_1122
65833,g_99
65833,g_10221
66084,g_18
66160,g_16
66160,g_35
66302,g_14695
66305,g_14695
66355,g_130
66765,g_18
66765,g_10107
66826,g_99
67707,g_2757
67707,g_15520
67772,g_191
67778,g_99
68140,g_22
68140,g_14740
68395,g_99
68395,g_3167
68860,g_196
68860,g_1122
69514,g_16
69514,g_18
69826,g_196
69826,g_1122
70125,g_2895
70125,g_15520
70136,g_16
70136,g_1122
70224,g_15
70224,g_35
70224,g_10107
70691,g_99
71398,g_16
71398,g_35
71783,g_53
71783,g_2916
71934,g_18
71934,g_99
72475,g_209
72475,g_7221
72475,g_14740
72584,g_35
72584,g_10216
72584,g_13544
75420,g_101
75420,g_3162
75994,g_18
75994,g_106
79954,g_14
79954,g_1122
81226,g_12
81226,g_16
81951,g_16
81951,g_35
81960,g_16
81960,g_3166
82134,g_99
82134,g_202
82487,g_16
82487,g_56
82750,g_16
82750,g_3166
82751,g_16
82751,g_3166
83389,g_16
83389,g_3166
83390,g_16
83390,g_3166
85103,g_15
85103,g_878
85122,g_35
85412,g_99
86147,g_34
86147,g_869
86272,g_208
86622,g_99
87722,g_16
87722,g_3166
87964,g_16
87964,g_3166
87986,g_16
87986,g_79
87988,g_22
87988,g_99
91063,g_80
91064,g_80
91396,g_15
91396,g_869
91702,g_12
91702,g_16
91755,g_12
91755,g_16
92152,g_16
92466,g_99
92466,g_17580
92657,g_16
92657,g_1122
92908,g_16
92908,g_1122
93223,g_99
93240,g_16
94406,g_16
94406,g_3166
94522,g_16
94522,g_869
94543,g_208
95540,g_16
95540,g_3166
96140,g_16
96140,g_18
96428,g_12
96428,g_16
97192,g_208
97947,g_16
97947,g_35
98496,g_18
98496,g_1122
98721,g_16
98721,g_869
98950,g_22
98950,g_99
100217,g_12
100217,g_18
100217,g_878
100221,g_12
100221,g_18
100221,g_7931
100404,g_80
101100,g_869
101100,g_15520
101824,g_15
101824,g_869
102375,g_14
102375,g_15
102653,g_15
102653,g_869
102705,g_196
102898,g_15
102898,g_1125
103312,g_18
103312,g_197
104068,g_16
104068,g_56
104582,g_14453
104909,g_99
104909,g_209
104909,g_3167
105708,g_69
105708,g_101
106447,g_15
106447,g_35
106534,g_154
106534,g_157
106534,g_16304
107204,g_196
107204,g_3167
107779,g_22
107779,g_99
107782,g_99
107782,g_10107
107858,g_12
107858,g_15
108234,g_22
108234,g_99
108400,g_208
108400,g_1182
108438,g_15
108438,g_35
108451,g_15
108451,g_35
109087,g_12
109087,g_15
109265,g_15
109265,g_869
110213,g_16
110213,g_1122
110222,g_12
110222,g_16
111195,g_208
111370,g_14
111370,g_16
111547,g_34
111547,g_878
111584,g_99
111626,g_22
111626,g_99
111631,g_12
111631,g_196
111660,g_34
111707,g_15
112900,g_15
112900,g_3167
113009,g_99
113009,g_10107
113174,g_34
114162,g_22
114162,g_99
115103,g_18
115103,g_99
115564,g_12
115564,g_196
116572,g_34
116572,g_3167
116639,g_18
116639,g_1122
117361,g_27
117361,g_99
117442,g_14
117442,g_15
117447,g_208
117631,g_16
117957,g_16
118833,g_18
118833,g_79
118833,g_80
119026,g_15
119319,g_144
119319,g_10464
119319,g_17126
120107,g_16
120107,g_18
120286,g_34
120286,g_3167
120386,g_99
120542,g_208
120550,g_99
120626,g_99
120626,g_3167
121277,g_12
121277,g_16
121334,g_34
124325,g_14453
125693,g_99
126051,g_12
126051,g_15
127567,g_14
127567,g_15
127805,g_51
127805,g_878
127902,g_16
127902,g_99
128811,g_12
128811,g_15
128814,g_14
128814,g_15
129058,g_12
129058,g_15
129647,g_99
129647,g_210
129722,g_18323
129754,g_15
129754,g_28
130754,g_15
130754,g_35
130901,g_43
130901,g_7221
130901,g_7931
131616,g_22
131616,g_1122
132716,g_14
132716,g_15
132716,g_28
133248,g_99
135356,g_208
135555,g_196
135555,g_2890
135667,g_34
135667,g_126
135983,g_27
135983,g_99
136351,g_18
136351,g_878
136351,g_2891
137006,g_99
137270,g_35
137331,g_99
137986,g_99
138603,g_22
138603,g_99
138954,g_18
138954,g_99
138968,g_12
138968,g_34
139374,g_99
139916,g_12
139916,g_34
141150,g_12
141150,g_15
141862,g_196
142537,g_34
142687,g_99
142687,g_204
143280,g_18
143280,g_79
143280,g_80
143290,g_18
143290,g_53
143290,g_80
144895,g_196
144895,g_869
145529,g_16
145529,g_869
148214,g_99
148218,g_15
148218,g_35
148562,g_18
148562,g_34
148538,g_99
148538,g_3115
148625,g_34
148975,g_15
148975,g_869
150415,g_22
150415,g_99
150744,g_99
150896,g_12
150896,g_34
151047,g_15
151047,g_35
151377,g_99
151400,g_12
153160,g_18
153160,g_71
153160,g_2891
158435,g_14
158435,g_17
158435,g_50
158460,g_85
158644,g_208
160489,g_15
160489,g_10105
161071,g_99
163030,g_12
163030,g_69
163030,g_3167
163054,g_34
163054,g_10107
163365,g_99
163497,g_18
163497,g_196
163596,g_99
164051,g_196
164051,g_14452
164091,g_50
164091,g_196
164091,g_869
164218,g_22
164218,g_99
164387,g_14
164387,g_1116
166287,g_33
166287,g_34
168074,g_878
168074,g_3167
168075,g_878
168075,g_3167
168670,g_15
168670,g_16
168670,g_196
168756,g_22
168756,g_196
169468,g_53
169468,g_196
170284,g_99
170284,g_3167
171132,g_22
171132,g_99
171191,g_16
171191,g_18
171191,g_28
171945,g_34
171945,g_3167
174407,g_15
174509,g_12
174509,g_34
175610,g_16
175610,g_99
175970,g_15
176739,g_99
177662,g_208
178635,g_19
178635,g_79
178635,g_80
178742,g_99
178769,g_15
178796,g_35
178796,g_196
178816,g_99
179307,g_15
179308,g_196
179327,g_99
179506,g_15
179506,g_878
179609,g_99
179918,g_15
181019,g_99
181084,g_12
181831,g_99
182058,g_15
182058,g_869
182505,g_14
182505,g_18
182505,g_28
184888,g_12
184888,g_15
184984,g_12
184984,g_15
185177,g_99
185177,g_3167
185220,g_35
185220,g_7931
185499,g_99
185499,g_1122
185867,g_99
185867,g_1122
185972,g_208
186419,g_12
186419,g_196
186527,g_15
186962,g_99
187893,g_878
188580,g_99
188758,g_34
189076,g_19717
189081,g_18
189081,g_1122
189102,g_99
189102,g_1122
189556,g_15
189556,g_35
189556,g_1119
189560,g_99
189803,g_34
189804,g_34
190232,g_36
190232,g_1122
190243,g_35
190243,g_1122
190246,g_27
190246,g_1122
31,g_28
31,g_34
31,g_35
135,g_99
135,g_210
135,g_14453
1242,g_196
1742,g_3119
1742,g_10217
1742,g_10218
1742,g_10222
1796,g_18
1796,g_85
1796,g_878
1796,g_3168
2351,g_17
2351,g_22
2351,g_35
2351,g_3167
2537,g_202
2537,g_209
2537,g_3118
3829,g_17
3829,g_85
3829,g_878
4000,g_16
4000,g_1124
4000,g_3167
4005,g_16
4005,g_1124
4005,g_3167
4009,g_16
4009,g_1124
4009,g_3167
4010,g_16
4010,g_1124
4010,g_3167
5530,g_17
5530,g_51
5530,g_818
5530,g_3167
5565,g_17
5565,g_80
5565,g_878
5565,g_3167
5818,g_87
5818,g_1122
6730,g_80
6730,g_251
6730,g_1119
8415,g_218
8421,g_206
8654,g_36
8654,g_939
8868,g_85
8868,g_196
8878,g_56
8878,g_1122
8904,g_18
8908,g_99
9577,g_99
10811,g_99
10957,g_12
10957,g_16
11625,g_12
11625,g_35
11625,g_196
11693,g_2891
11728,g_18
11728,g_3164
11891,g_50
11891,g_81
11891,g_13544
12420,g_18
13365,g_50
13365,g_142
13365,g_10067
13365,g_10216
14581,g_28
14581,g_34
14581,g_52
14581,g_878
14727,g_28
14727,g_50
14727,g_159
14727,g_878
15205,g_1122
15205,g_2932
15926,g_69
16047,g_28
16047,g_34
16047,g_89
16047,g_250
16117,g_34
16117,g_35
16117,g_145
16412,g_80
16412,g_251
16412,g_1119
16414,g_80
16414,g_251
16414,g_1119
16416,g_80
16416,g_251
16416,g_1119
16421,g_80
16421,g_251
16421,g_1119
16428,g_80
16428,g_251
16428,g_1119
16429,g_80
16429,g_251
16429,g_1119
19354,g_80
19354,g_251
19354,g_1119
19946,g_99
19946,g_10221
19946,g_10223
19999,g_34
19999,g_69
19999,g_10221
20734,g_18
23532,g_99
23532,g_10217
23532,g_10221
24306,g_28
24306,g_53
24306,g_878
24726,g_19
24726,g_69
24726,g_219
26007,g_18
26679,g_18
29182,g_72
29182,g_99
30885,g_99
30885,g_202
30885,g_206
31044,g_35
31205,g_28
31205,g_35
31205,g_144
31205,g_3167
31242,g_49
31242,g_196
31242,g_871
31510,g_12
31510,g_28
31510,g_878
32099,g_12
32099,g_14
32099,g_34
32099,g_152
32137,g_17
32137,g_49
32137,g_3167
32137,g_13544
32537,g_18
32537,g_19
32537,g_154
32537,g_196
33222,g_18
33222,g_865
33222,g_3167
33222,g_14640
33320,g_92
33320,g_251
33320,g_10214
33320,g_10215
34320,g_18
34320,g_28
34320,g_864
34320,g_3167
34869,g_87
34869,g_99
34869,g_10228
35347,g_16
35347,g_17
35347,g_10221
35724,g_17
35724,g_196
35724,g_10221
36320,g_878
37077,g_17
37077,g_34
37077,g_10221
37141,g_34
37141,g_869
37141,g_3166
37329,g_53
37329,g_79
37329,g_3123
37460,g_99
37460,g_209
37937,g_28
37937,g_35
37937,g_10214
37937,g_10216
38311,g_18
38311,g_35
38311,g_10216
40050,g_18
40981,g_18
40983,g_18
41128,g_15
41128,g_10215
41128,g_10216
41128,g_10222
41580,g_35
41581,g_18
42434,g_99
42784,g_12
42784,g_16
42784,g_34
43335,g_99
43335,g_200
43423,g_15
43423,g_35
43423,g_869
43436,g_99
43436,g_10221
43436,g_10222
44292,g_18
44481,g_34
44481,g_250
44481,g_1125
45141,g_15038
45361,g_18
45391,g_53
45436,g_99
45436,g_10223
45436,g_10228
45498,g_18
45722,g_35
45722,g_10216
45722,g_14999
45722,g_15520
45972,g_99
45979,g_18
46642,g_31
46909,g_18
46909,g_354
46909,g_1122
46912,g_99
47152,g_18
47255,g_99
47255,g_10223
47255,g_10225
47270,g_99
47270,g_10222
47270,g_10228
47594,g_12
47594,g_16
47594,g_35
47689,g_303
47689,g_1113
47689,g_3118
47941,g_53
47941,g_1122
47941,g_10215
48643,g_44
48738,g_206
48738,g_1116
48738,g_1122
48845,g_99
48845,g_10221
48845,g_10222
49423,g_99
49423,g_10222
49902,g_12
49902,g_14
49902,g_28
49902,g_10215
50158,g_866
50158,g_869
50234,g_16
50234,g_1122
50303,g_99
50303,g_209
50303,g_1113
50902,g_99
51823,g_99
51823,g_202
51823,g_204
52230,g_34
52230,g_35
52230,g_37
52230,g_52
52239,g_14926
52242,g_14
52242,g_18
52242,g_34
52242,g_35
52247,g_18
52247,g_28
52247,g_34
52247,g_14926
52858,g_99
52858,g_1122
52858,g_3165
53065,g_136
53065,g_2891
53065,g_10215
53065,g_10216
53144,g_18
53583,g_16
53583,g_35
53583,g_869
53583,g_10216
53788,g_99
53788,g_3165
53799,g_27
53799,g_34
53799,g_79
53799,g_141
53861,g_27
55183,g_18
55183,g_1122
55283,g_301
55283,g_3087
55298,g_34
55298,g_878
55298,g_10215
55298,g_10223
55402,g_205
55402,g_10222
55490,g_28
55490,g_34
55490,g_35
55490,g_878
55495,g_19
55495,g_34
55495,g_79
55495,g_163
55798,g_18
55882,g_81
56162,g_81
56162,g_6033
56301,g_36
56301,g_210
56301,g_2890
56301,g_3163
56843,g_99
56843,g_209
56843,g_10222
57832,g_18
58097,g_27
58097,g_163
58518,g_16
58518,g_17
58518,g_869
58692,g_18
59331,g_1479
59331,g_3166
59610,g_124
59610,g_1116
59610,g_1122
59611,g_1122
59740,g_33
59740,g_3082
59917,g_3113
59917,g_3167
59917,g_7930
59917,g_7932
59934,g_18
59934,g_114
59946,g_16
59946,g_354
59946,g_1122
60064,g_16
60064,g_1122
60064,g_3165
60065,g_16
60065,g_1122
60065,g_3165
60072,g_16
60072,g_1122
60075,g_16
60075,g_1122
60075,g_3165
60080,g_16
60080,g_1122
60080,g_3162
60554,g_12
60554,g_101
61119,g_122
61502,g_99
61502,g_209
61502,g_10221
61502,g_10227
61605,g_16
61605,g_1122
61606,g_99
61606,g_1122
61606,g_3118
61967,g_16
61967,g_1122
61967,g_10282
62145,g_18
62145,g_869
62296,g_87
62296,g_866
62296,g_1109
62296,g_1126
62973,g_27
62973,g_35
62973,g_114
62973,g_3004
63013,g_18
63426,g_27
63426,g_39
63426,g_53
63538,g_35
63607,g_35
63607,g_196
63689,g_99
63689,g_1168
64174,g_18
64255,g_18
64355,g_28
64482,g_197
64482,g_303
64482,g_1122
64607,g_32
64814,g_18
64842,g_80
65145,g_18
65145,g_101
65260,g_18
66082,g_18
66254,g_99
66254,g_303
66254,g_1122
67414,g_18
67643,g_99
67643,g_1113
67645,g_28
67645,g_151
67645,g_878
67645,g_2891
67711,g_1479
67757,g_81
67804,g_18
67804,g_28
67972,g_35
68001,g_18
68071,g_27
68071,g_53
68071,g_79
68071,g_14415
68195,g_35
68496,g_18
68624,g_35
68690,g_99
68690,g_3165
68802,g_35
69113,g_15
69113,g_869
69780,g_99
69780,g_205
69832,g_14
69950,g_35
70123,g_18
70123,g_19
70123,g_15520
70287,g_18
70287,g_17580
70508,g_18
70769,g_35
70827,g_35
72022,g_354
72083,g_12
72083,g_16
72083,g_1122
72468,g_35
72642,g_18
72642,g_28
73034,g_18
73045,g_18
73962,g_644
76027,g_18
81819,g_18
82229,g_14
82229,g_15
82570,g_12
82570,g_16
82570,g_35
83040,g_12
83040,g_16
83040,g_18
84560,g_18
85215,g_35
85215,g_37
85215,g_196
85223,g_12
85223,g_15
85223,g_35
85962,g_12
85962,g_16
85962,g_17
86383,g_99
86383,g_200
86383,g_208
86418,g_16
86418,g_869
86418,g_3166
86460,g_27
86582,g_14
86582,g_16
86822,g_13
86822,g_22
86822,g_197
87064,g_12
87064,g_16
87064,g_17
87329,g_17
87329,g_1122
88405,g_99
88770,g_12
88770,g_16
88770,g_869
90529,g_80
90768,g_18
90768,g_35
90768,g_869
91559,g_15
91559,g_869
91559,g_3166
91734,g_12
91734,g_16
91734,g_3166
91863,g_17
91863,g_35
91863,g_197
92367,g_208
92367,g_1122
92367,g_17580
92523,g_18
92884,g_16
92884,g_3166
93023,g_92
93023,g_99
93023,g_202
93113,g_99
93113,g_1116
93113,g_1122
93620,g_99
94161,g_14
94161,g_51
94161,g_878
94161,g_2891
94500,g_80
95362,g_18
95645,g_16
95645,g_35
95739,g_14
95739,g_16
95739,g_18
96816,g_15
96816,g_35
96816,g_1122
97521,g_15
97521,g_35
97521,g_869
98046,g_15
98046,g_3167
99060,g_17
99060,g_18
99198,g_18
99800,g_35
102490,g_878
103436,g_99
103436,g_210
103436,g_3119
103436,g_15774
104542,g_15
104542,g_2891
104542,g_3166
104709,g_15
104709,g_35
104709,g_8741
105020,g_18
105020,g_80
105020,g_3082
105020,g_3167
105489,g_28
105489,g_2926
106592,g_18
106594,g_18
106851,g_12
106851,g_196
106851,g_3166
107843,g_22
107843,g_99
108144,g_14
108537,g_18
109117,g_15
109117,g_35
109117,g_154
110236,g_16
110236,g_22
110236,g_1122
111523,g_196
111523,g_3166
111614,g_12
111614,g_34
111614,g_35
113353,g_18
113452,g_15
113452,g_35
114771,g_15
114771,g_2891
114771,g_10105
115135,g_35
115135,g_15774
117429,g_14
117429,g_15
117429,g_35
117600,g_53
117600,g_3158
118550,g_18
119394,g_35
119394,g_196
119532,g_196
121280,g_12
121280,g_16
121416,g_80
121427,g_80
124570,g_12
124570,g_15
124570,g_35
127901,g_99
127901,g_15678
130061,g_12
130061,g_15
130061,g_35
130169,g_14
130169,g_16
130169,g_18
130794,g_15
130794,g_35
130794,g_869
132176,g_33
132176,g_34
132176,g_866
134488,g_12
134488,g_15
137291,g_33
137893,g_12
137893,g_14
137893,g_196
139306,g_99
139741,g_28
139741,g_99
139741,g_10107
144484,g_12
144484,g_28
144484,g_34
144717,g_53
144717,g_80
144717,g_196
146693,g_12
146693,g_35
146693,g_196
148973,g_15
149064,g_22
149064,g_99
149258,g_18
149258,g_34
149258,g_36
150399,g_12
150399,g_17
150399,g_208
150400,g_12
150400,g_28
150400,g_196
150409,g_27
150409,g_197
150536,g_141
150868,g_22
150868,g_99
151059,g_12
151059,g_14
151059,g_34
152618,g_14
152618,g_69
152618,g_163
152618,g_818
153002,g_15
153002,g_35
153002,g_869
153302,g_12
153302,g_15
153302,g_35
153538,g_12
153538,g_34
154446,g_18
154446,g_1122
154927,g_18
155786,g_12
155786,g_15
155786,g_35
158096,g_15
158096,g_35
158096,g_1122
159338,g_99
159338,g_1182
163571,g_14
163571,g_28
163571,g_34
165502,g_18
165502,g_1122
171979,g_12
171979,g_14
171979,g_16
175956,g_16
175956,g_1122
176912,g_1122
179145,g_18
179707,g_15
179707,g_18
179707,g_28
181080,g_18
181420,g_18
181505,g_17
181505,g_51
181505,g_3167
181827,g_15
181827,g_50
181827,g_3004
182033,g_12
182033,g_15
187694,g_878
187845,g_35
187845,g_99
188206,g_18
190242,g_35
190242,g_1122
190363,g_18
190363,g_873
190363,g_1122
3,g_44
130,g_34
130,g_10214
130,g_10215
130,g_10223
736,g_99
736,g_353
736,g_1116
736,g_3165
1141,g_17
1141,g_864
1141,g_866
1141,g_2979
1142,g_17
1142,g_864
1142,g_866
1142,g_2979
1394,g_18
1759,g_12
1759,g_85
1759,g_196
1759,g_869
1759,g_3167
1983,g_16
1983,g_17
1983,g_869
1983,g_3165
2740,g_99
2740,g_101
2740,g_206
2740,g_3167
3168,g_18
3680,g_17
3680,g_35
3697,g_191
3704,g_17
3704,g_85
3704,g_196
3704,g_878
3704,g_3167
3830,g_17
3830,g_85
3830,g_878
3830,g_3167
3867,g_49
3867,g_303
3867,g_3118
3867,g_3163
3922,g_1122
4373,g_18
4936,g_99
4936,g_209
4936,g_303
4936,g_1115
4936,g_7221
5074,g_18
6033,g_17
6033,g_79
6033,g_80
6033,g_818
6033,g_3167
6082,g_18
6082,g_79
6082,g_80
6082,g_3167
6082,g_10215
7376,g_17
7376,g_80
7376,g_1119
7376,g_3167
7812,g_49
7812,g_56
7812,g_114
7812,g_3167
7812,g_13544
8128,g_18
8128,g_196
8128,g_818
8128,g_869
8585,g_18
8634,g_79
8634,g_80
8634,g_3167
8634,g_10215
8634,g_10228
8932,g_18
8932,g_1115
9487,g_15
9487,g_17
9487,g_35
9487,g_50
9662,g_12
9662,g_16
9662,g_18
9907,g_16
9907,g_35
9907,g_10216
9907,g_10217
10380,g_12
10380,g_196
10380,g_869
10666,g_99
10666,g_302
10666,g_862
11047,g_85
11047,g_114
11047,g_196
11047,g_13544
11125,g_3082
11225,g_99
11225,g_10218
11225,g_10222
11225,g_10223
11402,g_85
11402,g_1126
11836,g_50
11836,g_196
11836,g_869
12474,g_44
12552,g_208
12726,g_18
13655,g_35
13655,g_3167
13655,g_10216
13655,g_10217
13655,g_13544
14574,g_18
14613,g_18
14613,g_79
14613,g_878
14613,g_3167
14630,g_53
14828,g_3113
14828,g_3167
14828,g_7929
14828,g_7931
14828,g_10216
15533,g_36
16216,g_18
16216,g_35
16216,g_122
16333,g_18
16333,g_33
16333,g_34
16333,g_1119
16368,g_99
17046,g_35
17046,g_82
17345,g_18
17345,g_10221
17472,g_33
17472,g_126
20676,g_18
21062,g_18
21765,g_28
21765,g_864
21765,g_10214
21765,g_10215
21765,g_10216
22775,g_18
22902,g_99
23006,g_19
23017,g_71
23231,g_18
23232,g_202
23280,g_18
23453,g_28
24218,g_99
24218,g_10221
24218,g_10222
24218,g_10223
24886,g_17
24886,g_51
24886,g_3167
25182,g_10105
25182,g_10216
25182,g_10217
25182,g_13544
25182,g_14640
25440,g_18
25450,g_53
25965,g_18
26102,g_35
26393,g_99
26678,g_99
26695,g_19
26695,g_53
26907,g_18
27038,g_18
27364,g_27
27364,g_49
27506,g_126
27531,g_126
27610,g_14
27610,g_16
27610,g_10105
28183,g_18
28183,g_141
29229,g_209
29229,g_303
29229,g_1113
29229,g_3119
31591,g_18
32102,g_19
32102,g_34
32102,g_69
32102,g_154
32102,g_8497
33020,g_34
33020,g_10217
33020,g_10221
33020,g_10223
33020,g_10225
33238,g_35
33819,g_99
33819,g_209
33819,g_303
33819,g_1163
34313,g_16
34313,g_28
34313,g_878
34466,g_22
34466,g_99
34466,g_210
34628,g_34
34628,g_2916
34628,g_10215
34628,g_10220
34628,g_14926
34828,g_14
34828,g_35
34828,g_866
34828,g_869
34828,g_3167
34876,g_18
34911,g_34
34911,g_866
34911,g_2891
34911,g_3167
34911,g_15131
34919,g_17
34919,g_35
34919,g_37
34919,g_196
34919,g_3167
35702,g_18
35941,g_18
36339,g_2916
36339,g_18385
36643,g_53
37002,g_18
37002,g_35
37089,g_874
37089,g_2730
37591,g_10214
37591,g_10216
37591,g_10219
37591,g_10221
37591,g_14640
38793,g_16
38793,g_869
38793,g_10216
38858,g_18
39081,g_79
39584,g_14
39584,g_27
39584,g_303
39584,g_10226
39920,g_16
39920,g_114
39920,g_1122
39920,g_2759
41588,g_18
41696,g_99
41696,g_209
41696,g_302
41975,g_18
42071,g_3110
42089,g_18
42120,g_18
42120,g_28
42120,g_34
42120,g_53
42120,g_8497
42386,g_18
42496,g_16
42496,g_869
42496,g_7407
42496,g_10217
42522,g_122
42522,g_1115
42785,g_18
42785,g_10221
43286,g_17
43286,g_35
43286,g_866
43286,g_3167
43286,g_13544
43625,g_99
43625,g_10215
43625,g_10223
43625,g_10228
44210,g_13
44210,g_869
44210,g_6725
44479,g_34
44479,g_250
44479,g_1125
44479,g_3167
44698,g_18
44698,g_10221
44742,g_18
44742,g_10223
44759,g_18
44811,g_22
44811,g_353
44811,g_10215
44811,g_10221
45330,g_18
45330,g_1115
45359,g_28
45363,g_28
45501,g_18
45518,g_16
45518,g_7407
45518,g_10216
45518,g_10228
46447,g_18
46824,g_34
46824,g_43
46824,g_52
46824,g_878
47257,g_210
47257,g_3118
47257,g_10222
47375,g_99
47375,g_1122
47375,g_10223
47375,g_10228
47605,g_81
47629,g_34
47629,g_126
47629,g_865
47629,g_866
47629,g_8497
48231,g_37
48231,g_147
48231,g_196
48231,g_878
48852,g_27
49634,g_16
49634,g_14999
49634,g_18385
49914,g_18
50138,g_1124
50329,g_18
50404,g_18
50683,g_54
51102,g_99
51102,g_209
51102,g_10222
51554,g_81
51554,g_2890
51570,g_80
51655,g_18
51941,g_27
52217,g_99
52252,g_18
52422,g_19
53016,g_53
53088,g_81
53837,g_16
53837,g_35
53837,g_3004
53994,g_18
54061,g_99
54061,g_1122
54061,g_3165
54079,g_27
54100,g_36
54100,g_354
54480,g_28
54480,g_874
54480,g_1108
54848,g_18
55061,g_18
55118,g_35
55160,g_35
55160,g_1122
55163,g_16
55163,g_353
55163,g_1122
55163,g_2758
55487,g_33
55487,g_34
55487,g_54
55487,g_126
55487,g_219
55554,g_18
55554,g_53
55554,g_80
55554,g_10214
55554,g_10215
55664,g_16
55664,g_28
55664,g_35
55664,g_869
55786,g_28
55786,g_2738
55998,g_16
55998,g_10105
55998,g_10216
56574,g_44
56690,g_82
57033,g_15737
57781,g_18
58069,g_18
58069,g_53
58221,g_81
58378,g_1125
58668,g_16
58668,g_301
58668,g_354
58668,g_14726
58740,g_92
58740,g_2890
58747,g_53
59150,g_35
59150,g_196
59150,g_3166
59255,g_18
59409,g_19
59733,g_81
59885,g_80
59885,g_1109
59885,g_1116
59885,g_3148
59885,g_3165
59899,g_80
59899,g_1109
59899,g_1116
59899,g_3148
59899,g_3165
59914,g_80
59914,g_1109
59914,g_1116
59914,g_3148
59914,g_3165
59915,g_35
59915,g_1116
59915,g_1122
59915,g_3165
59926,g_101
59926,g_1116
59926,g_1122
59926,g_3165
59940,g_99
59940,g_1116
59940,g_1122
59940,g_3165
59941,g_101
59941,g_1116
59941,g_1122
59941,g_3165
59969,g_80
59969,g_1109
59969,g_1116
59969,g_3148
59969,g_3165
59971,g_80
59971,g_1109
59971,g_1116
59971,g_3148
59971,g_3165
59973,g_80
59973,g_1109
59973,g_1116
59973,g_3148
59973,g_3165
59975,g_80
59975,g_1109
59975,g_1116
59975,g_3148
59975,g_3165
60088,g_19
60088,g_1122
60088,g_1250
60088,g_3165
60198,g_251
60198,g_3167
60239,g_206
60239,g_10107
60239,g_14726
60278,g_18
60467,g_71
60593,g_33
60927,g_18
61052,g_80
61052,g_1109
61052,g_1116
61052,g_3165
61052,g_17412
61479,g_18
61479,g_19
61604,g_16
61604,g_1122
61631,g_99
61631,g_3167
61631,g_10223
61910,g_126
62406,g_99
62406,g_10218
62406,g_10222
62406,g_15678
63199,g_35
63444,g_99
63444,g_10217
63444,g_10228
63446,g_99
63446,g_10222
63446,g_10223
63446,g_10228
63606,g_12
63606,g_16
63606,g_869
63683,g_193
63835,g_18
63835,g_1122
63920,g_18
63934,g_99
63934,g_10222
63934,g_10225
63934,g_10228
64083,g_18
64084,g_130
64091,g_18
64313,g_99
64313,g_202
64313,g_1113
64313,g_15678
64323,g_99
64323,g_206
64490,g_197
64490,g_303
64490,g_1071
64490,g_1122
64496,g_197
64496,g_303
64496,g_1122
64496,g_3167
64544,g_18
64544,g_3167
64566,g_18
64630,g_99
64670,g_18
64670,g_101
64670,g_10223
64761,g_28
64733,g_87
64733,g_878
64751,g_36
64839,g_18
64841,g_18
64843,g_18
65261,g_18
66167,g_33
66229,g_18
66236,g_18
66313,g_18
66409,g_28
66410,g_28
66410,g_14695
66410,g_14926
66660,g_16
66660,g_303
66660,g_1113
66660,g_1122
67007,g_16
67007,g_303
67007,g_1113
67007,g_1122
67056,g_16
67056,g_303
67056,g_1113
67056,g_1122
67057,g_16
67057,g_303
67057,g_1113
67057,g_1122
67058,g_196
67058,g_303
67058,g_1113
67058,g_1122
67059,g_16
67059,g_303
67059,g_1113
67059,g_1122
67293,g_99
67672,g_15
67672,g_35
67672,g_2731
67672,g_8741
67678,g_81
67685,g_81
67703,g_99
67727,g_1479
67733,g_28
67734,g_81
67787,g_14
67787,g_354
67787,g_1122
67832,g_14
67832,g_18
67832,g_354
67832,g_1122
68041,g_35
68041,g_1122
68473,g_18
68473,g_3165
68586,g_18
68605,g_12
68699,g_18
68699,g_3165
68774,g_18
68829,g_35
68850,g_18
69006,g_99
69006,g_3162
69006,g_10223
69006,g_10228
69126,g_16
69126,g_35
69126,g_14999
69582,g_252
69808,g_17
69808,g_34
69808,g_869
69808,g_3167
69808,g_8741
69817,g_17
69817,g_34
69817,g_869
69817,g_3167
69817,g_8741
70132,g_16
70132,g_1122
70143,g_35
70143,g_1122
70314,g_18
70314,g_1109
70314,g_1113
70314,g_3167
70314,g_3168
70476,g_303
70476,g_1122
70476,g_3119
70630,g_14695
70630,g_18215
70839,g_18
70844,g_130
70844,g_14452
71426,g_35
71426,g_3167
71905,g_18
71933,g_126
71933,g_14452
72089,g_27
72090,g_27
72110,g_14
72233,g_2890
72434,g_18
72453,g_35
72455,g_35
73037,g_18
73038,g_18
74160,g_99
74160,g_209
74160,g_210
75451,g_170
75727,g_18
75829,g_18
75973,g_18
75986,g_35
75992,g_18
75995,g_18
76026,g_18
76031,g_18
76068,g_18
76785,g_35
76785,g_197
76785,g_1116
76785,g_1122
77246,g_71
77297,g_18
77297,g_209
77356,g_18
77378,g_18
77378,g_19
77565,g_18
77766,g_18
77841,g_18
79183,g_18
79606,g_18
79674,g_18
79707,g_14
79707,g_16
79707,g_2895
79707,g_14452
79775,g_18
80238,g_12
80238,g_15
80238,g_18
80364,g_18
80475,g_12
80475,g_14
80475,g_16
81017,g_18
81076,g_126
81408,g_18
82204,g_18
82204,g_33
82780,g_13
83077,g_18
84902,g_12
84902,g_16
84902,g_18
84902,g_869
86063,g_18
86064,g_18
86354,g_18
86754,g_18
87026,g_18
87178,g_18
87302,g_17
87302,g_1040
87302,g_1122
87755,g_12
87755,g_16
87755,g_28
87755,g_3166
88603,g_35
88610,g_80
88795,g_17
88795,g_35
88795,g_1122
89646,g_18
89646,g_101
91180,g_15
91180,g_35
91180,g_869
91180,g_7407
91784,g_35
92464,g_18
92677,g_12
92677,g_18
92677,g_208
93098,g_81
93759,g_15
93759,g_17
93759,g_35
93759,g_1125
93792,g_80
93826,g_80
94190,g_27
94598,g_18
95412,g_18
95412,g_35
95412,g_354
95412,g_1119
95745,g_18
97143,g_12
97143,g_15
97143,g_17
98916,g_126
99197,g_18
101147,g_18
101147,g_99
102600,g_27
102605,g_27
103583,g_15
103583,g_17
103583,g_72
105508,g_18
105909,g_12
105909,g_15
105909,g_35
106113,g_12
106113,g_14
106113,g_15
108535,g_99
108535,g_1116
108535,g_3119
108535,g_10107
108607,g_12
108607,g_15
108607,g_35
108607,g_878
109706,g_81
110815,g_18
112286,g_12
112286,g_15
112286,g_35
112286,g_3167
112847,g_15
112847,g_154
112847,g_10105
112847,g_16304
113004,g_35
113004,g_99
113004,g_101
113004,g_1115
114750,g_28
114967,g_12
114967,g_15
114967,g_35
115192,g_99
115192,g_353
115192,g_354
115192,g_1122
117122,g_18
117132,g_12
117132,g_18
117529,g_15
117529,g_35
117529,g_8741
119032,g_71
121012,g_16
121012,g_197
121012,g_1122
121091,g_164
125394,g_12
125394,g_15
125394,g_35
125394,g_869
125956,g_12
125956,g_16
125956,g_35
126081,g_53
126954,g_71
129483,g_27
130203,g_12
130203,g_15
130203,g_35
130876,g_27
130876,g_28
130876,g_34
130876,g_878
130876,g_8497
137410,g_14
137410,g_15
145552,g_99
147480,g_17
147480,g_35
148212,g_12
148212,g_15
148212,g_18
148212,g_35
148911,g_27
148972,g_15
148972,g_145
148972,g_869
152203,g_14
152203,g_56
152203,g_71
152203,g_197
152383,g_27
152946,g_27
153749,g_80
153877,g_18
159512,g_878
159512,g_2891
159512,g_19602
159512,g_19604
159512,g_19606
162465,g_35
166295,g_18
169378,g_99
169378,g_210
169378,g_1122
169378,g_3167
171889,g_16
171889,g_17
171889,g_196
171889,g_869
171889,g_1122
172316,g_12
172316,g_15
172316,g_17
172532,g_14
172532,g_35
172532,g_196
172576,g_99
173782,g_16
173782,g_35
173782,g_196
173782,g_10105
173782,g_18385
174346,g_18385
174347,g_18
174412,g_35
174412,g_1122
175377,g_12
175377,g_28
175377,g_35
175377,g_8497
175462,g_27
175600,g_17
175600,g_878
175600,g_3167
176199,g_27
176199,g_197
176199,g_1122
176426,g_18
176428,g_18
176810,g_27
177093,g_33
177826,g_35
178355,g_31
178380,g_27
179260,g_18
181083,g_12
181310,g_18
181490,g_18
181500,g_17
181500,g_51
181500,g_3167
181501,g_17
181501,g_51
181501,g_3167
181502,g_17
181502,g_51
181502,g_3167
182083,g_18
185100,g_122
185975,g_81
186413,g_80
186978,g_35
186978,g_1122
187695,g_80
187835,g_18
187853,g_18
187853,g_3167
188149,g_12
188167,g_141
188193,g_18
188397,g_81
189112,g_18
189325,g_79
189816,g_18
190287,g_208
190966,g_35
126,g_92
1658,g_71
1658,g_101
1658,g_201
1658,g_202
1658,g_209
2010,g_18
2458,g_71
2534,g_17
2534,g_18
2534,g_28
2534,g_79
2534,g_3167
2547,g_144
2547,g_251
2547,g_10215
2547,g_10217
2547,g_10225
2547,g_10228
2751,g_16
2751,g_35
2751,g_1119
2751,g_1122
2751,g_10216
3041,g_19
3041,g_87
3041,g_3158
3692,g_136
4709,g_33
4709,g_35
5130,g_17
5130,g_44
5130,g_54
5130,g_133
5130,g_2889
5130,g_3167
5843,g_28
5843,g_87
5843,g_1113
5843,g_1122
8447,g_18
8821,g_2713
8894,g_18
8935,g_18
8959,g_87
8959,g_99
8959,g_209
9502,g_15
9502,g_17
9502,g_8530
9502,g_10216
9633,g_53
9633,g_144
9730,g_27
10259,g_19
10369,g_135
10792,g_114
10797,g_15
11150,g_99
11334,g_2888
11389,g_1125
11390,g_1125
11530,g_35
11599,g_130
11682,g_35
11719,g_35
12098,g_35
12135,g_79
12135,g_168
12221,g_18
12256,g_35
12406,g_53
12428,g_18
12428,g_33
12434,g_44
12434,g_80
12480,g_18
12602,g_27
12800,g_80
13112,g_53
13553,g_35
13802,g_1125
14181,g_76
14181,g_79
14181,g_80
14181,g_251
14181,g_878
14399,g_99
14399,g_209
14399,g_303
14399,g_1122
14632,g_31
14633,g_35
14635,g_191
14643,g_35
14647,g_53
14782,g_191
14878,g_99
14878,g_209
14878,g_210
15539,g_18
15727,g_18
15727,g_2890
15841,g_28
15841,g_252
15875,g_27
15940,g_18
16134,g_27
16134,g_874
16134,g_1119
16331,g_35
16331,g_124
16331,g_3165
18398,g_99
18398,g_3163
18398,g_10218
18398,g_10222
18398,g_10228
18879,g_18
19698,g_16
19698,g_869
19698,g_10217
19698,g_10218
19835,g_18
19948,g_99
19948,g_10221
19948,g_10223
19948,g_10225
20136,g_28
20136,g_50
20138,g_18
20296,g_2741
20314,g_18
20316,g_72
20316,g_99
20446,g_18
20446,g_35
20463,g_16
20658,g_35
20658,g_251
21580,g_1126
23230,g_18
23239,g_18
23239,g_10221
23245,g_35
23268,g_122
23535,g_53
24522,g_28
24525,g_18
24525,g_28
24525,g_127
25441,g_27
25441,g_79
25448,g_1141
25638,g_35
26099,g_18
26162,g_28
26173,g_33
26173,g_1122
26289,g_3082
26290,g_18
26683,g_18
27036,g_18
27043,g_18
27353,g_205
27353,g_1113
27353,g_10221
27353,g_10224
27382,g_35
27387,g_27
27415,g_27
27415,g_79
27528,g_18
27530,g_18
27532,g_35
27535,g_122
27612,g_28
27612,g_303
27612,g_864
27732,g_18
28334,g_12
28334,g_27
28334,g_28
29231,g_27
29990,g_878
30073,g_644
30611,g_3167
31061,g_18
31123,g_87
31123,g_99
31123,g_209
31123,g_10222
31177,g_18
31213,g_53
31213,g_54
31353,g_35
31353,g_71
31565,g_18
31909,g_18
32104,g_14
32104,g_34
32104,g_10214
32104,g_10216
32104,g_10217
32104,g_10221
32119,g_34
32119,g_69
32119,g_154
32119,g_354
32119,g_1038
32119,g_3167
32266,g_14
32266,g_18
32266,g_27
32266,g_34
32266,g_157
32266,g_14926
33108,g_206
33108,g_1116
33108,g_1122
33108,g_3165
33137,g_18
33137,g_32
33309,g_28
33309,g_196
33309,g_878
33309,g_3167
33309,g_10105
33309,g_10215
33548,g_818
33548,g_878
33548,g_3167
33548,g_6033
33548,g_10216
33548,g_10222
33564,g_18
33564,g_22
33705,g_18
33705,g_35
34084,g_136
34084,g_10214
34084,g_10215
34084,g_10225
35021,g_28
35021,g_2738
35078,g_18
35204,g_12
35204,g_15
35204,g_7407
35204,g_10214
35204,g_10215
35478,g_18
35686,g_196
35686,g_869
35686,g_10221
35699,g_16
36059,g_1479
36099,g_99
36099,g_10217
36099,g_10222
36099,g_10223
36099,g_10228
36217,g_76
36217,g_818
36217,g_10215
36274,g_18
36580,g_14
36580,g_869
36580,g_10214
36580,g_10215
36580,g_10216
36580,g_10228
36822,g_14
36822,g_18
37172,g_18
37172,g_10221
37536,g_126
37581,g_196
37581,g_251
37581,g_869
37581,g_6522
37581,g_10214
37581,g_10215
38615,g_18
38939,g_27
38939,g_35
39082,g_18
39083,g_252
39341,g_18
39370,g_18
39370,g_10221
39711,g_18
40068,g_99
40068,g_10215
40068,g_10223
40068,g_10228
41585,g_2890
41589,g_18
41597,g_18
41598,g_18
41601,g_35
41605,g_53
41606,g_122
41649,g_27
41717,g_18
41717,g_2916
41718,g_136
41718,g_10215
41814,g_27
41945,g_18
42324,g_28
42415,g_27
42631,g_16
42631,g_17
42631,g_85
42631,g_869
42685,g_2888
42686,g_2888
43639,g_99
43639,g_10215
43639,g_10228
43802,g_18
43980,g_18
43980,g_80
43980,g_10214
43980,g_10215
43980,g_10221
43980,g_10223
44209,g_13
44209,g_869
44209,g_2759
44209,g_3129
44475,g_12
44475,g_34
44475,g_81
44475,g_2891
44475,g_3087
44645,g_56
44645,g_1479
44676,g_35
44881,g_18
45076,g_106
45076,g_149
45076,g_209
45076,g_249
45076,g_1107
45076,g_1110
45101,g_79
45101,g_10215
45325,g_99
45325,g_1122
45325,g_3165
45347,g_35
45347,g_1110
45347,g_3167
45347,g_7929
45347,g_10216
45347,g_10217
45360,g_18
45362,g_12
45362,g_18
45384,g_3114
45445,g_114
45445,g_117
45445,g_14999
45997,g_166
45997,g_874
45997,g_3167
46181,g_18
46390,g_18
46524,g_80
46899,g_16
46899,g_17
46899,g_7407
46899,g_10216
46899,g_10217
47081,g_18
47081,g_71
47203,g_18
47203,g_10221
47203,g_17580
47455,g_35
47616,g_2370
47799,g_28
47804,g_80
48111,g_18
48127,g_35
48131,g_53
48199,g_18
48501,g_18
48972,g_35
49125,g_164
49134,g_79
49147,g_18
49169,g_12
49169,g_16
49169,g_35
49169,g_869
49258,g_18
49289,g_35
49612,g_18
49853,g_18
49853,g_80
49893,g_35
50103,g_53
50106,g_35
50508,g_18
50568,g_27
50586,g_13
50590,g_2370
50746,g_80
50820,g_127
50820,g_303
50820,g_10223
50873,g_53
51253,g_12
51253,g_17
51253,g_28
51491,g_19
51538,g_18
51538,g_73
51558,g_81
51571,g_18
51571,g_35
51587,g_35
51593,g_17
51593,g_35
51593,g_10105
51593,g_10216
51593,g_10217
51593,g_15520
51599,g_18
51599,g_80
51685,g_18
51685,g_1116
51702,g_18
51706,g_18
51808,g_18
51886,g_18
51957,g_18
52101,g_17126
52202,g_18
52207,g_80
52210,g_18
52250,g_35
52250,g_1115
52354,g_18
52354,g_1122
52354,g_10223
52793,g_16
52793,g_17
52793,g_869
52793,g_10105
52793,g_10217
52793,g_15520
52819,g_878
52953,g_1115
53000,g_16304
53166,g_33
53205,g_18
53234,g_18
53283,g_69
53472,g_36
53601,g_122
53685,g_2890
53685,g_10216
53685,g_10221
53695,g_18
53714,g_99
53803,g_18
53803,g_28
53803,g_34
53803,g_2712
53803,g_14926
53847,g_80
54014,g_18
54014,g_19
54014,g_33
54014,g_127
54014,g_3167
54053,g_12
54054,g_18
54177,g_80
54229,g_56
54304,g_12
54304,g_37
54570,g_27
54711,g_53
54739,g_31
55245,g_51
55245,g_6033
55270,g_18
55278,g_18
55296,g_35
55296,g_197
55296,g_303
55296,g_354
55296,g_1122
55382,g_18
55469,g_12
55469,g_17
55469,g_197
55469,g_210
55469,g_6033
55615,g_18
55682,g_122
55975,g_81
55987,g_18
56202,g_33
56385,g_44
56467,g_18
56553,g_18
56553,g_1122
56553,g_10221
56553,g_15520
56577,g_35
56577,g_303
56844,g_10105
56844,g_10221
56900,g_12
57140,g_878
57353,g_28
57532,g_34
57532,g_79
57743,g_81
57871,g_35
57897,g_18
57912,g_28
57912,g_81
58190,g_18
58347,g_18
58520,g_19
58706,g_2890
58706,g_10222
58732,g_99
58732,g_10222
58732,g_10228
58836,g_28
59097,g_18
59174,g_124
59174,g_1116
59174,g_1122
59174,g_3165
59373,g_130
59539,g_99
59539,g_209
59539,g_15673
59621,g_35
59621,g_1116
59621,g_1122
59621,g_3165
59698,g_124
59698,g_1122
59705,g_35
59739,g_87
59739,g_161
59741,g_27
59847,g_148
59870,g_80
59929,g_99
59929,g_1116
59929,g_1122
59929,g_3148
59929,g_3165
60082,g_101
60082,g_1116
60082,g_1122
60082,g_3165
60122,g_148
60130,g_12
60181,g_18
60548,g_18
60574,g_18
60574,g_209
60585,g_17
60585,g_1109
60585,g_1116
60585,g_2888
60585,g_3165
60588,g_13
60588,g_17
60588,g_1109
60588,g_1116
60588,g_3165
60614,g_18
60944,g_17
60944,g_99
60944,g_1113
60944,g_10222
60944,g_10228
61352,g_18
61570,g_13
61570,g_18
61570,g_10221
61754,g_16
61754,g_303
61754,g_1122
61754,g_3115
61754,g_6033
61989,g_869
61989,g_10105
61989,g_10215
61989,g_10217
61989,g_10228
62236,g_33
62237,g_27
62237,g_79
62279,g_18
62298,g_82
62527,g_33
62595,g_14
62595,g_10214
62595,g_10215
63002,g_99
63002,g_10217
63002,g_10220
63015,g_35
63433,g_99
63433,g_209
63433,g_303
63433,g_1167
63433,g_15678
63604,g_14
63604,g_15
63604,g_17
63604,g_22
63604,g_10105
63610,g_28
63865,g_71
63865,g_3167
63938,g_27
64051,g_35
64060,g_18
64086,g_18
64204,g_17
64204,g_99
64204,g_1113
64204,g_10221
64481,g_35
64552,g_18
64552,g_85
64552,g_154
64552,g_878
64552,g_2891
64552,g_17412
64586,g_27
64586,g_79
64844,g_18
64844,g_35
64846,g_18
64846,g_35
64847,g_18
64847,g_35
65023,g_39
65144,g_69
65144,g_1119
65278,g_18
65423,g_18
65541,g_99
65541,g_10221
65541,g_10224
65542,g_18
65542,g_10221
65542,g_10228
65831,g_99
65831,g_10217
65831,g_10221
66063,g_12
66080,g_35
66086,g_35
66088,g_18
66233,g_252
66235,g_18
66238,g_35
66251,g_303
66251,g_354
66251,g_1113
66251,g_1168
66251,g_3118
66255,g_18
66438,g_18
66438,g_1163
66438,g_1167
66609,g_202
66665,g_18
66665,g_301
66665,g_3163
66665,g_3165
66665,g_14726
66681,g_1122
66817,g_18
66817,g_818
66817,g_1167
66817,g_14726
67005,g_16
67005,g_303
67005,g_1113
67005,g_1122
67060,g_197
67060,g_303
67060,g_1113
67060,g_1122
67060,g_3165
67141,g_1122
67141,g_10222
67141,g_10223
67141,g_15520
67350,g_28
67372,g_81
67633,g_14
67633,g_1116
67633,g_1122
67633,g_3148
67633,g_3165
67681,g_35
67681,g_81
67689,g_28
67689,g_81
67691,g_14
67691,g_57
67694,g_12
67694,g_81
67697,g_35
67697,g_1122
67702,g_2737
67706,g_3083
67722,g_31
67722,g_138
67765,g_27
67775,g_28
67775,g_82
67788,g_33
67788,g_1122
67792,g_191
67797,g_12
67797,g_18
67797,g_82
67823,g_28
67838,g_27
67844,g_27
67911,g_80
68138,g_18
68141,g_36
68151,g_18
68172,g_14453
68314,g_35
68320,g_18
68320,g_35
68410,g_18
68410,g_3165
68430,g_18
68456,g_33
68456,g_6033
68471,g_18
68472,g_18
68488,g_18
68488,g_3165
68501,g_18
68512,g_35
68515,g_27
68537,g_12
68537,g_18
68537,g_6033
68546,g_18
68669,g_126
68697,g_18
68730,g_18
68730,g_3165
68801,g_35
68815,g_18
68823,g_14
68823,g_35
68830,g_35
69051,g_71
69278,g_35
69278,g_126
69824,g_18
69843,g_18
69903,g_53
69903,g_80
69952,g_99
69952,g_206
69952,g_3167
70108,g_2738
70240,g_18
70443,g_18
70474,g_303
70474,g_1122
70474,g_3119
70612,g_69
70690,g_18
70869,g_35
70936,g_18
70936,g_2916
71088,g_354
71088,g_1122
71088,g_3165
71228,g_18
71433,g_14999
71691,g_69
71879,g_18
71879,g_101
71929,g_87
71929,g_99
71929,g_1113
71929,g_1122
72118,g_18
72208,g_18
72211,g_18
72327,g_18
72456,g_18
72461,g_12
72461,g_17
72461,g_50
72461,g_196
72461,g_869
72477,g_18
72477,g_28
73041,g_44
73967,g_80
74091,g_18
74091,g_35
75216,g_126
75241,g_44
75826,g_18
75833,g_18
75947,g_35
75972,g_18
75972,g_19
75974,g_28
75974,g_35
75975,g_80
75975,g_122
75978,g_18
76021,g_22
76021,g_87
76021,g_303
76021,g_4288
76021,g_6366
76025,g_35
77521,g_35
77549,g_18
77549,g_69
77570,g_71
77840,g_54
77845,g_35
78557,g_18
78721,g_18
79092,g_18
79488,g_36
79488,g_210
79488,g_818
79488,g_939
79488,g_2890
79488,g_3167
79651,g_18
79655,g_18
79705,g_18
79706,g_18
79956,g_18
79956,g_2916
80072,g_18
80072,g_71
80302,g_35
80353,g_44
81136,g_71
81145,g_1125
81236,g_92
81236,g_1116
81236,g_1122
81236,g_3114
81236,g_3165
81281,g_80
81285,g_12
81285,g_16
81285,g_17
81285,g_35
81285,g_7407
81289,g_18
81342,g_35
81405,g_18
81622,g_18
81624,g_37
81653,g_17126
81738,g_35
82112,g_18
82112,g_3165
82169,g_18
82490,g_18
82923,g_18
83363,g_18
83616,g_37
83727,g_18
83727,g_17580
83733,g_18
83825,g_18
83836,g_18
84844,g_18
85059,g_28
85059,g_878
85216,g_37
85216,g_196
85647,g_18
85801,g_18
85850,g_18
86035,g_18
86039,g_18
86059,g_18
86061,g_18
86245,g_27
86559,g_18
86777,g_18
86777,g_33
86947,g_18
87104,g_18
87215,g_18
87289,g_18
87289,g_33
87338,g_35
87508,g_18
88269,g_28
88362,g_53
88635,g_35
88718,g_27
88718,g_28
88797,g_18
88855,g_53
88864,g_18
88871,g_18
88938,g_18
88955,g_28
88979,g_27
89080,g_28
89183,g_18
89187,g_18
89215,g_18
89215,g_1122
89355,g_18
89368,g_18
89429,g_18
89464,g_28
89465,g_28
89467,g_35
89468,g_35
89624,g_80
89653,g_18
89720,g_18
90208,g_12
90208,g_28
90208,g_34
90208,g_878
90208,g_8497
90458,g_18
90488,g_18
90593,g_2916
90771,g_28
90850,g_18
91127,g_12
91132,g_53
91143,g_18
91402,g_13
91413,g_13
91582,g_18
91599,g_18
91767,g_2916
91843,g_190
92050,g_191
92054,g_18
92096,g_80
92239,g_28
92323,g_18
92409,g_18
92429,g_12
92467,g_18
92471,g_18
92561,g_12
92565,g_80
92580,g_3109
92749,g_18
92793,g_18
92794,g_18
92794,g_1115
92961,g_18
92974,g_18
92979,g_33
93025,g_18
93101,g_80
93193,g_80
93271,g_18
93334,g_18
93334,g_126
93375,g_27
93388,g_16
93388,g_87
93388,g_168
93388,g_303
93388,g_863
93388,g_867
93391,g_16
93391,g_87
93391,g_168
93391,g_303
93391,g_863
93392,g_16
93392,g_87
93392,g_168
93392,g_303
93392,g_863
93488,g_18
93522,g_12
93522,g_16
93522,g_28
93522,g_35
93579,g_28
93582,g_18
93713,g_18
93750,g_80
94086,g_35
94171,g_18
94222,g_117
94358,g_81
94409,g_126
94475,g_80
94476,g_80
94561,g_80
95007,g_2713
95071,g_81
95079,g_18
95342,g_18
95361,g_18
95381,g_80
95383,g_18
95419,g_35
95419,g_1116
95419,g_1122
95446,g_80
95447,g_80
95617,g_18
95631,g_18
95679,g_18
95687,g_18
95747,g_18
95748,g_18
96343,g_18
96558,g_13
97083,g_18
97596,g_122
97645,g_18
97645,g_79
97647,g_18
98942,g_18
99046,g_35
99196,g_18
99801,g_18
99856,g_18
99939,g_18
100003,g_18
100424,g_14
100424,g_18
101132,g_18
101133,g_18
101510,g_18
102462,g_27
102462,g_878
102669,g_18
103567,g_71
104238,g_18
104326,g_15
104326,g_869
104326,g_2891
104326,g_3166
104357,g_18
105169,g_69
105691,g_18
106198,g_18
106198,g_105
106463,g_18
106595,g_18
106845,g_127
107131,g_18
107449,g_18
107721,g_18
108222,g_18
108419,g_35
108468,g_18
108808,g_31
108808,g_2890
109067,g_81
109102,g_89
109635,g_81
109810,g_18
109849,g_35
110693,g_18
110693,g_35
111668,g_18
111687,g_18
111687,g_1122
112275,g_18
112275,g_1122
112512,g_18
112668,g_18
112733,g_18
112793,g_10107
112921,g_53
113838,g_18
114121,g_27
114121,g_53
114154,g_18
115261,g_80
115328,g_33
115461,g_18
116031,g_80
116151,g_2370
116173,g_80
116692,g_80
117012,g_18
117019,g_18
117216,g_18
117379,g_18
117542,g_35
117542,g_869
117620,g_13
117633,g_35
117635,g_35
117636,g_35
119134,g_18
119775,g_18
119986,g_12
119986,g_14
119986,g_15
119986,g_35
119986,g_3166
120667,g_3112
121254,g_18
121433,g_166
126251,g_79
126251,g_80
129479,g_18
129669,g_79
129669,g_80
129672,g_79
129672,g_80
129753,g_35
129933,g_18
129942,g_18
130060,g_27
130185,g_18
132172,g_27
133571,g_878
133862,g_18
133863,g_18
134487,g_28
134487,g_31
135816,g_35
137001,g_18
137649,g_14
137649,g_15
137649,g_35
137649,g_6522
137649,g_14452
137971,g_18
138270,g_81
138737,g_18
138969,g_18
138969,g_33
142408,g_18
145915,g_99
147459,g_35
147864,g_27
149215,g_18
150422,g_18
152127,g_18
152175,g_27
152925,g_35
152925,g_37
153057,g_18
153527,g_27
156994,g_35
156994,g_1122
157844,g_85
157844,g_871
157844,g_873
157844,g_874
159883,g_35
161526,g_18
161526,g_27
161526,g_79
161638,g_18
161640,g_18
162090,g_126
162305,g_18
163279,g_18
163349,g_31
163587,g_27
163597,g_80
163965,g_18
164382,g_126
164391,g_878
164627,g_18
165290,g_35
165295,g_18
165295,g_31
165397,g_37
165961,g_34
165961,g_878
166306,g_18
167279,g_80
167283,g_18
167494,g_81
168033,g_28
170129,g_18
171398,g_18
171975,g_18
174211,g_81
174318,g_126
174348,g_31
174351,g_644
174401,g_31
174435,g_18
174494,g_27
175327,g_14
175327,g_35
175327,g_1122
175386,g_18
175458,g_35
175572,g_27
175622,g_18
175627,g_18
175827,g_17
175827,g_878
175827,g_3167
175926,g_28
175930,g_28
175949,g_31
176080,g_81
176081,g_31
176321,g_18
176419,g_18
176423,g_18
176424,g_18
176432,g_18
176563,g_28
176914,g_18
176929,g_28
176943,g_28
176945,g_18
176969,g_3109
177047,g_27
177051,g_27
177078,g_35
177086,g_17126
177087,g_18
177147,g_27
177288,g_18
177443,g_2890
177468,g_27
177659,g_122
178277,g_35
178311,g_27
178319,g_126
178324,g_878
178351,g_18
178400,g_36
178792,g_18
178820,g_27
179111,g_18
179115,g_27
179236,g_35
179614,g_18
179693,g_2932
179706,g_35
179846,g_27
179929,g_27
179931,g_27
180187,g_35
180637,g_28
180964,g_35
180993,g_18
181000,g_35
181006,g_18
181009,g_18
181020,g_18
181046,g_241
181051,g_18
181059,g_2890
181062,g_18
181078,g_18
181079,g_18
181082,g_18
181087,g_18
181090,g_18
181094,g_18
181095,g_17126
181096,g_135
181098,g_18
181101,g_122
181103,g_126
181109,g_18
181292,g_36
181380,g_79
181396,g_12
181401,g_169
181422,g_18
181475,g_18
181481,g_122
181510,g_81
181523,g_35
181526,g_18
181528,g_193
181529,g_193
181530,g_193
181532,g_35
181847,g_18
181849,g_18
181864,g_18
181864,g_36
181865,g_18
181937,g_28
182659,g_18
182668,g_35
182705,g_56
183270,g_36
183366,g_79
184913,g_37
184919,g_80
184934,g_35
185060,g_35
185062,g_35
185097,g_126
185182,g_28
185204,g_28
185205,g_33
185206,g_35
185218,g_35
185240,g_35
185257,g_35
185268,g_1125
185273,g_35
185278,g_18
185415,g_81
185416,g_81
185417,g_81
185500,g_18
185502,g_122
185511,g_18
185511,g_1122
185819,g_158
185822,g_35
185868,g_18
185974,g_35
186001,g_122
186186,g_1125
186399,g_18
186407,g_18
186408,g_35
186418,g_35
186494,g_35
186533,g_27
186618,g_80
186887,g_79
186896,g_17126
186950,g_1125
186963,g_18
187043,g_35
187231,g_644
187233,g_17
187233,g_18
187237,g_18
187238,g_18
187302,g_35
187303,g_35
187370,g_18
187424,g_35
187431,g_35
187571,g_35
187608,g_56
187616,g_12
187617,g_2890
187690,g_18
187932,g_18
187963,g_12
187963,g_28
187963,g_35
187967,g_35
187972,g_35
187976,g_35
187989,g_106
188040,g_18
188041,g_33
188060,g_35
188199,g_35
188208,g_80
188209,g_27
188214,g_35
188355,g_80
188356,g_80
188376,g_53
188383,g_10107
188395,g_53
188398,g_18
188401,g_644
188402,g_644
188404,g_37
188411,g_37
188415,g_35
188420,g_37
188487,g_35
188560,g_28
188561,g_18
188599,g_18
188763,g_18
188775,g_28
188784,g_28
188795,g_28
188804,g_18
188812,g_27
188877,g_18
188879,g_53
188880,g_122
188905,g_122
188934,g_18
188994,g_122
189001,g_53
189002,g_53
189007,g_27
189012,g_31
189015,g_18
189111,g_18
189117,g_18
189127,g_18
189129,g_18
189132,g_18
189133,g_35
189154,g_37
189155,g_18
189190,g_126
189261,g_53
189262,g_35
189268,g_18
189307,g_27
189339,g_53
189439,g_31
189471,g_35
189499,g_35
189501,g_18
189534,g_878
189540,g_28
189577,g_79
189624,g_14
189809,g_28
189815,g_35
189953,g_191
190258,g_18
190272,g_18
190283,g_126
190293,g_18
190294,g_18
190340,g_18
190352,g_33
190356,g_35
190357,g_35
190372,g_31
190378,g_14452
190395,g_18
190400,g_35
190409,g_18
190542,g_18
190547,g_18
190898,g_33
190905,g_37
190958,g_27
30,g_34
30,g_878
474,g_33
474,g_71
474,g_79
474,g_80
474,g_166
474,g_1150
477,g_27
477,g_33
477,g_35
477,g_71
477,g_79
477,g_80
477,g_166
774,g_206
774,g_1116
774,g_1122
774,g_3148
774,g_3165
1128,g_12
1128,g_18
1160,g_17
1160,g_864
1160,g_866
1160,g_2979
1963,g_19
1963,g_219
2903,g_122
2963,g_17
2963,g_878
2963,g_1110
2963,g_3165
2987,g_18
2987,g_31
3177,g_27
3693,g_136
4323,g_18
4323,g_3165
4325,g_18
4325,g_27
4325,g_1119
4890,g_18
4890,g_3138
5054,g_2916
5073,g_36
5087,g_87
5087,g_202
5087,g_209
5087,g_1112
5087,g_3163
5117,g_3167
5139,g_17
5139,g_69
5139,g_208
5139,g_807
5154,g_106
5154,g_136
5154,g_3167
5888,g_80
5888,g_3165
7216,g_162
7216,g_164
7390,g_80
7390,g_3167
7860,g_18
8214,g_44
8214,g_3163
8383,g_17126
8652,g_19
8653,g_18
8653,g_3163
8692,g_162
8771,g_157
8779,g_16
8900,g_44
8900,g_219
8927,g_122
8949,g_17
8949,g_35
8949,g_1110
8949,g_3167
8949,g_7931
8949,g_10217
9551,g_16
9551,g_114
9551,g_210
9632,g_141
9632,g_144
9634,g_53
9634,g_10215
9669,g_27
9704,g_204
9728,g_27
9728,g_53
10221,g_71
10221,g_127
10291,g_127
10374,g_126
10374,g_2713
10422,g_126
10448,g_12
10448,g_36
10506,g_99
10686,g_28
10686,g_193
10697,g_33
10697,g_126
10722,g_56
10722,g_168
10770,g_2888
10770,g_13544
10831,g_18
10831,g_80
10880,g_878
10931,g_219
10960,g_35
10960,g_878
10980,g_28
10980,g_86
11214,g_99
11214,g_10222
11214,g_10227
11466,g_122
11466,g_13544
11479,g_12
11479,g_35
11492,g_18
11492,g_3138
11569,g_27
11569,g_53
11612,g_28
11612,g_35
11810,g_33
11810,g_126
11819,g_53
11819,g_3167
11876,g_12
11876,g_19
11914,g_35
11914,g_10216
11948,g_18
11948,g_31
11953,g_18
11953,g_31
11981,g_35
12156,g_71
12217,g_1115
12302,g_35
12424,g_18
12468,g_18
12470,g_18
12496,g_18
12496,g_28
12544,g_18
12544,g_35
12562,g_18
12583,g_14
12583,g_27
12592,g_80
12592,g_1125
12595,g_18
12595,g_878
12604,g_18
12604,g_35
12607,g_53
12607,g_878
12765,g_71
12838,g_18
13115,g_35
13497,g_106
13570,g_19644
13624,g_28
13624,g_81
13624,g_10215
14082,g_16
14082,g_34
14082,g_878
14099,g_53
14141,g_36
14141,g_99
14446,g_163
14634,g_36
14761,g_81
14786,g_37
15122,g_27
15122,g_79
15122,g_878
15122,g_1109
15122,g_10215
15122,g_10223
15122,g_10226
15204,g_18
15204,g_1122
15635,g_18
15738,g_18
15779,g_34
15779,g_250
15851,g_126
15861,g_33
15927,g_35
15938,g_18
16002,g_18
16002,g_31
16206,g_28
16206,g_878
16739,g_12
16739,g_28
16749,g_16304
17026,g_35
17026,g_10216
17318,g_18
17318,g_69
17318,g_10223
17357,g_126
17357,g_10218
17357,g_10219
18880,g_81
18880,g_82
18893,g_44
18952,g_53
18952,g_105
18952,g_3167
19044,g_53
19044,g_644
19048,g_18
19048,g_10221
19189,g_33
19189,g_35
19478,g_18
19478,g_92
19478,g_1122
20008,g_18
20141,g_18
20297,g_18
20313,g_122
20412,g_18
20412,g_33
20412,g_35
20469,g_126
20469,g_818
20735,g_18
20919,g_35
21178,g_27
21178,g_867
21178,g_6033
21178,g_10226
21296,g_18
21296,g_302
21395,g_99
21395,g_303
21395,g_1113
21395,g_10221
21395,g_10222
21395,g_10224
21470,g_35
21470,g_10216
21488,g_18
21488,g_35
21550,g_18
21798,g_18
21798,g_144
21799,g_18
21799,g_35
21877,g_44
21877,g_69
21877,g_3167
21879,g_18
22082,g_71
22369,g_15
22369,g_17
22369,g_869
22369,g_7407
22369,g_10215
22369,g_10216
22532,g_44
22532,g_117
22532,g_1122
22769,g_35
22769,g_71
22871,g_18
22871,g_53
23185,g_818
23185,g_873
23185,g_1479
23221,g_18
23221,g_53
23374,g_28
23374,g_874
24213,g_18
24213,g_10221
24213,g_10224
24551,g_28
24551,g_2891
24649,g_1115
24649,g_1125
25443,g_18
25443,g_56
25904,g_18
25913,g_13
25913,g_15
25913,g_17
25913,g_50
25913,g_14452
26141,g_19
26141,g_10219
26284,g_28
26284,g_10215
26288,g_164
26309,g_18
26309,g_22
26572,g_87
26572,g_1113
26666,g_18
26666,g_53
26832,g_44
26832,g_10224
27041,g_18
27172,g_126
27180,g_18
27413,g_878
27536,g_196
27536,g_10105
27733,g_18
27832,g_72
28195,g_27
28335,g_22
28335,g_35
28380,g_28
28716,g_18
29721,g_27
29721,g_87
29721,g_874
29721,g_14710
29752,g_18
31267,g_14
31267,g_35
31346,g_18
31346,g_2889
31499,g_2890
31499,g_10222
31499,g_10228
31905,g_18
33010,g_18
33010,g_53
33041,g_18
33041,g_44
33041,g_71
33058,g_18
33058,g_10221
33058,g_10224
33188,g_17
33188,g_49
33188,g_1110
33188,g_3167
33188,g_10217
33188,g_10228
33188,g_13544
33471,g_44
33471,g_69
33471,g_10223
33756,g_101
33756,g_126
33756,g_10217
33756,g_10219
33944,g_2891
33944,g_10227
33944,g_10228
34086,g_18
34086,g_35
34086,g_10219
34144,g_28
34144,g_80
34144,g_136
34618,g_99
34618,g_303
34618,g_1113
34618,g_10222
34618,g_10223
34618,g_10228
34712,g_33
34712,g_34
34712,g_122
34712,g_124
34712,g_126
34712,g_154
34712,g_8497
34721,g_2889
34721,g_10221
34721,g_10223
35121,g_53
35188,g_80
35188,g_10215
35393,g_69
35393,g_10218
35393,g_10223
35492,g_18
35492,g_32
35525,g_206
35525,g_209
35525,g_10221
35525,g_10222
35525,g_10223
35525,g_10227
36162,g_80
36166,g_80
36251,g_53
36278,g_18
36458,g_18
36458,g_69
36736,g_3110
37265,g_170
37265,g_10226
37419,g_14
37419,g_28
37419,g_14414
37484,g_82
37484,g_10214
37797,g_28
37797,g_35
37799,g_1125
37799,g_2888
37799,g_3082
38057,g_28
38057,g_193
38404,g_1479
38516,g_18
39115,g_18
39465,g_1122
39509,g_56
39509,g_117
39661,g_33
39737,g_106
39979,g_18
40800,g_18
40975,g_27
40975,g_1115
41590,g_18
41592,g_18
41594,g_18
41619,g_18
41656,g_35
41788,g_35
42030,g_18
42069,g_3110
42073,g_86
42085,g_18
42197,g_2890
42197,g_3167
42446,g_18
43334,g_27
43334,g_10226
43523,g_53
43523,g_2738
43540,g_36
43602,g_18
43602,g_10223
43602,g_10228
43724,g_127
43724,g_10221
43759,g_191
43759,g_10223
43871,g_18
44130,g_191
44202,g_35
44216,g_35
44216,g_301
44216,g_3165
44693,g_251
44693,g_10215
44747,g_17
44747,g_1125
44750,g_18
44806,g_16
44806,g_869
44806,g_10216
44806,g_10217
44806,g_10218
45070,g_18
45070,g_80
45071,g_18
45071,g_27
45147,g_69
45147,g_73
45147,g_303
45147,g_1113
45283,g_18
45379,g_18
45385,g_18
45385,g_10221
45492,g_18
45652,g_18
45737,g_18
45753,g_18
45818,g_79
45818,g_134
45818,g_219
45821,g_196
45821,g_869
45821,g_3141
45821,g_8741
45821,g_10214
45821,g_10216
45951,g_18
45951,g_35
45951,g_10219
46161,g_18
46161,g_10221
46248,g_18
46291,g_71
46296,g_28
46296,g_53
46296,g_2738
46349,g_89
46793,g_32
46793,g_33
47079,g_18
47079,g_2738
47950,g_89
47950,g_3082
47950,g_6033
48006,g_35
48106,g_18
48222,g_18
48227,g_35
48227,g_69
48240,g_191
48252,g_27
48260,g_53
48304,g_191
48427,g_18
48427,g_3167
48434,g_18
48434,g_3167
48442,g_18
48934,g_18
49000,g_18
49144,g_27
49144,g_37
49149,g_18
49264,g_81
49264,g_82
49305,g_27
49305,g_87
49459,g_18
49642,g_28
49642,g_3166
49661,g_22
49661,g_2890
49747,g_27
49801,g_2738
49801,g_2890
50042,g_35
50089,g_53
50089,g_3167
50110,g_2370
50111,g_2890
50112,g_13
50177,g_35
50189,g_35
50206,g_2370
50214,g_2717
50262,g_81
50262,g_82
50373,g_18
50426,g_53
50426,g_80
50440,g_354
50440,g_1122
50440,g_3118
50509,g_18
50526,g_35
50584,g_35
50592,g_12
50592,g_17
50709,g_53
50709,g_80
50760,g_35
50770,g_35
50772,g_18
50875,g_114
50875,g_861
50875,g_10216
50936,g_18
50937,g_53
50941,g_15
50941,g_16
50941,g_1122
50941,g_3148
50941,g_10216
50941,g_15520
51135,g_35
51216,g_12
51219,g_12
51219,g_3167
51278,g_18
51278,g_35
51278,g_80
51278,g_127
51278,g_144
51278,g_3167
51278,g_14452
51364,g_18
51368,g_18
51459,g_2890
51521,g_79
51521,g_864
51553,g_81
51553,g_2890
51567,g_99
51567,g_115
51569,g_18
51710,g_18
51713,g_18
51800,g_18
51800,g_92
51800,g_134
51826,g_81
51880,g_18
51880,g_10215
51885,g_35
51959,g_121
52021,g_86
52021,g_87
52025,g_35
52036,g_35
52036,g_1119
52061,g_18
52061,g_35
52215,g_53
52215,g_80
52218,g_27
52225,g_12
52225,g_209
52817,g_36
52878,g_18
52878,g_35
52882,g_142
52932,g_79
53528,g_3167
53528,g_18385
53672,g_37
53672,g_191
53688,g_71
53839,g_18
53839,g_2738
53875,g_163
53972,g_18
53972,g_10220
53972,g_10228
54059,g_99
54059,g_204
54059,g_3167
54059,g_10223
54101,g_18
54123,g_28
54123,g_10215
54172,g_12
54172,g_18
54262,g_18
54262,g_35
54319,g_35
54429,g_27
54429,g_10226
54431,g_878
54431,g_10214
54512,g_209
54512,g_210
54512,g_2890
54651,g_130
54656,g_35
54656,g_10216
54662,g_12
54662,g_10215
54666,g_191
54846,g_81
54846,g_10225
54857,g_22
54857,g_2370
54860,g_2891
54860,g_10215
54937,g_18
54937,g_1113
54937,g_1119
55029,g_18
55029,g_56
55159,g_27
55166,g_1125
55178,g_18
55178,g_1122
55182,g_35
55197,g_18
55197,g_1119
55264,g_27
55280,g_191
55310,g_22
55310,g_197
55310,g_303
55310,g_1113
55310,g_1122
55310,g_3165
55331,g_18
55360,g_27
55384,g_18
55384,g_19
55471,g_15
55471,g_16
55471,g_7221
55544,g_27
55544,g_154
55679,g_12
55679,g_35
55705,g_12
56090,g_12
56090,g_35
56090,g_37
56090,g_878
56090,g_10214
56090,g_10215
56090,g_10216
56195,g_37
56195,g_191
56218,g_53
56219,g_37
56226,g_28
56226,g_81
56295,g_44
56305,g_22
56305,g_99
56460,g_18
56472,g_18
56477,g_18
56699,g_18
56699,g_101
56699,g_301
56699,g_3163
56699,g_10282
56699,g_14726
56822,g_53
56822,g_10215
56888,g_106
56908,g_35
57034,g_18
57034,g_27
57052,g_18
57052,g_33
57057,g_18
57057,g_1122
57085,g_18
57085,g_33
57085,g_864
57085,g_865
57085,g_3167
57131,g_12
57599,g_2890
57599,g_3167
57660,g_34
57660,g_79
58192,g_18
58192,g_10221
58192,g_10222
58321,g_27
58321,g_10215
58321,g_10226
58610,g_18
58682,g_18
58682,g_3167
58742,g_35
59087,g_27
59087,g_33
59087,g_79
59088,g_27
59088,g_53
59311,g_18
59311,g_10221
59369,g_35
59369,g_10216
59382,g_18
59382,g_35
59386,g_80
59401,g_22
59422,g_16
59422,g_869
59422,g_1122
59422,g_10221
59462,g_18
59462,g_35
59609,g_14
59609,g_35
59609,g_303
59609,g_1116
59609,g_1122
59625,g_17
59625,g_10105
59746,g_81
59820,g_22
59868,g_80
59868,g_863
59897,g_14
59897,g_27
59897,g_1116
59897,g_1122
59897,g_3165
60055,g_18
60112,g_33
60499,g_69
60499,g_10223
60540,g_80
60540,g_136
60583,g_17
60583,g_71
60583,g_1109
60583,g_1116
60583,g_3165
60591,g_17
60591,g_1109
60591,g_1116
60591,g_2888
60591,g_3165
60591,g_16304
61296,g_80
61296,g_3168
61345,g_35
61345,g_5702
62303,g_99
62303,g_14453
62367,g_18
63021,g_18
63183,g_80
63183,g_87
63183,g_209
63183,g_1113
63183,g_19717
63211,g_18
63211,g_31
63475,g_219
63492,g_18
63492,g_10221
63492,g_10228
63555,g_53
63555,g_141
63608,g_878
63860,g_18
63860,g_3164
63908,g_18
64021,g_15038
64113,g_27
64249,g_18
64254,g_18
64286,g_33
64536,g_197
64536,g_303
64536,g_1122
64536,g_3118
64576,g_191
64617,g_27
64617,g_15038
64701,g_18
64738,g_18
64738,g_31
64912,g_18
65461,g_18
65925,g_19
66079,g_18
66237,g_18
66314,g_18
66333,g_16
66758,g_126
66764,g_18
66820,g_18
66820,g_1116
66908,g_136
67061,g_16
67061,g_303
67061,g_353
67061,g_1113
67061,g_1122
67061,g_3165
67062,g_16
67062,g_303
67062,g_353
67062,g_1113
67062,g_1122
67062,g_3165
67264,g_99
67264,g_303
67264,g_524
67264,g_1168
67264,g_14726
67328,g_209
67328,g_303
67328,g_2890
67669,g_14
67669,g_16
67669,g_17
67669,g_35
67669,g_1109
67669,g_8741
67686,g_12
67686,g_81
67688,g_12
67688,g_35
67688,g_81
67774,g_35
67774,g_81
67813,g_12
67813,g_28
67813,g_35
67815,g_12
67827,g_17
67827,g_36
67827,g_1116
67827,g_2890
67827,g_3127
67827,g_3165
67935,g_92
68142,g_18
68154,g_18
68154,g_52
68193,g_18
68204,g_27
68204,g_3167
68478,g_18
68517,g_18
68517,g_3165
68532,g_18
68532,g_3165
68532,g_4221
68560,g_35
68560,g_3165
68596,g_18
68601,g_18
68601,g_3165
68602,g_18
68602,g_3165
68635,g_18
68635,g_3165
68639,g_35
68650,g_33
68650,g_6033
68688,g_18
68688,g_3165
68694,g_18
68694,g_3165
68698,g_18
68698,g_35
68734,g_18
68737,g_18
68737,g_3165
68752,g_35
68765,g_3165
68765,g_17126
68768,g_18
68768,g_31
68768,g_3165
68771,g_122
68773,g_35
68773,g_3165
68776,g_18
68776,g_35
68776,g_3165
68780,g_18
68780,g_80
68793,g_12
68793,g_17
68793,g_35
68793,g_10214
68793,g_10215
68793,g_10221
68793,g_15520
68828,g_18
68828,g_3165
68831,g_18
68831,g_3165
68835,g_53
68835,g_80
68855,g_126
68886,g_56
68886,g_80
69057,g_28
69436,g_18
69468,g_18
69468,g_17580
69505,g_114
69505,g_17580
69603,g_18
69603,g_17580
69604,g_18
69604,g_17580
69615,g_27
69615,g_1119
69712,g_18
69712,g_35
69712,g_1113
69942,g_126
70272,g_3166
70272,g_14926
70550,g_18
70620,g_18
70620,g_1122
70697,g_18
70697,g_818
70756,g_11
70770,g_18
70770,g_1116
70838,g_18
70840,g_18
70840,g_36
70870,g_18
71409,g_18
71409,g_1101
71410,g_18
71410,g_122
71410,g_1101
71441,g_18
71469,g_2890
71627,g_53
71627,g_2916
71880,g_14
71880,g_28
71880,g_34
71880,g_864
71880,g_878
71880,g_7931
71880,g_8497
71889,g_18
71914,g_135
72019,g_18
72157,g_18
72157,g_31
72184,g_18
72184,g_15588
72236,g_16
72267,g_18
72275,g_18
72277,g_18
72377,g_18
72378,g_18
72430,g_35
72430,g_1122
72465,g_18
72473,g_18
72644,g_35
73036,g_71
73036,g_3145
73719,g_18
73719,g_818
73719,g_1116
74223,g_18
74223,g_22
75199,g_18
75199,g_35
75313,g_18
75379,g_18
75417,g_27
75417,g_1119
75626,g_35
75757,g_71
75787,g_71
75787,g_101
75787,g_209
75896,g_80
75899,g_3166
75899,g_10105
75979,g_79
75979,g_80
76029,g_69
76069,g_18
76069,g_80
76103,g_18
76129,g_127
76129,g_3165
77113,g_69
77300,g_18
77531,g_14
77531,g_126
77531,g_3167
77799,g_17
77799,g_18
77799,g_35
77799,g_196
78164,g_35
78191,g_18
78720,g_18
78720,g_53
78873,g_18
78873,g_19
79010,g_18
79017,g_54
79017,g_71
79200,g_18
79250,g_18
79250,g_14415
79605,g_18
79605,g_130
79652,g_18
79652,g_35
79713,g_35
79777,g_18
79777,g_71
79962,g_28
79962,g_80
79968,g_18
79968,g_80
80048,g_71
80180,g_18
81138,g_18
81146,g_17
81146,g_10105
81172,g_18
81221,g_12
81221,g_35
81221,g_869
81287,g_17
81287,g_18
81392,g_18
81392,g_1116
81398,g_12
81398,g_33
81400,g_18
81400,g_36
81407,g_18
81411,g_18
81467,g_18
81467,g_122
81468,g_18
81468,g_71
81584,g_18
81584,g_3167
81703,g_35
82120,g_126
82207,g_18
82211,g_18
82234,g_12
82384,g_18
82387,g_18
82390,g_18
82390,g_2890
82799,g_33
82799,g_35
82900,g_2888
82921,g_14
82921,g_17
83114,g_18
83361,g_126
83528,g_28
83528,g_878
83531,g_18
83826,g_18
83826,g_122
83829,g_18
83832,g_18
83908,g_191
84333,g_18
84369,g_126
84372,g_18
84374,g_191
84612,g_18
84613,g_18
84827,g_33
84943,g_18
85044,g_18
85137,g_27
85137,g_1116
85137,g_3165
85415,g_33
85415,g_49
85415,g_126
85415,g_302
85415,g_303
85415,g_354
85644,g_18
85646,g_33
86044,g_18
86044,g_1188
86060,g_18
86065,g_18
86246,g_27
86328,g_27
86392,g_28
86392,g_33
86395,g_28
86504,g_18
86504,g_3167
86523,g_18
86523,g_209
86792,g_12
86792,g_27
87019,g_18
87225,g_28
87225,g_80
87305,g_18
87305,g_35
87323,g_18
87503,g_18
87519,g_18
87519,g_31
87677,g_18
87677,g_80
87701,g_18
87725,g_86
87759,g_28
87759,g_3166
87785,g_35
87795,g_18
87795,g_80
87802,g_17126
88124,g_18
88124,g_28
88127,g_18
88192,g_54
88357,g_18
88357,g_1110
88376,g_12
88376,g_35
88458,g_18
88630,g_18
88659,g_12
88659,g_17
88670,g_18
88760,g_12
88791,g_18
88846,g_18
88846,g_71
89073,g_12
89186,g_18
89237,g_35
89260,g_28
89260,g_3167
89316,g_28
89316,g_81
89329,g_18
89337,g_18
89369,g_18
89425,g_18
89427,g_35
89627,g_28
89627,g_53
89631,g_17
89631,g_18
89632,g_56
89636,g_28
89636,g_35
89805,g_28
89908,g_35
89908,g_114
89986,g_18
89992,g_18
90017,g_18
90017,g_33
90084,g_18
90084,g_35
90085,g_18
90086,g_18
90086,g_53
90122,g_18
90122,g_106
90205,g_80
90475,g_27
90494,g_126
90598,g_27
90663,g_18
90697,g_28
90697,g_80
90703,g_71
90716,g_27
90947,g_18
90961,g_53
90985,g_1126
91009,g_191
91058,g_27
91058,g_53
91075,g_18
91093,g_35
91133,g_18
91150,g_191
91172,g_18
91172,g_14452
91234,g_80
91269,g_18
91277,g_18
91403,g_16
91403,g_35
91403,g_869
91453,g_28
91549,g_28
91549,g_81
91577,g_126
91585,g_18
91600,g_18
91653,g_12
91653,g_17
91692,g_86
91692,g_3166
91700,g_35
91708,g_35
91714,g_2932
91747,g_126
91749,g_13
91827,g_14
91827,g_14452
91847,g_80
91900,g_12
91968,g_35
91976,g_12
91976,g_869
92047,g_2916
92048,g_33
92048,g_72
92051,g_18
92051,g_28
92087,g_18
92094,g_13
92097,g_80
92101,g_35
92177,g_18
92181,g_28
92181,g_53
92187,g_122
92189,g_27
92245,g_18
92246,g_28
92247,g_18
92365,g_35
92365,g_17580
92371,g_3109
92396,g_18
92403,g_18
92430,g_35
92472,g_18
92474,g_126
92502,g_18
92554,g_18
92554,g_31
92583,g_71
92585,g_18
92621,g_28
92621,g_3167
92637,g_878
92659,g_18
92659,g_1122
92733,g_18
92748,g_18
92750,g_18
92754,g_15
92754,g_17
92754,g_92
92754,g_2730
92754,g_17126
92788,g_18
92820,g_35
92881,g_35
92910,g_18
92912,g_35
92919,g_33
92920,g_18
92959,g_33
92959,g_35
92960,g_18
92960,g_31
92963,g_18
92967,g_35
92973,g_18
92977,g_18
92978,g_18
93017,g_190
93024,g_18
93055,g_79
93057,g_53
93058,g_18
93067,g_18
93069,g_18
93099,g_80
93100,g_80
93111,g_35
93154,g_18
93158,g_18
93159,g_18
93161,g_35
93221,g_18
93262,g_18
93342,g_12
93342,g_31
93352,g_18
93445,g_18
93468,g_80
93497,g_191
93535,g_80
93535,g_3167
93548,g_18
93611,g_18
93619,g_18
93623,g_35
93711,g_18
93761,g_18
93770,g_18
94038,g_18
94038,g_36
94089,g_53
94089,g_3167
94097,g_14452
94099,g_18
94221,g_12
94230,g_35
94236,g_18
94236,g_3167
94271,g_18
94272,g_80
94426,g_18
94474,g_14
94474,g_28
94707,g_22
94710,g_31
94710,g_36
95012,g_18
95078,g_18
95117,g_122
95380,g_28
95380,g_53
95417,g_18
95449,g_18
95495,g_18
95542,g_18
95542,g_3167
95633,g_13
95652,g_35
95661,g_18
95661,g_122
95678,g_18
95691,g_18
95691,g_53
95743,g_18
95743,g_69
95744,g_18
95744,g_36
95746,g_18
95749,g_18
95751,g_18
95751,g_27
95752,g_18
95810,g_18
96033,g_122
96044,g_18
96209,g_18
96273,g_35
96328,g_12
96328,g_16
96328,g_17
96328,g_878
96328,g_3004
96328,g_18385
96344,g_33
96409,g_14
96409,g_28
96421,g_18
96448,g_12
96454,g_53
96759,g_18
96899,g_33
96899,g_35
96937,g_18
96947,g_80
96950,g_33
96958,g_18
96960,g_191
97134,g_18
97456,g_35
97517,g_18
97517,g_28
97518,g_12
97518,g_15
97518,g_35
97518,g_51
97518,g_869
97584,g_12
97595,g_18
97772,g_18
98152,g_18
98158,g_35
98359,g_18
98384,g_191
98386,g_80
98409,g_81
98707,g_18
99118,g_18
99189,g_18
99194,g_18
99542,g_18
99851,g_28
99851,g_878
100094,g_18
100422,g_35
100425,g_35
100628,g_18
100628,g_53
100629,g_18
100656,g_35
100658,g_19
101102,g_18
101131,g_18
101142,g_18
101226,g_79
101380,g_18
101511,g_18
101773,g_18
101928,g_18
102268,g_12
102302,g_80
102302,g_130
102454,g_14
102463,g_878
102647,g_18
102673,g_18
102826,g_35
102830,g_13
102869,g_13
103041,g_13
103179,g_164
103411,g_35
103440,g_2890
103443,g_18
103477,g_18
103598,g_18
103607,g_18
103607,g_1115
103857,g_18
103874,g_18
103874,g_114
104066,g_18
104091,g_18
104820,g_80
104895,g_18
104907,g_69
104926,g_27
104926,g_33
105251,g_18
105251,g_209
105251,g_3167
105262,g_35
105481,g_35
105761,g_19
105761,g_27
105787,g_18
105789,g_18
105847,g_18
105908,g_17
105908,g_35
106020,g_35
106134,g_18
106134,g_35
106134,g_1122
106148,g_37
106405,g_14
106405,g_28
106459,g_2890
106460,g_18
106467,g_18
106552,g_35
106630,g_33
106687,g_18
106790,g_126
106793,g_144
106824,g_35
106841,g_35
106842,g_17
106842,g_35
106849,g_53
106959,g_130
106979,g_18
106979,g_354
106982,g_18
107112,g_35
107411,g_18
107711,g_149
107876,g_27
108232,g_31
108293,g_27
108434,g_18
108434,g_1122
108443,g_35
108449,g_3166
108449,g_16304
108475,g_122
108479,g_106
108527,g_1125
108568,g_37
108698,g_126
108884,g_145
108886,g_18
109089,g_81
109104,g_35
109165,g_28
109165,g_81
109256,g_18
109264,g_35
109288,g_164
109296,g_35
109315,g_53
109357,g_18
109502,g_28
109502,g_53
109761,g_81
109818,g_18
109847,g_35
109893,g_18
109947,g_28
109972,g_35
110118,g_53
110119,g_28
110309,g_18
110446,g_16304
110552,g_18
110680,g_35
110864,g_35
110890,g_122
111002,g_18
111233,g_18
111364,g_31
111404,g_13
111469,g_141
111676,g_18
111686,g_33
111686,g_3167
111691,g_13
111695,g_33
111704,g_18
111885,g_3115
111925,g_18
111933,g_16304
111934,g_18
111963,g_2890
112104,g_18
112273,g_27
112382,g_33
112391,g_18
112504,g_18
112628,g_18
112629,g_18
112630,g_18
112928,g_2890
112932,g_18
113003,g_27
113010,g_18
113049,g_80
113053,g_18
113093,g_27
113586,g_35
113666,g_18
113738,g_18
113748,g_18
113839,g_18
113912,g_18
113913,g_18
113959,g_18
114075,g_18
114159,g_36
114159,g_3167
114160,g_18
114160,g_2738
114218,g_18
114289,g_18
114289,g_35
114365,g_36
114369,g_28
114602,g_18
114602,g_56
114752,g_28
114752,g_3166
114795,g_18
115023,g_53
115036,g_18
115119,g_130
115152,g_35
115225,g_14
115225,g_16
115225,g_196
115225,g_197
115225,g_302
115225,g_1122
115254,g_18
115611,g_27
115611,g_684
115616,g_18
115616,g_80
115734,g_80
116045,g_27
116204,g_18
116277,g_35
116671,g_35
116671,g_878
116784,g_22
117015,g_31
117112,g_18
117112,g_1122
117590,g_13
117644,g_18
117830,g_18
117920,g_1479
117951,g_35
117960,g_33
118065,g_53
118232,g_28
118544,g_18
118545,g_18
118548,g_18
118711,g_3110
118968,g_2916
118968,g_3110
119066,g_2370
119095,g_158
119111,g_14
119178,g_18
119272,g_18
119272,g_80
119432,g_18
119565,g_27
119565,g_2579
119573,g_27
119573,g_154
119573,g_2579
119573,g_3082
119619,g_18
119648,g_18
119777,g_18
120057,g_158
120057,g_3166
120115,g_2370
120642,g_18
120645,g_105
121030,g_27
121086,g_35
121109,g_35
121109,g_126
121255,g_18
121360,g_18
124567,g_2713
125865,g_18
126451,g_35
126451,g_1116
126748,g_28
126946,g_2370
127212,g_28
127475,g_18
127906,g_35
128337,g_18
128729,g_3114
129496,g_18
129497,g_18
129593,g_14
129593,g_18
129610,g_18
129676,g_14
129676,g_27
129716,g_81
130155,g_18
130162,g_122
130164,g_252
130198,g_18
130200,g_18
130205,g_2890
130524,g_126
131167,g_80
131547,g_53
131748,g_53
131895,g_18
131899,g_18
131908,g_35
132150,g_18
132443,g_18
132635,g_18
132635,g_79
133018,g_35
133250,g_80
133319,g_27
133319,g_3165
133326,g_18
133575,g_53
133578,g_126
133855,g_18
133856,g_18
133857,g_18
133858,g_18
134056,g_18
134193,g_27
134422,g_191
134430,g_33
134430,g_3167
134879,g_130
135198,g_18
135233,g_19
135270,g_18
135293,g_18
135304,g_18
135305,g_35
135542,g_18
135545,g_36
135546,g_18
135547,g_18
135548,g_18
135549,g_18
135571,g_18
135640,g_18
136079,g_18
136736,g_28
136772,g_27
136774,g_27
137004,g_18
137010,g_56
137014,g_18
137015,g_18
137023,g_18
137053,g_53
137075,g_53
137075,g_3167
137326,g_126
137526,g_18
137618,g_18
137931,g_18
137931,g_43
137981,g_18
138216,g_35
138226,g_35
138751,g_644
138752,g_644
138972,g_18
139372,g_241
139376,g_18
139912,g_53
142189,g_18
142674,g_106
142911,g_18
142939,g_35
143602,g_18
143976,g_18
143976,g_53
143976,g_1122
144166,g_53
145358,g_18
145468,g_2890
145629,g_99
145629,g_204
146232,g_191
146684,g_27
146731,g_18
146741,g_27
147483,g_18
147528,g_18
147536,g_27
148123,g_164
148618,g_2932
148886,g_18
149073,g_53
149202,g_18
149202,g_28
149206,g_164
150420,g_18
150531,g_191
150548,g_31
150725,g_35
150968,g_158
150972,g_18
150981,g_27
150981,g_79
151048,g_81
151395,g_27
151385,g_35
151873,g_18
151913,g_35
152083,g_18
152083,g_2916
152245,g_126
152270,g_18
152287,g_18
152384,g_27
152540,g_31
152553,g_18
152893,g_126
152938,g_33
153106,g_35
153287,g_18
153306,g_80
153306,g_3167
153311,g_18
153311,g_27
153525,g_27
153525,g_28
153537,g_18
153732,g_33
153736,g_28
153739,g_31
153742,g_35
153760,g_27
153765,g_164
154483,g_35
154484,g_31
154569,g_53
154585,g_35
154588,g_35
154624,g_18
155240,g_18
155484,g_126
156055,g_122
156766,g_122
157099,g_35
157570,g_35
159556,g_18
159868,g_18
160128,g_18
160182,g_35
160187,g_18
160483,g_3115
160585,g_18
160837,g_1144
161073,g_33
161677,g_18
161677,g_80
161902,g_18
161990,g_18
162094,g_122
162249,g_18
162249,g_79
162308,g_122
162355,g_80
162595,g_12
162602,g_27
162602,g_53
162723,g_126
162771,g_22
162771,g_6366
162771,g_9527
162771,g_14452
162771,g_14453
162979,g_191
163281,g_18
163293,g_18
163340,g_35
163436,g_53
163625,g_18
163662,g_18606
163746,g_18
163751,g_18
163767,g_18
163772,g_18
163909,g_18
163930,g_18
163935,g_18
163937,g_18
163962,g_18
164058,g_18
164063,g_18
164063,g_80
164069,g_18
164080,g_18
164083,g_141
164384,g_18
164570,g_114
164576,g_18
164716,g_35
164725,g_18
164727,g_644
165365,g_18
165398,g_53
165398,g_3167
165413,g_80
165504,g_18
166307,g_35
166308,g_126
166315,g_18
166822,g_18
167051,g_35
167119,g_27
167222,g_27
167288,g_35
167491,g_35
167510,g_27
167709,g_80
167865,g_80
167865,g_3167
167920,g_27
168919,g_18
169446,g_33
169446,g_3167
169608,g_18
169609,g_18
169617,g_18
169640,g_18
169666,g_35
169845,g_12
169845,g_15
169845,g_16
169845,g_17
169845,g_869
169845,g_1122
169845,g_7931
170119,g_18
170119,g_126
170127,g_18
170403,g_122
170470,g_27
171004,g_219
171068,g_80
171077,g_35
171178,g_35
171329,g_126
171329,g_3167
171331,g_18
171332,g_35
171394,g_35
171396,g_33
171396,g_3167
171448,g_164
171452,g_27
171454,g_53
171636,g_35
171738,g_18
171738,g_31
171916,g_18
171928,g_53
171933,g_18
172160,g_17
172160,g_18
172160,g_35
172160,g_104
172160,g_209
172160,g_1119
172160,g_7221
172665,g_22
172665,g_353
172665,g_6366
172665,g_14452
172665,g_19606
173238,g_644
173244,g_35
173257,g_53
173259,g_122
173820,g_18
174196,g_35
174202,g_18
174408,g_35
174512,g_53
174515,g_130
174519,g_35
174530,g_18
174530,g_19
175341,g_80
175448,g_53
175448,g_3167
175449,g_122
175464,g_28
175555,g_122
175624,g_18
175927,g_33
175927,g_3167
175942,g_35
175968,g_18
176083,g_31
176139,g_18
176218,g_27
176314,g_53
176367,g_18
176368,g_18
176368,g_37
176397,g_126
176411,g_39
176422,g_122
176427,g_18
176429,g_35
176441,g_27
176549,g_126
176553,g_28
176553,g_53
176556,g_35
176587,g_35
176590,g_56
176902,g_126
176903,g_35
176913,g_18
176913,g_35
176916,g_18
176916,g_3167
176918,g_644
176938,g_14
176938,g_28
176952,g_18
176955,g_18
176955,g_35
176964,g_18
176971,g_18
177053,g_18
177060,g_191
177073,g_80
177073,g_3167
177074,g_18
177279,g_644
177616,g_35
177618,g_28
177618,g_105
177629,g_53
177646,g_31
177646,g_2890
177652,g_18
177652,g_35
177851,g_31
177851,g_33
177863,g_35
177864,g_122
178274,g_18
178274,g_302
178274,g_2738
178275,g_80
178361,g_35
178377,g_18
178394,g_37
178406,g_27
178407,g_18
178442,g_18
178447,g_35
178453,g_18
178455,g_163
178799,g_35
178803,g_53
178805,g_36
178813,g_17
178813,g_18
178826,g_31
178829,g_27
179107,g_31
179107,g_3114
179113,g_18
179113,g_1122
179232,g_2890
179234,g_2890
179249,g_28
179252,g_122
179302,g_33
179302,g_35
179321,g_53
179488,g_18
179570,g_28
179570,g_52
179570,g_164
179570,g_1205
179570,g_19602
179570,g_19606
179570,g_19609
179599,g_35
179613,g_2717
179632,g_18
179632,g_142
179691,g_2932
179692,g_2932
179913,g_12
179913,g_17
180853,g_35
180855,g_35
180965,g_35
180997,g_27
180997,g_3167
181060,g_18
181077,g_18
181081,g_18
181281,g_18
181281,g_878
181290,g_35
181290,g_81
181308,g_18
181394,g_18
181394,g_79
181413,g_18
181432,g_18
181432,g_31
181477,g_35
181488,g_36
181488,g_122
181518,g_18
181518,g_28
181844,g_18
181858,g_18
181860,g_18
181863,g_18
181875,g_122
181897,g_18
181897,g_80
181900,g_18
182043,g_18
182043,g_80
182045,g_72
182045,g_122
182156,g_18
182156,g_35
182158,g_18
182158,g_79
182661,g_80
182670,g_53
182670,g_3167
182709,g_18
182709,g_3167
184715,g_71
184882,g_53
184885,g_53
184920,g_27
184986,g_53
185101,g_18
185107,g_18
185134,g_35
185134,g_147
185179,g_2932
185201,g_12
185201,g_3167
185217,g_18
185217,g_114
185234,g_18
185234,g_80
185261,g_12
185261,g_80
185267,g_33
185267,g_3167
185761,g_12
185761,g_17
185865,g_122
186118,g_35
186218,g_35
186246,g_122
186501,g_164
186501,g_16304
186684,g_18
186684,g_53
186893,g_18
186932,g_18
187136,g_33
187142,g_18
187834,g_122
188063,g_28
188063,g_36
188182,g_18
188211,g_12
188211,g_17
188283,g_28
188283,g_31
188292,g_878
188292,g_1479
188301,g_18
188301,g_53
188348,g_126
188348,g_3167
188378,g_18
188423,g_53
188485,g_18
188485,g_1122
188753,g_126
188753,g_3167
188780,g_36
188799,g_126
188799,g_3167
188811,g_35
188876,g_18
188876,g_79
188903,g_80
188903,g_3167
188906,g_18
188906,g_3167
188920,g_33
188920,g_3167
188921,g_33
188921,g_3167
189031,g_1122
189031,g_14452
189032,g_18
189032,g_80
189110,g_122
189121,g_18
189128,g_18
189134,g_18
189160,g_18
189162,g_76
189169,g_209
189169,g_7221
189169,g_14942
189259,g_80
189259,g_3167
189443,g_35
189443,g_3167
189535,g_18
189535,g_27
189542,g_18
189559,g_18
189559,g_28
189827,g_22
190129,g_53
190201,g_35
190389,g_18
190389,g_1122
190390,g_12
190390,g_18
190970,g_17
190970,g_122
127,g_54
202,g_11
202,g_17
202,g_49
202,g_864
202,g_866
202,g_1505
202,g_2979
202,g_10215
554,g_32
554,g_87
554,g_353
554,g_6723
1386,g_49
1386,g_87
1386,g_206
1386,g_303
1386,g_1122
1386,g_3166
1388,g_87
1388,g_99
1388,g_303
1388,g_353
1388,g_1113
1388,g_1122
1616,g_124
1616,g_2888
1616,g_2915
1616,g_10216
1616,g_10217
2012,g_18
2097,g_863
2097,g_2932
2101,g_17
2101,g_50
2101,g_878
2777,g_18
2777,g_87
3403,g_53
3403,g_1113
3984,g_19
3984,g_73
4208,g_33
4277,g_12
4277,g_14
4277,g_17
4277,g_28
4277,g_878
4277,g_3167
4371,g_44
4371,g_127
4560,g_18
4573,g_18
4573,g_32
4924,g_117
4924,g_1124
5040,g_36
5040,g_149
5098,g_144
5098,g_3167
5113,g_144
5113,g_3167
5320,g_864
5320,g_2916
5320,g_3167
5422,g_27
5422,g_164
5422,g_3109
5425,g_157
5425,g_867
5845,g_28
5845,g_303
6057,g_103
6180,g_18
6180,g_1250
6180,g_10221
6636,g_18
7215,g_12
7215,g_14
7215,g_17
7219,g_164
7276,g_18
7276,g_3164
7513,g_27
8015,g_73
8015,g_204
8017,g_18
8017,g_1116
8017,g_1167
8017,g_3148
8017,g_3165
8213,g_130
8213,g_10221
8648,g_28
8648,g_80
8651,g_1115
8651,g_3164
8776,g_71
8776,g_818
8897,g_18
8897,g_10219
8897,g_10224
8972,g_18
8972,g_54
8972,g_14354
9048,g_2926
9060,g_27
9076,g_56
9076,g_865
9262,g_28
9262,g_35
9262,g_126
9385,g_35
9385,g_85
9385,g_196
9385,g_10216
9424,g_27
9424,g_53
9424,g_1141
9534,g_35
9534,g_53
9534,g_80
9572,g_2712
9572,g_10216
9592,g_141
9592,g_3158
9646,g_44
9674,g_18
9674,g_27
9674,g_53
9731,g_27
9731,g_39
9731,g_53
9835,g_50
9835,g_249
9835,g_1125
9943,g_126
9943,g_1119
9994,g_17
9994,g_144
9994,g_196
9994,g_818
10160,g_141
10160,g_169
10255,g_27
10260,g_251
10260,g_2730
10281,g_39
10281,g_53
10286,g_44
10286,g_69
10408,g_2888
10408,g_10216
10444,g_27
10444,g_144
10458,g_53
10524,g_79
10532,g_1119
10532,g_2888
10532,g_8708
10545,g_17
10545,g_18
10545,g_196
10545,g_818
10545,g_869
10545,g_10221
10566,g_19
10566,g_69
10566,g_866
10597,g_866
10597,g_1126
10597,g_13544
10703,g_28
10703,g_2926
10703,g_10215
10791,g_69
10809,g_18
10809,g_53
10809,g_1086
10834,g_18
10834,g_1115
10886,g_54
10886,g_79
10898,g_14
10898,g_196
10903,g_18
10903,g_209
10903,g_1249
11084,g_17
11084,g_10216
11084,g_13544
11119,g_28
11119,g_878
11143,g_28
11143,g_81
11166,g_122
11166,g_219
11166,g_818
11181,g_35
11181,g_2888
11192,g_219
11192,g_2916
11292,g_126
11292,g_1126
11295,g_18
11295,g_31
11295,g_3165
11297,g_27
11297,g_35
11297,g_878
11303,g_76
11303,g_141
11303,g_161
11316,g_36
11316,g_127
11316,g_3145
11332,g_18
11332,g_35
11396,g_33
11396,g_89
11471,g_49
11471,g_10214
11471,g_16914
11480,g_126
11491,g_12
11491,g_28
11491,g_35
11594,g_130
11594,g_818
11594,g_1110
11656,g_18
11656,g_3128
11658,g_32
11658,g_71
11669,g_3082
11872,g_35
11872,g_80
11872,g_3165
11958,g_1125
11958,g_10215
11960,g_71
11960,g_130
11960,g_9496
12124,g_1115
12126,g_56
12126,g_1115
12128,g_2712
12128,g_10216
12128,g_10226
12176,g_53
12198,g_71
12276,g_18
12276,g_19
12276,g_130
12308,g_18
12308,g_126
12449,g_53
12510,g_18
12527,g_18
12527,g_35
12579,g_19
12594,g_27
12594,g_158
12594,g_3166
12608,g_35
12608,g_53
12608,g_3165
12636,g_28
12636,g_878
12636,g_2932
12707,g_86
12758,g_191
12807,g_18
12809,g_122
12840,g_126
13116,g_878
13494,g_79
13494,g_878
14448,g_122
14586,g_54
14586,g_353
14586,g_1122
14586,g_3163
14586,g_3165
14739,g_12
14739,g_14
14739,g_18
14739,g_34
14811,g_81
14811,g_10214
15035,g_28
15035,g_34
15035,g_249
15035,g_867
15035,g_871
15035,g_874
15035,g_3167
15035,g_8497
15629,g_14
15629,g_869
15700,g_18
15700,g_4220
15756,g_28
15756,g_10214
15776,g_34
15776,g_250
15881,g_34
15881,g_250
15881,g_3167
15897,g_18
15897,g_35
15901,g_22
15901,g_35
15929,g_35
15999,g_18
15999,g_92
15999,g_10221
16173,g_18
16173,g_35
16209,g_35
16738,g_18
16738,g_53
16754,g_53
17224,g_18
17224,g_10221
17224,g_10223
17263,g_144
17263,g_10215
17480,g_81
17480,g_2926
17480,g_3082
19482,g_99
19482,g_208
19482,g_1113
19482,g_1122
19482,g_10223
19482,g_10224
19482,g_10227
19485,g_18
19485,g_1116
19653,g_79
19653,g_3167
19653,g_10215
20865,g_12
20865,g_15
20865,g_17
20865,g_28
20865,g_50
20865,g_7407
20865,g_10214
21546,g_14
21546,g_85
21546,g_10214
21546,g_10215
21671,g_202
21715,g_19
21715,g_2889
21876,g_19
21876,g_71
21876,g_122
21937,g_130
21937,g_10219
22767,g_35
22767,g_10216
22767,g_10217
22768,g_35
22768,g_1113
22777,g_35
22999,g_191
23124,g_53
23124,g_874
23186,g_18
23186,g_69
23186,g_122
23186,g_1126
23186,g_10217
23186,g_10219
23186,g_10221
23186,g_10222
24204,g_12
24204,g_35
24265,g_99
24265,g_10222
24265,g_10228
24293,g_28
24293,g_80
24894,g_35
24894,g_873
24916,g_196
24916,g_541
24916,g_869
24916,g_10215
24916,g_10216
24916,g_10217
24916,g_10228
25005,g_17
25005,g_51
25005,g_3167
25031,g_12
25031,g_14
25456,g_219
25611,g_99
25611,g_10215
25611,g_10221
25611,g_10228
25637,g_18
25637,g_32
25637,g_54
25882,g_18
25882,g_10221
26139,g_35
26139,g_861
26145,g_18
26295,g_27
26311,g_18
26311,g_53
26316,g_35
26332,g_18
26625,g_53
26726,g_28
26726,g_10107
27040,g_18
27045,g_18
27097,g_69
27097,g_81
27320,g_27
27320,g_53
27379,g_27
27379,g_53
27417,g_27
27418,g_27
27424,g_44
27424,g_10225
27424,g_10228
27533,g_12
27533,g_16
27533,g_869
27533,g_10221
27795,g_28
27795,g_53
27834,g_1125
27834,g_10216
27862,g_14453
28181,g_71
29193,g_17
29193,g_49
29193,g_147
29193,g_196
29193,g_818
29193,g_869
29193,g_1110
29193,g_3167
29228,g_19
29228,g_10219
29594,g_130
29678,g_16
29678,g_869
29678,g_1122
29678,g_10216
29678,g_10217
29678,g_10221
29678,g_10947
30523,g_18
30523,g_35
30523,g_10216
30523,g_10228
31037,g_18
31063,g_130
31364,g_27
31364,g_157
31364,g_166
31372,g_27
31372,g_157
31372,g_158
31372,g_14415
31389,g_191
31520,g_16
31520,g_10105
31611,g_14
31611,g_17
31611,g_152
31611,g_7931
31611,g_10215
31611,g_10216
31611,g_10221
31611,g_10223
32065,g_17
32065,g_35
32065,g_49
32065,g_3167
32065,g_10216
32065,g_10217
32065,g_10228
32065,g_13544
32936,g_17
32936,g_34
32936,g_49
32936,g_818
32936,g_869
32936,g_1110
32936,g_3148
32936,g_3167
32990,g_44
32990,g_69
32990,g_10221
33136,g_33
33136,g_34
33136,g_69
33136,g_126
33136,g_818
33136,g_2712
33136,g_3167
33136,g_13544
33237,g_18
33237,g_53
33249,g_17
33249,g_10107
33266,g_18
33266,g_1113
33266,g_10215
33266,g_10221
33277,g_18
33277,g_122
33277,g_10216
33277,g_10222
33277,g_10228
33624,g_19
33624,g_69
33712,g_28
33754,g_191
33754,g_541
33754,g_10216
33781,g_28
33781,g_53
33872,g_71
33872,g_87
33872,g_10221
33897,g_18
33897,g_10214
33897,g_10221
33897,g_10224
33898,g_18
33898,g_10214
33898,g_10221
33898,g_10224
33924,g_35
33924,g_861
33924,g_10216
33945,g_28
33945,g_35
33945,g_10216
33945,g_10228
34046,g_99
34046,g_868
34046,g_2890
34046,g_10107
34046,g_10216
34046,g_10217
34046,g_10221
34149,g_864
34149,g_1113
34149,g_2888
34149,g_10216
34149,g_10217
34170,g_18
34170,g_10221
34170,g_10223
34170,g_10225
34236,g_18
34236,g_241
34236,g_10215
34236,g_10216
34236,g_10228
34600,g_18
34600,g_33
34600,g_3110
34687,g_18
34687,g_3082
34687,g_15038
34795,g_18
35019,g_18
35019,g_80
35023,g_2738
35023,g_10214
35023,g_10215
35023,g_10225
35127,g_13
35127,g_18
35127,g_87
35154,g_18
35154,g_130
35308,g_87
35308,g_99
35308,g_303
35308,g_1096
35308,g_1113
35308,g_3118
35308,g_3163
35324,g_35
35324,g_10216
35324,g_10219
35360,g_18
35360,g_10223
35394,g_18
35394,g_10214
35394,g_10223
35471,g_76
35514,g_27
35514,g_86
35514,g_1125
35596,g_99
35596,g_10215
35596,g_10217
35596,g_10221
35596,g_10222
35596,g_10228
35668,g_35
35668,g_2888
35895,g_80
35897,g_80
36034,g_18
36135,g_14
36135,g_18
36135,g_28
36135,g_79
36135,g_85
36135,g_10464
36142,g_53
36150,g_27
36150,g_53
36684,g_37
36684,g_2888
36807,g_86
36813,g_18
36813,g_10214
36813,g_10223
36813,g_10227
36938,g_191
37108,g_18
37108,g_3110
37146,g_18
37146,g_10219
37146,g_10221
37160,g_81
37160,g_10214
37160,g_10215
37281,g_53
37281,g_10215
37281,g_10227
37326,g_35
37326,g_69
37431,g_28
37431,g_138
37435,g_27
37435,g_39
37453,g_27
37453,g_878
37721,g_27
37721,g_79
37721,g_10214
37721,g_10215
37764,g_79
37764,g_10215
37833,g_28
37833,g_10215
37859,g_28
37859,g_10225
37862,g_17
37862,g_18
37862,g_10221
38205,g_28
38205,g_864
38205,g_3087
38205,g_10214
38206,g_18
38206,g_32
38206,g_33
38344,g_1479
38344,g_10217
38367,g_19
38367,g_33
38367,g_3109
38368,g_1479
38368,g_2888
38400,g_35
38400,g_14452
38466,g_18
38466,g_10221
38789,g_81
38789,g_10214
38789,g_10215
38828,g_27
38828,g_53
38843,g_53
38843,g_10215
38855,g_18
38930,g_28
38930,g_138
38988,g_18
39537,g_130
39666,g_18
39692,g_18
39722,g_18
40016,g_14
40016,g_79
40016,g_87
40568,g_33
40989,g_18
41424,g_35
41434,g_16
41434,g_18
41434,g_19
41434,g_10219
41434,g_10220
41434,g_10221
41448,g_27
41448,g_53
41448,g_141
41470,g_33
41587,g_54
41603,g_18
41647,g_136
41648,g_136
41686,g_19
41730,g_27
41780,g_35
41786,g_12
41993,g_31
42012,g_12
42012,g_53
42134,g_3110
42163,g_18
42163,g_53
42206,g_16
42206,g_17
42206,g_10214
42206,g_10215
42265,g_1479
42338,g_80
42338,g_144
42443,g_18
42585,g_44
42585,g_117
42585,g_3135
42845,g_27
42895,g_12
42927,g_878
42927,g_10214
42997,g_71
42997,g_1024
43042,g_18
43051,g_33
43051,g_10105
43328,g_44
43328,g_69
43328,g_10224
43404,g_34
43404,g_10222
43488,g_27
43488,g_168
43493,g_18
43638,g_18
43896,g_28
43896,g_34
44073,g_12
44073,g_10214
44080,g_18
44080,g_33
44262,g_130
44486,g_87
44486,g_202
44486,g_354
44544,g_14
44565,g_18
44567,g_33
44568,g_35
44570,g_17
44570,g_10105
45096,g_302
45096,g_3135
45097,g_18
45097,g_19
45097,g_3110
45213,g_191
45364,g_18
45373,g_18
45373,g_3165
45380,g_18
45380,g_69
45421,g_81
45421,g_10214
45431,g_3114
45431,g_10222
45431,g_19648
45975,g_18
45975,g_2916
45990,g_18
46386,g_53
46486,g_12
46502,g_33
46646,g_18
46654,g_18
46655,g_81
46655,g_99
46655,g_3117
46969,g_28
46969,g_53
47195,g_12
47195,g_14
47195,g_35
47195,g_869
47195,g_10214
47195,g_10216
47195,g_10217
47195,g_15520
47202,g_18
47202,g_32
47202,g_138
47359,g_18
47359,g_80
47359,g_10223
47360,g_28
47360,g_10215
47360,g_10223
47373,g_35
47373,g_10217
47373,g_14452
47474,g_10107
47622,g_18
47622,g_10223
47699,g_18
47699,g_129
47699,g_303
47699,g_10219
47699,g_10221
47800,g_28
47800,g_2891
47800,g_10215
47833,g_27
47833,g_15038
48236,g_35
48632,g_12
48676,g_126
48676,g_1126
48676,g_2712
48974,g_18
49237,g_53
49607,g_53
49607,g_10215
50113,g_18
50113,g_3167
50228,g_53
50258,g_18
50374,g_18
50439,g_18
50747,g_145
50761,g_18
50895,g_18
50895,g_28
50913,g_71
50913,g_10105
50955,g_35
51038,g_99
51096,g_2890
51206,g_17
51206,g_34
51465,g_141
51465,g_170
51465,g_10226
51506,g_99
51506,g_303
51506,g_1165
51506,g_1167
51564,g_27
51579,g_878
51579,g_3167
51579,g_10215
51673,g_18
51673,g_35
51692,g_122
51708,g_18
51716,g_18
52032,g_35
52032,g_10216
52058,g_17
52058,g_35
52143,g_18
52143,g_2916
52192,g_18
52192,g_3109
52310,g_18
52310,g_22
52350,g_18
52350,g_1122
52350,g_3165
52350,g_10223
52417,g_13
52417,g_17
52417,g_18
52421,g_13
52485,g_18
52779,g_201
52779,g_202
52864,g_27
52864,g_53
52887,g_127
53043,g_35
53043,g_80
53471,g_12
53477,g_14
53477,g_27
53477,g_31
53483,g_80
53503,g_36
53503,g_130
53600,g_14
53600,g_28
53600,g_36
53895,g_18
53895,g_36
53975,g_27
53975,g_10215
53975,g_10226
53978,g_18
53987,g_99
53987,g_10215
53987,g_10222
53987,g_10223
53988,g_53
53988,g_878
54124,g_18
54124,g_53
54124,g_80
54124,g_2737
54255,g_18
54338,g_18
54652,g_18
54652,g_3163
54652,g_10223
54653,g_2370
54681,g_80
54815,g_27
54815,g_53
54847,g_18
54847,g_28
54847,g_36
54869,g_18
54869,g_35
54869,g_14452
55447,g_2370
55461,g_27
55461,g_209
55539,g_116
55539,g_10228
55691,g_99
55691,g_10221
55691,g_10223
55983,g_18
55983,g_1122
56011,g_53
56011,g_80
56175,g_18
56390,g_18
56390,g_36
56390,g_939
56390,g_2890
56466,g_136
56874,g_35
56889,g_17
56889,g_35
56967,g_18
57068,g_12
57068,g_14
57068,g_3166
57148,g_53
57268,g_18
57268,g_10221
57447,g_1113
57447,g_2916
57447,g_14452
57462,g_10214
57462,g_10215
57462,g_10223
57578,g_13
57578,g_14
57578,g_10214
58238,g_99
58238,g_10215
58238,g_10228
58337,g_18
58735,g_35
58735,g_157
58816,g_27
58816,g_163
58816,g_3165
58826,g_35
58839,g_27
58839,g_867
58904,g_18
58946,g_16
58946,g_35
58946,g_10216
58946,g_10228
59043,g_204
59043,g_303
59043,g_354
59043,g_1113
59043,g_3118
59043,g_3119
59043,g_3165
59045,g_303
59045,g_354
59045,g_1113
59045,g_3118
59045,g_3165
59094,g_18
59094,g_31
59094,g_1122
59094,g_10222
59094,g_10223
59094,g_15520
59566,g_219
59604,g_18
59620,g_35
59624,g_35
59624,g_3165
59632,g_16
59632,g_197
59632,g_303
59632,g_354
59632,g_1071
59632,g_1113
59632,g_1122
59647,g_54
59647,g_6033
59688,g_2370
59699,g_35
59812,g_81
59816,g_81
59838,g_81
59919,g_43
59919,g_878
59967,g_18
59967,g_1116
59970,g_18
60118,g_12
60133,g_33
60133,g_35
60258,g_18
60258,g_3165
60258,g_6033
60258,g_10213
60258,g_10223
60348,g_18
60348,g_87
60348,g_92
60348,g_202
60348,g_209
60348,g_303
60348,g_1119
60348,g_3114
60351,g_28
60351,g_867
60351,g_874
60351,g_14414
60416,g_122
60416,g_10216
60587,g_17
60587,g_1109
60587,g_1116
60587,g_2888
60587,g_3165
60925,g_18
61004,g_16
61004,g_27
61004,g_1122
61004,g_1250
61004,g_10215
61004,g_10226
61087,g_18
61087,g_33
61087,g_35
61295,g_12
61295,g_36
61295,g_3167
61347,g_18
61347,g_10223
61347,g_10224
61480,g_81
61496,g_35
61546,g_99
61546,g_10217
61546,g_10228
61598,g_18
61598,g_209
61658,g_53
61921,g_99
61921,g_210
61921,g_1113
61921,g_10221
61921,g_10222
61921,g_10223
61921,g_10228
61948,g_2370
62138,g_18
62138,g_10223
62157,g_12
62157,g_14
62157,g_17
62157,g_34
62157,g_869
62157,g_3148
62389,g_18
62410,g_126
62410,g_10216
62410,g_10219
62645,g_35
62645,g_3167
62656,g_13
62656,g_18
62717,g_18
62717,g_209
63011,g_18385
63391,g_18
63436,g_18
63436,g_10223
63560,g_18
63615,g_35
63755,g_2890
63755,g_3167
63821,g_27
63821,g_165
63821,g_874
63821,g_1113
63945,g_28
63945,g_35
64003,g_114
64003,g_117
64003,g_209
64003,g_3167
64003,g_7930
64003,g_7931
64003,g_7932
64003,g_15774
64189,g_18
64282,g_27
64491,g_14
64491,g_197
64491,g_303
64491,g_1024
64491,g_1071
64491,g_1122
64514,g_18
64525,g_33
64525,g_79
64532,g_197
64532,g_303
64532,g_1071
64532,g_1113
64532,g_1122
64558,g_252
64776,g_18
64776,g_210
64894,g_53
65272,g_17
65272,g_87
65272,g_99
65272,g_303
65272,g_1113
65460,g_122
65962,g_28
65962,g_53
65962,g_10215
66038,g_18
66038,g_301
66038,g_1101
66038,g_3165
66038,g_14726
66166,g_18
66166,g_10214
66166,g_10225
66228,g_18
66301,g_252
66311,g_18
66311,g_36
66335,g_27
66335,g_10214
66335,g_10226
66342,g_13
66342,g_35
66342,g_2759
66492,g_18
66657,g_18
66657,g_1167
66657,g_3165
66657,g_10107
66657,g_14726
66722,g_18
66722,g_3167
66828,g_35
66935,g_303
66935,g_353
66935,g_1113
66935,g_1122
66935,g_1165
66935,g_3118
66935,g_3165
66956,g_18
66956,g_35
66956,g_878
67137,g_18
67257,g_18
67758,g_878
67781,g_12
67781,g_82
67802,g_27
67802,g_53
67810,g_28
67810,g_2395
67816,g_28
67816,g_80
67850,g_27
67850,g_157
67854,g_12
67854,g_28
67854,g_31
68043,g_35
68043,g_1122
68076,g_130
68076,g_3163
68077,g_252
68128,g_136
68137,g_31
68137,g_864
68405,g_18
68405,g_3165
68434,g_19
68434,g_6033
68435,g_18
68435,g_6033
68438,g_18
68438,g_6033
68451,g_2890
68451,g_3165
68470,g_18
68470,g_35
68470,g_3165
68509,g_18
68509,g_37
68543,g_18
68543,g_35
68543,g_3165
68548,g_53
68548,g_80
68548,g_3165
68552,g_35
68590,g_35
68590,g_3165
68648,g_18
68648,g_3165
68651,g_18
68651,g_3165
68674,g_18
68695,g_18
68695,g_80
68695,g_3165
68696,g_35
68731,g_18
68731,g_3165
68736,g_28
68736,g_35
68736,g_3165
68738,g_35
68738,g_6033
68757,g_18
68757,g_3165
68764,g_18
68764,g_35
68764,g_3165
68788,g_18
68788,g_3165
68803,g_35
68836,g_18
68836,g_79
68853,g_33
68853,g_6033
68864,g_35
69104,g_18
69104,g_35
69104,g_1116
69104,g_3165
69120,g_35
69127,g_35
69127,g_122
69127,g_869
69134,g_35
69134,g_241
69298,g_18
69298,g_3165
69413,g_18
69413,g_3165
69440,g_18
69441,g_18
69441,g_210
69601,g_18
69601,g_17580
69627,g_18
69727,g_18
69727,g_6033
69727,g_10223
69883,g_1116
69883,g_1122
69883,g_1479
69883,g_2916
69883,g_3165
69883,g_10216
69883,g_10220
69961,g_27
69961,g_53
69967,g_2932
69969,g_18
69969,g_71
69989,g_99
69989,g_878
70308,g_19
70308,g_193
70313,g_14
70313,g_18
70313,g_36
70439,g_33
70444,g_18
70606,g_157
70606,g_1122
70876,g_35
70904,g_18
70904,g_1116
71323,g_27
71435,g_35
71435,g_354
71437,g_18
71437,g_19
71472,g_126
71780,g_19
71809,g_18
71930,g_18
72064,g_35
72064,g_17580
72111,g_18
72117,g_18
72117,g_15588
72187,g_31
72187,g_15588
72196,g_18
72196,g_31
72206,g_18
72371,g_22
72371,g_2890
72376,g_18
72437,g_18
72471,g_18
72476,g_18
72509,g_33
72645,g_53
72645,g_878
72645,g_2916
72650,g_35
73407,g_44
75201,g_18
75239,g_54
75997,g_54
75998,g_22
75998,g_54
75998,g_130
76017,g_44
76017,g_69
76073,g_18
76073,g_35
76783,g_53
76783,g_80
77043,g_18
77043,g_106
77043,g_818
77355,g_18
77357,g_53
77357,g_80
77357,g_17580
77375,g_54
77624,g_12
77624,g_18
77831,g_44
77833,g_35
77833,g_1125
77877,g_141
77877,g_3167
78159,g_18
78190,g_18
78190,g_19
78287,g_18
78287,g_31
78717,g_18
78949,g_18
79009,g_18
79512,g_18
79512,g_71
79897,g_18
79897,g_80
79951,g_18
79951,g_35
79951,g_14415
79963,g_18
80296,g_35
80850,g_18
80850,g_33
80850,g_35
81205,g_18
81397,g_33
81397,g_126
81620,g_28
81620,g_35
81630,g_18
81630,g_1116
81630,g_3165
81633,g_18
81633,g_122
81704,g_35
81704,g_37
81751,g_18
81751,g_35
81751,g_80
81810,g_18
81995,g_17126
81997,g_35
82038,g_18
82168,g_18
82205,g_18
82206,g_12
82206,g_35
82235,g_12
82235,g_33
82338,g_126
82381,g_18
82386,g_18
82389,g_18
82431,g_35
82435,g_18
82435,g_122
82454,g_18
82454,g_33
82454,g_36
82460,g_18
82460,g_71
82486,g_18
82486,g_80
82637,g_18
82637,g_2890
82683,g_18
82683,g_79
82683,g_80
82748,g_18
82748,g_28
82748,g_53
82756,g_106
82756,g_3167
82794,g_17
82794,g_18
82898,g_18
82898,g_101
82898,g_209
82915,g_14
82915,g_18
82915,g_35
82935,g_12
82935,g_14
82937,g_17
82937,g_79
83079,g_18
83079,g_36
83115,g_18
83527,g_18
83527,g_2916
83530,g_126
83530,g_3167
83534,g_18
83538,g_53
83538,g_3167
83583,g_18
83583,g_28
83583,g_31
83827,g_18
83830,g_18
83830,g_28
83830,g_35
83838,g_18
84328,g_27
84328,g_53
84334,g_18
84334,g_35
84391,g_18
84391,g_53
84563,g_18
84584,g_18
84584,g_69
84839,g_28
84839,g_53
84839,g_80
84889,g_12
84889,g_18
84906,g_18
84928,g_18
84928,g_35
84937,g_18
84986,g_12
84986,g_18
84997,g_35
85001,g_35
85006,g_18
85006,g_2889
85016,g_33
85037,g_18
85224,g_53
85243,g_28
85243,g_35
85277,g_18
85277,g_33
85328,g_18
85329,g_35
85358,g_18
85358,g_35
85359,g_18
85359,g_35
85402,g_18
85403,g_33
85404,g_18
85669,g_18
85766,g_18
85770,g_126
85784,g_18
85784,g_3167
85800,g_18
85800,g_35
85804,g_35
85807,g_18
86034,g_18
86038,g_18
86038,g_28
86038,g_81
86049,g_17
86049,g_18
86055,g_873
86055,g_3107
86058,g_18
86260,g_18
86260,g_35
86262,g_18
86262,g_35
86266,g_18
86345,g_18
86345,g_53
86403,g_18
86458,g_79
86604,g_33
86604,g_2916
86631,g_28
86631,g_53
86632,g_28
86632,g_53
86632,g_80
86726,g_12
86726,g_18
86726,g_53
86738,g_80
86741,g_80
86743,g_80
86779,g_12
86779,g_18
86821,g_18
86821,g_33
87023,g_14
87023,g_33
87023,g_79
87058,g_22
87058,g_35
87058,g_866
87313,g_18
87462,g_35
87470,g_35
87630,g_18
87630,g_33
87630,g_69
87637,g_18
87681,g_28
87681,g_53
87681,g_80
87696,g_18
87696,g_3167
87726,g_18
87757,g_71
87757,g_3167
87762,g_18
87762,g_33
87762,g_35
87789,g_56
87789,g_126
87819,g_18
87819,g_79
87954,g_2890
87954,g_3114
87965,g_28
87965,g_53
87992,g_18
87992,g_80
87994,g_37
87994,g_114
88082,g_36
88082,g_2890
88089,g_28
88089,g_80
88097,g_18
88097,g_33
88270,g_28
88270,g_35
88270,g_81
88300,g_35
88312,g_18
88312,g_28
88312,g_31
88360,g_35
88360,g_122
88406,g_33
88406,g_126
88453,g_18
88539,g_80
88580,g_18
88597,g_53
88597,g_80
88633,g_35
88633,g_250
88671,g_18
88761,g_27
88761,g_3167
88768,g_18
88833,g_18
88833,g_3167
88868,g_18
88868,g_36
88870,g_53
88930,g_18
88930,g_35
89064,g_17
89064,g_18
89076,g_12
89076,g_27
89076,g_3167
89195,g_35
89209,g_18
89209,g_80
89234,g_18
89234,g_818
89261,g_17
89261,g_35
89302,g_80
89333,g_12
89333,g_35
89333,g_869
89362,g_18
89362,g_80
89418,g_18
89418,g_80
89418,g_2890
89431,g_18
89431,g_33
89614,g_126
89664,g_53
89664,g_80
89750,g_53
89750,g_80
89787,g_18
89787,g_53
89868,g_126
89869,g_18
89869,g_866
89881,g_18
89881,g_35
89891,g_18
89891,g_35
89925,g_53
89979,g_18
89989,g_13
89989,g_2759
90071,g_18
90200,g_79
90200,g_80
90259,g_18
90445,g_53
90467,g_126
90647,g_12
90647,g_35
90647,g_36
90711,g_35
90711,g_14452
90713,g_86
90742,g_18
90750,g_80
90753,g_18
90753,g_27
90757,g_18
90772,g_18
90772,g_27
90789,g_35
90801,g_35
90802,g_31
90802,g_3165
91062,g_53
91062,g_80
91062,g_3167
91071,g_35
91071,g_191
91077,g_28
91077,g_3167
91082,g_18
91082,g_33
91087,g_18
91087,g_33
91095,g_18
91096,g_79
91096,g_80
91271,g_18
91338,g_12
91338,g_14
91355,g_18
91355,g_3167
91397,g_13
91454,g_18
91454,g_122
91548,g_35
91553,g_18
91567,g_18
91567,g_80
91581,g_18
91581,g_114
91589,g_27
91697,g_14
91697,g_35
91701,g_12
91701,g_17
91701,g_18
91710,g_12
91710,g_17
91716,g_18
91730,g_35
91781,g_35
91781,g_79
91785,g_18
91825,g_12
91825,g_28
91834,g_12
91834,g_14
91834,g_17
91838,g_18
91838,g_33
91842,g_18
91842,g_33
91850,g_13
91851,g_14
91851,g_35
91862,g_33
91862,g_36
91926,g_18
91926,g_3167
91957,g_18
91957,g_36
92032,g_12
92118,g_12
92118,g_28
92121,g_12
92121,g_197
92224,g_18
92224,g_3167
92231,g_18
92231,g_127
92321,g_18
92321,g_3167
92326,g_12
92326,g_36
92328,g_18
92328,g_53
92328,g_80
92362,g_18
92362,g_80
92362,g_17580
92369,g_14
92369,g_28
92407,g_2890
92407,g_3167
92408,g_18
92494,g_18
92494,g_31
92497,g_18
92497,g_80
92499,g_18
92501,g_18
92501,g_35
92520,g_14
92520,g_35
92520,g_869
92520,g_1122
92526,g_18
92526,g_36
92540,g_33
92543,g_12
92543,g_17
92547,g_18
92589,g_18
92589,g_69
92617,g_18
92617,g_31
92653,g_2713
92720,g_53
92720,g_80
92744,g_18
92746,g_35
92747,g_35
92814,g_18
92814,g_71
92880,g_35
92883,g_18
92909,g_18
92915,g_18
92958,g_18
92968,g_18
92971,g_18
92972,g_33
92972,g_35
92975,g_18
92981,g_18
92983,g_53
92985,g_33
92985,g_80
93066,g_18
93066,g_3167
93118,g_18
93118,g_1119
93121,g_18
93155,g_18
93155,g_36
93157,g_18
93160,g_18
93176,g_18
93176,g_35
93210,g_18
93220,g_35
93220,g_197
93220,g_354
93220,g_1122
93347,g_12
93347,g_35
93379,g_644
93379,g_17126
93420,g_79
93421,g_18
93421,g_80
93437,g_122
93479,g_35
93486,g_44
93525,g_18
93633,g_79
93633,g_80
93635,g_14
93635,g_18
93740,g_18
93762,g_126
93764,g_69
93764,g_71
94218,g_103
94218,g_3167
94248,g_17
94248,g_35
94248,g_3166
94266,g_80
94359,g_18
94359,g_31
94425,g_13
94501,g_35
94502,g_18
94502,g_31
94553,g_22
94597,g_31
94731,g_28
94731,g_31
95025,g_122
95159,g_18
95159,g_53
95324,g_18
95334,g_18
95334,g_126
95415,g_35
95484,g_33
95484,g_35
95509,g_35
95621,g_22
95630,g_22
95630,g_33
95637,g_18
95637,g_79
95742,g_18
95742,g_22
95812,g_18
95812,g_80
95844,g_35
96138,g_35
96210,g_18
96312,g_18
96312,g_80
96312,g_209
96554,g_33
96554,g_35
96564,g_17126
96690,g_35
96692,g_2370
96930,g_14
96930,g_27
96932,g_18
96934,g_35
97176,g_27
97250,g_18
97347,g_18
97361,g_33
97361,g_35
97522,g_35
97576,g_35
97576,g_2738
97644,g_18
97681,g_18
97681,g_3167
97771,g_53
98014,g_18
98014,g_130
98044,g_35
98050,g_18
98154,g_18
98154,g_33
98179,g_33
98179,g_35
98202,g_126
98275,g_33
98387,g_28
98387,g_878
98404,g_18
98404,g_644
98487,g_117
98487,g_3115
98514,g_35
98573,g_35
98629,g_18
98629,g_33
98944,g_126
98945,g_122
98983,g_35
98984,g_18
98984,g_37
98985,g_35
99020,g_33
99108,g_35
99116,g_18
99120,g_35
99236,g_33
99236,g_2890
99352,g_13
99352,g_22
99355,g_27
99355,g_53
99528,g_18
99576,g_18
99576,g_3167
99596,g_17126
99596,g_18385
99608,g_35
99608,g_53
99621,g_18
99643,g_18
99908,g_18
99943,g_18
99960,g_35
100095,g_18
100124,g_35
100236,g_18
100236,g_1119
100236,g_2370
100427,g_18
100447,g_28
100447,g_878
100540,g_18
100654,g_126
100655,g_18
100655,g_35
100659,g_12
100659,g_869
101129,g_18
101136,g_18
101238,g_18
101239,g_71
101239,g_127
101251,g_126
101284,g_35
101385,g_18
101385,g_1119
101503,g_18
101503,g_115
101679,g_17
101679,g_27
101679,g_170
101679,g_939
101679,g_3137
101679,g_3167
101703,g_18
102064,g_18
102083,g_18
102083,g_71
102123,g_18
102269,g_35
102456,g_27
102456,g_878
102469,g_27
102655,g_18
102655,g_36
102746,g_163
102829,g_12
102897,g_142
103040,g_13
103230,g_35
103262,g_35
103263,g_18
103263,g_53
103351,g_35
103420,g_18
103439,g_18
103439,g_35
103597,g_2890
103597,g_3167
103696,g_18
103696,g_80
104029,g_18
104070,g_18
104070,g_33
104070,g_17580
104079,g_35
104120,g_31
104120,g_53
104122,g_18
104199,g_35
104414,g_33
104579,g_18
104586,g_35
104617,g_144
104742,g_35
104742,g_3167
104746,g_18
104801,g_144
104896,g_18
104905,g_12
104978,g_18
105056,g_80
105065,g_35
105170,g_18
105170,g_53
105266,g_35
105399,g_35
105512,g_22
105512,g_37
105692,g_18
105769,g_126
105817,g_18
105910,g_35
106112,g_33
106132,g_18
106144,g_126
106152,g_18
106152,g_106
106251,g_17126
106368,g_22
106368,g_33
106430,g_28
106430,g_53
106473,g_80
106474,g_80
106549,g_53
106700,g_18
106744,g_18
106745,g_37
106789,g_18
106826,g_27
106826,g_3167
106836,g_16304
106840,g_28
106840,g_80
106848,g_27
106848,g_18847
106893,g_144
106985,g_18
107022,g_35
107022,g_1119
107028,g_35
107030,g_18
107100,g_18
107416,g_18
107417,g_18
107422,g_35
107452,g_18
107541,g_35
107607,g_18
107607,g_10107
107661,g_53
107661,g_251
107666,g_35
107749,g_16304
107750,g_35
107781,g_18
107781,g_3167
107827,g_27
107830,g_18
107851,g_18
107921,g_18
107924,g_17
107924,g_17126
107937,g_35
108141,g_71
108163,g_18
108182,g_33
108182,g_3167
108240,g_18
108259,g_12
108322,g_33
108368,g_3167
108368,g_10105
108399,g_18
108403,g_10105
108428,g_12
108428,g_18
108432,g_18
108433,g_3167
108433,g_10105
108477,g_18
108477,g_878
108514,g_18
108526,g_35
108616,g_35
108647,g_18
108647,g_28
108647,g_36
108675,g_35
108807,g_35
108883,g_22
108883,g_35
108936,g_53
108938,g_18
109114,g_18
109114,g_35
109138,g_126
109163,g_28
109163,g_878
109362,g_35
109362,g_1116
109456,g_35
109617,g_86
109618,g_18
109707,g_35
109752,g_35
109753,g_35
109829,g_35
109831,g_18
109832,g_18
109844,g_18
109865,g_35
109879,g_80
110004,g_18
110086,g_35
110087,g_28
110087,g_2926
110088,g_18
110088,g_31
110120,g_18
110211,g_53
110234,g_18
110308,g_18
110308,g_80
110465,g_122
110479,g_28
110492,g_53
110550,g_18
110649,g_22
110649,g_2370
110686,g_28
110686,g_53
110712,g_53
110788,g_18
110819,g_35
110828,g_86
110834,g_18
110834,g_53
110912,g_126
110912,g_3167
110970,g_35
111248,g_22
111248,g_126
111310,g_18
111316,g_35
111319,g_18
111346,g_22
111346,g_35
111368,g_18
111444,g_35
111444,g_37
111522,g_12
111522,g_869
111575,g_18
111613,g_53
111615,g_35
111648,g_12
111677,g_35
111786,g_35
111840,g_80
111877,g_18
111877,g_28
111937,g_35
111983,g_18
111983,g_35
112012,g_18
112012,g_35
112039,g_35
112239,g_18
112239,g_33
112257,g_18
112284,g_53
112348,g_122
112355,g_18
112390,g_18
112390,g_3165
112501,g_18
112507,g_35
112607,g_12
112607,g_3166
112720,g_35
112721,g_35
112726,g_18
112732,g_35
112737,g_18
113087,g_18
113087,g_2891
113092,g_10105
113241,g_18
113248,g_71
113352,g_18
113264,g_33
113264,g_35
113269,g_18
113326,g_13
113332,g_126
113346,g_103
113346,g_3166
113405,g_14
113438,g_35
113457,g_18
113585,g_18
113724,g_33
113724,g_122
113786,g_12
113786,g_869
113834,g_18
113835,g_18
114208,g_27
114208,g_53
114296,g_18
114312,g_18
114367,g_117
114512,g_18
114683,g_53
114683,g_80
114747,g_18
114747,g_35
115095,g_53
115121,g_14
115126,g_28
115196,g_39
115306,g_145
115310,g_147
115460,g_18
115460,g_3167
115696,g_18
115807,g_18
115963,g_18
116023,g_35
116028,g_18
116028,g_53
116233,g_35
116233,g_1116
116250,g_18
116304,g_16304
116406,g_35
116408,g_37
116482,g_18
116597,g_18
116785,g_12
116785,g_126
117020,g_18
117058,g_12
117358,g_18
117358,g_1116
117387,g_126
117448,g_18
117461,g_145
117520,g_13
117583,g_33
117637,g_103
117637,g_3167
117702,g_14
117702,g_869
117749,g_18
117800,g_35
117823,g_35
117826,g_18
117827,g_18
117831,g_18
117844,g_126
117847,g_35
117847,g_3167
117857,g_18
117858,g_35
117896,g_18
117919,g_18
117950,g_18
117950,g_3167
117956,g_18
117988,g_2890
118070,g_53
118122,g_126
118234,g_35
118244,g_36
118273,g_18
118278,g_35
118295,g_18
118296,g_18
118300,g_18
118395,g_35
118420,g_22
118420,g_33
118430,g_18
118541,g_18
118541,g_53
118546,g_18
118549,g_18
118549,g_17580
118559,g_18
118569,g_878
118648,g_18
118648,g_35
118832,g_53
118843,g_53
118843,g_80
118873,g_18
118892,g_122
119047,g_10105
119083,g_28
119112,g_28
119112,g_878
119190,g_33
119204,g_31
119205,g_18
119208,g_18
119208,g_103
119289,g_122
119431,g_79
119499,g_35
119551,g_12
119551,g_869
119556,g_163
119582,g_12
119582,g_866
119589,g_14
119721,g_71
119749,g_18
119776,g_33
119861,g_28
119861,g_80
119871,g_18
120007,g_27
120034,g_18
120034,g_36
120049,g_53
120098,g_18
120116,g_35
120618,g_18
120836,g_35
120850,g_18
120851,g_2916
121085,g_18
121181,g_126
121434,g_80
121434,g_818
121434,g_3165
121436,g_53
123104,g_18385
123106,g_28
123145,g_18
123145,g_1116
123642,g_35
124512,g_18
125093,g_80
125093,g_122
125326,g_35
125359,g_191
125398,g_35
125627,g_18
126448,g_164
127476,g_18
127780,g_33
127780,g_3167
128568,g_18
128894,g_18
128894,g_53
128898,g_12
128898,g_869
128981,g_80
128981,g_17126
129607,g_13
129704,g_3082
129824,g_81
129941,g_33
129941,g_878
130055,g_28
130055,g_3166
130065,g_18
130065,g_1116
130123,g_12
130123,g_17
130123,g_35
130128,g_53
130128,g_878
130156,g_18
130156,g_2916
130195,g_18
130204,g_145
130217,g_18
130217,g_53
130354,g_28
130354,g_3166
130791,g_28
130791,g_3166
130972,g_35
130973,g_18
131031,g_80
131249,g_18
131249,g_53
131309,g_37
131891,g_18
131896,g_130
131896,g_14415
131905,g_35
132028,g_27
132082,g_33
132082,g_3167
132141,g_35
132171,g_18
133080,g_126
133080,g_3167
133574,g_35
133579,g_18
133611,g_27
133662,g_53
133746,g_27
133746,g_3166
133886,g_35
134063,g_18
134063,g_35
134141,g_35
134428,g_18
134473,g_18
134880,g_18
135423,g_28
135423,g_53
135543,g_18
135543,g_36
135544,g_18
135556,g_18
135556,g_1122
135708,g_18
135709,g_35
135763,g_33
135763,g_35
135889,g_27
136052,g_69
136133,g_12
136285,g_18
136285,g_33
136549,g_27
136549,g_53
136552,g_35
136994,g_18
136999,g_33
137013,g_18
137017,g_18
137018,g_18
137018,g_33
137021,g_18
137037,g_35
137081,g_18
137248,g_35
137333,g_18
137333,g_79
137442,g_35
137442,g_3166
137487,g_241
137525,g_33
137525,g_35
137614,g_18
137895,g_53
137895,g_56
137904,g_18
137974,g_18
137979,g_18
137979,g_36
138219,g_18
138302,g_18
138788,g_53
138788,g_80
138789,g_18
138789,g_53
138811,g_53
138811,g_80
138847,g_33
138847,g_35
138957,g_17
138957,g_35
138973,g_35
139018,g_18
139075,g_35
139081,g_18
139253,g_130
139305,g_28
139566,g_35
139570,g_126
139570,g_3167
139816,g_17
139816,g_35
140533,g_28
140533,g_53
140535,g_18
140535,g_878
140674,g_35
140676,g_18
140812,g_127
140814,g_18
140814,g_35
140814,g_1119
141399,g_35
141892,g_18
141893,g_18
141893,g_31
141932,g_164
142536,g_28
142536,g_878
142672,g_18
142673,g_2890
143349,g_35
143604,g_35
143971,g_18
144065,g_126
144132,g_18
144165,g_164
144264,g_35
144706,g_35
144805,g_53
145254,g_18
146061,g_191
146140,g_35
146227,g_18
146235,g_35
146245,g_3109
146249,g_18
146357,g_27
146573,g_14
146573,g_27
146683,g_35
146707,g_53
146718,g_28
146718,g_43
146991,g_18
147247,g_13
147473,g_35
147493,g_191
147501,g_18
147512,g_35
147521,g_13
147530,g_126
147542,g_18
147861,g_18
147861,g_122
147865,g_27
147867,g_28
147873,g_35
147886,g_18
148693,g_18
148693,g_53
148694,g_35
148877,g_18
148914,g_18
148914,g_114
149056,g_33
149056,g_3167
149199,g_35
149232,g_33
149232,g_3167
149236,g_53
149446,g_14
149446,g_28
149448,g_27
149802,g_18
149805,g_2932
149810,g_18
149821,g_28
149821,g_2926
149823,g_53
149823,g_3167
150539,g_27
150539,g_28
150543,g_147
150555,g_2932
150558,g_2932
150731,g_35
150858,g_35
150990,g_80
150994,g_53
151057,g_35
151093,g_80
151093,g_3167
151134,g_35
151144,g_33
151144,g_3167
151150,g_27
151243,g_18
151248,g_17126
151346,g_12
151346,g_18
151391,g_28
151391,g_36
151429,g_12
151429,g_14
151465,g_18
151465,g_36
151529,g_80
151529,g_3167
151924,g_18
152042,g_18
152042,g_17580
152046,g_18
152085,g_18
152151,g_103
152171,g_18
152339,g_28
152561,g_33
152574,g_80
152771,g_53
152771,g_3167
152788,g_18
152788,g_53
152798,g_79
152894,g_53
152931,g_28
152931,g_878
152932,g_53
152932,g_3167
152941,g_28
153297,g_2737
153637,g_18
153637,g_101
153637,g_210
153689,g_53
153692,g_18
153692,g_28
153692,g_878
153722,g_27
153729,g_35
153740,g_35
153761,g_80
153761,g_3167
153764,g_2890
153830,g_28
153830,g_36
153831,g_2737
153969,g_18
153969,g_80
154099,g_35
154152,g_28
154152,g_2774
154471,g_28
154474,g_18
154573,g_35
154613,g_53
154619,g_35
154621,g_1125
154690,g_18
154856,g_126
154965,g_18
154965,g_56
155050,g_18
155050,g_33
155386,g_18
155388,g_18
155488,g_18
155504,g_35
155795,g_2738
156604,g_28
156604,g_31
156693,g_18
156991,g_2916
157095,g_35
157104,g_35
157205,g_18
157569,g_18
157653,g_18
158078,g_53
158078,g_3167
158567,g_80
158814,g_35
158815,g_35
158910,g_18
158910,g_10107
158911,g_17
158911,g_18
159352,g_122
160131,g_53
160131,g_3167
160134,g_3167
160134,g_17126
160176,g_35
160176,g_53
160184,g_126
160184,g_3167
160493,g_80
160493,g_3167
160494,g_18
160494,g_1116
160500,g_18
160500,g_80
160578,g_191
160581,g_18
160592,g_53
160592,g_3167
161236,g_18
161236,g_36
161261,g_35
161525,g_35
161533,g_35
161567,g_18
161671,g_18
161675,g_31
161678,g_35
161692,g_18
161692,g_31
161827,g_37
161892,g_18
161897,g_241
161897,g_1125
162235,g_35
162307,g_56
162312,g_18
162593,g_14
162593,g_28
162952,g_28
162962,g_18
163274,g_18
163294,g_126
163313,g_18
163352,g_35
163364,g_18
163438,g_31
163438,g_35
163562,g_18
163562,g_3167
163595,g_18
163618,g_35
163621,g_18
163621,g_10107
163634,g_80
163641,g_18
163642,g_18
163642,g_53
163653,g_18
163655,g_18
163655,g_35
163769,g_18
163899,g_18
163929,g_33
163931,g_18
163953,g_18
163958,g_18
163973,g_18
163996,g_18
163996,g_126
163997,g_18
163997,g_80
164048,g_18
164067,g_80
164067,g_3167
164078,g_18
164078,g_27
164202,g_10105
164290,g_27
164295,g_878
164296,g_33
164302,g_18
164302,g_53
164303,g_53
164390,g_126
164430,g_28
164430,g_53
164558,g_18
164564,g_18
164571,g_18
164575,g_18
164617,g_18
164718,g_35
164718,g_3167
164722,g_18
164726,g_33
164726,g_142
165399,g_37
165519,g_28
165519,g_3166
165571,g_18
165955,g_80
165955,g_3167
166318,g_18
166318,g_35
166816,g_18
166818,g_35
167277,g_122
167703,g_18
167916,g_18
167917,g_28
167917,g_53
167922,g_27
167922,g_28
168167,g_878
168248,g_18
168719,g_18
168911,g_18385
169029,g_18
169455,g_53
169514,g_18
169514,g_33
169602,g_18
169602,g_3167
169604,g_33
169606,g_122
169610,g_18
169636,g_35
169667,g_33
169667,g_3167
169843,g_53
169860,g_16
169860,g_35
169860,g_72
169860,g_196
169860,g_10105
169873,g_18
169873,g_878
169984,g_18
170125,g_18
171046,g_18
171071,g_122
171139,g_22
171139,g_302
171139,g_6366
171139,g_9527
171139,g_14452
171146,g_18
171166,g_14452
171171,g_53
171171,g_80
171207,g_27
171402,g_18
171456,g_35
171923,g_126
171924,g_35
171942,g_27
171942,g_878
172099,g_35
172147,g_35
172392,g_14452
172484,g_18
172641,g_35
172658,g_35
172674,g_18
172719,g_18385
172726,g_126
173230,g_53
173234,g_35
173237,g_35
173246,g_33
173246,g_3167
173258,g_35
173473,g_18
173473,g_27
173473,g_79
173745,g_18
174171,g_16
174171,g_17
174171,g_35
174171,g_196
174171,g_869
174171,g_10105
174209,g_53
174209,g_3167
174315,g_35
174350,g_2890
174591,g_35
175326,g_28
175326,g_878
175344,g_33
175363,g_18
175363,g_80
175376,g_18
175376,g_878
175392,g_18
175465,g_79
175925,g_35
175925,g_10107
175952,g_18
175952,g_878
175978,g_18
176084,g_12
176134,g_18
176137,g_18
176137,g_69
176206,g_18
176212,g_17126
176318,g_35
176318,g_3167
176400,g_18
176401,g_18
176415,g_53
176421,g_35
176430,g_18
176503,g_18
176506,g_18
176548,g_18
176561,g_18
176561,g_53
176567,g_35
176586,g_122
176591,g_141
176811,g_14
176907,g_18
176907,g_33
176915,g_126
176928,g_18
176933,g_18
176933,g_31
176937,g_18
176953,g_35
176958,g_80
176972,g_18
176972,g_2916
177058,g_35
177283,g_122
177431,g_122
177621,g_36
177621,g_644
177628,g_18
177641,g_12
177641,g_28
177642,g_105
177647,g_18
177647,g_31
177822,g_18
177827,g_10107
177858,g_35
177861,g_35
178320,g_122
178389,g_12
178389,g_869
178452,g_18
178800,g_122
178810,g_18
178824,g_28
178824,g_80
178836,g_18
178836,g_35
179117,g_79
179117,g_80
179233,g_35
179282,g_80
179311,g_126
179317,g_18
179511,g_53
179603,g_27
179936,g_33
180182,g_35
180852,g_28
180852,g_36
180854,g_18
181107,g_33
181107,g_122
181255,g_35
181261,g_14
181261,g_18
181291,g_18
181291,g_31
181381,g_18
181392,g_18
181392,g_31
181397,g_142
181417,g_18
181417,g_10107
181522,g_27
181522,g_1109
181833,g_18
181862,g_18
181866,g_18
181866,g_53
181874,g_18
181903,g_71
181924,g_122
181926,g_27
181984,g_22
181984,g_35
181984,g_37
182018,g_122
182019,g_53
182019,g_3167
182034,g_53
182053,g_878
182151,g_18
182152,g_18
182657,g_18
182658,g_18
182666,g_35
182711,g_18
182771,g_18
184732,g_35
184931,g_35
184937,g_122
185061,g_18
185098,g_18
185173,g_18
185203,g_18
185203,g_114
185344,g_3167
185344,g_14452
185823,g_18
185828,g_27
185828,g_15130
185828,g_16304
185874,g_17
185874,g_18
185955,g_18
186264,g_18
186435,g_35
186644,g_35
186954,g_18
186954,g_3167
187235,g_18
187301,g_12
187432,g_35
187568,g_37
187573,g_33
187607,g_18
187965,g_27
187966,g_18
187974,g_35
188177,g_18
188192,g_18
188200,g_56
188287,g_53
188596,g_18
188752,g_18
188756,g_18
188993,g_14
189047,g_33
189088,g_1122
189088,g_2713
189115,g_18
189292,g_148
189533,g_2890
189533,g_10107
189566,g_27
189610,g_13
189610,g_869
189720,g_17
189720,g_54
189720,g_69
189720,g_71
189720,g_122
189720,g_209
189720,g_210
189720,g_866
190139,g_53
190279,g_18
190280,g_36
190281,g_18
190923,g_18
190965,g_33
160,g_17
160,g_206
160,g_301
160,g_303
160,g_1110
160,g_1116
160,g_3148
645,g_53
645,g_104
645,g_136
645,g_818
645,g_864
645,g_1109
645,g_1110
645,g_4288
645,g_6033
836,g_18
836,g_303
836,g_1110
836,g_4220
1133,g_17
1133,g_864
1133,g_866
1133,g_2979
1723,g_17
1723,g_35
1723,g_50
2379,g_18
2388,g_18
2388,g_1122
2390,g_76
2390,g_79
2398,g_130
2398,g_3167
2401,g_33
2402,g_18
2402,g_1119
2452,g_35
2452,g_10221
2760,g_53
2760,g_1116
2760,g_3165
2814,g_35
2814,g_1024
2814,g_3167
2866,g_2729
2866,g_3168
3146,g_17
3146,g_878
3404,g_18
3404,g_53
3416,g_17
3416,g_27
3416,g_1122
3416,g_3165
3419,g_76
3419,g_141
3419,g_10214
3419,g_10215
3703,g_18
3703,g_35
3703,g_73
3983,g_33
4049,g_80
4182,g_18
4255,g_3110
4457,g_27
4507,g_1479
4730,g_136
4785,g_80
4888,g_44
4888,g_1037
4888,g_3163
4948,g_18
4962,g_35
4962,g_69
4962,g_3163
5060,g_2888
5094,g_80
5094,g_3167
5421,g_162
5421,g_1113
5434,g_27
5481,g_27
5481,g_141
5483,g_27
5484,g_35
5485,g_27
5600,g_18
5617,g_19
5617,g_35
5617,g_10282
5620,g_163
5620,g_818
5649,g_99
5649,g_863
5649,g_864
5649,g_1113
5649,g_1122
5649,g_3108
5688,g_1479
5803,g_142
5803,g_863
5803,g_864
5904,g_80
5904,g_864
5904,g_3165
6548,g_17
6548,g_35
6548,g_1109
6697,g_18
7277,g_12
7277,g_878
7294,g_35
7294,g_44
7294,g_302
8269,g_35
8281,g_18
8281,g_2738
8357,g_303
8357,g_18323
8379,g_18
8379,g_3163
8743,g_28
8743,g_53
8778,g_19
8778,g_1110
8902,g_44
8902,g_71
8906,g_19
8906,g_302
8906,g_1113
8906,g_3163
8990,g_35
8990,g_196
9050,g_12
9050,g_14
9050,g_27
9063,g_53
9063,g_80
9063,g_10223
9063,g_10227
9098,g_17
9098,g_73
9098,g_126
9318,g_12
9318,g_17
9318,g_35
9318,g_85
9318,g_196
9318,g_10215
9318,g_10216
9318,g_10217
9439,g_27
9439,g_141
9439,g_818
9514,g_35
9514,g_196
9514,g_10216
9575,g_53
9575,g_303
9873,g_28
9873,g_53
9873,g_80
10014,g_158
10014,g_169
10068,g_50
10068,g_873
10068,g_1110
10068,g_2916
10131,g_141
10131,g_169
10171,g_54
10171,g_302
10171,g_818
10283,g_39
10283,g_53
10353,g_51
10353,g_2888
10376,g_17
10376,g_35
10406,g_14
10406,g_35
10487,g_35
10487,g_303
10487,g_524
10552,g_27
10552,g_53
10556,g_17
10556,g_56
10556,g_869
10556,g_13544
10624,g_2888
10624,g_3167
10624,g_10216
10624,g_14999
10689,g_56
10689,g_868
10689,g_1125
10689,g_13544
10800,g_12
10800,g_16
10800,g_17
10832,g_27
10832,g_79
10864,g_17
10864,g_818
10864,g_1126
10864,g_2713
10914,g_35
10914,g_37
10916,g_18
10916,g_28
10916,g_878
10916,g_10215
10927,g_14
10927,g_15
10933,g_144
10933,g_196
10933,g_14999
11039,g_35
11039,g_878
11126,g_39
11142,g_28
11299,g_28
11299,g_34
11299,g_35
11534,g_19
11534,g_79
11534,g_864
11563,g_28
11563,g_35
11563,g_10215
11563,g_10216
11607,g_18
11607,g_27
11607,g_28
11607,g_878
11672,g_18
11672,g_2738
11714,g_126
11714,g_1479
11714,g_10216
11768,g_18
11768,g_3167
11782,g_80
11782,g_136
11782,g_10214
11782,g_16914
11809,g_36
11818,g_12
11818,g_28
11818,g_10215
11818,g_10225
11984,g_35
12104,g_49
12104,g_302
12104,g_9527
12104,g_14453
12108,g_71
12116,g_19
12147,g_69
12147,g_3163
12147,g_3164
12174,g_35
12204,g_251
12204,g_3167
12204,g_10215
12231,g_250
12231,g_1125
12234,g_1126
12285,g_80
12285,g_251
12416,g_17
12416,g_878
12416,g_10215
12416,g_10216
12443,g_2890
12443,g_3167
12450,g_89
12450,g_818
12469,g_33
12473,g_18
12473,g_10221
12473,g_10223
12473,g_10228
12495,g_13
12495,g_1093
12497,g_18
12497,g_35
12497,g_10219
12497,g_10221
12534,g_191
12534,g_2731
12534,g_2888
12536,g_35
12536,g_3167
12539,g_35
12539,g_147
12549,g_1125
12603,g_12
12603,g_14
12603,g_27
12614,g_2713
12614,g_10216
12713,g_18
12713,g_106
12803,g_18
12803,g_10221
12803,g_10224
13560,g_18
13560,g_32
13560,g_818
14071,g_126
14071,g_9636
14580,g_127
14580,g_3163
14596,g_19
14596,g_35
14596,g_104
14596,g_818
14596,g_865
14771,g_16
14771,g_17
14771,g_35
14771,g_3167
15112,g_18
15112,g_10218
15124,g_354
15124,g_1116
15124,g_1165
15124,g_1167
15124,g_3118
15124,g_3148
15124,g_3165
15626,g_13
15626,g_869
15626,g_3167
15767,g_34
15767,g_89
15767,g_250
15777,g_34
15777,g_250
15877,g_34
15877,g_250
15877,g_3167
15878,g_34
15878,g_250
15878,g_3167
15882,g_34
15882,g_250
15882,g_3167
15885,g_34
15885,g_250
15885,g_3167
15886,g_34
15886,g_250
15886,g_3167
15894,g_22
15894,g_35
15943,g_33
15943,g_126
15945,g_126
16026,g_34
16026,g_250
16026,g_3167
16028,g_34
16028,g_250
16028,g_3167
16029,g_34
16029,g_250
16029,g_3167
16030,g_34
16030,g_250
16030,g_3167
16032,g_34
16032,g_250
16032,g_3167
16034,g_34
16034,g_250
16034,g_3167
16035,g_34
16035,g_250
16035,g_3167
16036,g_34
16036,g_250
16036,g_3167
16037,g_34
16037,g_250
16037,g_3166
16038,g_34
16038,g_250
16038,g_3166
16085,g_34
16085,g_3087
16090,g_34
16090,g_35
16090,g_145
16128,g_191
16129,g_18
16129,g_1119
16129,g_2916
16161,g_71
16161,g_10105
16164,g_35
16181,g_18
16748,g_53
16991,g_33
16991,g_10219
16991,g_10221
16991,g_10224
17045,g_27
17045,g_53
17230,g_34
17230,g_43
17346,g_18
17346,g_10221
17466,g_53
17466,g_80
17466,g_10215
17481,g_33
17481,g_71
17481,g_126
18396,g_13
18396,g_35
18427,g_18
18427,g_10223
18427,g_10228
18750,g_27
18750,g_79
18934,g_18
19810,g_71
19810,g_10221
19810,g_10223
19941,g_163
19941,g_3109
20147,g_18
20147,g_302
20147,g_1113
20466,g_99
20466,g_209
20466,g_1113
20466,g_3167
20466,g_10217
20466,g_10221
20466,g_10222
20738,g_53
20738,g_10215
21059,g_13
21059,g_17
21059,g_50
21217,g_44
21217,g_10221
21217,g_10224
21257,g_56
21257,g_126
21257,g_10216
21373,g_18
21483,g_13
21483,g_79
21483,g_3137
21483,g_10223
21483,g_10226
21501,g_17
21501,g_35
21501,g_7407
21501,g_10214
21501,g_10216
21518,g_13
21518,g_17
21518,g_869
21585,g_28
21585,g_53
21585,g_2738
21591,g_126
21591,g_10217
21591,g_10221
21595,g_33
21595,g_10219
21595,g_10221
21674,g_33
21674,g_10219
21674,g_10221
21677,g_28
21677,g_864
22772,g_18
22772,g_53
22772,g_73
22772,g_130
22772,g_303
22872,g_18
22872,g_35
22872,g_10221
22872,g_10222
22927,g_27
22927,g_141
23032,g_163
23032,g_863
23032,g_3109
23121,g_28
23121,g_52
23121,g_878
23131,g_79
23131,g_163
23132,g_163
23187,g_28
23187,g_35
23187,g_5702
23381,g_15
23381,g_303
23381,g_878
23381,g_3163
23381,g_10214
23381,g_10215
23381,g_10222
23381,g_10464
23398,g_18
23398,g_101
23398,g_10221
23398,g_10223
23400,g_18
23400,g_53
23400,g_10215
23400,g_10223
23568,g_130
23568,g_10219
23568,g_10221
23977,g_22
23977,g_71
23977,g_209
23977,g_10221
24296,g_16
24296,g_10105
24521,g_14
24521,g_28
24521,g_152
24521,g_154
24521,g_2891
24725,g_27
24725,g_53
24725,g_861
24764,g_27
24764,g_867
24764,g_3082
24884,g_17
24884,g_51
24884,g_3167
25058,g_28
25058,g_138
26152,g_33
26152,g_10219
26152,g_10221
26168,g_18
26305,g_35
26406,g_92
26406,g_303
26406,g_1113
26507,g_18
26507,g_3167
26684,g_18
26684,g_35
26684,g_10107
26689,g_27
26689,g_158
26689,g_159
26689,g_878
27031,g_28
27031,g_2890
27031,g_10214
27316,g_18
27316,g_27
27316,g_149
27316,g_874
27369,g_71
27369,g_10221
27384,g_27
27384,g_80
27712,g_17
27712,g_10105
28194,g_53
28194,g_79
28194,g_209
28330,g_157
28330,g_158
28330,g_2888
28330,g_16304
28331,g_14
28331,g_27
28331,g_81
28331,g_82
28394,g_53
28604,g_17
28604,g_71
28837,g_126
29181,g_15
29181,g_50
29181,g_1109
29181,g_2891
29181,g_7407
29181,g_10105
29181,g_10214
29181,g_10216
29647,g_19
29647,g_79
29647,g_329
29766,g_18
29766,g_52
30447,g_12
30631,g_148
31359,g_27
31359,g_878
31457,g_18
31458,g_27
31458,g_141
31458,g_169
31479,g_18
31479,g_3167
31498,g_122
31498,g_10216
31498,g_10221
31498,g_10222
31498,g_10228
31588,g_71
31588,g_10220
31588,g_10223
31588,g_10227
31780,g_17
31780,g_35
31780,g_49
31780,g_196
31780,g_869
31780,g_1110
31780,g_3167
31780,g_10105
31780,g_10216
32413,g_16
32413,g_17
32413,g_49
32413,g_869
32413,g_1110
32413,g_3167
32413,g_8741
32413,g_10217
32413,g_10222
32663,g_12
32935,g_17
32935,g_34
32935,g_49
32935,g_818
32935,g_869
32935,g_1110
32935,g_3148
32935,g_3167
32935,g_8741
32973,g_81
32980,g_121
32980,g_10216
32980,g_10217
33330,g_34
33330,g_35
33330,g_541
33330,g_684
33330,g_818
33330,g_1152
33330,g_3167
33330,g_10216
33330,g_10228
33623,g_18
33623,g_44
33623,g_57
33623,g_87
33623,g_92
33623,g_1110
33623,g_2979
33623,g_3148
33706,g_35
33707,g_18
33707,g_35
33774,g_34
33774,g_43
33774,g_1124
33774,g_8497
33774,g_10216
33774,g_10228
33900,g_54
33900,g_10221
33900,g_10224
33900,g_10225
33900,g_10227
34048,g_71
34048,g_10214
34048,g_10221
34048,g_10223
34463,g_18
34463,g_141
34940,g_80
34969,g_18
34969,g_19
34969,g_33
34969,g_130
35013,g_27
35013,g_3082
35013,g_10215
35013,g_10227
35022,g_2738
35022,g_10214
35022,g_10215
35022,g_10225
35024,g_2738
35024,g_10214
35024,g_10215
35024,g_10225
35077,g_18
35077,g_33
35079,g_162
35079,g_864
35079,g_1479
35079,g_3109
35126,g_18
35361,g_53
35361,g_135
35361,g_10214
35361,g_10215
35460,g_53
35476,g_76
35618,g_28
35618,g_10215
35618,g_10220
35830,g_12
35830,g_36
35830,g_10215
35912,g_1479
35912,g_2916
35912,g_3110
35912,g_3111
35942,g_18
35942,g_31
35951,g_35
35958,g_18
35958,g_2890
36073,g_39
36073,g_53
36077,g_18
36077,g_19
36077,g_33
36077,g_35
36077,g_36
36077,g_126
36077,g_130
36077,g_1119
36137,g_18
36137,g_35
36140,g_191
36242,g_53
36368,g_18
36368,g_19
36368,g_130
36414,g_28
36518,g_142
36588,g_18
36588,g_44
36588,g_2916
36618,g_241
36618,g_1125
36618,g_10216
36618,g_10217
36629,g_1125
37003,g_18
37003,g_28
37003,g_53
37003,g_136
37163,g_18
37188,g_27
37188,g_53
37188,g_10214
37188,g_10215
37188,g_10226
37283,g_39
37283,g_53
37283,g_85
37283,g_10215
37360,g_27
37360,g_303
37360,g_1108
37377,g_71
37377,g_10221
37377,g_10224
37485,g_19
37485,g_73
37485,g_10219
37485,g_10220
37485,g_10221
37549,g_14
37549,g_34
37549,g_10221
37551,g_18
37551,g_80
37632,g_81
37632,g_10215
37742,g_27
37742,g_79
37742,g_10214
37742,g_10215
37742,g_10226
37746,g_18
37746,g_10215
37746,g_10223
37746,g_10228
37754,g_27
37754,g_28
37754,g_10215
37754,g_10226
37831,g_106
37831,g_10215
37899,g_39
37899,g_10215
37899,g_10225
37903,g_35
37903,g_10222
38125,g_18
38143,g_18
38143,g_878
38143,g_1113
38169,g_18
38228,g_13
38228,g_3167
38228,g_10216
38228,g_10219
38506,g_196
38506,g_10216
38593,g_44
38593,g_1110
38606,g_122
38623,g_28
38623,g_10214
38643,g_28
38643,g_53
38643,g_10215
38674,g_18
38674,g_28
38771,g_16
38771,g_10215
38771,g_10219
38788,g_92
38788,g_209
38788,g_818
38788,g_3114
38811,g_28
38811,g_190
38811,g_10214
38830,g_35
38830,g_163
39114,g_53
39116,g_18
39116,g_53
39228,g_18
39404,g_18
39408,g_53
39493,g_18
39608,g_126
39662,g_130
39662,g_14452
39714,g_18
39714,g_36
39774,g_18
40048,g_18
40563,g_18
40563,g_27
40563,g_303
40563,g_874
40563,g_1112
40563,g_3109
40567,g_18
40567,g_33
40619,g_35
41378,g_28
41378,g_138
41425,g_27
41425,g_163
41444,g_106
41486,g_18
41538,g_10216
41538,g_10222
41538,g_16304
41559,g_18
41559,g_71
41559,g_2916
41583,g_18
41583,g_18305
41663,g_28
41663,g_50
41663,g_138
41663,g_864
41663,g_1108
41663,g_1109
41680,g_12
41680,g_17
41716,g_22
41716,g_10215
41716,g_10221
41727,g_18
41727,g_1115
41727,g_10223
41732,g_18
41732,g_28
41732,g_81
41787,g_12
42001,g_191
42299,g_80
42299,g_1125
42339,g_19
42339,g_33
42339,g_126
42528,g_18
42528,g_71
42557,g_18
42557,g_302
42673,g_18
42738,g_18
42738,g_3165
42930,g_35
42930,g_10216
42952,g_18
42952,g_10225
42954,g_18
42954,g_1110
42954,g_10221
42954,g_10223
42963,g_27
42963,g_80
42963,g_3167
42963,g_8497
42963,g_10215
42963,g_15038
43183,g_16
43183,g_869
43183,g_7407
43285,g_878
43285,g_10228
43319,g_80
43319,g_87
43319,g_10215
43323,g_71
43323,g_1110
43323,g_10105
43472,g_18
43472,g_10219
43472,g_10221
43512,g_18
43547,g_56
43547,g_10216
43547,g_10228
43585,g_18
43585,g_302
43585,g_10221
43585,g_10228
43702,g_18
43702,g_249
43702,g_10215
43703,g_28
43703,g_81
43703,g_10214
43843,g_18
43843,g_10215
43843,g_10228
43874,g_35
43890,g_18
43890,g_10221
44013,g_53
44146,g_3110
44177,g_163
44246,g_56
44467,g_18
44467,g_818
44477,g_18
44489,g_35
44553,g_17
44553,g_49
44553,g_10105
44646,g_35
44646,g_10105
44649,g_18
44660,g_10216
44660,g_16304
44814,g_18
44814,g_126
44814,g_10219
44983,g_18
44983,g_44
45022,g_33
45022,g_130
45205,g_18
45205,g_1122
45205,g_10223
45205,g_10227
45205,g_10228
45367,g_9527
45367,g_14453
45367,g_14740
45381,g_18
45381,g_53
45381,g_76
45381,g_106
45383,g_33
45383,g_130
45550,g_18
45550,g_27
45550,g_53
45550,g_303
45550,g_874
45550,g_1112
45712,g_18
45765,g_18
45765,g_79
45765,g_142
46039,g_18
46202,g_35
46407,g_18
46407,g_303
46407,g_3163
46407,g_10221
47206,g_22
47206,g_35
47265,g_18
47265,g_10221
47267,g_35
47267,g_73
47267,g_10216
47342,g_3109
47342,g_3112
47578,g_18
47625,g_27
47625,g_15038
47695,g_53
47695,g_80
47695,g_3165
47807,g_219
47807,g_644
47856,g_81
47874,g_18
47874,g_35
47874,g_3167
48099,g_53
48099,g_80
48125,g_35
48125,g_10217
48176,g_31
48446,g_80
48446,g_3167
48460,g_79
48460,g_80
48460,g_3167
48577,g_12
48739,g_69
48739,g_71
48832,g_18
48832,g_10221
48847,g_99
48847,g_10222
48847,g_10225
48847,g_10228
48939,g_80
49181,g_27
49260,g_35
49334,g_18
49602,g_99
49602,g_10217
49602,g_10218
49888,g_27
50032,g_18
50032,g_3167
50062,g_35
50062,g_69
50196,g_35
50196,g_10216
50201,g_18
50201,g_35
50212,g_35
50231,g_18
50402,g_18
50402,g_303
50402,g_6033
50402,g_10464
50422,g_18
50514,g_18
50514,g_10107
50574,g_79
50574,g_80
50679,g_19
50679,g_35
50766,g_18
50766,g_10221
50818,g_866
50818,g_869
50818,g_878
50818,g_10216
50920,g_81
50920,g_82
50969,g_27
50969,g_31
50969,g_164
50969,g_867
51093,g_80
51093,g_3167
51371,g_14
51371,g_18
51371,g_53
51457,g_18
51457,g_10221
51597,g_18
51597,g_3167
51597,g_19454
51658,g_18
51720,g_18
51898,g_2890
51898,g_10215
51898,g_10228
52051,g_35
52262,g_31
52299,g_35
52299,g_1116
52299,g_3165
52315,g_28
52315,g_35
52315,g_878
52351,g_18
52351,g_1122
52351,g_3165
52351,g_10223
52352,g_18
52352,g_353
52352,g_818
52352,g_1122
52352,g_3115
52429,g_18
52429,g_209
52429,g_10215
52429,g_10223
52926,g_18
52926,g_10221
52926,g_10223
52926,g_10228
53084,g_18
53084,g_19
53084,g_33
53084,g_1113
53217,g_191
53288,g_33
53288,g_130
53620,g_2890
53704,g_18
53704,g_10215
53704,g_10228
54117,g_18
54117,g_10223
54134,g_27
54305,g_53
54571,g_18
54571,g_53
54571,g_10215
54586,g_114
54586,g_196
54586,g_1122
54586,g_3165
54586,g_10216
54586,g_10222
54650,g_18
54650,g_878
54661,g_35
54661,g_10216
54672,g_18
54672,g_10221
54672,g_10224
54672,g_10225
54782,g_878
54868,g_22
54868,g_866
54868,g_2712
54868,g_10216
54936,g_130
54936,g_1116
54971,g_12
54971,g_10215
54972,g_53
54972,g_10215
54999,g_35
55244,g_28
55244,g_53
55290,g_18
55290,g_10221
55290,g_10223
55299,g_251
55299,g_17126
55322,g_27
55322,g_28
55322,g_158
55322,g_10215
55379,g_12
55379,g_28
55379,g_10215
55379,g_10223
55432,g_12
55485,g_18
55485,g_2916
55485,g_10220
55485,g_10223
55569,g_18
55569,g_53
55569,g_79
55569,g_878
55756,g_18
56066,g_18
56066,g_31
56066,g_99
56098,g_13
56098,g_99
56098,g_101
56098,g_208
56098,g_1113
56188,g_53
56188,g_80
56361,g_18
56361,g_53
56361,g_1115
56361,g_10215
56361,g_10223
56470,g_2926
56585,g_27
56585,g_141
56585,g_10215
56585,g_10226
56658,g_12
56658,g_18
56658,g_31
56658,g_3137
56658,g_3167
56658,g_10214
56658,g_10215
56658,g_10224
56658,g_10225
56685,g_43
56685,g_52
56685,g_218
56892,g_87
56892,g_866
56892,g_1115
56892,g_2731
56892,g_10215
56892,g_10221
56922,g_81
56995,g_164
56995,g_1122
57150,g_71
57150,g_1115
57150,g_10217
57150,g_10221
57354,g_35
57354,g_1116
57391,g_35
57391,g_10216
57610,g_14415
57626,g_34
57626,g_79
57718,g_18
57718,g_301
57718,g_14726
57873,g_28
57873,g_34
57873,g_35
57892,g_18
57892,g_1119
57892,g_10218
57892,g_10219
57892,g_10221
58081,g_28
58081,g_34
58081,g_2730
58081,g_3166
58338,g_18
58338,g_80
58340,g_27
58340,g_35
58340,g_53
58741,g_18
59248,g_14
59248,g_18
59248,g_1122
59248,g_3165
59248,g_10223
59248,g_10226
59251,g_35
59251,g_1122
59251,g_3165
59251,g_10216
59251,g_10222
59497,g_17
59497,g_18
59497,g_35
59497,g_154
59497,g_869
59497,g_6033
59626,g_18
59626,g_209
59638,g_35
59638,g_124
59638,g_1116
59638,g_1122
59638,g_3165
59638,g_14415
59717,g_80
59717,g_142
59717,g_863
59767,g_27
59767,g_35
59767,g_16304
59810,g_28
59810,g_81
59814,g_2926
59932,g_101
59932,g_1116
59932,g_1122
59932,g_3165
59932,g_10105
59956,g_18
59956,g_3165
59956,g_6033
60330,g_33
60330,g_3167
60768,g_197
60768,g_303
60768,g_353
60768,g_354
60768,g_1103
60768,g_1113
60768,g_1116
60768,g_3165
61186,g_18
61186,g_1037
61186,g_2890
61186,g_5702
61186,g_18304
61188,g_18
61188,g_127
61188,g_134
61188,g_1146
61188,g_10221
61346,g_18
61346,g_10221
61611,g_15038
61612,g_33
61612,g_301
61612,g_1122
61612,g_14726
62181,g_35
62297,g_18
62297,g_31
62297,g_32
62402,g_33
62402,g_69
62484,g_44
62484,g_10221
62718,g_18
62718,g_35
62993,g_16
62993,g_89
62993,g_10215
63023,g_18
63023,g_71
63220,g_16
63220,g_1122
63220,g_3165
63220,g_10219
63220,g_10221
63220,g_10224
63232,g_73
63232,g_87
63232,g_99
63232,g_209
63232,g_1113
63232,g_10222
63232,g_10228
63530,g_2916
63834,g_53
63834,g_303
63834,g_867
63834,g_2738
64085,g_18
64085,g_36
64257,g_99
64257,g_303
64257,g_1113
64257,g_1168
64257,g_3163
64306,g_17
64306,g_69
64317,g_15038
64601,g_18
64601,g_10222
64608,g_35
64608,g_10216
64612,g_27
64612,g_79
64612,g_10215
64612,g_10226
64835,g_18
64835,g_1119
64835,g_3118
65135,g_27
65148,g_18
65148,g_1116
65148,g_1165
65148,g_3148
65148,g_3165
65849,g_35
65849,g_1122
65849,g_3163
65849,g_3165
65849,g_10216
65893,g_117
65893,g_136
65995,g_27
65995,g_28
65995,g_53
65995,g_193
65939,g_53
66164,g_18
66164,g_28
66164,g_85
66164,g_866
66164,g_1109
66164,g_2757
66164,g_3167
66164,g_7931
66164,g_15520
66184,g_27
66184,g_10214
66184,g_10226
66272,g_36
66272,g_92
66272,g_1167
66272,g_14726
66306,g_18
66306,g_1116
66306,g_3165
66310,g_18
66310,g_301
66310,g_3165
66310,g_14726
66344,g_18
66344,g_32
66344,g_43
66344,g_303
66344,g_1167
66344,g_6033
66344,g_9595
66344,g_14726
66540,g_35
66540,g_878
66541,g_301
66541,g_1164
66541,g_3165
66541,g_14726
66541,g_14999
66655,g_16
66655,g_27
66655,g_303
66655,g_1122
66655,g_1165
66655,g_1167
66655,g_14726
66675,g_28
66675,g_2395
66691,g_18
66691,g_301
66691,g_303
66691,g_1167
66691,g_3165
66691,g_14726
66819,g_14
66819,g_18
66819,g_818
66819,g_1167
66819,g_14726
66821,g_18
66821,g_1116
66913,g_37
67086,g_35
67086,g_14452
67403,g_35
67600,g_28
67622,g_87
67622,g_303
67622,g_354
67622,g_867
67622,g_1112
67622,g_1113
67622,g_1116
67622,g_3118
67726,g_12
67726,g_28
67726,g_81
67806,g_18
67806,g_53
67830,g_28
67830,g_31
67834,g_12
67834,g_28
67834,g_35
67858,g_28
67858,g_81
67880,g_18
67880,g_27
67880,g_3165
67882,g_114
67882,g_14415
67933,g_122
67973,g_33
68190,g_18
68190,g_35
68413,g_122
68413,g_17126
68426,g_18
68426,g_80
68426,g_3110
68426,g_3165
68431,g_18
68442,g_35
68442,g_6033
68453,g_33
68453,g_3165
68453,g_6033
68461,g_18
68461,g_6033
68463,g_18
68463,g_3165
68487,g_18
68553,g_35
68553,g_3165
68553,g_17580
68604,g_33
68604,g_53
68604,g_80
68767,g_18
68767,g_3165
68783,g_18
68783,g_33
68822,g_126
69058,g_35
69058,g_210
69058,g_1123
69058,g_14999
69100,g_18
69246,g_18
69246,g_33
69256,g_18
69256,g_33
69256,g_3165
69289,g_18
69422,g_18
69422,g_35
69422,g_1116
69422,g_3165
69431,g_18
69443,g_18
69512,g_18
69512,g_6033
69709,g_18
69709,g_31
69709,g_6033
69710,g_18
69710,g_3163
69710,g_10214
69710,g_10223
69762,g_14
69762,g_27
69762,g_303
69762,g_1116
69762,g_1122
69762,g_1165
69762,g_1167
70195,g_866
70195,g_869
70195,g_10214
70195,g_10216
70195,g_10217
70195,g_10221
70195,g_10223
70195,g_10224
70195,g_15520
70220,g_18
70220,g_32
70220,g_303
70220,g_1113
70220,g_3163
70291,g_35
70291,g_209
70291,g_2890
70417,g_303
70417,g_1122
70417,g_1123
70417,g_3119
70417,g_7424
70417,g_15774
70417,g_19717
70440,g_18
70741,g_35
70741,g_8708
70741,g_10216
70933,g_18
71696,g_18
71696,g_33
71810,g_18
71810,g_28
71918,g_22
71918,g_99
72018,g_18
72018,g_80
72279,g_18
72279,g_31
72291,g_136
72291,g_303
72291,g_14999
72330,g_18
72439,g_18
72439,g_35
72440,g_18
72458,g_27
72463,g_18
72561,g_18
72561,g_87
72561,g_303
72561,g_1112
72561,g_1122
72648,g_18
72648,g_28
73126,g_18
73126,g_209
73703,g_33
74275,g_27
74275,g_878
74275,g_3166
74282,g_18
74282,g_28
74282,g_53
75170,g_18
75170,g_80
75170,g_3110
75218,g_71
75295,g_18
75295,g_54
75728,g_126
75825,g_71
75825,g_10105
75828,g_71
75828,g_127
75976,g_53
75976,g_241
76072,g_18
76627,g_18
77302,g_18
77302,g_35
77302,g_1119
77304,g_18
77304,g_3167
77522,g_122
77527,g_18
77527,g_31
77527,g_33
77530,g_18
77802,g_114
77843,g_18
77878,g_18
77878,g_19
78160,g_18
78160,g_2916
78214,g_18
78214,g_818
78252,g_54
78252,g_71
78514,g_35
78514,g_124
79844,g_18
79844,g_35
79895,g_35
80078,g_18
80078,g_33
81235,g_18
81235,g_818
81463,g_18
81463,g_80
81634,g_12
81705,g_18
81705,g_122
81766,g_18
81882,g_18
81955,g_53
81955,g_80
82028,g_18
82028,g_3167
82028,g_10105
82030,g_79
82030,g_80
82074,g_51
82104,g_18
82171,g_18
82171,g_33
82191,g_18
82191,g_33
82191,g_35
82247,g_18
82383,g_18
82385,g_33
82385,g_2890
82447,g_28
82447,g_80
82475,g_12
82475,g_17
82475,g_35
82606,g_18
82606,g_36
82636,g_18
82636,g_3118
82739,g_35
82754,g_18
82754,g_36
82754,g_818
82766,g_35
82795,g_17
82795,g_18
82838,g_33
82838,g_126
82842,g_18
82901,g_14
82901,g_28
82903,g_17
82903,g_18
82903,g_10107
82907,g_122
82924,g_18
82924,g_69
82946,g_35
82976,g_18
82976,g_3167
83110,g_18
83501,g_18
83501,g_1115
83657,g_22
83657,g_69
83738,g_18
83738,g_35
83844,g_18
83845,g_2890
83848,g_18
84030,g_18
84030,g_818
84360,g_18
84360,g_33
84360,g_35
84378,g_12
84378,g_33
84378,g_3167
84484,g_18
84484,g_33
84611,g_2890
84611,g_3167
84672,g_18
84672,g_33
84828,g_12
84828,g_18
84922,g_35
84922,g_3167
84993,g_18
85019,g_18
85019,g_80
85020,g_35
85020,g_53
85020,g_80
85168,g_35
85168,g_3167
85218,g_33
85218,g_35
85282,g_18
85354,g_33
85354,g_35
85360,g_18
85396,g_18
85405,g_22
85405,g_2890
85405,g_3167
85444,g_22
85444,g_2890
85499,g_126
85640,g_18
85640,g_19
85640,g_3167
85645,g_18
85645,g_35
85648,g_14
85648,g_18
85648,g_27
85650,g_22
85650,g_35
85650,g_14711
85658,g_18
85658,g_35
85733,g_1141
85772,g_18
85772,g_31
85776,g_35
85776,g_3167
85834,g_80
85834,g_3167
85835,g_18
85835,g_35
86040,g_18
86073,g_18
86073,g_35
86163,g_18
86256,g_18
86275,g_35
86338,g_18
86391,g_18
86391,g_28
86391,g_36
86408,g_18
86529,g_18
86529,g_80
86529,g_142
86586,g_14
86586,g_18
86586,g_28
86730,g_17
86730,g_18
86742,g_80
86745,g_80
86745,g_3166
86755,g_18
86755,g_31
86764,g_18
86764,g_79
87015,g_12
87015,g_18
87015,g_28
87053,g_28
87053,g_80
87053,g_3166
87297,g_17
87297,g_18
87297,g_303
87297,g_1122
87443,g_18
87618,g_14
87618,g_18
87618,g_35
87631,g_22
87631,g_2890
87633,g_53
87801,g_14
87801,g_35
87821,g_17
87821,g_35
87821,g_878
87829,g_79
87829,g_80
87989,g_18
87989,g_33
87989,g_35
87999,g_18
87999,g_33
88094,g_33
88094,g_35
88249,g_18
88249,g_3167
88544,g_33
88544,g_35
88587,g_18
88587,g_80
88587,g_3167
88634,g_12
88634,g_28
88920,g_18
88920,g_36
88960,g_12
88960,g_28
88960,g_878
88960,g_3166
89214,g_18
89214,g_80
89219,g_18
89219,g_35
89229,g_12
89229,g_2890
89336,g_18
89336,g_818
89412,g_28
89412,g_53
89605,g_18
89620,g_126
89620,g_10105
89978,g_14
89978,g_28
89978,g_3166
89981,g_18
89981,g_818
89981,g_878
90087,g_18
90087,g_127
90089,g_18
90089,g_122
90132,g_18
90132,g_122
90138,g_80
90194,g_121
90194,g_126
90239,g_17126
90339,g_18
90339,g_79
90372,g_12
90699,g_80
90699,g_3167
90746,g_35
90746,g_1115
90767,g_35
90769,g_18
90769,g_122
90932,g_18
90932,g_71
90962,g_18
90962,g_80
91056,g_35
91070,g_27
91070,g_3167
91181,g_28
91181,g_105
91181,g_878
91257,g_18
91276,g_18
91276,g_35
91308,g_36
91308,g_2890
91339,g_53
91339,g_878
91344,g_33
91344,g_35
91344,g_3167
91486,g_35
91486,g_3167
91487,g_13
91487,g_3167
91550,g_18
91550,g_31
91550,g_33
91558,g_28
91558,g_53
91584,g_18
91584,g_31
91584,g_122
91597,g_18
91597,g_53
91703,g_12
91703,g_14
91703,g_17
91828,g_18
91828,g_28
91839,g_12
91839,g_18
91839,g_28
91852,g_13
91852,g_3167
91865,g_18
91865,g_28
91865,g_31
92052,g_18
92052,g_19
92125,g_18
92250,g_18
92250,g_35
92250,g_80
92297,g_18
92297,g_33
92372,g_80
92372,g_3167
92465,g_18
92465,g_3115
92469,g_18
92470,g_18
92786,g_35
92818,g_18
92818,g_28
92970,g_18
93070,g_71
93070,g_1024
93070,g_3158
93112,g_18
93117,g_18
93117,g_1024
93175,g_18
93175,g_33
93186,g_18
93186,g_80
93327,g_18
93338,g_35
93338,g_3167
93341,g_18
93341,g_644
93390,g_16
93390,g_87
93390,g_168
93390,g_303
93390,g_863
93390,g_867
93490,g_27
93490,g_878
93533,g_80
93533,g_3167
93601,g_127
93601,g_2890
93601,g_3167
93714,g_27
93714,g_79
93714,g_18305
94219,g_12
94219,g_35
94219,g_866
94229,g_80
94276,g_35
94504,g_18
94563,g_80
95006,g_18
95006,g_36
95072,g_18
95072,g_80
95333,g_18
95333,g_36
95351,g_18
95351,g_31
95365,g_18
95528,g_33
95528,g_35
95736,g_818
95736,g_863
95736,g_878
95736,g_3166
95772,g_130
95772,g_3167
95830,g_18
95830,g_79
95967,g_18
95967,g_31
96002,g_35
96007,g_18
96007,g_36
96022,g_17
96022,g_18
96043,g_1125
96415,g_17
96415,g_35
96415,g_869
96525,g_18
96566,g_35
96615,g_18
96908,g_35
96918,g_18
96918,g_36
96927,g_18
96927,g_1115
96927,g_3167
96957,g_18
96957,g_31
96971,g_80
96971,g_3167
97092,g_12
97092,g_28
97092,g_148
97101,g_35
97121,g_35
97229,g_18
97284,g_33
97284,g_878
97286,g_35
97312,g_18
97326,g_18
97632,g_35
97661,g_36
97661,g_71
97661,g_3167
97679,g_126
97679,g_3167
97679,g_10105
97693,g_18
97693,g_22
97725,g_17
97725,g_10105
97932,g_79
97932,g_80
98162,g_18
98162,g_122
98171,g_28
98171,g_31
98171,g_3166
98277,g_191
98402,g_18
98402,g_35
98402,g_10107
98471,g_80
98488,g_28
98488,g_81
98613,g_219
98613,g_2916
98617,g_35
98620,g_18
98620,g_80
98620,g_3167
98952,g_18
99049,g_18
99305,g_18
99305,g_35
99305,g_3167
99357,g_18
99357,g_31
99571,g_18
99571,g_53
99577,g_18
99577,g_101
99828,g_18
99920,g_18
99920,g_35
99980,g_18
99980,g_36
99983,g_18
99983,g_33
100253,g_31
100253,g_35
100401,g_18
100401,g_35
100421,g_18
100421,g_31
100430,g_80
100430,g_3167
100534,g_35
100570,g_18
100570,g_122
101145,g_18
101145,g_80
101230,g_126
101499,g_18
101517,g_27
101517,g_79
101517,g_80
101574,g_18
102061,g_122
102090,g_18
102254,g_35
102287,g_18
102287,g_122
102288,g_79
102306,g_35
102422,g_35
102698,g_13
102698,g_3167
102725,g_35
102752,g_18
102752,g_3167
102828,g_18
102828,g_56
103061,g_13
103147,g_12
103147,g_869
103215,g_18
103215,g_53
103229,g_2890
103502,g_18
103502,g_33
103506,g_28
103506,g_36
103648,g_18
103648,g_53
103648,g_80
103670,g_18
103982,g_27
103982,g_3167
104028,g_22
104028,g_126
104532,g_12
104532,g_35
104534,g_18
104534,g_31
104543,g_12
104543,g_136
104745,g_12
104745,g_35
104845,g_136
104887,g_35
104908,g_33
104908,g_14452
104927,g_18
104955,g_27
104955,g_79
105252,g_18
105252,g_35
105252,g_80
105295,g_18
105403,g_35
105405,g_126
105406,g_122
105406,g_2731
105440,g_35
105513,g_12
105513,g_22
105513,g_866
105607,g_35
105620,g_18
105620,g_3167
105624,g_18
105624,g_35
105637,g_18
105686,g_80
105695,g_18
105785,g_12
106108,g_2890
106108,g_3167
106138,g_35
106199,g_18
106199,g_31
106214,g_80
106214,g_2738
106214,g_9496
106314,g_18
106314,g_35
106417,g_130
106689,g_33
106689,g_122
106787,g_18
106787,g_35
106984,g_33
106984,g_35
106984,g_127
107095,g_18
107098,g_53
107212,g_3167
107212,g_17126
107306,g_18
107756,g_80
107756,g_3167
107777,g_18
107777,g_3167
107780,g_18
107780,g_3167
107847,g_18
107881,g_18
107881,g_22
107881,g_126
107974,g_33
107997,g_126
107998,g_2738
108097,g_53
108097,g_80
108188,g_35
108402,g_35
108450,g_35
108516,g_18
108582,g_14
108582,g_252
108611,g_18
108611,g_36
108932,g_18
108932,g_644
109177,g_18
109177,g_33
109177,g_3167
109225,g_14
109225,g_28
109225,g_3166
109244,g_35
109254,g_18
109412,g_18
109412,g_3167
109415,g_18
109415,g_28
109501,g_53
109501,g_80
109515,g_18
109515,g_36
109568,g_35
109643,g_14
109643,g_18
109704,g_22
109704,g_35
109820,g_18
109851,g_35
109990,g_18
109990,g_53
110053,g_18
110053,g_10107
110093,g_53
110113,g_18
110113,g_31
110116,g_80
110145,g_18
110145,g_36
110172,g_18
110200,g_18
110200,g_35
110208,g_18
110212,g_644
110369,g_18
110373,g_18
110373,g_31
110408,g_18
110408,g_133
110431,g_18
110431,g_80
110431,g_3167
110545,g_35
110588,g_18
110588,g_53
110647,g_53
110648,g_12
110648,g_869
110657,g_18
110657,g_53
110659,g_2890
110911,g_35
110911,g_1126
111196,g_18
111224,g_12
111224,g_14
111224,g_33
111430,g_44
111633,g_33
111633,g_2890
111635,g_33
111635,g_2916
111761,g_28
111761,g_106
111762,g_14415
111865,g_14
111865,g_35
112033,g_18
112033,g_3167
112051,g_18
112051,g_142
112182,g_18
112182,g_53
112241,g_18
112241,g_35
112277,g_18
112277,g_3167
112349,g_35
112450,g_18
112450,g_31
112502,g_18
112510,g_18
112560,g_53
112560,g_80
112657,g_10105
112665,g_18
112722,g_18
112722,g_36
112739,g_18
112825,g_18
112872,g_18
112872,g_10105
112929,g_80
112967,g_35
113085,g_33
113085,g_122
113086,g_53
113086,g_644
113169,g_18
113169,g_53
113227,g_69
113265,g_12
113265,g_35
113265,g_3166
113471,g_33
113471,g_35
113519,g_18
113519,g_3167
113620,g_18
113620,g_37
113735,g_18
113735,g_36
113857,g_18
113857,g_15588
113988,g_18
114368,g_35
114385,g_18
114385,g_80
114478,g_18
114478,g_28
114478,g_36
114652,g_18
114652,g_80
114749,g_28
114749,g_80
114765,g_18
114796,g_1125
114848,g_37
114848,g_3167
114896,g_18
114896,g_71
114923,g_28
114923,g_81
114982,g_80
114982,g_3167
115004,g_33
115046,g_18
115064,g_103
115064,g_3167
115105,g_35
115147,g_53
115194,g_14
115194,g_28
115475,g_14
115475,g_35
115506,g_14
115506,g_28
115623,g_53
115623,g_86
115643,g_18
115670,g_28
115670,g_53
115673,g_126
115677,g_18
115731,g_35
115808,g_35
116102,g_35
116136,g_33
116136,g_126
116152,g_18
116153,g_12
116153,g_869
116155,g_80
116159,g_35
116232,g_18
116356,g_35
116364,g_12
116364,g_17
116410,g_35
116410,g_3158
116426,g_18
116743,g_12
116743,g_13
116786,g_18
116786,g_1119
116875,g_18
116967,g_18
117016,g_27
117016,g_18847
117024,g_18
117024,g_36
117024,g_10107
117114,g_12
117114,g_14
117377,g_18
117377,g_22
117445,g_14
117449,g_126
117449,g_3167
117524,g_18
117527,g_3167
117527,g_10105
117659,g_18
117662,g_33
117662,g_3167
117709,g_35
117709,g_3167
117792,g_35
117793,g_35
117793,g_53
117798,g_33
117798,g_35
117802,g_35
117840,g_127
117840,g_3167
117843,g_71
117854,g_13
117854,g_3167
117865,g_14
117865,g_28
118071,g_18
118152,g_22
118152,g_35
118271,g_126
118274,g_2890
118277,g_12
118277,g_14
118301,g_122
118302,g_18
118302,g_3167
118431,g_14
118431,g_18
118449,g_1479
118449,g_3110
118692,g_53
118692,g_3167
118693,g_18
118909,g_18
118909,g_3167
118953,g_18
119071,g_99
119071,g_1122
119071,g_3137
119107,g_18
119107,g_53
119136,g_18
119140,g_35
119181,g_27
119181,g_79
119516,g_35
119516,g_3167
119535,g_35
119628,g_14
119628,g_33
119628,g_35
119630,g_37
119638,g_18
119642,g_18
119698,g_18
119699,g_18
119774,g_18
119774,g_28
119858,g_18
120193,g_27
120217,g_12
120224,g_18
120224,g_22
120402,g_12
120402,g_17
120439,g_53
120439,g_80
120501,g_18
120501,g_69
120501,g_129
120888,g_18
120892,g_2916
120892,g_14415
120992,g_35
120993,g_14
120993,g_28
120994,g_28
120994,g_43
121061,g_37
121065,g_2890
121087,g_35
121087,g_1116
121236,g_18
121236,g_35
121356,g_35
122596,g_53
123640,g_18
123640,g_33
123643,g_18
123643,g_36
123644,g_18
123644,g_33
123644,g_36
124761,g_130
124761,g_3167
124762,g_130
124762,g_3167
125879,g_18
125879,g_35
126029,g_12
126029,g_869
126050,g_3167
126050,g_16304
126337,g_28
126337,g_53
126337,g_3166
126365,g_28
126365,g_80
126378,g_33
126378,g_35
126450,g_141
126951,g_14
126951,g_17
126957,g_12
126957,g_33
126957,g_35
127056,g_18
127056,g_3167
127715,g_35
128490,g_18
128490,g_53
128616,g_18
128834,g_18
128896,g_122
128978,g_142
128978,g_2916
129007,g_33
129007,g_3167
129375,g_18
129375,g_3167
129437,g_18
129437,g_35
129609,g_122
129625,g_18
129625,g_209
129625,g_3135
129706,g_18
129706,g_80
129823,g_28
129823,g_138
130208,g_36
130208,g_818
130793,g_18
130910,g_71
131546,g_18
131546,g_53
132178,g_80
132178,g_2890
132182,g_12
132182,g_28
132594,g_35
132594,g_3167
132654,g_35
133242,g_191
133583,g_35
133625,g_53
133670,g_126
133670,g_644
133670,g_14999
133808,g_18
133808,g_31
133808,g_36
134687,g_122
134687,g_2890
135550,g_18
135550,g_80
136070,g_71
136070,g_101
136284,g_18
136284,g_10107
136996,g_35
137008,g_18
137008,g_80
137011,g_35
137012,g_18
137012,g_36
137030,g_18
137031,g_18
137031,g_35
137070,g_18
137080,g_12
137080,g_35
137080,g_869
137142,g_18
137142,g_35
137261,g_18
137488,g_122
137615,g_18
137615,g_2916
137639,g_33
137976,g_35
137976,g_130
137977,g_18
137977,g_36
137977,g_2890
137978,g_18
138303,g_18
138303,g_35
138304,g_18
138373,g_18
138533,g_12
138533,g_36
138561,g_18
138561,g_209
138848,g_18
138848,g_80
139016,g_18
139016,g_36
139071,g_35
139300,g_28
139300,g_53
139393,g_18
139989,g_17
139989,g_104
139989,g_1113
139989,g_1122
139989,g_7221
139989,g_16304
139991,g_79
139991,g_80
139992,g_18
140106,g_18
140106,g_53
140549,g_35
140758,g_53
140813,g_18
141053,g_2738
141452,g_18
141503,g_18
142256,g_35
142257,g_18
142258,g_35
142907,g_80
142923,g_35
142938,g_18
143090,g_18
143093,g_31
143209,g_18
143457,g_18
143457,g_35
143806,g_14
143974,g_18
144064,g_18
144064,g_2890
144126,g_18
144708,g_81
145291,g_18
145301,g_126
145301,g_3167
145302,g_126
145302,g_3167
145305,g_37
145309,g_126
145473,g_12
145583,g_18
145909,g_33
145909,g_3167
146051,g_80
146051,g_3167
146565,g_12
146565,g_14
146577,g_27
146577,g_3166
146582,g_35
146595,g_18
146680,g_28
146688,g_35
146732,g_18
146976,g_18
146976,g_3167
146990,g_18
147062,g_13
147132,g_18
147150,g_27
147150,g_28
147251,g_13
147455,g_33
147455,g_3167
147496,g_27
147496,g_53
147890,g_18
148049,g_28
148049,g_53
148126,g_33
148200,g_35
148210,g_33
148213,g_18
148213,g_53
148231,g_33
148231,g_3167
148564,g_3168
148653,g_35
148661,g_18
148661,g_22
148692,g_33
148692,g_3167
148704,g_12
148704,g_869
148706,g_17126
148706,g_18385
148868,g_33
148868,g_3167
148871,g_18
149063,g_18
149075,g_18
149208,g_79
149237,g_35
149238,g_105
149243,g_35
149244,g_35
149244,g_3167
149798,g_27
149818,g_13
149818,g_3167
150035,g_12
150035,g_18
150035,g_28
150145,g_191
150403,g_12
150403,g_28
150412,g_22
150412,g_33
150413,g_18
150413,g_36
150499,g_18
150547,g_31
150551,g_18
150551,g_35
150552,g_31
150554,g_53
150556,g_18
150557,g_126
150594,g_18
150594,g_3167
150736,g_18
150859,g_18
150859,g_35
150961,g_126
150982,g_28
150982,g_53
151231,g_18
151260,g_18
151374,g_33
151381,g_18
151381,g_80
151387,g_18
151450,g_33
151450,g_14452
151458,g_18
151460,g_18
151460,g_80
151466,g_69
151895,g_31
151912,g_40
151919,g_191
151926,g_18
152043,g_18
152045,g_56
152084,g_18
152133,g_33
152133,g_878
152202,g_22
152202,g_72
152202,g_353
152202,g_1122
152202,g_3898
152202,g_9527
152202,g_14452
152211,g_18
152211,g_36
152212,g_18
152212,g_114
152261,g_11
152290,g_35
152302,g_18
152345,g_35
152515,g_18
152515,g_28
152927,g_191
152939,g_17
152939,g_35
152943,g_33
152943,g_35
153167,g_18
153167,g_33
153167,g_80
153308,g_80
153308,g_3167
153717,g_18
153717,g_80
153789,g_35
153865,g_18
154128,g_28
154128,g_36
154203,g_18
154453,g_35
154809,g_35
154848,g_18
154848,g_80
154854,g_18
154854,g_31
154855,g_141
154966,g_14
154966,g_28
155222,g_18
155222,g_869
155222,g_3167
155284,g_18
155379,g_18
155482,g_122
155497,g_18
156168,g_14
156168,g_2579
156692,g_18
156768,g_31
156768,g_33
157090,g_18
157090,g_35
157097,g_18
157565,g_35
157565,g_869
157716,g_2891
158330,g_49
158330,g_50
158330,g_56
158330,g_867
158330,g_871
158330,g_873
158330,g_874
158330,g_14999
158461,g_85
158461,g_2891
158462,g_17
158462,g_35
158462,g_50
158462,g_51
158462,g_104
158462,g_878
158462,g_1109
158462,g_1110
158740,g_122
158812,g_18
158812,g_53
158909,g_126
159554,g_122
159746,g_133
159746,g_2890
159885,g_35
160173,g_18
160174,g_33
160174,g_10105
160499,g_18
160499,g_35
160572,g_18
160572,g_53
160857,g_28
160857,g_36
160857,g_164
161072,g_158
161246,g_53
161246,g_3167
161540,g_18
161682,g_33
161682,g_35
161682,g_3167
161696,g_18
161895,g_18
162088,g_18
162088,g_53
162520,g_56
162520,g_80
162948,g_169
162961,g_18
162961,g_142
162980,g_122
163343,g_14
163343,g_18
163348,g_17
163348,g_18
163561,g_33
163561,g_35
163575,g_27
163583,g_18
163583,g_3167
163593,g_53
163593,g_80
163593,g_3167
163598,g_18
163598,g_18385
163637,g_18
163647,g_18
163647,g_35
163649,g_18
163650,g_18
163650,g_80
163747,g_18
163747,g_3167
163756,g_18
163906,g_18
163906,g_3167
163928,g_18
163928,g_36
163932,g_33
163959,g_18
163959,g_35
163961,g_18
163963,g_18
163975,g_18
163975,g_35
163980,g_18
163980,g_14452
164039,g_122
164049,g_18
164179,g_122
164181,g_56
164181,g_122
164198,g_27
164198,g_53
164200,g_18
164200,g_818
164204,g_53
164204,g_80
164385,g_35
164433,g_31
164720,g_18
164720,g_31
165360,g_12
165360,g_14
165360,g_17
165396,g_53
165396,g_3167
165572,g_18
165918,g_80
165918,g_3167
165964,g_18
165964,g_28
166132,g_35
166288,g_126
166290,g_18
166290,g_80
166812,g_18
167137,g_18
167243,g_35
167243,g_126
167542,g_35
167921,g_33
167921,g_2890
168172,g_122
168247,g_17126
168946,g_122
169379,g_53
169379,g_80
169642,g_122
169833,g_18
169840,g_16304
169985,g_14
169985,g_18
170114,g_33
170114,g_3167
170490,g_31
170490,g_35
171163,g_53
171163,g_56
171172,g_80
171172,g_134
171415,g_35
171457,g_18
171457,g_28
171730,g_33
171730,g_35
171744,g_35
171921,g_12
171921,g_33
171921,g_36
171925,g_18
171925,g_27
171934,g_35
172708,g_53
172708,g_3167
173055,g_14
173055,g_126
173226,g_17
173226,g_35
173226,g_3166
173247,g_18
173247,g_35
173260,g_18
174190,g_136
174192,g_35
174207,g_2890
174207,g_3167
174312,g_31
174312,g_33
174501,g_18
174501,g_35
174507,g_126
174534,g_18
174534,g_35
175357,g_18
175357,g_19
175357,g_10107
175521,g_18
176198,g_35
176198,g_136
176208,g_17
176208,g_18
176383,g_14
176383,g_27
176383,g_33
176420,g_18
176504,g_27
176504,g_53
176509,g_53
176509,g_2890
176742,g_18
176742,g_80
176951,g_17
176951,g_122
177602,g_18
177650,g_28
177650,g_53
178064,g_18
178276,g_80
178358,g_117
179151,g_18
179915,g_18
179919,g_53
181497,g_17
181497,g_51
181497,g_3167
181498,g_17
181498,g_51
181498,g_3167
181499,g_17
181499,g_51
181499,g_3167
181848,g_3114
181934,g_53
182020,g_17126
182020,g_18385
182030,g_35
182153,g_126
184867,g_27
184874,g_12
184874,g_17
185191,g_35
185191,g_1122
185202,g_18
185493,g_80
185493,g_122
185594,g_33
185594,g_35
186414,g_36
186524,g_18
186524,g_36
187293,g_27
187293,g_878
187543,g_18
187685,g_35
188175,g_18
188175,g_27
188289,g_18
188289,g_2916
188744,g_33
188744,g_35
188747,g_18
188773,g_53
188773,g_3167
188942,g_33
188942,g_3167
189044,g_18
189717,g_18
189717,g_36
190175,g_35
190175,g_10107
190266,g_18
190303,g_35
190303,g_1122
478,g_33
478,g_49
478,g_71
478,g_79
478,g_80
478,g_166
478,g_864
478,g_865
478,g_1150
484,g_33
484,g_49
484,g_71
484,g_79
484,g_80
484,g_166
484,g_864
484,g_865
484,g_1150
485,g_33
485,g_49
485,g_71
485,g_79
485,g_80
485,g_166
485,g_864
485,g_865
485,g_1150
486,g_33
486,g_49
486,g_71
486,g_79
486,g_80
486,g_166
486,g_864
486,g_865
486,g_1150
487,g_33
487,g_49
487,g_71
487,g_79
487,g_80
487,g_166
487,g_864
487,g_865
487,g_1150
491,g_44
491,g_71
491,g_92
499,g_19
499,g_92
499,g_227
690,g_18
690,g_2738
904,g_69
904,g_126
904,g_1116
904,g_3165
908,g_126
977,g_12
977,g_19
977,g_3165
977,g_14726
1244,g_209
1244,g_303
1244,g_2890
1244,g_10220
1392,g_99
1392,g_303
1392,g_353
1392,g_1113
1392,g_3164
1392,g_10222
1392,g_10224
1392,g_10225
1589,g_130
1684,g_99
1684,g_209
1684,g_3164
1684,g_10216
1684,g_10225
1721,g_12
1721,g_17
1721,g_863
1863,g_17
1863,g_130
1863,g_6033
2015,g_54
2015,g_219
2015,g_302
2015,g_10221
2015,g_10224
2111,g_19
2111,g_69
2111,g_92
2111,g_818
2172,g_12
2172,g_28
2172,g_71
2199,g_17
2199,g_56
2199,g_863
2417,g_18
2417,g_3167
2455,g_144
2702,g_92
2702,g_302
2702,g_818
2702,g_1113
2748,g_127
2887,g_18
2908,g_17
2908,g_878
2908,g_1093
2908,g_6033
2995,g_53
2995,g_14999
3102,g_17
3102,g_18
3412,g_17
3412,g_27
3689,g_12
3696,g_18
3696,g_2916
4194,g_35
4276,g_12
4276,g_14
4276,g_17
4276,g_28
4276,g_878
4276,g_3167
4615,g_1126
4615,g_1479
4615,g_2888
4656,g_18
4656,g_2896
4656,g_10215
4656,g_10223
4679,g_141
4736,g_18
4976,g_71
4976,g_92
4976,g_209
4976,g_302
5049,g_18
5049,g_53
5049,g_2916
5076,g_53
5076,g_141
5076,g_219
5083,g_873
5083,g_3110
5104,g_144
5104,g_3167
5252,g_130
5252,g_141
5252,g_3164
5464,g_28
5464,g_105
5464,g_3167
5486,g_39
5486,g_53
5595,g_79
5596,g_13
5598,g_13
5623,g_80
5770,g_19
5770,g_130
5770,g_6033
6001,g_17
6001,g_35
6436,g_878
6436,g_3168
6553,g_122
6553,g_1115
6553,g_10216
6553,g_10217
6553,g_10218
6584,g_12
6962,g_12
6962,g_3167
7266,g_18
7266,g_3163
7267,g_53
7267,g_874
7267,g_1109
7460,g_18
7460,g_1024
8070,g_18
8070,g_3163
8355,g_15
8355,g_17
8355,g_50
8355,g_104
8355,g_1109
8355,g_7407
8355,g_10105
8355,g_10216
8355,g_10222
8380,g_18
8380,g_35
8494,g_56
8583,g_18
8583,g_36
8852,g_154
8852,g_165
8852,g_166
8852,g_867
9257,g_28
9257,g_53
9257,g_251
9257,g_10214
9257,g_10215
9323,g_34
9323,g_43
9323,g_218
9323,g_878
9323,g_8497
9323,g_10214
9323,g_10215
9323,g_10222
9323,g_10223
9467,g_1115
9467,g_10216
9467,g_10217
9467,g_13544
9596,g_35
9596,g_87
9596,g_863
9596,g_2890
9596,g_2896
9617,g_35
9617,g_1115
9840,g_33
9840,g_69
9840,g_303
9875,g_69
9875,g_3167
10039,g_130
10072,g_141
10072,g_154
10072,g_169
10100,g_53
10100,g_86
10100,g_1109
10100,g_3167
10305,g_127
10305,g_818
10361,g_79
10361,g_161
10364,g_116
10484,g_124
10500,g_54
10500,g_2890
10593,g_19
10593,g_27
10593,g_818
10593,g_3898
10698,g_19
10698,g_69
10698,g_130
10698,g_866
10698,g_10219
10698,g_10221
10798,g_138
10818,g_69
10818,g_73
10818,g_3164
10818,g_10221
10818,g_10223
10830,g_12
10830,g_14
10830,g_35
10830,g_10215
10830,g_10216
10830,g_10228
10835,g_18
10835,g_28
10835,g_53
10835,g_80
10837,g_12
10837,g_14
10837,g_17
10837,g_35
10837,g_196
10941,g_28
10941,g_878
10941,g_10215
10941,g_10223
10941,g_10228
10989,g_87
10989,g_126
10989,g_13544
10992,g_17
10992,g_50
10992,g_10105
10992,g_13544
11055,g_28
11055,g_35
11055,g_49
11055,g_2737
11055,g_10216
11057,g_36
11057,g_92
11057,g_209
11095,g_33
11095,g_126
11095,g_818
11095,g_2370
11162,g_19
11162,g_122
11162,g_939
11162,g_3146
11195,g_92
11195,g_209
11195,g_210
11291,g_12
11291,g_13
11291,g_818
11367,g_35
11367,g_13544
11373,g_122
11373,g_126
11373,g_353
11391,g_1125
11392,g_1125
11394,g_22
11394,g_114
11394,g_10216
11394,g_10228
11394,g_14999
11435,g_939
11435,g_1112
11435,g_1123
11435,g_1479
11435,g_14999
11444,g_124
11444,g_10216
11444,g_10217
11444,g_10222
11444,g_13544
11548,g_14
11548,g_35
11548,g_878
11572,g_15
11572,g_28
11572,g_878
11579,g_35
11579,g_10216
11626,g_818
11626,g_1126
11626,g_13544
11651,g_14
11651,g_35
11651,g_8867
11657,g_241
11670,g_35
11670,g_10216
11710,g_80
11710,g_2890
11913,g_35
11925,g_56
11947,g_35
11961,g_14
11961,g_18
11961,g_50
11961,g_878
11961,g_3135
12078,g_19
12078,g_17580
12207,g_81
12207,g_10214
12207,g_10216
12269,g_80
12481,g_18
12481,g_28
12481,g_53
12481,g_80
12482,g_33
12482,g_35
12482,g_80
12482,g_3165
12492,g_12
12492,g_28
12513,g_127
12529,g_35
12529,g_191
12543,g_28
12543,g_53
12543,g_115
12553,g_12
12553,g_818
12609,g_12
12609,g_35
12609,g_196
12650,g_14
12650,g_19
12650,g_878
12652,g_18
12702,g_35
12702,g_158
12705,g_28
12705,g_35
12705,g_2746
12799,g_69
12799,g_129
12813,g_73
12813,g_122
12813,g_10216
12813,g_10221
12884,g_35
12884,g_10216
12946,g_14
12946,g_27
12946,g_53
12978,g_18
12978,g_27
12978,g_80
13194,g_49
13194,g_50
13194,g_69
13194,g_71
13194,g_249
13194,g_1110
13194,g_1125
13194,g_10214
13194,g_10216
13194,g_10225
13394,g_18
13520,g_28
13520,g_53
13520,g_10215
13542,g_18
13542,g_33
13542,g_130
13542,g_2890
13702,g_18
13702,g_69
14134,g_18
14134,g_35
14134,g_864
14175,g_27
14175,g_52
14175,g_53
14175,g_76
14175,g_79
14175,g_878
14175,g_3082
14176,g_27
14176,g_52
14176,g_53
14176,g_76
14176,g_79
14176,g_878
14176,g_3082
14177,g_27
14177,g_52
14177,g_53
14177,g_76
14177,g_79
14177,g_878
14177,g_3082
14178,g_27
14178,g_52
14178,g_53
14178,g_76
14178,g_79
14178,g_878
14178,g_3082
14425,g_12
14425,g_18
14425,g_28
14425,g_36
14730,g_53
14730,g_164
14730,g_878
14780,g_53
14810,g_3110
15427,g_122
15427,g_10216
15427,g_10224
15656,g_10107
15656,g_10218
15699,g_12
15699,g_18
15699,g_4220
15725,g_18
15725,g_53
15725,g_10224
15771,g_34
15771,g_89
15771,g_250
15773,g_34
15773,g_89
15773,g_250
15775,g_35
15845,g_147
15876,g_34
15876,g_89
15876,g_250
15876,g_3167
15884,g_34
15884,g_250
15884,g_3167
15887,g_18
15887,g_34
15887,g_52
15887,g_1122
15887,g_3166
15948,g_35
16027,g_34
16027,g_250
16027,g_3167
16039,g_34
16039,g_250
16039,g_1122
16039,g_3168
16039,g_8497
16062,g_34
16062,g_152
16062,g_154
16062,g_2891
16084,g_34
16084,g_3087
16084,g_10214
16086,g_34
16086,g_3087
16087,g_34
16087,g_3087
16088,g_34
16088,g_3087
16137,g_2729
16137,g_3167
16174,g_18
16196,g_18
16546,g_35
16546,g_1479
16546,g_13547
16751,g_28
16751,g_864
17221,g_14
17221,g_151
17221,g_10214
17221,g_10215
17223,g_126
17223,g_10216
17223,g_10217
17223,g_10219
17337,g_18
17337,g_10215
17337,g_10223
17474,g_163
17474,g_3109
17474,g_10220
17474,g_10228
18554,g_18
19112,g_122
19112,g_10218
19112,g_10219
19112,g_10221
19112,g_10224
19247,g_12
19247,g_241
19247,g_1125
19247,g_10215
19247,g_10216
19253,g_54
19253,g_71
19253,g_10221
19253,g_10224
19253,g_10225
19646,g_36
19646,g_818
19646,g_939
19646,g_3167
19895,g_163
19895,g_818
19895,g_3135
19945,g_16
19945,g_869
19945,g_10216
19945,g_10217
20654,g_50
20654,g_196
20654,g_1119
20654,g_10216
20654,g_10217
20654,g_10218
20673,g_35
20673,g_10216
21114,g_44
21114,g_241
21114,g_10214
21114,g_10221
21114,g_10223
21292,g_71
21292,g_302
21292,g_10221
21292,g_10225
21292,g_10227
21294,g_18
21471,g_28
21471,g_218
21471,g_874
21545,g_18
21545,g_10215
21545,g_10221
21545,g_10227
22021,g_14
22021,g_16
22021,g_17
22021,g_869
22021,g_10217
23096,g_27
23096,g_53
23110,g_37
23110,g_191
23112,g_39
23112,g_56
23112,g_157
23113,g_37
23113,g_191
23224,g_35
23224,g_10216
23819,g_18
23819,g_69
23819,g_10215
23819,g_10223
24524,g_18
24923,g_18
24923,g_44
24923,g_1112
25004,g_17
25004,g_51
25004,g_3167
25041,g_35
25041,g_191
25041,g_2888
25179,g_163
25179,g_10215
25179,g_10220
26006,g_71
26049,g_18
26049,g_10221
26049,g_10223
26049,g_10225
26154,g_18
26154,g_10221
26154,g_10223
26154,g_10225
26299,g_69
26299,g_10217
26299,g_10224
26299,g_10225
26396,g_18
26396,g_53
26477,g_17
26477,g_35
26477,g_50
26512,g_19
26512,g_818
26512,g_10214
26512,g_10219
26512,g_10221
26685,g_27
26685,g_158
26685,g_159
26685,g_878
27049,g_81
27096,g_202
27096,g_10215
27096,g_10222
27147,g_19
27147,g_126
27147,g_10216
27147,g_10219
27147,g_10221
27168,g_18
27168,g_141
27168,g_10215
27168,g_10223
27171,g_10105
27171,g_10216
27171,g_10221
27171,g_10222
27188,g_18
27188,g_10215
27188,g_10221
27343,g_130
27343,g_10219
27343,g_10221
27343,g_10224
27388,g_27
27388,g_878
27420,g_164
27422,g_18
27422,g_33
27422,g_10217
27422,g_10219
27518,g_18
27518,g_209
27518,g_10221
27518,g_10228
28178,g_35
28178,g_866
28189,g_56
28189,g_864
28189,g_10216
28189,g_10228
28546,g_18
28546,g_28
28546,g_53
28546,g_10215
28546,g_10227
28645,g_99
28645,g_303
28645,g_865
28645,g_1024
28645,g_1113
28645,g_3158
28645,g_10222
28645,g_10228
29189,g_18
29189,g_19
29189,g_10213
29189,g_10221
29519,g_28
29674,g_202
29674,g_204
29674,g_208
29674,g_303
29674,g_3165
29674,g_10217
29674,g_10221
29674,g_10224
29674,g_10282
31036,g_27
31036,g_15038
31036,g_15130
31111,g_18
31111,g_19
31111,g_44
31111,g_54
31111,g_866
31352,g_18
31352,g_1115
31380,g_27
31380,g_166
31380,g_168
31386,g_27
31386,g_39
31386,g_141
31489,g_53
31489,g_303
31489,g_10214
31906,g_35
31906,g_302
31906,g_10221
31906,g_10228
31906,g_15588
32118,g_34
32118,g_35
32118,g_124
32118,g_3167
32118,g_8497
32118,g_10216
32118,g_10217
32118,g_10218
32118,g_10228
32118,g_13544
32131,g_18
32131,g_27
32131,g_49
32131,g_867
32223,g_14
32223,g_17
32223,g_18
32699,g_33
32699,g_36
32699,g_10214
32699,g_10215
32699,g_10219
32815,g_18
32815,g_10218
32815,g_10219
32815,g_10222
32815,g_10228
32853,g_122
32853,g_10217
32853,g_10221
32853,g_10228
32970,g_12
32970,g_17
32970,g_18
32970,g_49
32970,g_133
32970,g_210
32970,g_869
32970,g_1110
32970,g_3148
32970,g_3167
33014,g_124
33014,g_144
33014,g_10215
33014,g_10216
33145,g_18
33195,g_17
33195,g_35
33195,g_49
33195,g_80
33195,g_196
33195,g_1110
33195,g_3167
33195,g_10105
33195,g_10216
33195,g_10218
33269,g_99
33269,g_209
33269,g_210
33269,g_1113
33269,g_10228
33275,g_51
33275,g_69
33275,g_126
33275,g_10216
33275,g_10217
33275,g_10220
33275,g_10228
33704,g_114
33704,g_2713
33747,g_81
33747,g_82
33747,g_2888
33785,g_18
33785,g_34
33785,g_151
33785,g_154
33785,g_10215
33785,g_10216
33785,g_10222
33785,g_10224
33785,g_10228
33814,g_33
33814,g_35
33814,g_10216
33814,g_10219
33827,g_80
33827,g_141
33843,g_18
33843,g_44
33843,g_302
33843,g_1116
33843,g_3165
33902,g_158
33902,g_10215
33902,g_10226
34069,g_33
34069,g_56
34069,g_126
34234,g_18
34234,g_19
34234,g_27
34234,g_3082
34234,g_3165
34302,g_18
34302,g_2890
34302,g_10214
34302,g_10221
34302,g_14452
34540,g_27
34540,g_878
34622,g_18
34622,g_53
34622,g_10215
34622,g_10227
34862,g_71
34862,g_10221
34862,g_10223
34862,g_10224
34970,g_33
34970,g_126
34970,g_10219
34970,g_10221
35080,g_241
35080,g_10214
35080,g_10215
35095,g_136
35116,g_43
35116,g_878
35116,g_1119
35116,g_3167
35133,g_18
35165,g_18
35165,g_28
35165,g_249
35165,g_2738
35197,g_80
35197,g_241
35197,g_10215
35205,g_17
35205,g_44
35205,g_92
35205,g_10222
35205,g_10223
35205,g_10224
35208,g_27
35444,g_44
35444,g_10214
35444,g_10219
35444,g_10223
35444,g_10225
35444,g_10227
35597,g_44
35597,g_87
35597,g_10221
35597,g_10223
35617,g_79
35617,g_10215
35660,g_12
35660,g_14
35660,g_28
35660,g_864
35684,g_28
35684,g_53
35684,g_10215
35714,g_35
35714,g_303
35714,g_354
35829,g_28
35829,g_81
35829,g_864
35829,g_10214
35829,g_10215
35887,g_35
35887,g_49
35887,g_114
35887,g_1110
35887,g_3148
35887,g_3167
35887,g_10216
35887,g_10217
35887,g_10222
35887,g_10228
35909,g_864
35909,g_1479
35909,g_3109
35943,g_18
35943,g_878
36145,g_18
36145,g_28
36145,g_81
36145,g_2926
36152,g_126
36152,g_10216
36152,g_10219
36152,g_10228
36156,g_18
36163,g_39
36163,g_3109
36241,g_53
36241,g_2737
36245,g_53
36245,g_3109
36306,g_53
36328,g_53
36333,g_27
36333,g_87
36333,g_124
36333,g_157
36333,g_3163
36333,g_16304
36398,g_80
36398,g_2738
36527,g_35
36527,g_1479
36602,g_18
36680,g_191
36940,g_191
36989,g_53
36989,g_76
36989,g_251
37226,g_69
37226,g_866
37226,g_10219
37226,g_10221
37227,g_28
37227,g_10214
37227,g_10225
37259,g_18
37293,g_81
37293,g_2888
37293,g_10216
37293,g_10217
37332,g_141
37332,g_10215
37332,g_10228
37340,g_18
37340,g_33
37340,g_10219
37340,g_10221
37389,g_196
37389,g_869
37389,g_10215
37389,g_10221
37398,g_27
37398,g_79
37398,g_10214
37398,g_10215
37398,g_10226
37477,g_15
37477,g_85
37477,g_10216
37477,g_10221
37563,g_17
37563,g_35
37563,g_3166
37563,g_10216
37652,g_18
37652,g_79
37652,g_10214
37652,g_10215
37652,g_10226
37658,g_82
37658,g_10214
37658,g_10225
37702,g_28
37702,g_10214
37702,g_10215
37739,g_18
37739,g_35
37739,g_10216
37739,g_10223
37751,g_27
37751,g_878
37751,g_10215
37751,g_10226
37762,g_69
37762,g_10215
37762,g_10221
37770,g_35
37770,g_10216
37770,g_10219
37794,g_12
37794,g_14
37794,g_17
37794,g_35
37794,g_154
37794,g_869
37847,g_18
37847,g_866
37847,g_10221
37847,g_10224
37858,g_53
37858,g_10215
37892,g_18
37892,g_33
37892,g_10215
37892,g_10221
37957,g_18
38068,g_18
38068,g_106
38116,g_53
38116,g_10215
38116,g_10228
38152,g_16
38152,g_10215
38152,g_10217
38170,g_12
38179,g_36
38354,g_117
38354,g_122
38369,g_27
38382,g_16
38382,g_10216
38382,g_10217
38399,g_27
38514,g_2926
38514,g_10214
38597,g_18
38605,g_80
38702,g_196
38702,g_10215
38702,g_10221
38743,g_18
38743,g_10221
38794,g_12
38794,g_14
38794,g_28
38794,g_10215
39027,g_22
39027,g_196
39095,g_18
39095,g_56
39112,g_28
39401,g_33
39401,g_10217
39401,g_10219
39402,g_18
39402,g_10221
39402,g_10223
39497,g_18
39497,g_31
39497,g_10221
39497,g_10224
39497,g_10227
39507,g_18
39534,g_36
39534,g_1116
39536,g_36
39536,g_818
39565,g_18
39697,g_35
39697,g_1125
39697,g_10215
39697,g_10216
39746,g_14926
39803,g_44
39803,g_1116
40031,g_28
40031,g_10214
40613,g_939
40613,g_1024
41156,g_126
41156,g_10219
41156,g_10221
41505,g_17
41505,g_10217
41505,g_10221
41660,g_114
41660,g_218
41667,g_18
41667,g_10215
41667,g_10221
41669,g_27
41669,g_10215
41669,g_10226
41740,g_141
41740,g_142
41789,g_12
42075,g_3110
42093,g_27
42171,g_130
42267,g_56
42271,g_35
42271,g_191
42273,g_1479
42327,g_53
42503,g_18
42503,g_10221
42746,g_18
42746,g_10221
42876,g_18
42876,g_80
42876,g_301
42876,g_1116
42876,g_1167
42876,g_3165
42964,g_18
42964,g_353
42964,g_1110
42966,g_18
42966,g_353
42966,g_1024
42966,g_1110
42967,g_69
42967,g_866
42967,g_5702
42967,g_10221
43211,g_1125
43211,g_10214
43211,g_10216
43438,g_18
43485,g_18
43485,g_3164
43485,g_10221
43485,g_10224
44009,g_53
44009,g_3167
44009,g_10225
44009,g_10226
44009,g_10228
44037,g_136
44065,g_18
44065,g_19
44065,g_10221
44065,g_10224
44069,g_18
44110,g_18
44110,g_301
44110,g_818
44110,g_3165
44165,g_35
44165,g_3110
44181,g_18
44181,g_71
44181,g_80
44213,g_35
44213,g_301
44213,g_1116
44297,g_147
44335,g_18
44335,g_33
44335,g_154
44476,g_18
44545,g_17
44545,g_869
44545,g_3167
44545,g_10105
44681,g_53
44681,g_3167
44681,g_10215
44687,g_27
44687,g_87
44687,g_878
44687,g_16304
44740,g_18
44740,g_10215
44740,g_10223
44761,g_18
44779,g_27
44779,g_1113
44779,g_1119
44779,g_3138
44779,g_10215
44779,g_10226
44849,g_18
44849,g_33
44849,g_35
44849,g_10219
45041,g_18
45041,g_44
45041,g_818
45041,g_864
45041,g_3165
45092,g_18
45092,g_33
45266,g_53
45266,g_10215
45271,g_136
45387,g_35
45510,g_18
45545,g_19
45545,g_31
45545,g_10219
45545,g_10223
45736,g_12
45736,g_3110
45840,g_126
45840,g_303
45840,g_865
45840,g_14354
46034,g_33
46315,g_191
46421,g_18
46421,g_10215
46421,g_10223
46421,g_10225
46487,g_12
46573,g_18
46573,g_33
46573,g_53
46576,g_18
46576,g_44
46576,g_303
46576,g_1163
46576,g_1246
46733,g_122
46733,g_10216
46733,g_10224
46783,g_18
46783,g_43
46783,g_52
46783,g_878
46837,g_71
46837,g_10223
46837,g_10227
47105,g_28
47174,g_99
47174,g_3165
47174,g_10213
47208,g_28
47208,g_81
47208,g_2730
47208,g_10107
47275,g_18
47275,g_27
47275,g_141
47362,g_18
47362,g_53
47362,g_80
47362,g_10215
47362,g_10223
47840,g_3144
47840,g_3167
47840,g_8708
47857,g_27
47857,g_16304
47979,g_2738
48183,g_99
48183,g_1113
48183,g_1122
48183,g_3165
48183,g_10213
48183,g_10221
48187,g_18
48187,g_80
48187,g_10215
48209,g_28
48209,g_3109
48387,g_53
48387,g_10225
48387,g_10227
48423,g_250
48423,g_1125
48496,g_18
48496,g_80
48496,g_644
48827,g_27
48827,g_53
48905,g_35
48940,g_39
49255,g_18
49255,g_80
49333,g_18
49609,g_33
49609,g_103
49873,g_35
49873,g_251
49873,g_10215
49873,g_10216
49998,g_16
49998,g_10215
49998,g_10228
50048,g_28
50048,g_105
50048,g_3166
50330,g_22
50330,g_33
50330,g_126
50432,g_18
50432,g_144
50522,g_33
50522,g_36
50848,g_14
50848,g_34
50848,g_152
50917,g_18
50917,g_303
50917,g_353
50917,g_3163
50917,g_3165
51103,g_14
51103,g_16
51103,g_197
51103,g_303
51103,g_353
51103,g_354
51103,g_1071
51103,g_1113
51103,g_10228
51449,g_37
51475,g_164
51475,g_1195
51475,g_10215
51523,g_71
51523,g_10223
51831,g_14
51831,g_34
51831,g_79
51863,g_34
51863,g_10216
51863,g_10217
51863,g_10219
51863,g_10220
51863,g_10223
51863,g_10224
51863,g_10225
51863,g_10227
51863,g_10228
51893,g_37
51893,g_191
52191,g_18
52191,g_53
52191,g_3165
52263,g_12
52263,g_18
52263,g_31
52304,g_34
52304,g_218
52304,g_878
52381,g_18
52381,g_36
52381,g_1163
52381,g_14726
52397,g_301
52397,g_1164
52397,g_2979
52397,g_10215
52397,g_10222
52397,g_14726
52470,g_28
52470,g_864
52541,g_27
52541,g_39
52541,g_874
52541,g_15130
52946,g_14
52946,g_18
53131,g_18
53131,g_19
53131,g_87
53131,g_130
53352,g_130
53352,g_10222
53352,g_10224
53487,g_18
53487,g_28
53487,g_31
53487,g_138
53715,g_34
53715,g_35
53774,g_27
53774,g_53
53774,g_10215
54051,g_18
54051,g_36
54073,g_12
54073,g_35
54249,g_18
54249,g_81
54249,g_10215
54249,g_10223
54251,g_53
54251,g_80
54251,g_87
54253,g_18
54253,g_33
54423,g_16
54423,g_34
54423,g_10215
54630,g_18
54630,g_35
54630,g_10221
54772,g_18
54772,g_878
54772,g_7221
54783,g_878
54808,g_18
54895,g_37
54895,g_191
54978,g_34
55760,g_18
55760,g_19
55760,g_33
55760,g_864
55760,g_865
55760,g_3163
55760,g_3167
55858,g_35
55961,g_18
55961,g_36
55962,g_12
56368,g_18
56370,g_14
56370,g_18
56483,g_18
56496,g_209
56496,g_864
56496,g_2890
56496,g_10107
56496,g_10221
56820,g_18
56820,g_35
56820,g_10216
56820,g_10221
57149,g_81
57149,g_10223
57149,g_10225
57149,g_10228
57264,g_18
57264,g_33
57264,g_10221
57275,g_18
57275,g_71
57275,g_10221
57275,g_10222
57400,g_18
57400,g_37
57509,g_19
57594,g_126
57594,g_10216
57594,g_10217
57594,g_10219
57594,g_10221
57863,g_28
57863,g_219
57864,g_18
57864,g_80
57864,g_10214
57864,g_10215
57864,g_10223
57944,g_27
57944,g_87
57944,g_158
57944,g_867
57944,g_1113
57944,g_14414
58068,g_43
58068,g_52
58068,g_878
58068,g_1040
58068,g_2748
58068,g_4288
58072,g_27
58072,g_3082
58760,g_28
58760,g_81
58822,g_18
58822,g_354
58863,g_12
58863,g_3165
58863,g_10215
58972,g_80
59113,g_18
59113,g_87
59113,g_303
59113,g_3163
59170,g_12
59170,g_15
59170,g_17
59170,g_35
59170,g_50
59170,g_69
59170,g_869
59170,g_1108
59170,g_1109
59244,g_71
59244,g_170
59244,g_1116
59244,g_3165
59244,g_6033
59247,g_22
59247,g_35
59247,g_1122
59247,g_3165
59247,g_10216
59247,g_10223
59247,g_10228
59420,g_28
59420,g_250
59420,g_1125
59645,g_35
59645,g_3165
59646,g_35
59646,g_1101
59646,g_3165
59652,g_122
59652,g_303
59652,g_3163
59806,g_18
59806,g_644
59806,g_3165
59952,g_141
59952,g_209
59952,g_219
59952,g_1024
59952,g_2890
59957,g_12
59957,g_14
59957,g_10105
60268,g_18
60268,g_1122
60268,g_1167
60268,g_3163
60268,g_3165
60268,g_14726
60306,g_53
60306,g_87
60306,g_164
60306,g_874
60399,g_18
60399,g_3167
60597,g_17
60597,g_36
60597,g_1109
60597,g_1116
60597,g_3165
60728,g_251
60728,g_3167
60766,g_197
60766,g_303
60766,g_353
60766,g_354
60766,g_1103
60766,g_1113
60766,g_1116
60766,g_3165
60775,g_210
60775,g_2370
60775,g_2890
60775,g_10214
60775,g_10221
61333,g_18
61333,g_865
61333,g_10223
61333,g_10228
61391,g_12
61391,g_18
61596,g_17
61596,g_87
61596,g_10105
61596,g_10216
62393,g_28
62393,g_10215
62674,g_18
62674,g_28
62674,g_81
62674,g_10215
62674,g_10223
63717,g_18
63717,g_22
64038,g_53
64038,g_16286
64046,g_28
64046,g_80
64046,g_10215
64046,g_10223
64250,g_18
64308,g_44
64308,g_122
64308,g_1113
64439,g_17
64439,g_18
64439,g_1113
64494,g_27
64494,g_35
64494,g_197
64494,g_303
64494,g_1024
64494,g_1071
64494,g_1122
64494,g_10107
64951,g_18
64951,g_31
64951,g_353
64951,g_1116
64951,g_1165
64951,g_1167
64951,g_3148
64951,g_3165
65014,g_56
65113,g_99
65113,g_1122
65113,g_3165
65113,g_10213
65721,g_28
65721,g_81
65721,g_10215
65830,g_209
65830,g_210
65830,g_303
65830,g_353
65830,g_1113
65830,g_1167
65830,g_3118
65830,g_3163
65847,g_89
65847,g_10214
65847,g_10215
65879,g_12
65879,g_28
65879,g_10215
65963,g_18
65963,g_28
65963,g_53
65963,g_10215
66074,g_35
66074,g_129
66074,g_10217
66074,g_10221
66074,g_10228
66227,g_18
66227,g_79
66343,g_18
66343,g_35
66343,g_303
66343,g_9595
66343,g_14726
66402,g_35
66463,g_18
66463,g_122
66463,g_1115
66463,g_10221
66689,g_14
66689,g_303
66689,g_354
66689,g_1113
66689,g_14726
66768,g_22
66768,g_303
67049,g_878
67049,g_3167
67148,g_18
67148,g_44
67148,g_71
67199,g_28
67199,g_81
67199,g_82
67199,g_10214
67199,g_10215
67245,g_210
67245,g_303
67245,g_1122
67245,g_2890
67245,g_3165
67362,g_14
67362,g_644
67543,g_28
67543,g_53
67667,g_35
67667,g_2712
67745,g_33
67745,g_122
67799,g_18
67799,g_27
67799,g_53
67803,g_18
67803,g_53
67861,g_14
67861,g_28
67861,g_3166
67861,g_10215
67861,g_10223
68121,g_12
68121,g_14
68121,g_10215
68126,g_136
68449,g_18
68449,g_3165
68449,g_6033
68468,g_33
68468,g_126
68468,g_3165
68489,g_18
68489,g_53
68518,g_18
68518,g_35
68518,g_1116
68518,g_3165
68676,g_18
68676,g_3165
68680,g_33
68680,g_3165
68681,g_18
68681,g_31
68684,g_18
68684,g_3165
68719,g_18
68720,g_18
68769,g_18
68769,g_3165
68878,g_53
68878,g_10215
68878,g_10223
69072,g_18
69075,g_53
69075,g_6033
69110,g_18
69110,g_36
69110,g_2890
69225,g_18
69225,g_122
69225,g_303
69225,g_16186
69228,g_18
69228,g_33
69228,g_1116
69228,g_3165
69244,g_18
69244,g_33
69244,g_354
69275,g_79
69275,g_939
69275,g_1116
69275,g_3165
69391,g_18
69393,g_18
69393,g_35
69394,g_18
69394,g_19
69394,g_31
69442,g_18
69442,g_35
69530,g_18
69530,g_17580
69617,g_82
69623,g_28
69623,g_81
69623,g_10214
69623,g_10215
69623,g_10225
69850,g_27
69850,g_87
69850,g_863
69850,g_2916
69932,g_1141
70016,g_122
70016,g_10216
70016,g_10221
70016,g_10224
70017,g_18
70017,g_33
70017,g_3158
70017,g_10222
70245,g_18
70245,g_35
70245,g_10216
70435,g_18
70435,g_6033
70435,g_10223
70441,g_18
70441,g_136
70442,g_18
70696,g_18
70882,g_18
70882,g_33
71022,g_87
71022,g_1479
71022,g_3166
71022,g_14999
71276,g_18
71276,g_142
71276,g_873
71330,g_18
71330,g_353
71330,g_1122
71330,g_1165
71330,g_1167
71330,g_3165
71330,g_6033
71602,g_28
71602,g_103
71602,g_10215
72042,g_18
72042,g_35
72235,g_126
72269,g_18
72269,g_31
72292,g_28
72292,g_878
72292,g_3167
72435,g_18
72555,g_33
72555,g_53
72555,g_154
72855,g_1141
73044,g_71
73044,g_17580
73044,g_18305
73464,g_80
74071,g_28
74071,g_105
75169,g_18
75169,g_114
75220,g_35
75296,g_18
75296,g_126
75377,g_35
75579,g_33
75758,g_18
75983,g_18
75983,g_28
75983,g_36
76064,g_12
76064,g_18
76064,g_869
76064,g_6033
77532,g_18
77532,g_53
77532,g_3167
78489,g_79
78489,g_818
78719,g_18
78719,g_3158
78736,g_18
78736,g_15588
79671,g_71
79708,g_18
79708,g_32
80047,g_33
80047,g_122
80069,g_18
80853,g_18
80853,g_141
81140,g_18
81140,g_71
81140,g_114
81201,g_18
81227,g_35
81227,g_866
81280,g_126
81280,g_3167
81290,g_18
81290,g_19
81394,g_12
81394,g_18
81394,g_122
81594,g_53
81594,g_80
81621,g_18
81621,g_209
81627,g_35
81697,g_28
81752,g_18
81754,g_18
81754,g_1119
82233,g_12
82233,g_33
82233,g_36
82342,g_28
82342,g_53
82342,g_80
82377,g_18
82377,g_71
82632,g_18
82632,g_36
82632,g_2890
82632,g_3167
82771,g_14
82771,g_17
82771,g_35
82798,g_13
82798,g_18
82798,g_2758
82883,g_18
82883,g_35
82919,g_18
82919,g_33
83407,g_18
83407,g_209
83407,g_2890
83790,g_35
83839,g_18
83841,g_12
83841,g_18
83841,g_31
83946,g_18
84033,g_80
84615,g_18
84615,g_35
84677,g_18
84680,g_18
84680,g_35
84727,g_33
84727,g_818
84727,g_3167
84729,g_18
84730,g_18
84817,g_18
84817,g_33
84817,g_818
84947,g_18
85165,g_79
85165,g_80
85165,g_3167
85211,g_12
85221,g_18
85221,g_3167
85284,g_18
85285,g_35
85285,g_3167
85355,g_35
85355,g_53
85496,g_44
85496,g_1116
85496,g_1119
85496,g_3165
85674,g_27
85674,g_28
85674,g_16304
85785,g_18
85796,g_18
85796,g_35
85832,g_2890
85963,g_18
85963,g_53
86033,g_18
86033,g_15588
86053,g_27
86053,g_53
86053,g_878
86053,g_3166
86074,g_18
86074,g_36
86242,g_35
86257,g_18
86257,g_33
86257,g_35
86261,g_18
86261,g_35
86355,g_18
86355,g_69
86379,g_18
86379,g_53
86379,g_80
86405,g_12
86405,g_28
86405,g_878
86405,g_3167
86411,g_18
86411,g_69
87324,g_18
87324,g_80
87324,g_3167
87788,g_28
87788,g_80
87952,g_18
87952,g_33
87997,g_28
87997,g_35
87997,g_37
87998,g_14
87998,g_35
88077,g_18
88077,g_53
88423,g_18
88423,g_3144
88537,g_18
88537,g_53
88537,g_80
88927,g_53
88927,g_80
89057,g_18
89057,g_122
89062,g_35
89233,g_18
89315,g_18
89654,g_18
89654,g_80
89662,g_18
89662,g_33
89662,g_1119
89747,g_14
89747,g_27
89747,g_28
89747,g_863
89747,g_3166
89795,g_80
89823,g_12
89823,g_28
89823,g_105
89823,g_863
89823,g_3167
89831,g_28
89831,g_105
89831,g_863
89831,g_878
89831,g_3166
89835,g_18
89835,g_80
89839,g_18
89839,g_32
89924,g_22
89924,g_35
89980,g_18
89980,g_69
89987,g_3167
89987,g_17126
90119,g_18
90119,g_3167
90133,g_18
90133,g_33
90521,g_80
90521,g_3167
90552,g_71
90552,g_10105
90596,g_27
90596,g_878
90596,g_3167
90658,g_141
90658,g_142
90658,g_10464
91395,g_18
91395,g_3084
91395,g_3167
91715,g_18
91790,g_35
91790,g_3167
91864,g_12
91864,g_14
91864,g_3167
91866,g_33
91866,g_35
91986,g_18
91986,g_3167
92468,g_18
92473,g_18
92473,g_3167
92480,g_18
92480,g_122
92654,g_18
92654,g_36
92654,g_3167
92982,g_18
93110,g_18
93110,g_27
93114,g_18
93114,g_80
93237,g_126
93757,g_18
93757,g_53
93937,g_35
93937,g_69
94247,g_18
94247,g_3167
94401,g_35
94405,g_35
95148,g_122
95166,g_35
95166,g_3167
95251,g_35
95253,g_18
95253,g_35
95371,g_18
95371,g_3167
95639,g_18
95689,g_18
95689,g_71
95831,g_80
95831,g_141
95831,g_3167
96045,g_35
96046,g_35
96046,g_250
96399,g_18
96399,g_37
97082,g_18
97082,g_33
97182,g_35
97182,g_69
97590,g_35
97590,g_354
97590,g_1119
97590,g_5702
97660,g_130
97660,g_3167
97948,g_18
97948,g_87
98264,g_18
98264,g_80
98264,g_2890
98270,g_27
98270,g_53
98611,g_18
98611,g_122
98618,g_878
98618,g_18385
98954,g_35
98954,g_3167
99009,g_12
99009,g_18
99009,g_28
99094,g_18
99094,g_122
99159,g_28
99159,g_53
99250,g_2890
99250,g_3167
99333,g_18
99333,g_53
99333,g_80
99615,g_18
99806,g_33
99806,g_114
99855,g_12
99855,g_36
100423,g_2890
100450,g_18
100450,g_3167
101101,g_18
101101,g_35
101101,g_3167
101149,g_35
101231,g_18
101340,g_33
101340,g_861
101340,g_14452
101379,g_18
101379,g_33
101379,g_69
101449,g_27
101986,g_18
101986,g_3167
102255,g_12
102255,g_14
102255,g_28
102257,g_80
102257,g_2890
102279,g_18
102279,g_37
102385,g_12
102385,g_18
102472,g_27
102723,g_18
102723,g_36
102787,g_12
102787,g_28
102787,g_36
102896,g_35
102923,g_12
102923,g_17
102923,g_3166
102925,g_12
102925,g_17
103151,g_12
103151,g_14
103190,g_33
103190,g_18385
103216,g_80
103216,g_2370
103856,g_53
104178,g_28
104178,g_1125
104178,g_18385
104186,g_126
104186,g_3167
104240,g_18
104240,g_53
104240,g_3167
104298,g_12
104298,g_35
104577,g_27
104577,g_1119
104594,g_18
104817,g_18
104897,g_18
104897,g_35
104897,g_69
104951,g_18
104951,g_53
104951,g_3167
105398,g_35
105448,g_106
105448,g_3167
105765,g_158
106127,g_2370
106551,g_35
106555,g_35
106555,g_126
106556,g_22
106556,g_33
106556,g_35
106661,g_18
106661,g_53
106977,g_80
106977,g_2890
106977,g_3167
107002,g_18
107002,g_35
107002,g_80
107608,g_18
107608,g_33
107608,g_35
107846,g_126
107860,g_53
107860,g_122
107915,g_18
107915,g_79
108236,g_35
108320,g_18
108320,g_35
108705,g_18
109471,g_18
109471,g_866
109551,g_17126
109610,g_18
109610,g_53
109782,g_1122
109782,g_1250
109783,g_1122
109853,g_126
109853,g_3167
110022,g_53
110201,g_18
110226,g_53
110226,g_3162
110262,g_14
110262,g_35
110311,g_92
110311,g_106
110370,g_35
110370,g_136
110414,g_18
110414,g_36
110480,g_53
110480,g_644
110539,g_18
110539,g_35
110822,g_18
110822,g_36
111201,g_53
111201,g_136
111268,g_12
111268,g_35
111433,g_122
111439,g_12
111439,g_18
111452,g_28
111452,g_3167
111763,g_18
111763,g_3167
111922,g_12
111922,g_17
111922,g_869
111922,g_2891
112040,g_35
112080,g_35
112205,g_33
112205,g_69
112223,g_80
112223,g_3167
112356,g_18
112356,g_36
112389,g_18
112416,g_18
112416,g_36
112513,g_122
112658,g_14452
112776,g_3114
112776,g_3167
113089,g_18
113089,g_33
113172,g_14
113172,g_35
113202,g_28
113202,g_53
113261,g_18
113261,g_141
113403,g_18
113621,g_130
113841,g_18
114016,g_17126
114029,g_35
114029,g_80
114644,g_18
114644,g_127
114644,g_865
114644,g_3167
114644,g_7221
114644,g_7931
114644,g_18606
115020,g_28
115020,g_53
115153,g_18
115153,g_71
115266,g_866
115266,g_3167
115266,g_14452
115743,g_35
115760,g_22
115760,g_1024
115760,g_3167
115760,g_14740
115844,g_71
116114,g_18
116114,g_31
116404,g_28
116404,g_53
116499,g_18
116499,g_122
116500,g_18
116500,g_122
116647,g_18
116920,g_18
116920,g_3167
116935,g_18
117117,g_12
117117,g_17
117117,g_3167
117197,g_35
117446,g_33
117446,g_126
117446,g_3167
117536,g_18
117538,g_18
117538,g_878
117555,g_35
117555,g_209
117555,g_2890
117641,g_18
117641,g_36
117791,g_33
117791,g_35
117939,g_33
117939,g_35
117939,g_14452
117940,g_18
117940,g_33
117940,g_36
118087,g_12
118087,g_18
118146,g_18
118237,g_3114
118254,g_12
118254,g_36
118432,g_18
118432,g_20
118616,g_35
118695,g_126
118727,g_35
118925,g_35
118925,g_17126
118992,g_35
119039,g_50
119039,g_53
119039,g_867
119039,g_878
119039,g_1108
119133,g_18
119141,g_18
119141,g_35
119203,g_28
119203,g_53
119343,g_18
119343,g_35
119415,g_28
119415,g_31
119415,g_3166
119503,g_18
119639,g_18
119779,g_35
119779,g_2890
120032,g_31
120032,g_122
120047,g_18
120081,g_35
120164,g_147
120203,g_28
120203,g_53
120203,g_80
120336,g_71
120431,g_14
120431,g_18
120562,g_18
120622,g_18
120622,g_28
120622,g_36
120646,g_12
120646,g_869
120722,g_126
120722,g_866
121068,g_18
125582,g_35
125582,g_3167
125758,g_18
125901,g_18
125901,g_28
125901,g_105
125959,g_80
125959,g_3167
126305,g_12
126305,g_17
127114,g_36
127114,g_2890
127768,g_2890
128449,g_79
129184,g_2890
129184,g_3167
130709,g_18
130709,g_33
130785,g_71
131224,g_12
131224,g_35
131224,g_869
131258,g_12
131258,g_18
131258,g_35
131903,g_12
131903,g_17
131903,g_35
133616,g_27
133616,g_154
134514,g_122
134690,g_12
134690,g_17
134690,g_18
134690,g_35
136131,g_12
136131,g_35
136131,g_866
137239,g_33
137239,g_35
138112,g_12
138112,g_18
138220,g_14
138220,g_18
138559,g_18
138680,g_18
138680,g_80
138849,g_18
138849,g_33
139019,g_44
139073,g_18
139074,g_191
139076,g_18
139076,g_53
139252,g_35
139295,g_28
139295,g_53
139851,g_27
139851,g_53
139855,g_35
139855,g_36
139975,g_18
140154,g_18
140154,g_80
140154,g_3167
140580,g_18
140775,g_17
140775,g_18
140775,g_35
140811,g_71
140936,g_31
140936,g_53
141551,g_17
141551,g_18
141929,g_35
142254,g_35
142409,g_18
142409,g_35
142602,g_35
142904,g_14
142904,g_27
142904,g_53
142922,g_18
143088,g_27
143088,g_79
143091,g_17
143091,g_35
143206,g_18
143206,g_3167
143609,g_18
143978,g_27
144177,g_35
144499,g_71
144711,g_35
145312,g_14
145312,g_18
145322,g_12
145322,g_37
145464,g_126
145464,g_3167
145472,g_33
145472,g_3167
145914,g_35
146059,g_28
146071,g_18
146225,g_33
146225,g_3167
146255,g_35
146255,g_80
146531,g_53
146694,g_14452
146972,g_12
147063,g_80
147064,g_80
147454,g_35
147471,g_126
147481,g_35
147492,g_53
147538,g_18
147538,g_3167
147790,g_28
147790,g_52
147790,g_164
147792,g_18
147792,g_2916
147807,g_33
147807,g_3167
147870,g_31
148105,g_53
148125,g_35
148201,g_35
148853,g_14
148853,g_28
149072,g_17
149072,g_35
149072,g_3167
149363,g_12
149363,g_33
149363,g_35
149508,g_18
149508,g_241
149954,g_18
149954,g_28
149954,g_31
150144,g_18
150144,g_33
150336,g_18
150431,g_18
150431,g_36
150431,g_106
150524,g_18
150524,g_2916
150535,g_12
150593,g_18
150593,g_27
150847,g_2890
150863,g_18
150907,g_18
150946,g_18
150946,g_53
150946,g_3167
150955,g_18
150955,g_53
150992,g_18
150992,g_114
151091,g_14
151091,g_53
151143,g_18
151143,g_35
151145,g_12
151145,g_14
151145,g_28
151245,g_56
151245,g_1479
151246,g_28
151246,g_80
151264,g_12
151264,g_17
151270,g_105
151270,g_3167
151408,g_35
151428,g_18
151464,g_18
151676,g_35
151876,g_18
151887,g_3114
151892,g_12
151896,g_12
151899,g_122
151900,g_35
151911,g_126
152081,g_35
152163,g_18
152163,g_36
152199,g_2579
152199,g_2738
152265,g_28
152265,g_53
152341,g_126
152556,g_18
152556,g_28
152556,g_36
152686,g_35
152940,g_12
152940,g_36
152944,g_18
152944,g_136
153056,g_18
153056,g_35
153246,g_33
153246,g_3167
153286,g_18
153286,g_35
153469,g_35
153481,g_18
153481,g_35
153530,g_18
153531,g_18
153531,g_31
153542,g_12
153542,g_53
153687,g_869
153687,g_17126
153715,g_31
153725,g_18
153725,g_36
153772,g_35
154470,g_35
154586,g_18
154586,g_80
154605,g_18
154605,g_36
154606,g_16
154606,g_17
154606,g_35
154606,g_196
154606,g_869
154606,g_10105
154606,g_10216
154606,g_10217
154606,g_10222
154606,g_13544
154611,g_56
154611,g_14415
154718,g_12
154766,g_27
154766,g_878
154849,g_28
154849,g_53
154849,g_241
154850,g_18
154850,g_36
155220,g_18
155387,g_18
155387,g_36
155449,g_28
155449,g_3083
155466,g_17
155466,g_122
155492,g_27
155492,g_87
155492,g_867
156774,g_18
156774,g_28
156774,g_878
157091,g_12
157091,g_35
158464,g_12
158464,g_28
158464,g_878
158563,g_122
159516,g_35
159747,g_18
159747,g_80
159747,g_209
159750,g_80
161989,g_18
161989,g_36
162946,g_169
163230,g_17
163230,g_18
163230,g_33
163234,g_18
163234,g_3167
163345,g_14
163345,g_17
163345,g_35
163345,g_3167
163441,g_31
163441,g_33
163461,g_18
163636,g_18
163636,g_36
163901,g_33
163901,g_35
163927,g_133
164299,g_18
164299,g_53
164299,g_3167
164569,g_1125
164826,g_18
164826,g_31
165745,g_80
165963,g_18
165963,g_28
167234,g_2890
167234,g_3167
167234,g_10107
167907,g_18
167907,g_19778
168072,g_17
168072,g_18
168072,g_53
168072,g_209
168072,g_861
171070,g_33
171404,g_18
171404,g_69
171929,g_53
171929,g_80
172709,g_15
172709,g_17
172709,g_35
172709,g_196
172709,g_197
172709,g_869
172709,g_1122
172709,g_3166
172709,g_7931
172709,g_10105
173282,g_18
173282,g_80
174186,g_33
174193,g_53
174193,g_80
174373,g_17
174373,g_122
174374,g_35
174533,g_18
175354,g_12
175354,g_35
175354,g_10105
176984,g_18
179019,g_18
179019,g_80
179146,g_122
179507,g_18
179507,g_28
179507,g_36
180085,g_18
180107,g_17
180107,g_51
180107,g_3167
180108,g_17
180108,g_51
180108,g_3167
181399,g_2890
181846,g_122
182811,g_12
182811,g_14
182811,g_17
186974,g_18
188181,g_27
188181,g_33
188181,g_69
189164,g_35
189164,g_1119
189336,g_12
189336,g_79
189336,g_866
189465,g_18
189754,g_878
189754,g_3167
189755,g_878
189755,g_3167
189817,g_18
189950,g_18
190271,g_18
190568,g_16304
26,g_71
26,g_92
26,g_302
270,g_13
270,g_71
270,g_87
270,g_122
270,g_302
286,g_206
286,g_10218
286,g_10221
1253,g_33
1264,g_17
1264,g_869
1264,g_1108
1264,g_1119
1264,g_1126
1283,g_251
1283,g_2915
1283,g_10216
1283,g_10220
1283,g_14999
1450,g_163
1450,g_10226
1484,g_135
1484,g_209
1484,g_302
1663,g_144
1686,g_18
1686,g_87
1686,g_302
1686,g_303
1686,g_353
1686,g_354
1686,g_1113
1836,g_18
1836,g_157
1836,g_867
1836,g_1112
1855,g_12
1855,g_17
1855,g_6033
1917,g_141
1917,g_302
1917,g_867
1918,g_44
1918,g_69
1918,g_71
1918,g_302
1918,g_3164
2008,g_14
2008,g_17
2008,g_82
2032,g_116
2032,g_130
2032,g_209
2032,g_6723
2106,g_17
2106,g_35
2106,g_863
2131,g_53
2131,g_864
2131,g_3167
2192,g_12
2192,g_17
2192,g_18
2192,g_28
2409,g_12
2409,g_28
2409,g_34
2409,g_866
2409,g_878
2430,g_33
2430,g_130
2443,g_144
2459,g_17
2459,g_35
2646,g_28
2646,g_35
2694,g_54
2694,g_71
2694,g_87
2694,g_1178
2694,g_17580
2753,g_18
2753,g_31
2761,g_106
2761,g_3165
3029,g_17
3029,g_878
3029,g_3165
3148,g_35
3148,g_80
4227,g_18
4227,g_80
4287,g_18
4287,g_251
4288,g_17
4288,g_27
4288,g_50
4391,g_80
4391,g_135
4398,g_16
4398,g_10216
4398,g_14999
4529,g_136
4552,g_27
4552,g_10215
4552,g_10226
4552,g_10227
4552,g_10228
4558,g_14
4579,g_18
4579,g_35
4579,g_49
4579,g_1479
4705,g_35
4705,g_1479
4789,g_18
4789,g_17580
4809,g_130
4949,g_32
4949,g_37
4993,g_80
4993,g_3165
4993,g_10214
4993,g_10215
4993,g_10216
5035,g_18
5035,g_818
5061,g_14999
5079,g_2738
5188,g_18
5188,g_864
5188,g_2916
5519,g_191
5519,g_863
5519,g_864
5522,g_18
5522,g_3165
5634,g_80
5634,g_818
5661,g_17
5661,g_35
5732,g_28
5732,g_80
5890,g_28
5890,g_82
5890,g_85
6013,g_17
6013,g_35
6013,g_3165
6015,g_17
6015,g_79
6015,g_818
6109,g_17
6109,g_79
6109,g_144
6109,g_818
6967,g_33
6967,g_209
6967,g_10219
6967,g_10221
6976,g_27
6976,g_53
6976,g_2895
6976,g_8741
6983,g_17
6983,g_18
7088,g_33
7088,g_35
7088,g_865
7088,g_3167
7507,g_191
7507,g_864
7734,g_219
7734,g_1249
7734,g_3164
7898,g_17
7898,g_35
7898,g_3167
8062,g_87
8062,g_99
8062,g_209
8062,g_3164
8144,g_191
8144,g_864
8216,g_49
8216,g_56
8216,g_87
8216,g_303
8216,g_871
8216,g_874
8216,g_1113
8216,g_10216
8216,g_10227
8216,g_14999
8267,g_35
8268,g_18
8268,g_210
8418,g_36
8418,g_3162
8418,g_19772
8430,g_3084
8749,g_35
8749,g_44
8749,g_1024
8772,g_71
8772,g_302
8853,g_33
8853,g_10219
8853,g_10223
8892,g_35
8892,g_71
8964,g_17
8964,g_87
8964,g_99
8964,g_204
8964,g_209
8964,g_1109
9033,g_27
9033,g_53
9033,g_3166
9302,g_19
9302,g_33
9302,g_50
9302,g_865
9302,g_2896
9371,g_136
9371,g_2713
9379,g_2888
9379,g_10216
9379,g_10217
9421,g_35
9421,g_10216
9421,g_10222
9421,g_13544
9513,g_16
9513,g_17
9513,g_35
9513,g_85
9628,g_12
9628,g_37
9639,g_18
9639,g_53
9639,g_219
9639,g_10215
9639,g_10223
9639,g_10225
9679,g_28
9679,g_53
9679,g_10214
9679,g_10220
9765,g_219
9765,g_818
9765,g_10215
9765,g_10221
10061,g_28
10061,g_49
10061,g_50
10061,g_878
10061,g_2896
10061,g_3163
10309,g_44
10309,g_524
10310,g_127
10310,g_130
10310,g_524
10310,g_1110
10370,g_157
10434,g_14
10434,g_18
10469,g_117
10469,g_122
10469,g_13544
10582,g_33
10582,g_1479
10582,g_10216
10582,g_10220
10638,g_17
10638,g_190
10638,g_818
10695,g_87
10695,g_158
10695,g_1110
10695,g_1116
10695,g_3128
10757,g_33
10757,g_71
10757,g_126
10757,g_861
10813,g_69
10813,g_3164
10813,g_10221
10813,g_10222
10826,g_18
10826,g_28
10826,g_878
10826,g_2932
10870,g_17
10870,g_85
10870,g_13544
10906,g_86
10915,g_35
10915,g_37
11053,g_28
11053,g_35
11053,g_49
11053,g_10216
11183,g_49
11183,g_14999
11405,g_19
11405,g_22
11405,g_35
11405,g_92
11418,g_12
11418,g_35
11418,g_10228
11419,g_35
11550,g_117
11550,g_126
11550,g_818
11550,g_10216
11550,g_10228
11553,g_69
11553,g_130
11553,g_302
11553,g_3163
11608,g_11
11608,g_10215
11608,g_10219
11613,g_28
11613,g_35
11613,g_251
11681,g_12
11681,g_28
11681,g_35
11696,g_35
11696,g_124
11700,g_33
11700,g_35
11842,g_28
11842,g_37
11842,g_53
11877,g_35
11877,g_116
11877,g_3165
11878,g_18
11878,g_53
11878,g_3165
11985,g_130
11985,g_302
11985,g_353
11985,g_1113
11985,g_1188
11985,g_2916
11985,g_3163
11986,g_33
11986,g_130
11986,g_818
12130,g_19
12130,g_49
12130,g_302
12130,g_353
12130,g_1188
12130,g_3163
12131,g_122
12131,g_3164
12131,g_10221
12131,g_10224
12166,g_18
12166,g_10221
12166,g_10228
12167,g_56
12167,g_3158
12167,g_3164
12175,g_169
12175,g_3166
12222,g_15
12222,g_17
12222,g_818
12222,g_10217
12316,g_878
12316,g_3167
12531,g_19
12531,g_79
12561,g_28
12561,g_105
12561,g_2932
12622,g_18
12622,g_864
12622,g_10106
12622,g_10216
12622,g_10225
12622,g_10228
12648,g_28
12648,g_53
12648,g_80
12648,g_10215
12826,g_18
13296,g_18
13395,g_80
14063,g_53
14116,g_80
14154,g_12
14154,g_14
14154,g_18
14154,g_35
14154,g_329
14532,g_18
14532,g_122
14754,g_28
14754,g_34
14754,g_52
14754,g_878
14803,g_18
15625,g_13
15625,g_869
15719,g_57
15719,g_818
15719,g_10214
15719,g_10215
16061,g_34
16061,g_152
16061,g_154
16061,g_2891
16089,g_34
16089,g_3087
16109,g_34
16109,g_35
16109,g_145
16112,g_34
16112,g_35
16112,g_145
16133,g_878
16133,g_1108
16133,g_1109
16133,g_10215
16133,g_10226
16150,g_28
16150,g_3167
16405,g_22
16405,g_27
16405,g_157
16405,g_163
16405,g_165
16405,g_166
17572,g_35
17572,g_44
17572,g_122
17572,g_197
17572,g_209
17572,g_1033
17572,g_6352
17572,g_10216
17572,g_10221
17572,g_10228
17577,g_168
17577,g_10215
17577,g_10226
17648,g_27
17864,g_80
18280,g_18
18280,g_80
19358,g_10107
19697,g_126
19697,g_10216
19697,g_10217
19697,g_10219
19828,g_126
19828,g_10216
19828,g_10218
19828,g_10219
19828,g_10222
19931,g_18
19931,g_10221
19931,g_10222
19931,g_10228
19931,g_10282
19931,g_17580
20672,g_17
20672,g_49
20672,g_196
20672,g_302
20672,g_2759
20672,g_10214
20672,g_10216
20672,g_10217
20672,g_10219
20672,g_10221
20788,g_18
20788,g_303
20788,g_1115
20788,g_3163
20788,g_10222
20788,g_10223
21510,g_13
21510,g_17
21510,g_35
21510,g_869
21759,g_28
21759,g_43
21759,g_864
21759,g_874
21792,g_18
21792,g_219
21792,g_302
21792,g_10223
21792,g_10224
21792,g_10227
21966,g_35
21966,g_50
21966,g_864
21966,g_1108
21966,g_10216
22083,g_18
22083,g_36
22083,g_301
22083,g_1116
22083,g_1167
22083,g_3148
22083,g_3165
22862,g_18
22862,g_28
22862,g_32
22862,g_10221
23015,g_27
23015,g_28
23015,g_2744
23130,g_18
23130,g_87
23130,g_219
23130,g_303
23130,g_1113
23399,g_12
23399,g_15
23399,g_17
23399,g_303
23399,g_818
23399,g_869
23399,g_10215
23399,g_10216
23399,g_10217
23399,g_14452
24670,g_27
24670,g_157
24670,g_158
24670,g_166
24670,g_874
24727,g_27
24727,g_87
24727,g_874
24727,g_3166
24727,g_10067
25002,g_17
25002,g_51
25002,g_3167
25706,g_18
25706,g_10216
25706,g_10222
26150,g_14
26150,g_18
26150,g_10215
26150,g_10225
26150,g_10227
26151,g_122
26264,g_1126
26404,g_18
26404,g_44
26404,g_87
26404,g_302
26404,g_865
26404,g_1112
26404,g_1113
26401,g_35
26401,g_8497
26401,g_10107
26676,g_18
26676,g_10221
26676,g_10224
26720,g_18
26720,g_10223
26720,g_10224
26720,g_10225
26720,g_10227
26987,g_18
26987,g_69
26987,g_303
26987,g_871
26987,g_873
26987,g_874
26987,g_1112
26987,g_3165
27133,g_18
27133,g_69
27142,g_18
27142,g_2738
27142,g_10221
27142,g_10225
27142,g_10228
27146,g_141
27146,g_10214
27146,g_10215
27146,g_10226
27146,g_10227
27148,g_141
27148,g_219
27148,g_10214
27148,g_10226
27148,g_10227
27513,g_53
27782,g_35
27782,g_251
27782,g_10106
27874,g_1115
27874,g_3163
27874,g_10217
27874,g_10221
27874,g_10228
27959,g_12
28338,g_27
28338,g_53
28381,g_28
28381,g_52
28381,g_14414
28606,g_53
28706,g_18
28706,g_353
28706,g_10223
28752,g_12
28752,g_14
28752,g_17
28752,g_10105
28756,g_18
28756,g_1126
28846,g_18
28846,g_79
28846,g_10221
28846,g_10223
28846,g_10224
28960,g_27
29179,g_18
29336,g_18
29336,g_44
29336,g_87
29336,g_10223
29336,g_10224
29414,g_53
29458,g_126
29724,g_27
29724,g_35
29724,g_87
29724,g_124
29724,g_157
29724,g_867
29724,g_15130
29741,g_12
29751,g_22
29751,g_35
29751,g_1024
29751,g_10217
29751,g_10218
30077,g_35
30321,g_12
30432,g_35
30615,g_27
30737,g_28
31194,g_27
31492,g_864
31492,g_2738
32269,g_34
32269,g_35
32269,g_124
32269,g_1071
32269,g_1126
32269,g_1195
32269,g_3167
32269,g_10216
32269,g_10217
32269,g_10218
32269,g_13544
32918,g_34
32918,g_35
32918,g_154
32918,g_866
32918,g_869
32918,g_1126
32918,g_3167
32918,g_8497
32918,g_10216
32918,g_10217
32918,g_10218
32942,g_12
32942,g_16
32942,g_17
32942,g_35
32942,g_50
32942,g_1108
32942,g_7407
32942,g_10216
32942,g_10217
32997,g_35
32997,g_54
32997,g_1110
32997,g_3165
32997,g_10221
32997,g_10222
32997,g_10223
32997,g_10224
33025,g_35
33025,g_863
33025,g_864
33025,g_2730
33025,g_10214
33025,g_10215
33025,g_10216
33025,g_10225
33107,g_87
33107,g_99
33107,g_301
33107,g_1113
33107,g_1116
33107,g_1122
33107,g_1165
33107,g_1167
33107,g_3165
33189,g_35
33189,g_49
33189,g_144
33189,g_1110
33189,g_3167
33196,g_18
33196,g_818
33206,g_28
33206,g_3167
33632,g_17
33632,g_126
33632,g_1110
33632,g_3165
33713,g_28
33713,g_80
33810,g_56
33810,g_122
33810,g_10216
33810,g_10217
33810,g_10221
33810,g_10224
33877,g_53
33877,g_10225
33877,g_10227
33877,g_10228
33891,g_18
33891,g_34
33891,g_35
33891,g_878
33942,g_87
33942,g_99
33942,g_209
33942,g_1113
33942,g_10217
34172,g_71
34172,g_157
34172,g_219
34176,g_71
34176,g_303
34176,g_1163
34176,g_1167
34176,g_3163
34298,g_18
34298,g_49
34298,g_1125
34300,g_18
34300,g_10221
34300,g_10225
34300,g_10281
34398,g_54
34398,g_210
34398,g_3162
34398,g_10107
34398,g_10221
34462,g_18
34462,g_44
34596,g_191
34717,g_18
34717,g_7141
34717,g_10221
34717,g_10223
34717,g_10224
34729,g_18
34729,g_10221
34729,g_10224
34729,g_10227
35002,g_12
35002,g_28
35002,g_3167
35052,g_18
35052,g_19
35164,g_18
35164,g_33
35164,g_329
35164,g_10219
35164,g_10220
35164,g_10221
35199,g_53
35199,g_80
35541,g_17
35541,g_869
35541,g_1109
35541,g_1123
35541,g_8741
35541,g_10105
35541,g_10214
35541,g_10216
35541,g_10217
35600,g_878
35600,g_3166
35600,g_10215
35624,g_16
35624,g_878
35624,g_1122
35674,g_28
35674,g_10215
35711,g_35
35711,g_49
35711,g_87
35711,g_354
35711,g_867
35711,g_1110
35818,g_28
35818,g_35
35818,g_10214
35818,g_10216
36004,g_122
36004,g_10221
36004,g_10228
36063,g_18
36063,g_28
36074,g_37
36122,g_202
36122,g_10221
36122,g_10222
36144,g_53
36144,g_80
36146,g_27
36146,g_53
36146,g_158
36146,g_3109
36147,g_10105
36147,g_10217
36147,g_10221
36157,g_36
36157,g_1479
36157,g_3109
36316,g_53
36525,g_35
36525,g_818
36525,g_10216
36525,g_10217
36525,g_10228
36556,g_17
36556,g_1125
36556,g_3167
36556,g_10215
36556,g_10216
36609,g_27
36638,g_127
36638,g_10220
36638,g_10221
36641,g_18
36641,g_27
36641,g_302
36641,g_353
36641,g_867
36641,g_1163
36678,g_28
36825,g_18
36825,g_33
36825,g_79
36825,g_10215
36825,g_10219
37038,g_35
37149,g_28
37149,g_53
37189,g_28
37189,g_10107
37189,g_10214
37189,g_10215
37235,g_12
37235,g_14
37235,g_869
37235,g_10215
37235,g_10216
37235,g_10217
37335,g_1479
37335,g_10216
37335,g_10220
37367,g_35
37367,g_10216
37423,g_17
37423,g_35
37423,g_818
37423,g_10215
37423,g_10221
37534,g_18
37542,g_28
37542,g_864
37542,g_867
37542,g_874
37696,g_2890
37761,g_28
37761,g_35
37761,g_10214
37761,g_10216
37883,g_69
37883,g_10216
37883,g_10221
38186,g_28
38186,g_80
38186,g_10214
38186,g_10215
38186,g_10225
38201,g_105
38201,g_3167
38201,g_10215
38226,g_3167
38226,g_10105
38226,g_10216
38226,g_10221
38462,g_17
38462,g_35
38462,g_10216
38471,g_14
38471,g_869
38471,g_10215
38471,g_10221
38474,g_18
38474,g_35
38474,g_80
38474,g_10215
38474,g_10216
38513,g_18
38513,g_28
38513,g_53
38513,g_80
38513,g_10215
38638,g_14
38638,g_145
38638,g_10214
38701,g_12
38701,g_10214
38701,g_10215
38775,g_28
38775,g_103
38775,g_10214
38775,g_10221
38782,g_18
38782,g_27
38782,g_53
38782,g_10215
38782,g_10223
38782,g_10226
38807,g_28
38807,g_10214
38807,g_10215
38807,g_10225
38822,g_53
38822,g_10215
38822,g_10227
38835,g_12
38835,g_18
38835,g_10215
38835,g_10221
38851,g_13
38851,g_10219
38851,g_10221
38851,g_10228
38882,g_28
38882,g_81
38882,g_10215
38882,g_10225
39087,g_56
39089,g_81
39089,g_14926
39521,g_35
39521,g_2890
39521,g_10216
39521,g_10222
39660,g_18
39663,g_18
39663,g_36
39728,g_35
39728,g_53
39728,g_80
39777,g_80
39843,g_27
39905,g_18
39905,g_10221
39905,g_10222
39905,g_10228
40057,g_18
40057,g_33
40057,g_35
40057,g_10219
40059,g_18
40059,g_31
40059,g_10215
40059,g_10223
40437,g_18
40437,g_35
40586,g_27
40586,g_35
40965,g_35
40987,g_53
41387,g_28
41387,g_3166
41387,g_10214
41507,g_27
41745,g_1479
41791,g_12
41811,g_49
41811,g_87
41811,g_302
41811,g_303
41811,g_1113
41811,g_1122
41811,g_1250
41811,g_3164
41811,g_3165
41811,g_15520
41891,g_18
41891,g_71
41891,g_73
41891,g_864
41936,g_18
41936,g_302
41936,g_1113
42022,g_27
42022,g_53
42027,g_12
42027,g_10214
42080,g_12
42117,g_241
42117,g_250
42117,g_2738
42204,g_126
42204,g_10216
42204,g_10219
42326,g_164
42326,g_1163
42326,g_1167
42326,g_14726
42328,g_53
42328,g_16286
42335,g_28
42335,g_81
42335,g_10215
42388,g_1479
42388,g_3110
42411,g_28
42411,g_10214
42440,g_19
42440,g_54
42440,g_142
42440,g_10215
42440,g_10220
42467,g_162
42500,g_18
42500,g_10224
42500,g_10225
42773,g_80
42773,g_10215
42935,g_31
42935,g_36
42935,g_10215
42977,g_35
42977,g_10216
42978,g_35
42978,g_10216
42998,g_14
42998,g_17
42998,g_10217
43035,g_53
43035,g_10215
43035,g_10225
43256,g_18
43256,g_33
43256,g_49
43256,g_865
43256,g_866
43256,g_1109
43256,g_2712
43256,g_3167
43437,g_36
43462,g_28
43475,g_56
43475,g_878
43599,g_35
44058,g_13
44058,g_14
44058,g_17
44058,g_18
44058,g_303
44058,g_818
44058,g_1110
44058,g_1122
44058,g_3148
44058,g_3165
44123,g_18
44123,g_71
44127,g_27
44127,g_79
44127,g_867
44127,g_10215
44127,g_10225
44156,g_18
44156,g_301
44156,g_3165
44178,g_250
44306,g_878
44306,g_3167
44673,g_18
44673,g_80
44673,g_303
44673,g_10215
44673,g_10223
44864,g_141
44864,g_219
44864,g_10215
45094,g_18
45094,g_302
45094,g_3135
45211,g_2738
45235,g_148
45345,g_16
45345,g_10216
45660,g_18
45716,g_126
45762,g_878
45833,g_18
45833,g_79
45833,g_818
45833,g_10219
45833,g_10224
45847,g_53
45847,g_10215
46122,g_56
46122,g_114
46122,g_10227
46168,g_18
46168,g_301
46168,g_302
46168,g_303
46168,g_354
46168,g_1113
46168,g_3135
46319,g_12
46343,g_27
46343,g_14695
46345,g_18
46345,g_28
46396,g_18
46396,g_31
46396,g_3165
46396,g_10223
46396,g_17580
46582,g_873
46582,g_2916
46582,g_3110
46582,g_3112
46608,g_165
46626,g_80
46626,g_106
46638,g_18
46638,g_56
46638,g_10214
46638,g_10216
46638,g_10228
46975,g_31
46975,g_874
46975,g_10215
46975,g_10225
47130,g_35
47130,g_10217
47468,g_141
47468,g_10215
47468,g_10223
47471,g_27
47471,g_866
47471,g_15038
47471,g_16304
47698,g_54
47698,g_71
47698,g_92
47715,g_2579
47715,g_3082
47715,g_3158
47715,g_15038
47715,g_18847
47803,g_28
47830,g_33
47830,g_3082
47830,g_10226
47830,g_10228
48025,g_18
48025,g_130
48038,g_2916
48038,g_10220
48088,g_18
48088,g_939
48088,g_10221
48096,g_12
48399,g_127
48399,g_1113
48399,g_10220
48399,g_10221
48399,g_10224
48562,g_28
48562,g_3167
48865,g_79
48865,g_10215
48865,g_16286
49065,g_191
49122,g_37
49161,g_130
49161,g_10219
49161,g_10221
49319,g_18
49319,g_80
49335,g_18
49335,g_10105
49542,g_27
49542,g_53
49542,g_14710
49662,g_12
49662,g_33
49662,g_37
49674,g_18
49674,g_10221
49674,g_10224
49760,g_35
50084,g_18
50084,g_122
50191,g_12
50382,g_27
50382,g_10215
50382,g_10223
50382,g_10227
50382,g_14710
50418,g_18
50494,g_80
50532,g_17
50532,g_35
50771,g_145
50892,g_53
50892,g_3167
50993,g_35
50993,g_1479
50993,g_10216
50993,g_10217
50993,g_10220
51106,g_197
51106,g_10223
51106,g_10226
51106,g_10227
51106,g_10228
51106,g_15520
51252,g_81
51252,g_82
51367,g_80
51367,g_10214
51367,g_10215
51374,g_12
51591,g_13
51591,g_10221
51591,g_10222
51600,g_18
51947,g_18
51947,g_10221
51947,g_10222
52265,g_12
52376,g_19
52376,g_35
52443,g_35
53014,g_53
53040,g_18
53040,g_35
53145,g_18
53145,g_1479
53145,g_2916
53275,g_28
53531,g_18
53531,g_28
53531,g_10107
53840,g_18
53840,g_36
53840,g_861
53840,g_10223
53865,g_18
53865,g_32
54120,g_33
54120,g_10219
54120,g_10221
54120,g_10224
54205,g_35
54205,g_301
54205,g_14726
54422,g_18
54422,g_53
54568,g_18
54568,g_2916
54568,g_10215
54568,g_10220
54568,g_10226
54647,g_53
54647,g_10215
54716,g_18
54716,g_878
54716,g_7221
55057,g_71
55057,g_10221
55098,g_35
55174,g_18
55174,g_33
55174,g_36
55174,g_3167
55337,g_27
55337,g_3082
55403,g_18
55403,g_80
55470,g_35
55470,g_10216
56089,g_14
56089,g_2926
56089,g_10219
56089,g_10228
56093,g_18
56093,g_353
56093,g_1122
56093,g_3165
56093,g_10222
56187,g_35
56261,g_18
56261,g_3165
56261,g_10223
56386,g_33
56386,g_35
56798,g_19
56798,g_301
56798,g_14726
56869,g_18
56869,g_35
56869,g_303
56869,g_1167
56869,g_3146
56869,g_4866
56937,g_196
56937,g_869
56937,g_8741
56937,g_10216
56937,g_10221
56937,g_10224
57765,g_53
57765,g_80
57805,g_86
57920,g_18
57920,g_10225
58071,g_28
58071,g_34
58071,g_2730
58228,g_18
58228,g_10223
58351,g_878
58351,g_1103
58351,g_1116
58351,g_1122
58351,g_3165
58353,g_127
58353,g_10214
58353,g_10219
58353,g_10223
58439,g_79
58439,g_80
58459,g_12
58459,g_28
58459,g_35
58459,g_80
58459,g_136
58459,g_14414
58459,g_17126
58479,g_86
58513,g_33
58513,g_301
58513,g_14726
58812,g_16
58812,g_866
58812,g_3167
58812,g_10216
58812,g_10217
58812,g_10222
58812,g_10228
58948,g_28
59034,g_18
59034,g_27
59034,g_53
59495,g_71
59495,g_219
59495,g_6033
59667,g_35
59667,g_3165
59787,g_79
59787,g_87
59787,g_644
59787,g_3165
59796,g_79
59796,g_87
59796,g_644
59796,g_863
59807,g_130
59807,g_1104
59807,g_3165
59807,g_6033
59945,g_35
59945,g_3165
59974,g_18
59974,g_1024
59974,g_10215
59974,g_10223
60311,g_28
60346,g_18
60346,g_71
60464,g_53
60464,g_142
60500,g_18
60500,g_10215
60500,g_10223
60500,g_10228
60538,g_35
60538,g_50
60538,g_1109
60538,g_10216
60594,g_99
60594,g_205
60594,g_3117
60594,g_10215
60594,g_10218
60594,g_10223
60594,g_10228
60637,g_18
60637,g_2890
60637,g_10215
60637,g_10221
60637,g_10224
60670,g_251
60670,g_3167
60767,g_303
60767,g_353
60767,g_1103
60767,g_1116
60767,g_3165
60813,g_53
60813,g_144
60813,g_1109
60813,g_1116
60813,g_3165
60923,g_35
60923,g_939
60923,g_1116
61080,g_18
61080,g_329
61080,g_10223
61080,g_10225
61080,g_10947
61249,g_27
61249,g_53
61249,g_142
61249,g_1122
61249,g_10214
61249,g_10228
61470,g_87
61470,g_92
61470,g_157
61470,g_303
61470,g_874
61470,g_1112
61485,g_69
61485,g_10223
61485,g_10228
61552,g_18
61552,g_1119
61552,g_10221
61552,g_10223
61702,g_18
61702,g_35
61831,g_18
61831,g_79
61831,g_3137
61831,g_14726
61884,g_869
61884,g_6033
61884,g_10105
61884,g_10216
61884,g_10228
61971,g_12
61971,g_17
61971,g_18
61971,g_35
61971,g_869
61971,g_1109
61971,g_2731
61984,g_99
61984,g_209
61984,g_210
61984,g_10214
61984,g_10221
61984,g_10223
62721,g_35
62958,g_99
62958,g_2916
62958,g_10214
62958,g_10220
62958,g_10226
62958,g_17724
62994,g_14
62994,g_35
62994,g_10216
62994,g_15520
63022,g_35
63022,g_864
63022,g_865
63159,g_80
63159,g_3165
63159,g_10215
63159,g_10223
63474,g_18
63474,g_122
63532,g_18
63532,g_33
63679,g_18
63679,g_3167
63811,g_80
63811,g_3167
64040,g_35
64040,g_114
64611,g_18
64611,g_53
64611,g_10215
65201,g_17
65201,g_35
65201,g_864
65201,g_1108
65326,g_69
65326,g_129
65326,g_10219
65326,g_10227
65326,g_10228
65589,g_87
65589,g_117
65589,g_303
65589,g_354
65589,g_1113
65589,g_3163
65589,g_14415
65720,g_14
65720,g_28
65720,g_81
65720,g_10215
65731,g_35
65731,g_10216
65982,g_18
65982,g_31
65982,g_3163
65982,g_10221
65982,g_10223
65997,g_18
65997,g_27
65997,g_87
65997,g_303
65997,g_1113
65997,g_1163
66037,g_18
66037,g_301
66037,g_1101
66037,g_1165
66037,g_3163
66037,g_3165
66037,g_14726
66428,g_18
66428,g_32
66428,g_301
66428,g_1164
66428,g_3165
66428,g_14726
66469,g_18
66469,g_301
66469,g_1167
66469,g_3165
66469,g_6033
66469,g_9595
66469,g_14726
66536,g_53
66605,g_14
66605,g_18
66605,g_1167
66656,g_18
66656,g_301
66656,g_1163
66656,g_1167
66656,g_3165
66656,g_14726
66714,g_79
66714,g_3127
66766,g_18
66766,g_22
66766,g_303
66766,g_1163
66766,g_1167
66766,g_3148
66766,g_14726
66954,g_35
66954,g_114
66954,g_10105
66962,g_44
66962,g_303
66962,g_1167
66962,g_3163
66962,g_14726
67265,g_18
67265,g_301
67265,g_303
67265,g_1024
67265,g_1167
67265,g_3165
67298,g_130
67657,g_28
67657,g_53
67657,g_249
67875,g_18
67875,g_301
67875,g_1165
67875,g_1167
67875,g_3165
67875,g_14726
67907,g_27
67907,g_79
67907,g_3165
67907,g_6033
67908,g_12
67908,g_35
67978,g_28
67978,g_35
67978,g_86
67978,g_10215
67978,g_10216
68380,g_18
68380,g_73
68380,g_10223
68422,g_126
68422,g_3165
68428,g_18
68428,g_33
68428,g_3165
68452,g_18
68452,g_36
68452,g_3165
68485,g_12
68542,g_18
68542,g_1119
68565,g_18
68588,g_18
68588,g_35
68589,g_18
68589,g_3165
68591,g_18
68591,g_3165
68591,g_6033
68594,g_35
68594,g_3165
68787,g_18
68787,g_28
68787,g_35
68787,g_3165
68799,g_18
68799,g_3165
68871,g_12
68871,g_17
68871,g_35
68871,g_869
69091,g_18
69091,g_28
69091,g_35
69237,g_18
69237,g_1119
69372,g_18
69761,g_12
69761,g_14
69761,g_35
69761,g_303
69761,g_1116
69761,g_1122
69761,g_1165
69761,g_1167
69895,g_18
69895,g_87
69895,g_303
69895,g_863
69895,g_2916
69895,g_3109
70004,g_18
70262,g_27
70262,g_53
71223,g_28
71223,g_35
71223,g_3167
71242,g_34
71348,g_44
71348,g_1113
71348,g_3163
71348,g_3167
72119,g_28
72274,g_18
72472,g_18
72599,g_15038
73448,g_126
73687,g_35
73687,g_80
73687,g_1125
73687,g_17126
73728,g_18
73728,g_939
73728,g_1116
73728,g_3084
73728,g_18304
75013,g_71
75036,g_18
75328,g_1141
75575,g_18
75575,g_6033
75989,g_18
75989,g_22
75989,g_33
75990,g_35
75990,g_818
76067,g_17
76067,g_18
76067,g_35
76067,g_3164
77358,g_18
77358,g_1188
77797,g_44
77797,g_54
77797,g_71
80476,g_12
80476,g_33
80476,g_1116
80855,g_18
80855,g_209
80855,g_1024
80855,g_3158
80857,g_18
80857,g_35
81200,g_71
81219,g_12
81219,g_869
81818,g_18
81818,g_36
81994,g_27
81994,g_79
81994,g_80
82622,g_35
82744,g_14
82744,g_18
82744,g_3137
82759,g_18
82759,g_53
82759,g_80
82878,g_17
82878,g_35
82878,g_818
82942,g_17
82942,g_18
82942,g_35
82942,g_3166
83483,g_18
83483,g_33
83483,g_80
83564,g_53
83564,g_80
83564,g_818
83564,g_3167
83652,g_12
83652,g_17
83652,g_818
83652,g_8741
83850,g_18
83850,g_53
83850,g_80
83851,g_18
83875,g_35
83875,g_14415
83943,g_18
83943,g_818
83943,g_3167
84616,g_18
84667,g_28
84667,g_53
84667,g_80
84676,g_18
84676,g_114
84946,g_18
84946,g_130
85005,g_53
85005,g_80
85005,g_3167
85018,g_18
85018,g_33
85018,g_53
85053,g_13
85053,g_2895
85053,g_3167
85227,g_53
85227,g_80
85392,g_18
85393,g_14
85393,g_35
85407,g_18
85407,g_35
85653,g_18
85653,g_28
85653,g_31
85653,g_36
85655,g_33
85655,g_35
85781,g_18
85781,g_644
85799,g_79
85799,g_80
85838,g_18
85838,g_3137
86076,g_141
86076,g_219
86170,g_1126
86446,g_18
86446,g_79
86598,g_37
86819,g_12
86819,g_18
86819,g_37
87155,g_14
87155,g_35
87155,g_14452
87298,g_18
87298,g_35
87320,g_53
87320,g_80
87448,g_80
87724,g_27
87724,g_878
87941,g_18
88098,g_18
88098,g_35
88130,g_18
88130,g_33
88130,g_35
88414,g_35
88415,g_79
88415,g_3082
88417,g_56
88417,g_10105
88863,g_18
88863,g_71
89357,g_18
89357,g_3167
89426,g_14
89426,g_35
89426,g_869
89788,g_18
89789,g_18
89789,g_33
91170,g_35
91170,g_37
92299,g_28
92358,g_80
92358,g_17580
92360,g_18
92360,g_33
92360,g_36
92360,g_17580
92485,g_18
92544,g_17
92544,g_18
92544,g_36
92682,g_18
93054,g_18
93106,g_18
93188,g_18
93188,g_35
93362,g_80
93771,g_18
93771,g_35
93771,g_818
94495,g_80
95155,g_14
95155,g_27
95155,g_71
95366,g_166
95675,g_18
95675,g_818
96557,g_53
96557,g_219
97454,g_33
97454,g_35
97515,g_12
97515,g_18
97515,g_28
98472,g_80
98628,g_18
98628,g_80
98706,g_18
98706,g_35
99537,g_14
99537,g_18
99537,g_79
99537,g_1115
101504,g_18
101504,g_79
101548,g_33
101548,g_35
101548,g_3167
102065,g_18
102065,g_33
102065,g_3167
102215,g_2890
102663,g_18
102663,g_53
102831,g_44
102831,g_302
102831,g_818
102831,g_1112
102831,g_18322
102972,g_33
102972,g_1125
103176,g_51
103311,g_18
103311,g_36
103608,g_18
103608,g_35
103612,g_18
103612,g_122
105290,g_53
105290,g_80
105290,g_17126
105788,g_12
105788,g_17
105788,g_35
105788,g_3167
106201,g_12
106201,g_18
106201,g_209
106201,g_14942
107878,g_14
107878,g_27
108704,g_12
108941,g_28
108941,g_79
108941,g_80
108941,g_3167
109115,g_18
109609,g_35
109762,g_18
109762,g_80
109762,g_3167
109792,g_35
110124,g_18
110124,g_210
110134,g_35
110219,g_105
110219,g_158
110219,g_3167
110490,g_18
110490,g_866
110855,g_18
110855,g_35
111309,g_18
111309,g_35
111372,g_12
111372,g_17
111372,g_18
111398,g_22
111398,g_35
111417,g_12
111417,g_35
112503,g_18
112503,g_80
112746,g_18
112746,g_53
113082,g_18
113082,g_3167
113084,g_18
113084,g_35
113091,g_69
113091,g_122
113442,g_33
113442,g_3167
113622,g_129
113622,g_3167
113745,g_33
113745,g_2890
113745,g_3167
113787,g_12
113787,g_869
113790,g_126
113790,g_3167
114504,g_27
114504,g_28
114678,g_18
114678,g_33
114882,g_18
115047,g_18
115047,g_122
115134,g_28
115134,g_53
115615,g_18
115615,g_354
115615,g_644
115615,g_874
115615,g_14452
115799,g_31
115850,g_18
115850,g_28
115850,g_80
115959,g_18
115959,g_80
115959,g_130
115959,g_135
116016,g_18
116016,g_3167
116154,g_53
116154,g_92
116332,g_18
116332,g_36
116424,g_12
116424,g_27
116424,g_869
116441,g_18
116833,g_18
116833,g_31
117453,g_12
117453,g_35
117500,g_14
117500,g_18
117828,g_18
117829,g_18
117958,g_18
118149,g_18
118231,g_27
118268,g_18
118268,g_35
118275,g_18
118275,g_818
118276,g_18
118921,g_18
118921,g_35
118961,g_18
118961,g_35
119183,g_92
119183,g_3167
119418,g_126
119418,g_818
119570,g_141
119603,g_35
120344,g_53
120344,g_80
120654,g_18
120654,g_35
120654,g_866
120816,g_17
120816,g_35
121096,g_18
121240,g_126
121240,g_3167
123646,g_80
124621,g_18
124621,g_31
124621,g_209
125098,g_106
125399,g_36
125399,g_53
126947,g_18
126947,g_3167
129648,g_35
129648,g_87
129648,g_164
129648,g_1188
129648,g_5702
129936,g_18
129936,g_1119
129936,g_17580
129940,g_18
129940,g_31
129940,g_3167
130025,g_2890
130176,g_12
131223,g_33
131223,g_122
131650,g_51
131650,g_53
131902,g_18
131902,g_53
132029,g_103
133659,g_19
133659,g_28
133659,g_71
133659,g_105
135360,g_18
139243,g_12
139322,g_27
139335,g_18
139335,g_28
139335,g_31
139568,g_2890
139591,g_18
139593,g_17
139593,g_18
139595,g_18
139743,g_18
139743,g_141
139854,g_80
139854,g_2890
140150,g_27
140815,g_126
140815,g_1119
141114,g_126
141393,g_18
141451,g_28
142908,g_18
142908,g_36
142916,g_17126
143035,g_35
143094,g_27
143272,g_122
143595,g_53
143595,g_80
144123,g_69
144128,g_12
144128,g_14
144128,g_17
144453,g_53
144789,g_18
144789,g_208
145181,g_28
145181,g_81
145298,g_35
145531,g_241
145584,g_18
145631,g_18
145631,g_28
145912,g_33
145912,g_3167
146205,g_12
146205,g_14
146205,g_3166
146247,g_33
146247,g_3167
146379,g_12
146379,g_52
146533,g_35
146674,g_18
146674,g_80
146746,g_35
146746,g_191
146989,g_18
146989,g_209
147157,g_13
147519,g_12
147519,g_18
147796,g_79
147799,g_644
147888,g_18
147945,g_18
147945,g_3167
148348,g_80
148662,g_33
148662,g_35
148666,g_122
148845,g_14
148845,g_157
148895,g_12
148895,g_35
149190,g_12
149228,g_35
149239,g_12
149274,g_1125
149283,g_18
149283,g_28
149283,g_35
149331,g_12
149331,g_17
149331,g_18
149746,g_1125
149762,g_18
149762,g_28
149762,g_10107
150433,g_18
150433,g_28
150433,g_193
150500,g_12
150500,g_71
150529,g_18
150529,g_27
150529,g_36
150947,g_80
151049,g_28
151049,g_80
151049,g_2890
151058,g_10105
151149,g_18
151149,g_28
151149,g_80
151674,g_35
151934,g_18
151934,g_19
151934,g_35
152049,g_18385
152094,g_18
152094,g_35
152158,g_12
152200,g_105
152200,g_878
152200,g_1119
152273,g_18
152273,g_36
152453,g_18
152537,g_122
152775,g_18
152775,g_2890
153107,g_12
153107,g_28
153107,g_80
153312,g_12
153312,g_35
153312,g_869
153535,g_15
153535,g_17
153535,g_124
153727,g_18
153727,g_31
153731,g_80
153731,g_209
154009,g_18
154009,g_36
154103,g_18
154103,g_79
154103,g_303
154103,g_1122
154668,g_18
154668,g_28
156767,g_18
156767,g_80
156767,g_5702
158028,g_56
158028,g_85
158028,g_87
158028,g_867
158028,g_871
158028,g_873
158028,g_874
158028,g_2891
159550,g_18
159550,g_36
160484,g_18
160484,g_36
163581,g_33
163581,g_35
163659,g_18
164297,g_27
164297,g_86
164413,g_18
164413,g_33
164469,g_33
164469,g_35
164711,g_35
165789,g_18
165789,g_3167
166740,g_69
167061,g_3167
167242,g_27
168867,g_28
168867,g_80
169983,g_126
170024,g_136
171032,g_18
171032,g_10107
171458,g_12
171458,g_869
172148,g_35
172152,g_126
172152,g_3167
172696,g_35
172696,g_3167
174314,g_12
174314,g_14
174314,g_17
174375,g_33
174485,g_122
175620,g_39
176215,g_28
176311,g_35
176392,g_99
176392,g_354
176392,g_878
179989,g_35
181449,g_17
181449,g_51
181449,g_3167
181935,g_18
181935,g_28
181941,g_18
181941,g_35
186846,g_122
189417,g_27
189622,g_80
256,g_18
256,g_19
256,g_69
256,g_227
256,g_301
514,g_33
514,g_49
514,g_71
514,g_79
514,g_166
514,g_251
514,g_864
514,g_865
514,g_1150
514,g_3148
826,g_18
826,g_31
826,g_6033
905,g_18
905,g_53
905,g_1110
905,g_1116
905,g_3165
1039,g_44
1039,g_303
1039,g_2717
1285,g_35
1285,g_251
1416,g_44
1416,g_87
1416,g_92
1416,g_874
1416,g_10214
1416,g_10225
1416,g_10226
1540,g_18
1540,g_867
1540,g_1112
1540,g_6033
1614,g_35
1614,g_105
1614,g_124
1671,g_14
1671,g_17
1671,g_18
1671,g_28
1671,g_35
1671,g_49
1671,g_51
1671,g_864
1671,g_1110
1671,g_3167
1671,g_10215
1671,g_10216
1829,g_130
1829,g_209
1829,g_302
1829,g_2890
1829,g_6033
1849,g_50
1849,g_80
1849,g_1110
1849,g_6033
1914,g_35
1914,g_10107
1914,g_10216
1914,g_10217
1914,g_10218
1926,g_18
1926,g_353
1926,g_1119
1926,g_3163
2003,g_18
2003,g_302
2003,g_353
2003,g_818
2003,g_873
2003,g_1112
2003,g_1113
2126,g_17
2126,g_53
2137,g_14
2137,g_81
2137,g_2926
2156,g_142
2156,g_863
2156,g_864
2166,g_17
2166,g_56
2166,g_80
2166,g_3144
2173,g_17
2173,g_863
2173,g_866
2173,g_2888
2191,g_18
2191,g_864
2191,g_878
2195,g_69
2195,g_2370
2197,g_71
2197,g_87
2197,g_2889
2375,g_36
2375,g_130
2382,g_71
2383,g_12
2383,g_17
2383,g_18
2383,g_49
2383,g_10221
2383,g_10224
2440,g_17
2440,g_18
2440,g_32
2440,g_53
2802,g_49
2802,g_87
2802,g_302
2802,g_303
2802,g_353
2802,g_354
2802,g_1113
2912,g_141
2912,g_302
2912,g_867
2912,g_1110
3066,g_17
3066,g_34
3066,g_158
3066,g_3167
3066,g_6033
3144,g_17
3144,g_27
3144,g_35
3145,g_17
3145,g_27
3145,g_878
3344,g_17
3344,g_28
3344,g_50
3347,g_27
3347,g_35
3347,g_864
3347,g_873
3347,g_2916
3701,g_28
3701,g_80
3755,g_17
3755,g_50
3755,g_85
3755,g_301
3755,g_863
3755,g_878
3755,g_1110
3755,g_1119
3755,g_1141
3755,g_1167
3755,g_3165
3755,g_7593
3783,g_17
3783,g_85
3783,g_878
3783,g_3165
3783,g_3167
3982,g_18
3982,g_87
3982,g_249
4034,g_49
4034,g_14999
4181,g_1479
4265,g_12
4265,g_14
4265,g_17
4265,g_28
4265,g_878
4265,g_3167
4273,g_12
4273,g_14
4273,g_17
4273,g_28
4273,g_878
4273,g_3167
4275,g_12
4275,g_14
4275,g_17
4275,g_28
4275,g_878
4275,g_3167
4368,g_87
4368,g_161
4368,g_2896
4368,g_3166
4369,g_33
4369,g_69
4369,g_73
4369,g_129
4369,g_3167
4495,g_14
4495,g_49
4495,g_1110
4565,g_17
4565,g_144
4565,g_818
4746,g_18
4746,g_3138
4884,g_80
4885,g_80
4902,g_44
4902,g_71
4902,g_1122
4902,g_1249
4902,g_3164
5047,g_35
5047,g_127
5047,g_302
5047,g_865
5047,g_1115
5082,g_35
5082,g_2916
5182,g_99
5182,g_864
5335,g_18
5335,g_1110
5335,g_3165
5626,g_80
5640,g_53
5640,g_71
5640,g_818
5684,g_18
5684,g_3167
5728,g_18
5802,g_18
5802,g_863
5802,g_864
5802,g_2916
5839,g_18
5839,g_864
5839,g_2916
5871,g_18
5871,g_35
5871,g_71
5871,g_6033
5871,g_10217
5871,g_10223
5887,g_80
5887,g_3162
6113,g_17
6113,g_79
6113,g_144
6113,g_818
6113,g_3167
6187,g_122
6443,g_44
6443,g_49
6443,g_122
6443,g_303
6443,g_9031
6536,g_69
6536,g_867
7213,g_35
7213,g_865
7213,g_2370
7218,g_71
7218,g_76
7218,g_249
7218,g_3167
7218,g_6033
7248,g_16
7248,g_35
7248,g_871
7248,g_3166
7462,g_69
7983,g_18
7983,g_3165
8362,g_11
8362,g_28
8362,g_34
8362,g_54
8362,g_134
8436,g_18
8436,g_53
8444,g_35
8444,g_1119
8444,g_3144
8668,g_122
8703,g_13
8703,g_17
8703,g_35
8703,g_2895
8704,g_13
8704,g_17
8704,g_33
8704,g_49
8704,g_1167
8704,g_14726
8898,g_18
8898,g_79
8989,g_35
9044,g_28
9044,g_133
9044,g_10215
9044,g_10219
9044,g_10222
9044,g_10223
9044,g_10225
9317,g_35
9317,g_818
9317,g_878
9317,g_10216
9317,g_10217
9412,g_79
9412,g_161
9418,g_28
9418,g_89
9478,g_1126
9478,g_10216
9524,g_22
9524,g_2890
9524,g_10223
9657,g_2888
10335,g_19
10335,g_818
10505,g_2890
10519,g_18
10519,g_35
10519,g_818
10519,g_869
10581,g_33
10581,g_1479
10581,g_10216
10581,g_10217
10581,g_10218
10584,g_33
10584,g_1479
10584,g_10216
10584,g_10218
10584,g_10219
10584,g_10220
10755,g_12
10755,g_35
10755,g_869
10755,g_8741
10930,g_71
10930,g_10222
10930,g_10223
10939,g_35
11080,g_17
11080,g_196
11080,g_869
11080,g_8741
11080,g_10215
11080,g_10217
11312,g_19
11312,g_69
11312,g_87
11312,g_866
11312,g_10219
11312,g_10221
11312,g_10228
11350,g_18
11350,g_206
11379,g_12
11379,g_49
11379,g_50
11379,g_52
11379,g_126
11379,g_864
11379,g_865
11399,g_44
11399,g_114
11399,g_302
11399,g_10216
11399,g_10221
11476,g_54
11539,g_28
11539,g_35
11567,g_56
11567,g_85
11567,g_10216
11616,g_12
11616,g_28
11616,g_35
11680,g_35
11874,g_28
11874,g_35
11874,g_191
11951,g_28
12438,g_12
12438,g_17
12446,g_18
12446,g_127
12446,g_219
12546,g_19
12546,g_22
12546,g_35
12546,g_126
12546,g_10216
12546,g_10217
12546,g_10219
12547,g_19
12547,g_35
12547,g_10216
12547,g_10219
12585,g_1126
12585,g_1479
12585,g_10216
12585,g_10220
12674,g_27
12674,g_39
12674,g_71
12699,g_27
12699,g_79
12699,g_141
12764,g_28
12764,g_31
12764,g_863
12764,g_864
12798,g_18
12801,g_18
12801,g_10225
12801,g_10227
14519,g_53
14519,g_80
14519,g_3164
14519,g_10215
14519,g_10223
14519,g_10227
14569,g_28
14569,g_34
14569,g_52
14569,g_878
14573,g_141
14573,g_1024
14573,g_3158
14731,g_18
14731,g_35
14731,g_69
14731,g_10215
14731,g_10216
14731,g_10221
15589,g_14
15589,g_35
15765,g_35
15765,g_80
15765,g_126
15772,g_35
15785,g_18
15959,g_18
15959,g_10221
15959,g_10223
15967,g_22
15967,g_33
15967,g_210
15967,g_1109
15967,g_2890
15967,g_3165
16059,g_34
16059,g_152
16059,g_154
16059,g_2891
16111,g_34
16111,g_35
16111,g_145
16113,g_34
16113,g_35
16113,g_145
16114,g_34
16114,g_35
16114,g_145
17326,g_37
17326,g_10214
17349,g_27
17349,g_79
17349,g_10215
17349,g_10225
17475,g_35
17475,g_53
17475,g_1125
17588,g_54
17588,g_10107
18046,g_141
18046,g_3166
18046,g_10214
18046,g_10215
18070,g_14
18559,g_18
18559,g_1024
19484,g_14
19484,g_18
19484,g_353
19484,g_1103
19484,g_1113
19484,g_1167
19484,g_3163
19484,g_3165
19484,g_14726
19514,g_44
19514,g_303
19514,g_1113
19514,g_3163
19585,g_27
19585,g_53
19932,g_53
19932,g_3167
19932,g_10214
19932,g_10225
19932,g_10227
20139,g_35
20139,g_92
20139,g_10216
20139,g_10217
20139,g_10227
20164,g_18
20164,g_31
20253,g_28
20253,g_3167
20255,g_12
20255,g_14
20328,g_18
20328,g_3167
20475,g_54
20475,g_69
20475,g_130
20475,g_134
20475,g_219
21052,g_19
21052,g_44
21052,g_10219
21052,g_10221
21052,g_10224
21052,g_18305
21183,g_141
21183,g_303
21183,g_10214
21183,g_10223
21183,g_10225
21183,g_10227
21469,g_122
21469,g_10218
21469,g_10221
21469,g_10224
21480,g_17
21480,g_10105
21480,g_10107
21480,g_10216
21480,g_10217
21480,g_10228
21482,g_18
21482,g_818
21482,g_865
21513,g_17
21513,g_18
21513,g_35
21513,g_49
21513,g_51
21513,g_878
21513,g_10215
21513,g_10216
21513,g_10217
21513,g_10224
21513,g_10226
21751,g_18385
21781,g_28
21781,g_35
21781,g_864
21781,g_10215
21781,g_10216
21787,g_18
21787,g_3167
22028,g_33
22028,g_69
22028,g_865
22028,g_866
22028,g_1108
22028,g_10219
22028,g_10221
22186,g_157
22186,g_158
22186,g_164
22186,g_867
22617,g_28
22998,g_17
22998,g_18
22998,g_1113
22998,g_2370
22998,g_10216
22998,g_10222
22998,g_10228
23283,g_18
23283,g_71
23283,g_219
23283,g_10223
23283,g_10226
23283,g_10227
23283,g_10228
24795,g_52
24795,g_3167
24958,g_28
25018,g_99
26146,g_18
26146,g_10221
26146,g_10223
26146,g_10225
26146,g_10227
26256,g_136
26256,g_14999
26598,g_12
26598,g_14
26598,g_18
26598,g_10214
26598,g_10217
26598,g_10221
26715,g_18
26715,g_209
26715,g_303
26715,g_865
26715,g_10221
26715,g_10223
26719,g_18
26719,g_35
26719,g_10216
26719,g_10217
26719,g_10221
26719,g_10224
26719,g_10228
27044,g_18
27044,g_71
27048,g_17
27048,g_18
27048,g_87
27048,g_92
27048,g_868
27139,g_18
27139,g_10223
27139,g_10225
27139,g_10227
27185,g_35
27185,g_3167
27347,g_53
27347,g_2738
27347,g_10215
27347,g_10223
27358,g_49
27358,g_104
27358,g_117
27358,g_1110
27423,g_19
27423,g_10219
27594,g_134
27594,g_10223
27594,g_10225
27594,g_10227
27623,g_18
27623,g_32
27623,g_10221
27623,g_10223
27775,g_12
27775,g_14
27775,g_10105
27775,g_10218
27775,g_10221
27836,g_49
27836,g_72
27836,g_866
27836,g_10214
27836,g_10217
27844,g_44
27844,g_866
27844,g_1249
27844,g_10221
27844,g_10223
27844,g_10224
28182,g_18
28182,g_53
28182,g_10214
28182,g_10215
28184,g_126
28184,g_1108
28184,g_10216
28184,g_10219
28184,g_10222
28607,g_87
28607,g_157
28607,g_863
28607,g_867
28607,g_874
28607,g_8990
28607,g_14414
29449,g_35
29449,g_303
29449,g_864
29449,g_865
29449,g_10216
29449,g_10217
29457,g_12
29457,g_17
29759,g_126
29759,g_3167
29940,g_53
29940,g_86
30323,g_12
30323,g_14
30428,g_80
30428,g_3167
30833,g_105
30833,g_3167
30835,g_33
30835,g_303
30835,g_878
30835,g_1122
30835,g_10219
30835,g_10221
30835,g_10224
31049,g_18
31049,g_35
31049,g_10216
31049,g_10228
31367,g_27
31449,g_27
31449,g_49
31449,g_87
31449,g_158
31449,g_14414
31449,g_14415
31468,g_14
31468,g_53
31468,g_3167
32106,g_28
32106,g_34
32106,g_35
32106,g_69
32106,g_124
32106,g_354
32106,g_878
32106,g_1040
32106,g_3166
32106,g_4865
32106,g_10216
32106,g_10228
32220,g_17
32220,g_35
32662,g_18
32662,g_71
32673,g_18
32673,g_19
32673,g_33
32673,g_129
33143,g_18
33220,g_14
33220,g_18
33220,g_27
33220,g_35
33220,g_49
33220,g_87
33220,g_302
33220,g_303
33220,g_354
33220,g_867
33220,g_1113
33220,g_3163
33375,g_34
33375,g_124
33375,g_126
33375,g_865
33375,g_866
33375,g_1126
33375,g_3167
33375,g_8497
33375,g_10216
33375,g_10217
33375,g_10219
33375,g_10224
33444,g_18
33627,g_34
33627,g_124
33627,g_126
33627,g_865
33627,g_866
33627,g_1597
33627,g_2712
33627,g_3167
33627,g_8497
33627,g_10216
33627,g_13544
33627,g_14999
33829,g_53
33829,g_3167
33910,g_79
33910,g_818
33910,g_10215
33910,g_10221
33910,g_10228
33937,g_18
33937,g_10214
33937,g_10225
33986,g_28
33986,g_31
33986,g_867
33986,g_874
34183,g_35
34245,g_27
34306,g_35
34306,g_10216
34306,g_10222
34800,g_18
34800,g_27
34800,g_79
34824,g_136
34824,g_873
34824,g_3110
34824,g_10220
34825,g_28
34861,g_87
34861,g_134
34861,g_1113
34861,g_10221
34861,g_10223
35060,g_35
35271,g_2757
35271,g_3167
35350,g_18
35350,g_99
35350,g_10215
35350,g_10219
35350,g_10220
35352,g_19
35352,g_126
35352,g_541
35352,g_10216
35352,g_10219
35352,g_10221
35352,g_10223
35352,g_10228
35353,g_122
35353,g_865
35353,g_10216
35353,g_10221
35353,g_10223
35386,g_18
35386,g_10221
35386,g_10223
35386,g_10224
35386,g_10225
35451,g_53
35451,g_106
35451,g_142
35451,g_864
35451,g_3109
35468,g_18
35589,g_12
35592,g_54
35592,g_130
35592,g_865
35592,g_10219
35592,g_10221
35592,g_10224
35652,g_18
35652,g_33
35652,g_10220
35652,g_10224
35652,g_10227
35876,g_35
35876,g_1126
35876,g_6033
35876,g_10216
35876,g_10222
35986,g_1125
35987,g_122
35987,g_10216
35987,g_10221
35987,g_10228
35996,g_80
36304,g_27
36304,g_53
36304,g_80
36304,g_16286
36752,g_36
36752,g_148
36861,g_141
36861,g_10215
36861,g_10220
36876,g_56
36876,g_10216
36876,g_10217
36876,g_10228
36942,g_27
36942,g_53
36942,g_80
36942,g_141
36942,g_142
36984,g_87
36984,g_141
36984,g_10215
36984,g_10223
36984,g_10227
37036,g_103
37036,g_3167
37075,g_18
37075,g_209
37075,g_2890
37075,g_10221
37075,g_10225
37140,g_56
37140,g_10216
37140,g_10228
37244,g_18
37244,g_33
37244,g_10219
37244,g_10221
37244,g_10223
37270,g_87
37270,g_141
37270,g_170
37270,g_303
37270,g_874
37270,g_1500
37270,g_10215
37270,g_10227
37437,g_142
37437,g_3167
37437,g_10215
37437,g_10220
37543,g_18
37543,g_53
37543,g_92
37543,g_3167
37543,g_10215
37927,g_35
37927,g_1479
37927,g_10216
37927,g_10220
37931,g_18
38130,g_18
38175,g_27
38244,g_35
38244,g_301
38244,g_878
38244,g_1164
38244,g_1167
38244,g_3165
38244,g_14726
38300,g_18
38300,g_22
38300,g_10215
38300,g_10221
38309,g_18
38309,g_126
38309,g_302
38309,g_10216
38309,g_10219
38309,g_10221
38339,g_33
38339,g_35
38339,g_10216
38339,g_10217
38352,g_12
38352,g_878
38352,g_10215
38352,g_10216
38353,g_76
38353,g_818
38353,g_3167
38353,g_10215
38358,g_28
38358,g_81
38358,g_10215
38362,g_17
38362,g_869
38362,g_10105
38362,g_10215
38362,g_10216
38406,g_28
38444,g_18
38444,g_44
38477,g_12
38477,g_17
38477,g_28
38477,g_80
38477,g_10215
38489,g_12
38489,g_14
38489,g_35
38489,g_10105
38489,g_10215
38489,g_10216
38530,g_18
38530,g_35
38530,g_80
38556,g_28
38556,g_126
38556,g_10215
38556,g_10216
38556,g_10219
38602,g_114
38602,g_126
38602,g_939
38602,g_3144
38658,g_53
38658,g_80
38658,g_6033
38658,g_10214
38658,g_10223
38666,g_10105
38666,g_10216
38666,g_10217
38692,g_28
38692,g_10214
38708,g_14
38708,g_28
38708,g_878
38708,g_10215
38708,g_10225
38713,g_18
38713,g_33
38713,g_10219
38713,g_10221
38713,g_10224
38714,g_12
38714,g_28
38714,g_10214
38714,g_10215
38727,g_81
38727,g_10215
38727,g_10225
38834,g_35
38834,g_37
38834,g_10215
38834,g_10216
38853,g_18
38853,g_71
38853,g_10221
38853,g_10224
38853,g_10225
38892,g_18
38892,g_35
38892,g_10216
38892,g_10222
38892,g_10225
38892,g_10227
38892,g_10228
39050,g_81
39050,g_142
39050,g_873
39050,g_874
39050,g_14926
39185,g_12
39185,g_2890
39185,g_3167
39185,g_10215
39185,g_10219
39344,g_18
39344,g_35
39344,g_10217
39344,g_10221
39495,g_35
39516,g_36
39516,g_2890
39552,g_35
39558,g_27
39558,g_39
39558,g_14710
39694,g_53
39694,g_81
39694,g_14926
39782,g_35
39976,g_18
39976,g_80
39976,g_303
39976,g_353
39976,g_1113
39976,g_3163
39976,g_3165
40036,g_36
40036,g_10214
40036,g_10215
40036,g_10220
40036,g_10221
40969,g_2890
40969,g_10215
41220,g_18
41220,g_31
41221,g_53
41221,g_76
41235,g_31
41235,g_32
41388,g_12
41388,g_17
41388,g_10214
41388,g_10221
41391,g_126
41391,g_10216
41391,g_10219
41391,g_10228
41415,g_35
41442,g_53
41489,g_18
41524,g_17
41524,g_869
41524,g_8741
41524,g_10217
41524,g_10221
41699,g_18
41699,g_10221
41699,g_10228
41830,g_18
41830,g_10217
41830,g_10221
41989,g_145
41991,g_147
42058,g_162
42058,g_3109
42078,g_18
42092,g_27
42092,g_53
42092,g_10215
42092,g_10223
42133,g_1479
42133,g_2916
42133,g_3110
42170,g_35
42213,g_27
42213,g_158
42287,g_106
42287,g_3172
42287,g_10215
42287,g_10223
42287,g_10225
42347,g_28
42348,g_35
42348,g_3166
42349,g_33
42349,g_35
42382,g_27
42382,g_53
42481,g_18
42481,g_1116
42482,g_18
42482,g_53
42482,g_251
42490,g_18
42490,g_35
42490,g_1116
42662,g_1113
42662,g_9527
42662,g_14453
42662,g_14740
42681,g_12
42681,g_89
42681,g_145
42692,g_87
42692,g_163
42692,g_303
42692,g_1112
42692,g_1113
42692,g_3163
42692,g_3164
42692,g_3165
42740,g_27
42975,g_35
42975,g_10216
43031,g_14
43031,g_27
43047,g_12
43047,g_13
43047,g_17
43047,g_10105
43047,g_10217
43242,g_18
43242,g_33
43242,g_49
43242,g_865
43242,g_866
43242,g_1109
43242,g_3167
43444,g_35
43444,g_10216
43730,g_28
43775,g_17
43775,g_18
43775,g_10221
43811,g_117
43811,g_10216
43811,g_10222
43987,g_18
43987,g_133
43987,g_818
43987,g_1116
43997,g_31
43997,g_209
43997,g_864
43997,g_2896
43997,g_10223
43997,g_10225
44142,g_35
44228,g_18
44228,g_209
44228,g_1037
44228,g_3165
44228,g_15774
44303,g_147
44473,g_34
44473,g_152
44473,g_2891
44490,g_28
44642,g_33
44642,g_130
44643,g_18
44738,g_18
44738,g_3164
44738,g_10223
44739,g_18
44739,g_10223
44741,g_2890
44741,g_10221
45098,g_18
45230,g_53
45230,g_80
45491,g_18
45491,g_353
45491,g_1163
45491,g_1167
45491,g_3163
45491,g_3165
45491,g_4866
45491,g_10228
45541,g_18
45541,g_87
45541,g_10221
45541,g_10227
45713,g_18
45713,g_1167
45713,g_3163
45713,g_14726
45879,g_28
45939,g_122
46092,g_18
46092,g_10220
46092,g_10227
46260,g_17
46260,g_71
46260,g_122
46260,g_10105
46267,g_35
46380,g_3110
46583,g_3110
46620,g_114
46620,g_1124
46819,g_80
46819,g_10215
46869,g_27
46869,g_162
46869,g_3166
46887,g_53
46887,g_142
46887,g_3109
46903,g_80
46903,g_136
46903,g_3109
47002,g_12
47002,g_18
47002,g_209
47002,g_10215
47002,g_10221
47002,g_10223
47003,g_12
47003,g_99
47003,g_206
47003,g_209
47003,g_3167
47003,g_10215
47003,g_10221
47003,g_10223
47016,g_12
47016,g_14
47016,g_878
47074,g_19
47074,g_209
47074,g_241
47074,g_10219
47074,g_10221
47191,g_18
47191,g_33
47191,g_53
47191,g_80
47191,g_10215
47191,g_10219
47191,g_10223
47207,g_28
47207,g_81
47446,g_35
47446,g_10216
47626,g_15038
47687,g_14
47687,g_16
47687,g_301
47687,g_354
47687,g_1040
47687,g_1071
47687,g_1113
47687,g_1122
47687,g_3165
47785,g_12
47785,g_10214
47785,g_10221
47870,g_28
47870,g_81
47870,g_874
47870,g_10214
47870,g_10225
47896,g_28
48095,g_2890
48095,g_10221
48105,g_18
48105,g_80
48105,g_3167
48123,g_53
48123,g_10215
48140,g_12
48140,g_14
48140,g_17
48140,g_10213
48140,g_15520
48141,g_197
48141,g_303
48141,g_353
48141,g_1071
48141,g_1113
48141,g_1122
48141,g_3163
48141,g_10228
48395,g_28
48395,g_874
48395,g_878
48395,g_10214
48395,g_14414
48884,g_866
48884,g_1108
48884,g_1126
48884,g_10216
48884,g_10217
49413,g_28
49489,g_12
49489,g_28
49489,g_2891
49489,g_10215
49489,g_10228
49586,g_2916
49631,g_28
49837,g_2926
49837,g_10214
50022,g_18
50022,g_3167
50326,g_18
50326,g_36
50375,g_35
50377,g_18
50377,g_80
50377,g_10223
50377,g_10228
50385,g_18
50385,g_10221
50385,g_10223
50690,g_81
50690,g_82
50690,g_14414
50690,g_16918
50694,g_53
50694,g_353
50694,g_878
50694,g_10215
50763,g_134
50763,g_135
50763,g_10221
51048,g_35
51821,g_28
51821,g_53
52030,g_53
52030,g_80
52255,g_34
52294,g_33
52294,g_10219
52294,g_10220
52314,g_27
52314,g_87
52314,g_867
52865,g_53
52865,g_80
53030,g_13
53281,g_28
53281,g_3167
53522,g_35
53529,g_126
53529,g_3166
53673,g_28
53673,g_37
53673,g_191
53687,g_18
53687,g_32
53687,g_122
53783,g_18
53783,g_353
53783,g_354
53783,g_1116
53783,g_3165
53783,g_10213
53783,g_10223
53783,g_10228
53793,g_126
53793,g_3167
54195,g_34
54195,g_53
54195,g_10215
54199,g_35
54199,g_3163
54199,g_10216
54200,g_18
54200,g_53
54200,g_10215
54257,g_53
54257,g_2738
54257,g_8497
54257,g_14695
54573,g_53
54573,g_10215
54590,g_53
54590,g_80
54590,g_10215
54786,g_27
54786,g_170
54787,g_35
54787,g_14452
54801,g_18
54806,g_1115
54806,g_10219
54806,g_10228
54807,g_219
54807,g_10215
54807,g_10223
54807,g_10228
54896,g_37
54896,g_82
54896,g_191
55195,g_12
55195,g_35
55338,g_18
55338,g_27
55338,g_301
55338,g_1165
55338,g_3165
55338,g_14726
55343,g_53
55343,g_80
55343,g_10215
55348,g_18
55348,g_6033
55348,g_10223
55354,g_33
55354,g_53
55354,g_10215
55354,g_10219
55496,g_80
55496,g_166
55815,g_28
55815,g_82
55815,g_867
55815,g_10215
55815,g_10225
56012,g_12
56012,g_16
56012,g_17
56012,g_10105
56012,g_10216
56101,g_35
56101,g_3167
56322,g_142
56322,g_2916
56322,g_10215
56322,g_10220
56502,g_18
56502,g_53
56502,g_80
56502,g_3165
56502,g_10215
56502,g_10223
56505,g_18
56505,g_28
56505,g_53
56505,g_80
56505,g_10215
56850,g_18
56850,g_3167
57106,g_18
57106,g_53
57106,g_2916
57106,g_10215
57106,g_10225
57106,g_10227
57224,g_18
57224,g_3167
57224,g_6033
57224,g_14726
57233,g_27
57233,g_874
57233,g_1113
57233,g_1164
57233,g_6033
57233,g_14726
57297,g_99
57297,g_1113
57297,g_10223
57297,g_10224
57513,g_56
57513,g_10216
57614,g_122
57614,g_10216
57614,g_10221
57614,g_10228
57661,g_22
57661,g_210
57661,g_1113
57661,g_19717
58319,g_130
58381,g_18
58381,g_35
58381,g_10214
58381,g_10216
58381,g_10217
58572,g_87
58572,g_164
58572,g_863
58572,g_1108
58572,g_3165
58601,g_35
58601,g_10216
58601,g_10228
58754,g_12
58754,g_10215
58762,g_35
58762,g_122
58762,g_10217
58762,g_10228
59051,g_191
59051,g_10215
59095,g_12
59095,g_18
59095,g_10215
59490,g_53
59490,g_1109
59490,g_1116
59490,g_3148
59490,g_3165
59490,g_6033
59492,g_80
59492,g_251
59492,g_1109
59492,g_3148
59492,g_6033
59527,g_28
59527,g_31
59527,g_10215
59527,g_10223
59527,g_10225
59530,g_12
59530,g_18
59530,g_28
59530,g_10215
59530,g_10223
59530,g_10225
59550,g_12
59550,g_10215
59690,g_18
59690,g_644
59690,g_3165
59690,g_6033
59936,g_101
59936,g_3162
59936,g_3165
59959,g_12
59959,g_14
59959,g_114
59959,g_116
60148,g_80
60148,g_249
60334,g_36
60334,g_3167
60958,g_28
60991,g_14452
60991,g_17126
61120,g_141
61120,g_10214
61120,g_10215
61120,g_10226
61185,g_18
61185,g_10216
61185,g_10219
61185,g_10221
61185,g_10228
61231,g_33
61231,g_53
61231,g_10215
61231,g_10219
61356,g_37
61356,g_14452
61356,g_14999
61451,g_18
61451,g_71
61634,g_18
61705,g_18
61705,g_3167
61757,g_35
61757,g_56
61757,g_197
61757,g_303
61757,g_1071
61759,g_27
61759,g_56
61759,g_71
61759,g_127
61759,g_219
61759,g_16304
62378,g_18
62378,g_35
62378,g_122
62378,g_10216
62378,g_10221
62378,g_10224
62759,g_18
62759,g_163
62759,g_303
62759,g_1113
62759,g_3163
62759,g_6033
62890,g_28
62901,g_27
63001,g_14
63001,g_35
63024,g_27
63024,g_170
63024,g_3082
63271,g_18
63271,g_79
63271,g_3164
63271,g_10214
63271,g_10215
63271,g_10227
63280,g_22
63280,g_99
63280,g_209
63280,g_210
63280,g_7221
63280,g_9527
63280,g_14453
63280,g_14740
63443,g_18
63443,g_209
63840,g_71
63840,g_249
63840,g_10215
63840,g_10223
64118,g_99
64118,g_3162
64118,g_14726
64208,g_12
64208,g_18
64208,g_28
64208,g_10215
64245,g_8497
64245,g_15038
64273,g_53
64273,g_10215
64273,g_16914
64369,g_18
64369,g_3163
64369,g_3165
64369,g_10221
64369,g_10223
64441,g_14
64441,g_17
64441,g_35
64441,g_869
64441,g_1109
64614,g_53
64614,g_867
64614,g_10214
64614,g_10226
64614,g_10227
64759,g_27
64759,g_56
64759,g_122
64759,g_303
64759,g_6033
64820,g_18
64820,g_210
64820,g_303
64820,g_353
64820,g_354
64820,g_1040
64820,g_1113
64820,g_1167
64820,g_14726
65286,g_35
65286,g_191
65286,g_10216
65286,g_10217
65311,g_35
65311,g_10216
65834,g_99
65834,g_10220
65834,g_10221
65834,g_10228
65862,g_16
65862,g_10215
65862,g_10216
66159,g_18
66159,g_210
66159,g_353
66159,g_354
66159,g_1113
66159,g_1165
66159,g_2890
66159,g_14726
66426,g_35
66426,g_301
66426,g_1116
66426,g_1122
66426,g_1165
66426,g_1167
66426,g_3165
66471,g_18
66471,g_27
66471,g_878
66471,g_1165
66591,g_35
66591,g_122
66591,g_1167
66591,g_14726
66659,g_18
66659,g_22
66659,g_301
66659,g_1167
66659,g_3165
66659,g_14726
66666,g_14
66666,g_18
66666,g_301
66666,g_818
66666,g_1165
66666,g_3165
66666,g_14726
66686,g_18
66686,g_35
66686,g_303
66686,g_818
66686,g_1167
66686,g_4220
66686,g_14726
66901,g_126
67050,g_105
67197,g_18
67197,g_33
67197,g_10219
67197,g_10223
67424,g_18
67424,g_1163
67424,g_1167
67424,g_6033
67424,g_14726
67876,g_12
67876,g_56
67876,g_303
67876,g_1113
67876,g_1167
67876,g_4220
67876,g_14726
68060,g_12
68060,g_28
68060,g_2916
68060,g_10215
68060,g_10220
68060,g_10223
68060,g_10225
68579,g_18
68579,g_33
68579,g_3165
68579,g_17580
68649,g_33
68649,g_3165
68649,g_6033
69112,g_18
69112,g_92
69112,g_2889
69445,g_18
69445,g_28
69445,g_17580
69446,g_18
69446,g_17580
69543,g_18
69543,g_81
69543,g_10215
69543,g_10223
69618,g_35
69618,g_1125
69618,g_10215
69618,g_10216
69618,g_17126
69737,g_12
69737,g_17
69737,g_303
69737,g_1122
69934,g_28
70021,g_31
70021,g_10215
70021,g_10223
70452,g_18
70622,g_17
70622,g_35
70632,g_644
70632,g_1024
70632,g_3165
70703,g_12
70703,g_86
70703,g_10215
70703,g_10226
70902,g_18
71068,g_18
71266,g_18
71266,g_219
71266,g_303
71266,g_353
71266,g_354
71266,g_1086
71266,g_1113
71266,g_1122
71266,g_3165
71267,g_28
71267,g_86
71267,g_878
71267,g_3167
71267,g_10215
71267,g_10226
71352,g_18
71352,g_303
71352,g_353
71352,g_1167
71352,g_3163
71352,g_3164
71352,g_3165
71352,g_14726
71803,g_136
71803,g_1116
71803,g_3165
71893,g_87
71893,g_99
71893,g_202
71893,g_303
71893,g_353
71893,g_354
71893,g_1113
71893,g_3163
72020,g_18
72041,g_18
72464,g_18
72469,g_18
73259,g_3167
73259,g_10105
73421,g_35
73421,g_3167
73449,g_18
73449,g_69
73837,g_12
73837,g_18
73837,g_3167
75576,g_18
75576,g_122
75576,g_1115
76105,g_17126
76625,g_28
76625,g_56
77518,g_35
79607,g_122
79714,g_18
79714,g_35
79714,g_69
81595,g_117
81632,g_28
81632,g_2738
82172,g_18
82913,g_33
82913,g_35
83049,g_18
83049,g_818
83539,g_12
83539,g_869
83656,g_18
83656,g_53
83656,g_209
83797,g_130
84040,g_18
84661,g_80
84663,g_35
84663,g_6033
84673,g_18
84673,g_33
84673,g_36
84903,g_69
84903,g_71
84903,g_10105
85048,g_28
85048,g_35
85400,g_18
85951,g_18
86267,g_18
86267,g_33
86267,g_35
86356,g_35
86356,g_10105
86385,g_18
86385,g_33
86385,g_35
86505,g_18
86505,g_1116
86505,g_3165
86531,g_18
86531,g_36
87193,g_18
87193,g_35
87993,g_18
87993,g_80
88443,g_18
88443,g_33
88443,g_35
88834,g_18
88834,g_31
88834,g_3167
89840,g_12
89840,g_3167
90261,g_28
90261,g_82
91273,g_12
91273,g_28
91273,g_818
91273,g_878
91273,g_1109
91273,g_6723
91540,g_35
91540,g_2713
91540,g_17126
91709,g_12
91709,g_17
91709,g_145
91975,g_12
92063,g_12
92063,g_17
92063,g_35
92184,g_80
92184,g_3167
92437,g_1125
92475,g_18
93381,g_56
93384,g_28
93384,g_87
93384,g_303
93384,g_863
93384,g_864
93384,g_1122
93384,g_1125
93669,g_18
95578,g_13
95578,g_3167
95578,g_6725
96416,g_12
96416,g_17
96990,g_80
99188,g_18
99188,g_36
99188,g_3135
100635,g_27
101158,g_36
101158,g_3167
101828,g_18
101828,g_81
101828,g_2926
102856,g_35
102856,g_869
103645,g_18
103645,g_35
103645,g_36
110351,g_141
110351,g_142
110351,g_3167
111799,g_35
111800,g_18
111800,g_1116
112290,g_15
112290,g_28
112290,g_866
112290,g_869
112290,g_878
112290,g_1109
112290,g_3160
112290,g_3167
112290,g_6522
112315,g_35
112315,g_56
112499,g_53
112499,g_209
112968,g_27
113183,g_18
113183,g_33
115859,g_878
115859,g_2891
115859,g_8497
116161,g_35
116440,g_18
117511,g_12
117511,g_14
117511,g_3167
117618,g_14
117618,g_3167
117740,g_209
117740,g_1125
117740,g_2890
117841,g_36
117841,g_2890
117841,g_3167
117967,g_18
117967,g_31
117967,g_2890
118056,g_35
118147,g_71
118147,g_10105
118166,g_18
118166,g_3167
118656,g_33
118656,g_3167
118696,g_18
118696,g_36
118958,g_18
119450,g_35
119716,g_329
120394,g_80
120837,g_18
120837,g_80
127813,g_126
127813,g_3167
129084,g_18
129084,g_36
129084,g_3167
130028,g_27
130028,g_818
130349,g_126
130349,g_3166
131112,g_16
131112,g_35
131112,g_878
131112,g_8497
131112,g_18385
134871,g_17
134871,g_87
134871,g_303
134871,g_863
134871,g_1122
134871,g_1250
134871,g_7221
134871,g_16304
138558,g_18
138753,g_18
138753,g_80
139370,g_18
139370,g_35
139370,g_869
139849,g_18
139849,g_122
140776,g_18
140776,g_35
140897,g_18
140897,g_35
140897,g_354
141502,g_18
141502,g_114
141864,g_18
141979,g_18
141979,g_53
141979,g_80
142512,g_2890
143080,g_18
143889,g_35
144129,g_17
144129,g_35
144700,g_35
144978,g_18
145626,g_878
146195,g_17
146195,g_16304
146250,g_31
146254,g_18
146373,g_14
146589,g_14452
146658,g_18
146704,g_28
146704,g_53
146764,g_33
146764,g_3167
146885,g_53
146885,g_80
147850,g_17
147850,g_35
149058,g_18
149058,g_28
149058,g_53
149058,g_80
149361,g_18
149361,g_35
149451,g_33
149451,g_122
150390,g_53
150390,g_80
150390,g_17126
150993,g_35
150995,g_18
150995,g_31
151880,g_27
151880,g_1119
152041,g_126
152041,g_878
152781,g_35
155118,g_18
155118,g_33
155118,g_35
155228,g_18
155228,g_35
155790,g_18
155790,g_79
157642,g_50
157642,g_85
157642,g_163
157642,g_2891
157642,g_2896
158350,g_14
158350,g_28
158350,g_50
158350,g_81
158350,g_104
158350,g_864
158350,g_867
158350,g_871
158350,g_874
158350,g_1109
158350,g_1110
158742,g_122
161051,g_18
162947,g_169
164395,g_12
164395,g_28
165744,g_53
167060,g_52
167060,g_3167
167181,g_878
167181,g_3167
167213,g_18
167213,g_1116
167292,g_878
167292,g_3167
167707,g_80
167707,g_3167
171918,g_18
171918,g_33
171920,g_53
171935,g_18
172676,g_18
173629,g_18
173629,g_36
174531,g_71
179686,g_17
179686,g_51
179686,g_3167
181459,g_18
181538,g_28
181538,g_53
186972,g_35
187004,g_164
187004,g_3135
188194,g_27
189594,g_18
189594,g_209
189594,g_3167
189718,g_12
222,g_36
222,g_99
222,g_209
222,g_354
222,g_1110
222,g_1116
222,g_1823
222,g_3165
222,g_10222
222,g_10223
222,g_10228
222,g_10947
516,g_33
516,g_49
516,g_71
516,g_79
516,g_166
516,g_251
516,g_864
516,g_865
516,g_1150
992,g_35
992,g_49
992,g_303
992,g_1110
992,g_1116
992,g_3165
992,g_5702
1488,g_18
1488,g_1249
1679,g_28
1679,g_49
1679,g_105
1679,g_1110
1679,g_2932
2132,g_17
2132,g_35
2132,g_50
2132,g_2896
2132,g_10216
2132,g_10217
2335,g_28
2335,g_35
2335,g_864
2381,g_36
2381,g_130
2381,g_2890
2389,g_12
2389,g_36
2389,g_818
2393,g_33
2393,g_122
2692,g_87
2692,g_202
2692,g_206
2692,g_209
2692,g_1113
2805,g_12
2805,g_28
2805,g_37
2805,g_49
2805,g_353
2805,g_1123
2816,g_17
2816,g_80
2816,g_3167
2817,g_35
2817,g_49
2823,g_87
2823,g_141
2823,g_142
2823,g_873
2823,g_1112
2823,g_1113
2823,g_3145
2823,g_3158
2823,g_3164
2823,g_18370
2991,g_49
2991,g_87
2991,g_142
2991,g_867
2991,g_2916
2991,g_3163
3002,g_12
3002,g_17
3002,g_878
3002,g_6033
3026,g_17
3026,g_18
3026,g_27
3026,g_3167
3026,g_6033
3028,g_17
3028,g_22
3028,g_27
3028,g_50
3028,g_878
3028,g_6033
3115,g_17
3115,g_28
3115,g_35
3115,g_1110
3160,g_17
3160,g_158
3160,g_878
3166,g_17
3166,g_158
3166,g_878
3397,g_33
3397,g_69
3397,g_87
3397,g_1250
3397,g_3163
3397,g_10221
3397,g_10223
3418,g_44
3418,g_219
3418,g_302
3418,g_818
3427,g_53
3427,g_302
3581,g_27
3581,g_864
3581,g_867
4113,g_17
4113,g_35
4113,g_85
4113,g_3165
4243,g_127
4243,g_303
4243,g_3163
4243,g_10221
4285,g_69
4285,g_10218
4285,g_10221
4435,g_19
4435,g_148
4435,g_209
4435,g_861
4435,g_1109
4435,g_3148
4465,g_18
4465,g_209
4537,g_17
4537,g_80
4537,g_818
4683,g_35
4683,g_10216
4786,g_71
4786,g_10221
4839,g_19
4839,g_818
4839,g_3164
4887,g_18
4887,g_54
4887,g_219
4887,g_303
5071,g_44
5071,g_54
5443,g_19
5443,g_33
5443,g_122
5589,g_13
5589,g_19
5589,g_33
5589,g_126
5632,g_80
5632,g_818
6010,g_17
6010,g_35
6010,g_3167
6010,g_10216
6108,g_17
6108,g_18
6108,g_79
6108,g_144
6108,g_818
6160,g_17
6160,g_18
6176,g_18
6179,g_18
6179,g_10221
6416,g_19
6416,g_126
6416,g_127
6416,g_1109
6416,g_3135
6470,g_12
6470,g_28
7349,g_17
7349,g_22
7349,g_35
7502,g_19
7502,g_1115
7502,g_3164
7508,g_69
7508,g_71
7508,g_861
7508,g_10216
7508,g_10221
7508,g_10224
8048,g_35
8048,g_3109
8048,g_10216
8048,g_10217
8048,g_10220
8277,g_866
8277,g_1126
8277,g_1479
8277,g_3166
8277,g_10216
8286,g_127
8286,g_3163
8332,g_141
8332,g_3164
8340,g_18
8340,g_31
8340,g_49
8340,g_87
8340,g_302
8340,g_303
8351,g_126
8416,g_92
8416,g_818
8416,g_1110
8420,g_18
8420,g_49
8420,g_1042
8420,g_1110
8420,g_2916
8443,g_18
8443,g_3164
8854,g_85
8854,g_2891
8883,g_31
8883,g_209
8891,g_209
8891,g_219
8891,g_302
8891,g_1113
8891,g_3163
9088,g_16
9088,g_869
9088,g_10216
9088,g_10217
9307,g_14
9307,g_17
9307,g_6033
9579,g_12
9579,g_69
9579,g_818
9579,g_869
9579,g_10218
9629,g_12
9629,g_37
9733,g_127
9733,g_219
9733,g_3148
9733,g_10223
9733,g_10225
9733,g_10227
9789,g_35
9789,g_71
9789,g_302
10042,g_158
10146,g_126
10146,g_10216
10146,g_10219
10232,g_18
10232,g_1024
10363,g_18
10363,g_53
10363,g_1110
10626,g_18
10626,g_122
10626,g_3146
10768,g_53
10768,g_141
10768,g_165
10768,g_1150
10768,g_10215
10768,g_10225
10768,g_10226
10812,g_17
10812,g_69
10814,g_16
10814,g_818
10814,g_869
10814,g_10216
10814,g_10218
10814,g_10221
10848,g_18
11088,g_50
11088,g_76
11088,g_250
11088,g_10215
11088,g_10222
11088,g_10223
11130,g_126
11130,g_10216
11130,g_10217
11130,g_10219
11134,g_35
11134,g_53
11134,g_81
11134,g_251
11134,g_2891
11447,g_71
11447,g_302
11447,g_10221
11447,g_10223
11447,g_10224
11464,g_12
11464,g_818
11464,g_3167
11482,g_27
11482,g_79
11514,g_35
11514,g_10215
11514,g_10216
11580,g_35
11580,g_10216
11580,g_10217
11580,g_10228
11666,g_18
11674,g_17
11674,g_35
11674,g_50
11674,g_818
11674,g_10215
11674,g_10216
11674,g_10221
11675,g_39
11675,g_53
11675,g_10215
11675,g_10226
11687,g_14
11687,g_51
11687,g_1108
11687,g_2888
11717,g_80
11717,g_818
11796,g_33
11796,g_35
11796,g_302
11796,g_10217
11796,g_10219
11796,g_10228
11813,g_35
11813,g_2741
11813,g_10216
11862,g_50
11862,g_126
11862,g_13544
11915,g_35
12093,g_18
12093,g_302
12093,g_1042
12093,g_3163
12093,g_10223
12093,g_10225
12093,g_10227
12097,g_12
12097,g_17
12097,g_1110
12097,g_8741
12152,g_12
12152,g_14
12152,g_818
12266,g_18
12638,g_12
12638,g_18
12638,g_53
12692,g_1115
12775,g_12
12775,g_19
12775,g_28
12775,g_36
12817,g_17
12817,g_104
12817,g_1110
12817,g_2717
12939,g_53
14556,g_18
14556,g_818
14577,g_18
14779,g_126
14816,g_103
14816,g_105
14816,g_3167
14831,g_1126
14831,g_3167
15744,g_53
15744,g_163
15774,g_33
15774,g_130
16101,g_117
16110,g_34
16110,g_35
16110,g_145
16186,g_27
16186,g_141
16186,g_1180
16186,g_10225
16186,g_10226
16186,g_10227
16218,g_126
16919,g_122
16919,g_10216
16919,g_10221
17347,g_18
17347,g_219
17347,g_353
17347,g_1163
17347,g_1167
17347,g_3165
17347,g_10225
17347,g_10228
17355,g_18
17355,g_33
17355,g_644
17355,g_10214
17355,g_10215
18466,g_2890
18466,g_10223
18466,g_10228
18656,g_18
18656,g_53
18656,g_301
18656,g_14726
18933,g_52
18933,g_86
18933,g_87
18933,g_10215
18933,g_10226
18933,g_10227
19502,g_50
19502,g_196
19502,g_869
19502,g_8741
19502,g_10215
19502,g_10217
19502,g_10221
20020,g_28
20020,g_89
20020,g_3167
20145,g_53
20145,g_10215
20285,g_28
20285,g_53
20285,g_80
20291,g_18
20291,g_10221
20291,g_10228
21289,g_12
21289,g_17
21317,g_18
21317,g_10223
21320,g_18
21320,g_31
21320,g_3163
21320,g_10215
21320,g_10223
21481,g_18
21481,g_35
21481,g_87
21481,g_10216
21481,g_10224
21481,g_10228
21481,g_14415
21606,g_18
21606,g_114
21606,g_353
21606,g_1113
21606,g_1167
21606,g_3163
21606,g_14726
21797,g_12
21797,g_35
21797,g_85
21797,g_10215
21797,g_10216
21863,g_36
21863,g_92
21863,g_210
21863,g_2890
21863,g_3167
21863,g_10221
21863,g_10223
22846,g_18
22846,g_35
22846,g_303
22846,g_10216
22846,g_10221
22846,g_10224
22846,g_10228
22996,g_18
22996,g_37
22996,g_191
23066,g_18
23066,g_27
23066,g_79
23115,g_18
23115,g_27
23115,g_33
23115,g_79
23128,g_79
23128,g_80
23133,g_27
23133,g_79
25019,g_157
25019,g_162
25019,g_874
25019,g_2896
25054,g_53
25412,g_103
25412,g_3166
25581,g_18
25581,g_28
25674,g_250
25674,g_10216
25674,g_14999
26272,g_12
26272,g_14
26652,g_52
26652,g_878
26652,g_3167
26652,g_6033
26991,g_28
26991,g_56
26991,g_157
26991,g_864
26991,g_874
27035,g_44
27035,g_80
27138,g_53
27138,g_136
27138,g_10215
27138,g_10223
27195,g_27
27195,g_7407
27195,g_10214
27195,g_10215
27195,g_10226
27195,g_10227
27311,g_43
27311,g_114
27311,g_303
27311,g_1163
27324,g_122
27324,g_10216
27324,g_10221
27324,g_10224
27512,g_18
27512,g_3167
27556,g_18
27556,g_35
27556,g_10216
27805,g_18
27805,g_106
27805,g_209
27805,g_818
27805,g_10215
27805,g_10223
27805,g_10227
27823,g_44
27823,g_867
27823,g_10221
27823,g_10223
27823,g_10224
27823,g_17580
28139,g_35
28139,g_79
28139,g_2712
28188,g_32
28188,g_71
28188,g_10221
28188,g_10223
28188,g_10224
28188,g_10225
28193,g_71
28193,g_92
28193,g_134
28193,g_10221
28193,g_10225
28193,g_10227
28291,g_73
28291,g_129
28291,g_10219
28291,g_10221
28291,g_10223
28291,g_10225
29230,g_18
29230,g_19
29230,g_302
29230,g_10217
29230,g_10223
29230,g_10224
29451,g_12
29451,g_18
29451,g_35
29451,g_818
29451,g_10214
29451,g_10216
29451,g_10223
29520,g_18
29520,g_53
29520,g_80
29761,g_18
29761,g_56
29761,g_303
29761,g_354
29761,g_1113
29761,g_1167
29761,g_3163
29761,g_9595
29761,g_14726
30274,g_36
30274,g_10221
30274,g_10222
30274,g_10228
30613,g_18
30613,g_28
30613,g_53
30613,g_81
30613,g_2926
30613,g_10215
30613,g_10223
30637,g_71
30902,g_28
30902,g_10214
30902,g_10215
30958,g_27
31101,g_80
31101,g_3167
31190,g_14
31190,g_122
31222,g_13
31222,g_14
31222,g_69
31222,g_303
31222,g_1165
31222,g_1167
31222,g_6033
31222,g_9595
31222,g_14726
31470,g_28
31470,g_103
31566,g_79
31566,g_818
31566,g_3167
31566,g_10214
31566,g_10215
31912,g_32
31912,g_10214
31912,g_10221
31912,g_10223
31912,g_10224
32305,g_16
32305,g_10216
32305,g_10217
32305,g_10218
32665,g_126
32665,g_3166
32671,g_35
32672,g_10216
32672,g_17126
32753,g_12
32753,g_35
32753,g_49
32753,g_85
32753,g_144
32753,g_196
32753,g_1110
32753,g_3167
32753,g_10214
32753,g_10215
32753,g_10216
32753,g_10217
32753,g_10222
32785,g_18
32785,g_80
32785,g_3167
32796,g_12
32796,g_17
32796,g_34
32796,g_35
32796,g_49
32796,g_818
32796,g_869
32796,g_1110
32796,g_3148
32796,g_3167
32796,g_8741
32796,g_10215
32796,g_10217
33649,g_44
33649,g_10221
33649,g_10223
33649,g_10224
33649,g_10228
33764,g_99
33764,g_101
33764,g_302
33764,g_354
33764,g_807
33764,g_1078
33764,g_1110
33764,g_3118
33764,g_3163
33764,g_10215
33764,g_10216
33764,g_10228
33782,g_18
33782,g_34
33782,g_44
33782,g_878
33782,g_1037
33782,g_1179
33782,g_1180
33782,g_1195
33782,g_7221
33782,g_10215
33782,g_10221
33782,g_10222
33968,g_18
33968,g_44
33968,g_2889
33968,g_10221
34385,g_27
34385,g_53
34385,g_163
34595,g_14
34595,g_864
34595,g_867
34595,g_10223
34610,g_18
34610,g_27
34610,g_2916
34610,g_3110
34779,g_17
34779,g_71
34779,g_209
34779,g_863
34779,g_2896
34779,g_10221
34779,g_10224
34782,g_18
34782,g_35
34782,g_10216
34782,g_10217
34782,g_10221
34782,g_10222
34900,g_79
34900,g_3167
34966,g_18
34966,g_87
34966,g_303
34966,g_10214
34966,g_10223
34966,g_10227
34966,g_10228
34974,g_103
34974,g_3167
35102,g_18
35102,g_28
35102,g_53
35102,g_209
35102,g_10221
35102,g_10223
35102,g_10224
35109,g_18
35109,g_44
35109,g_127
35136,g_18
35136,g_35
35136,g_10219
35136,g_10220
35136,g_10228
35270,g_18
35270,g_3167
35397,g_10105
35397,g_10215
35397,g_10217
35452,g_18
35452,g_53
35452,g_106
35452,g_142
35452,g_864
35452,g_3109
35651,g_81
35651,g_10215
35732,g_18
35732,g_10215
35732,g_10220
35732,g_10221
35732,g_10227
35732,g_10228
35745,g_33
35745,g_878
35745,g_10219
35745,g_10228
35758,g_27
35758,g_28
35812,g_86
35812,g_87
35812,g_863
35812,g_864
35812,g_874
35812,g_2896
36011,g_53
36011,g_80
36064,g_71
36064,g_3167
36064,g_10105
36075,g_31
36088,g_18
36088,g_10221
36088,g_10223
36088,g_10225
36167,g_18
36167,g_80
36167,g_130
36167,g_2738
36222,g_18
36222,g_53
36222,g_87
36222,g_873
36222,g_874
36222,g_1112
36222,g_3163
36275,g_18
36312,g_14
36312,g_878
36391,g_27
36391,g_53
36391,g_79
36391,g_867
36391,g_874
36554,g_18
36554,g_1110
36554,g_10219
36554,g_10221
36554,g_10224
36648,g_17
36648,g_35
36648,g_869
36648,g_10105
36648,g_10216
36648,g_10217
36648,g_10218
36648,g_10228
36688,g_35
36688,g_1479
36830,g_53
36830,g_2738
36830,g_10215
36830,g_10221
36830,g_10228
36846,g_19
36846,g_10219
36846,g_10221
37010,g_28
37010,g_53
37034,g_18
37034,g_878
37046,g_81
37046,g_82
37046,g_864
37046,g_10215
37156,g_18
37156,g_27
37315,g_10105
37315,g_10216
37315,g_10221
37345,g_28
37345,g_2738
37345,g_10225
37567,g_12
37567,g_17
37567,g_35
37567,g_10216
37567,g_10221
37622,g_126
37622,g_10216
37622,g_10217
37622,g_10219
37622,g_10221
37645,g_69
37645,g_144
37645,g_10107
37645,g_10214
37645,g_10215
37645,g_10216
37645,g_10228
37649,g_18
37649,g_27
37649,g_10214
37649,g_10223
37649,g_10227
37649,g_10228
37740,g_81
37740,g_10214
37772,g_18
37772,g_35
37772,g_10216
37772,g_10221
37772,g_10222
37861,g_79
37861,g_10214
37861,g_10215
37885,g_35
37886,g_18
37886,g_28
37886,g_10215
37886,g_10225
37896,g_53
37896,g_10215
37928,g_35
37928,g_1479
37928,g_10216
37928,g_10220
37958,g_12
37958,g_145
38126,g_18
38126,g_209
38126,g_10215
38126,g_10225
38126,g_10227
38163,g_80
38164,g_14
38164,g_3166
38164,g_10215
38164,g_10226
38173,g_1125
38189,g_14
38189,g_28
38189,g_158
38189,g_10214
38189,g_10215
38189,g_10227
38195,g_33
38245,g_103
38245,g_3167
38310,g_27
38310,g_53
38310,g_10214
38310,g_10215
38310,g_10226
38458,g_35
38458,g_10216
38535,g_18
38535,g_35
38535,g_80
38600,g_18
38604,g_18
38604,g_303
38604,g_1040
38604,g_1103
38604,g_1113
38604,g_1167
38604,g_14726
38610,g_14
38610,g_18
38610,g_49
38610,g_130
38624,g_10105
38624,g_10221
38665,g_18
38665,g_31
38665,g_36
38665,g_209
38665,g_6033
38665,g_10215
38665,g_10221
38704,g_28
38704,g_51
38704,g_878
38704,g_10214
38704,g_10215
38704,g_10225
38715,g_53
38715,g_869
38715,g_10215
38715,g_10221
38779,g_28
38779,g_10215
38815,g_18
38815,g_10221
38815,g_10225
39079,g_81
39079,g_14926
39407,g_35
39500,g_2888
39533,g_17
39533,g_35
39533,g_56
39533,g_1113
39533,g_10216
39533,g_10217
39533,g_10221
39653,g_14
39653,g_28
39740,g_27
39740,g_158
39740,g_878
39970,g_18
39970,g_2738
39970,g_10221
39970,g_10224
40469,g_122
40469,g_818
40469,g_10216
40469,g_10221
40469,g_10228
40570,g_18
40570,g_27
40570,g_303
40570,g_874
40570,g_1112
40570,g_3109
41234,g_18
41385,g_33
41385,g_2926
41385,g_10214
41385,g_10219
41385,g_10221
41440,g_53
41456,g_18
41477,g_35
41477,g_303
41525,g_17
41525,g_35
41525,g_869
41525,g_8741
41525,g_10217
41525,g_10221
41540,g_122
41540,g_10216
41540,g_10221
41701,g_18
41701,g_79
41701,g_10215
41701,g_10228
41773,g_106
41773,g_2738
41798,g_32
41800,g_31
41824,g_18
41824,g_10221
41824,g_10224
41824,g_10225
41857,g_18
41857,g_10221
41988,g_130
42026,g_27
42026,g_14414
42055,g_72
42055,g_10214
42068,g_3110
42091,g_27
42091,g_79
42091,g_122
42131,g_1479
42131,g_3110
42172,g_122
42172,g_818
42172,g_10216
42172,g_10221
42172,g_10228
42216,g_18
42216,g_122
42300,g_35
42448,g_35
42448,g_122
42448,g_301
42448,g_3165
42448,g_6033
42448,g_14726
42655,g_18
42655,g_10216
42655,g_10221
42655,g_10228
42679,g_57
42679,g_303
42679,g_863
42679,g_878
42679,g_1110
42679,g_1113
42770,g_53
42770,g_10215
42770,g_10223
42844,g_18
42844,g_3165
42892,g_126
42892,g_10216
42892,g_10219
42894,g_53
42894,g_10215
42894,g_10220
42970,g_163
43001,g_18
43001,g_353
43001,g_3165
43001,g_6033
43001,g_10222
43001,g_10227
43439,g_53
43461,g_12
43461,g_86
43461,g_3167
43484,g_22
43484,g_35
43484,g_14666
43739,g_35
43739,g_80
43924,g_3166
43924,g_10105
44034,g_18
44034,g_3109
44141,g_35
44141,g_36
44168,g_28
44184,g_18
44184,g_80
44184,g_3109
44184,g_3110
44296,g_147
44296,g_14999
44667,g_12
44667,g_14
44667,g_17
44699,g_18
44699,g_1119
44699,g_10221
44745,g_19
44745,g_10219
44745,g_10221
44832,g_53
44832,g_3166
45075,g_53
45075,g_80
45352,g_53
45352,g_80
45414,g_27
45414,g_218
45414,g_878
45414,g_14414
45748,g_80
45870,g_18
45870,g_28
45870,g_32
45870,g_50
45870,g_864
46038,g_18
46038,g_31
46398,g_18
46398,g_2370
46398,g_10225
46483,g_31
46483,g_116
46483,g_3109
46786,g_35
46786,g_69
46788,g_148
46788,g_3110
46868,g_18
46868,g_1116
46868,g_3163
46868,g_3165
46868,g_10221
46898,g_53
46963,g_35
46988,g_18
46988,g_873
46988,g_2916
46988,g_3109
46988,g_10220
46988,g_10223
46989,g_18
46989,g_28
46989,g_867
46989,g_3109
46989,g_10220
46989,g_10225
47011,g_14
47011,g_158
47011,g_878
47011,g_2932
47011,g_10215
47011,g_10228
47022,g_28
47022,g_3166
47199,g_27
47199,g_39
47199,g_3109
47239,g_35
47239,g_3166
47457,g_27
47457,g_15038
47485,g_81
47485,g_82
47612,g_27
47612,g_39
47612,g_169
47612,g_15038
47700,g_18
47700,g_10221
47730,g_27
47730,g_15038
47986,g_35
47986,g_10216
47990,g_18
47990,g_10221
48082,g_69
48082,g_127
48082,g_130
48082,g_303
48082,g_865
48082,g_10223
48082,g_10224
48082,g_10225
48309,g_28
48309,g_10214
48422,g_18
48422,g_28
48422,g_105
48422,g_878
48729,g_53
48729,g_14695
49001,g_33
49001,g_35
49001,g_10216
49002,g_18
49002,g_10221
49473,g_27
49473,g_6033
49473,g_10215
49473,g_10220
49473,g_10226
49493,g_28
49493,g_81
49493,g_82
49493,g_3087
50190,g_18
50190,g_227
50190,g_303
50190,g_353
50190,g_354
50190,g_1113
50190,g_1167
50190,g_6033
50190,g_15774
50433,g_241
50433,g_1125
50447,g_18
50447,g_3145
50447,g_3165
50447,g_10223
50684,g_82
50684,g_3087
50705,g_18
50705,g_22
50705,g_303
50705,g_353
50705,g_354
50705,g_1113
50934,g_14
50934,g_35
50934,g_81
50934,g_82
51487,g_28
51487,g_53
51487,g_864
51487,g_878
51809,g_35
51955,g_122
51955,g_127
51955,g_10221
52400,g_18
52400,g_105
52483,g_18
52483,g_32
52483,g_209
53041,g_12
53041,g_18
53041,g_3167
53674,g_37
53674,g_191
53780,g_18
53780,g_3163
53780,g_3165
53780,g_10221
53966,g_37
53966,g_191
53971,g_18
53971,g_53
53971,g_303
53971,g_1163
53971,g_1167
53971,g_3163
53971,g_10215
53989,g_18
53989,g_53
53989,g_2916
53989,g_10215
53989,g_10220
53989,g_10223
53989,g_10227
54115,g_27
54115,g_34
54115,g_867
54115,g_874
54126,g_27
54430,g_27
54430,g_53
54430,g_14695
54564,g_79
54564,g_10215
54770,g_18
54770,g_878
54770,g_7221
54991,g_37
54991,g_191
55330,g_53
55330,g_79
55330,g_141
55330,g_3166
55330,g_10215
55542,g_18
55542,g_99
55542,g_130
55542,g_354
55542,g_3165
55542,g_10223
55543,g_18
55543,g_3165
55543,g_10221
55573,g_163
55573,g_3109
55781,g_12
55781,g_14
55783,g_18
55783,g_28
55783,g_53
55783,g_10215
55783,g_10223
55799,g_27
55799,g_10215
55814,g_18
55814,g_28
55814,g_10215
55814,g_10225
55817,g_35
55817,g_10216
56001,g_80
56001,g_130
56178,g_18
56178,g_80
56178,g_3165
56178,g_10215
56223,g_18
56229,g_37
56229,g_191
56410,g_18
56410,g_53
56410,g_10215
56410,g_10223
56410,g_10224
56410,g_10226
56554,g_35
56554,g_10216
56687,g_18
56687,g_53
56687,g_3167
56846,g_17126
56989,g_28
56989,g_103
57602,g_14
57602,g_17
57602,g_3167
57602,g_10214
57602,g_10221
57602,g_10228
57849,g_34
57862,g_35
57862,g_3144
57862,g_3165
57862,g_10216
57862,g_10217
57862,g_10218
57862,g_10222
58080,g_18
58080,g_31
58080,g_33
58214,g_37
58214,g_10223
58230,g_18
58230,g_33
58230,g_10214
58230,g_10219
58230,g_10220
58261,g_35
58261,g_10217
58817,g_27
58817,g_163
58817,g_164
58817,g_165
58817,g_168
58835,g_27
58837,g_18
58837,g_53
58837,g_79
58837,g_80
58864,g_35
58864,g_3165
58864,g_10216
58864,g_10217
58933,g_14
58933,g_17
58933,g_35
58933,g_3167
58947,g_35
58947,g_10216
58947,g_10228
58974,g_18
58974,g_31
58974,g_10215
58974,g_10223
58974,g_10225
59041,g_18
59041,g_303
59041,g_354
59041,g_1113
59041,g_3163
59041,g_3165
59041,g_6033
59208,g_18
59246,g_18
59246,g_353
59246,g_1122
59246,g_3165
59246,g_10223
59246,g_10228
59250,g_18
59250,g_1122
59250,g_3165
59250,g_10221
59250,g_10223
59498,g_18
59498,g_35
59556,g_35
59556,g_3137
59556,g_3163
59556,g_3165
59556,g_17126
59735,g_18
59735,g_28
59826,g_37
59826,g_10215
59886,g_18
59886,g_53
59886,g_80
59886,g_209
60100,g_28
60100,g_878
60244,g_18
60244,g_31
60244,g_301
60244,g_10282
60244,g_14726
60735,g_17
60735,g_35
60956,g_161
60999,g_35
60999,g_10216
61076,g_80
61076,g_10215
61085,g_35
61085,g_3167
61085,g_10217
61085,g_10219
61112,g_17
61112,g_54
61112,g_869
61112,g_1112
61112,g_1122
61112,g_2579
61112,g_7141
61112,g_10221
61206,g_27
61206,g_3165
61206,g_10215
61206,g_10226
61473,g_18
61473,g_863
61473,g_873
61473,g_874
61473,g_1112
61473,g_3109
61660,g_18
61660,g_10221
62225,g_53
62225,g_79
62581,g_18
62581,g_10223
62642,g_18
62704,g_18
62704,g_10223
62897,g_18
62897,g_1119
62954,g_28
62954,g_53
62954,g_80
63027,g_251
63027,g_3167
63027,g_10215
63027,g_10223
63195,g_18
63195,g_35
63195,g_3167
63195,g_10221
63195,g_10223
63343,g_33
63343,g_130
63343,g_10219
63343,g_10221
63343,g_10224
63491,g_878
63491,g_10215
63493,g_878
63493,g_10215
63668,g_13
63668,g_14
63668,g_84
63668,g_197
63668,g_869
63668,g_1113
63668,g_1122
63668,g_2759
63668,g_3128
63668,g_3129
63668,g_3167
63918,g_18
63918,g_33
63918,g_3167
63918,g_10219
63918,g_10228
63939,g_18
63939,g_87
63939,g_303
63939,g_878
63939,g_1113
63939,g_3138
63978,g_12
63978,g_37
64082,g_27
64082,g_3082
64141,g_878
64141,g_10215
64299,g_18
64299,g_80
64299,g_10215
64299,g_10223
64493,g_14
64493,g_27
64493,g_197
64493,g_303
64493,g_1071
64493,g_1113
64493,g_1122
64493,g_1165
64493,g_3163
64493,g_3165
64493,g_6033
64763,g_17
64763,g_18
64763,g_73
64763,g_129
64763,g_1112
64763,g_1113
64765,g_17
64765,g_35
64765,g_87
64765,g_1112
64765,g_1113
64765,g_2731
64785,g_18
64785,g_10223
64900,g_18
64900,g_303
64900,g_524
64900,g_1163
64900,g_1167
64900,g_3163
64900,g_6033
65246,g_14
65246,g_18
65246,g_35
65246,g_303
65246,g_756
65246,g_1163
65246,g_1167
65246,g_9595
65246,g_14726
65382,g_126
65382,g_3167
65539,g_18
65539,g_10223
65573,g_159
65573,g_878
65573,g_3166
65573,g_10226
65587,g_87
65587,g_114
65587,g_303
65587,g_354
65587,g_1113
65587,g_3163
65725,g_35
65725,g_10216
65726,g_35
65726,g_10216
65727,g_35
65727,g_10216
65728,g_35
65728,g_10216
65743,g_27
65743,g_863
65743,g_867
65743,g_1113
65743,g_1163
65743,g_1167
65743,g_14726
65881,g_12
65881,g_14
65881,g_28
65881,g_10215
65961,g_18
65961,g_6033
65961,g_10214
65961,g_10221
65961,g_10223
66216,g_18
66216,g_130
66216,g_301
66216,g_1116
66216,g_1165
66216,g_1167
66216,g_3135
66216,g_3165
66354,g_18
66354,g_10221
66421,g_28
66538,g_13
66538,g_18
66538,g_756
66538,g_1167
66538,g_2895
66538,g_14726
66673,g_18
66673,g_301
66673,g_1165
66673,g_3165
66673,g_9595
66673,g_14726
66855,g_80
66879,g_35
66879,g_10216
67042,g_22
67042,g_35
67042,g_10217
67154,g_878
67154,g_10215
67154,g_10223
67360,g_878
67360,g_10215
67502,g_99
67502,g_303
67502,g_1163
67599,g_18
67599,g_53
67661,g_18
67661,g_303
67661,g_353
67661,g_354
67661,g_1113
67661,g_3164
67661,g_9496
67664,g_28
67664,g_2738
67664,g_2891
67927,g_36
67927,g_10215
67927,g_10221
67927,g_10223
68215,g_35
68215,g_3167
68551,g_80
68551,g_114
68551,g_6033
68592,g_35
68592,g_1119
68592,g_3165
68917,g_12
68917,g_10215
68917,g_10221
69090,g_10215
69090,g_10216
69090,g_10226
69090,g_16304
69622,g_19
69622,g_33
69622,g_10216
69622,g_10219
69622,g_10220
69622,g_10221
69880,g_18
69880,g_2916
69880,g_6033
69880,g_10220
69880,g_10223
69913,g_87
69913,g_163
69913,g_303
69913,g_863
69913,g_1479
70506,g_18
70506,g_22
70506,g_2890
70506,g_10221
70506,g_10224
70531,g_12
70531,g_14
70633,g_53
70633,g_3165
70638,g_644
70638,g_818
70638,g_863
70638,g_3165
70754,g_18
70754,g_31
70906,g_12
70906,g_10215
70914,g_53
70914,g_10215
71010,g_35
71010,g_10216
71355,g_18
71355,g_303
71355,g_1163
71355,g_1167
71355,g_3163
71355,g_14726
71439,g_12
71439,g_35
71439,g_191
71874,g_28
71874,g_53
71874,g_3167
71874,g_10215
72370,g_15038
72438,g_2890
72517,g_92
72517,g_2738
72558,g_35
73122,g_28
73122,g_3167
75210,g_18
75210,g_36
77525,g_12
77525,g_18
77525,g_35
77525,g_56
77525,g_818
78087,g_33
78087,g_35
82448,g_28
82448,g_53
82448,g_80
82456,g_35
82456,g_36
82456,g_1119
82629,g_18
82629,g_33
82892,g_17126
83050,g_18
83050,g_135
83287,g_1141
83500,g_18
84364,g_18
84364,g_122
84364,g_818
84364,g_866
84723,g_18
85007,g_12
85007,g_14
85007,g_3167
85017,g_18
85017,g_33
85017,g_35
85352,g_18
85352,g_36
85662,g_18
85662,g_210
85662,g_2890
85662,g_3167
86396,g_18
86396,g_19
86396,g_3167
86422,g_86
86422,g_3166
86520,g_18
86520,g_209
88790,g_18
88790,g_36
88790,g_71
88790,g_3167
90538,g_35
90538,g_3167
90538,g_10105
91353,g_71
91353,g_3167
91353,g_10105
91368,g_18
91368,g_69
91368,g_818
92366,g_18
92366,g_17580
92411,g_33
92411,g_36
92411,g_106
97359,g_18
97359,g_53
97359,g_3167
98344,g_18
98344,g_80
98344,g_3167
99101,g_18
99101,g_103
100023,g_18
100023,g_3167
101127,g_28
101127,g_136
101150,g_69
101150,g_71
101265,g_80
102980,g_12
102980,g_18
102980,g_37
102980,g_3167
105446,g_18
105446,g_36
106821,g_28
106821,g_105
106821,g_3167
106891,g_18
106891,g_31
106891,g_209
108437,g_18
108437,g_35
112931,g_18
112931,g_209
113080,g_122
113341,g_14
113341,g_28
113437,g_18
113437,g_3167
113439,g_12
113439,g_14
113439,g_17
116231,g_18
116231,g_53
116231,g_80
116231,g_3167
116525,g_71
116525,g_126
116525,g_1115
116525,g_3167
117943,g_33
117943,g_3167
119186,g_22
119186,g_126
119247,g_12
119247,g_17
119477,g_170
119602,g_122
119602,g_684
119602,g_2579
119602,g_2738
119604,g_12
119604,g_869
126241,g_53
126241,g_136
126241,g_684
126241,g_874
126241,g_1205
126325,g_122
126325,g_3167
130297,g_154
130297,g_241
133627,g_14
133627,g_27
133627,g_2759
139984,g_53
139984,g_3167
142901,g_27
142901,g_71
142901,g_141
142913,g_80
142913,g_2890
143207,g_31
143419,g_251
143419,g_18385
143608,g_35
144169,g_18
144169,g_35
144800,g_18
144800,g_33
145178,g_18
146761,g_28
146761,g_53
146761,g_80
146969,g_18
146969,g_878
147526,g_18
147526,g_69
147526,g_10223
147526,g_10224
148537,g_35
148882,g_12
148882,g_35
148882,g_869
148915,g_18
148915,g_2891
149362,g_35
150176,g_53
150541,g_35
150541,g_14999
150928,g_92
150928,g_3167
150969,g_27
151966,g_18
151966,g_36
152093,g_35
152093,g_36
152780,g_18
152780,g_36
153641,g_53
153641,g_80
153919,g_53
153919,g_80
155231,g_92
155498,g_27
155498,g_39
155498,g_87
155498,g_164
155498,g_867
167257,g_12
167257,g_17
167257,g_35
167370,g_878
167370,g_3167
171439,g_28
171439,g_36
171559,g_43
172902,g_18
172902,g_14452
175520,g_18
175520,g_36
175966,g_18
175966,g_27
175966,g_866
179711,g_17
179711,g_51
179711,g_3167
180476,g_136
181636,g_18
182059,g_18
182059,g_3167
185418,g_35
185418,g_878
186274,g_28
186274,g_53
189753,g_878
189753,g_3167
190308,g_12
139,g_20
139,g_71
139,g_122
481,g_44
481,g_303
481,g_1112
481,g_1167
481,g_1597
530,g_12
530,g_17
530,g_35
530,g_87
530,g_197
530,g_869
530,g_878
530,g_939
530,g_1110
530,g_1122
530,g_1249
530,g_6515
530,g_10216
661,g_130
661,g_524
661,g_10224
689,g_92
689,g_133
689,g_303
689,g_353
689,g_3148
822,g_17
822,g_18
822,g_1110
822,g_4221
822,g_15505
870,g_130
870,g_302
870,g_353
870,g_1119
896,g_69
896,g_127
896,g_1110
896,g_4221
896,g_6033
896,g_15505
899,g_33
899,g_130
899,g_1110
899,g_1116
899,g_3165
899,g_10221
1059,g_12
1059,g_28
1059,g_35
1059,g_36
1059,g_301
1194,g_33
1194,g_49
1194,g_71
1194,g_79
1194,g_166
1194,g_251
1194,g_864
1194,g_865
1194,g_1150
1196,g_33
1196,g_49
1196,g_71
1196,g_79
1196,g_166
1196,g_251
1196,g_864
1196,g_865
1196,g_1150
1543,g_130
1543,g_818
1543,g_2579
1543,g_10216
1543,g_10219
1543,g_10223
1543,g_10228
1685,g_14
1685,g_50
1685,g_878
1685,g_10214
1685,g_10215
1685,g_10227
1720,g_69
1720,g_122
1720,g_303
1720,g_3164
1720,g_10216
1720,g_10219
1720,g_10224
1720,g_10228
1799,g_49
1799,g_71
1799,g_866
1799,g_1109
1799,g_2712
1799,g_3168
1840,g_49
1840,g_50
1840,g_144
1840,g_864
1840,g_3165
1840,g_6033
1860,g_17
1860,g_18
1860,g_1113
1860,g_3167
1860,g_6033
1864,g_17
1864,g_18
1864,g_35
1864,g_2890
1935,g_18
1935,g_56
1935,g_302
1962,g_69
1962,g_209
1962,g_3142
1962,g_10219
1962,g_10223
1964,g_2731
1964,g_10216
1964,g_10217
1964,g_10219
1987,g_71
1987,g_219
1987,g_302
1987,g_867
1987,g_1112
1987,g_10223
1987,g_10225
1987,g_10227
2014,g_71
2014,g_127
2014,g_10221
2014,g_10222
2014,g_10223
2057,g_33
2057,g_50
2057,g_142
2057,g_6033
2072,g_17
2072,g_28
2072,g_863
2072,g_878
2090,g_28
2090,g_50
2090,g_53
2090,g_864
2090,g_10215
2102,g_12
2102,g_17
2102,g_28
2102,g_863
2102,g_878
2102,g_3166
2139,g_28
2139,g_863
2139,g_864
2139,g_2896
2204,g_17
2204,g_18
2204,g_49
2204,g_1115
2204,g_3165
2282,g_69
2282,g_1042
2282,g_3163
2298,g_18
2298,g_6033
2303,g_35
2303,g_56
2303,g_117
2304,g_69
2304,g_71
2304,g_80
2306,g_17
2306,g_18
2306,g_210
2306,g_3167
2361,g_818
2361,g_2889
2414,g_80
2414,g_818
2532,g_17
2532,g_18
2532,g_28
2532,g_79
2532,g_3167
2644,g_28
2644,g_35
2644,g_82
2747,g_35
2747,g_87
2857,g_53
2857,g_56
2857,g_87
2857,g_303
2857,g_863
2857,g_1024
2857,g_1113
2857,g_3158
2857,g_3163
2857,g_3164
2894,g_36
2894,g_302
3009,g_18
3009,g_302
3009,g_6033
3023,g_27
3023,g_35
3023,g_49
3023,g_50
3023,g_878
3023,g_6033
3043,g_17
3043,g_18
3043,g_27
3043,g_878
3043,g_6033
3122,g_17
3122,g_158
3122,g_878
3159,g_17
3159,g_158
3199,g_17
3199,g_27
3199,g_863
3405,g_35
3423,g_130
3423,g_302
3426,g_19
3426,g_302
3515,g_53
3515,g_2896
3561,g_27
3561,g_863
3561,g_864
3561,g_873
3561,g_2916
4162,g_219
4162,g_818
4213,g_71
4213,g_87
4213,g_1112
4213,g_3164
4240,g_27
4240,g_73
4240,g_864
4240,g_867
4240,g_1479
4240,g_3166
4253,g_22
4253,g_33
4253,g_130
4253,g_861
4272,g_35
4370,g_18
4370,g_302
4370,g_865
4370,g_939
4370,g_1110
4370,g_3163
4377,g_17
4377,g_80
4377,g_209
4377,g_210
4436,g_2888
4436,g_10216
4453,g_18
4453,g_2746
4466,g_17
4466,g_18
4466,g_209
4555,g_144
4555,g_818
4555,g_3165
4571,g_18
4571,g_32
4572,g_17
4572,g_144
4572,g_818
4574,g_17
4574,g_144
4574,g_818
4678,g_18
4682,g_36
4826,g_76
4826,g_106
4826,g_10215
4826,g_10223
4838,g_18
4947,g_18
4947,g_80
4947,g_818
4947,g_10219
4947,g_10220
4947,g_10221
4998,g_44
4998,g_1112
4998,g_1119
4998,g_3163
5068,g_136
5086,g_12
5086,g_14
5086,g_87
5086,g_863
5086,g_2896
5186,g_864
5186,g_873
5186,g_3110
5242,g_36
5242,g_149
5242,g_864
5246,g_864
5246,g_873
5246,g_3110
5246,g_3166
5482,g_18
5482,g_27
5482,g_53
5592,g_35
5592,g_53
5602,g_18
5602,g_106
5625,g_3110
5625,g_3135
5630,g_80
5630,g_3135
5823,g_14
5823,g_18
5823,g_818
5823,g_869
5823,g_1108
5873,g_73
5873,g_126
5873,g_864
5873,g_10216
5873,g_10217
5911,g_18
5911,g_80
6005,g_17
6005,g_22
6005,g_35
6006,g_17
6006,g_35
6006,g_3165
6279,g_17
6279,g_22
6279,g_35
6279,g_50
6663,g_18
6663,g_864
6663,g_865
7291,g_18
7291,g_80
7291,g_864
7295,g_79
7295,g_80
7295,g_2916
7837,g_51
7837,g_53
7837,g_3167
7973,g_19
7973,g_35
7974,g_44
7974,g_3163
8074,g_44
8074,g_204
8074,g_227
8074,g_353
8074,g_1164
8074,g_1167
8074,g_3163
8219,g_1479
8219,g_2915
8219,g_3163
8282,g_71
8282,g_126
8424,g_33
8424,g_126
8425,g_44
8462,g_18
8462,g_818
8462,g_1110
8462,g_1116
8462,g_1119
8462,g_1823
8462,g_3165
8705,g_33
8705,g_69
8705,g_301
8705,g_1165
8705,g_1167
8705,g_3142
8705,g_3165
8705,g_10219
8705,g_14726
8785,g_14
8785,g_18
8785,g_5702
8899,g_18
8899,g_44
8899,g_249
8899,g_302
8899,g_1113
8899,g_3163
8899,g_10225
8899,g_10228
8982,g_28
8982,g_10215
8982,g_10223
8982,g_10225
9301,g_19
9301,g_329
9301,g_10218
9301,g_10221
9301,g_10224
9474,g_28
9474,g_35
9474,g_191
9474,g_10214
9589,g_54
9589,g_210
9589,g_818
9589,g_2890
9589,g_10223
9644,g_50
9644,g_655
9644,g_1108
9644,g_2730
9644,g_10216
9644,g_14999
9845,g_141
9845,g_873
9845,g_874
9845,g_1115
9881,g_56
9881,g_130
9881,g_818
9881,g_10216
9881,g_10228
10021,g_126
10021,g_2713
10021,g_10216
10021,g_10217
10103,g_19
10103,g_35
10109,g_12
10109,g_14
10109,g_19
10109,g_28
10114,g_27
10114,g_53
10241,g_18
10241,g_227
10241,g_302
10241,g_303
10241,g_3163
10241,g_10218
10241,g_10222
10241,g_10228
10421,g_17
10421,g_18
10421,g_35
10421,g_818
10499,g_54
10499,g_92
10499,g_2890
10516,g_35
10516,g_878
10516,g_1109
10516,g_1110
10583,g_33
10583,g_1479
10583,g_10216
10583,g_10220
10628,g_49
10628,g_50
10628,g_1125
10628,g_2888
10628,g_10216
10645,g_17
10645,g_35
10645,g_869
10645,g_13544
10711,g_28
10711,g_53
10711,g_134
10711,g_144
10711,g_249
10746,g_35
10746,g_2746
11042,g_71
11042,g_122
11042,g_302
11042,g_10216
11042,g_10221
11042,g_10222
11042,g_10224
11042,g_10228
11333,g_14
11333,g_28
11333,g_35
11333,g_878
11333,g_10216
11333,g_10217
11792,g_251
11792,g_3167
11829,g_35
11829,g_191
11829,g_10215
11829,g_10216
11898,g_18
11898,g_56
11898,g_3165
11975,g_50
11975,g_135
11975,g_818
12107,g_35
12107,g_50
12107,g_245
12107,g_9181
12127,g_12
12127,g_869
12127,g_8741
12214,g_80
12272,g_71
12272,g_141
12697,g_16
12697,g_17
12697,g_869
12697,g_10217
12697,g_10221
12781,g_18
12781,g_35
12781,g_818
12781,g_869
12823,g_17
12823,g_87
12823,g_127
13119,g_35
13119,g_117
13540,g_18
13540,g_818
13541,g_18
13541,g_35
14064,g_92
14064,g_3167
14142,g_17
14142,g_33
14142,g_818
14142,g_10214
14142,g_10219
14142,g_10221
14142,g_10223
14456,g_163
15199,g_18
15199,g_1122
15458,g_33
15458,g_80
15712,g_28
15712,g_53
15743,g_86
15743,g_818
15743,g_878
15781,g_35
15951,g_33
16162,g_35
16162,g_144
16195,g_18
16195,g_818
16195,g_10214
16195,g_10221
16226,g_191
18647,g_71
18647,g_3167
18647,g_10221
18647,g_10224
19353,g_80
19353,g_251
19811,g_87
19811,g_99
19811,g_209
19811,g_210
19811,g_1113
19811,g_3163
19811,g_10216
19811,g_10221
19811,g_10222
20050,g_12
20050,g_18
20050,g_818
20050,g_10215
20050,g_10223
20326,g_18
20326,g_3167
20471,g_76
20471,g_79
20471,g_874
20471,g_10214
20471,g_10215
20471,g_10223
20471,g_10225
20476,g_197
20476,g_303
20476,g_3163
20476,g_10215
20476,g_10216
20476,g_10221
20736,g_15
20736,g_17
20736,g_22
20736,g_303
20736,g_10216
20736,g_10217
21322,g_18
21322,g_79
21322,g_80
21322,g_141
21322,g_864
21322,g_10215
21322,g_10223
21322,g_10225
21322,g_10227
21468,g_17
21468,g_28
21468,g_864
21468,g_866
21468,g_878
21468,g_1108
21468,g_6723
21468,g_10214
21544,g_14
21544,g_85
21544,g_10214
21544,g_10215
21593,g_10105
21593,g_10217
21593,g_10221
21727,g_28
21727,g_105
21727,g_3167
22399,g_28
22399,g_53
22399,g_878
24109,g_35
24109,g_87
24109,g_10216
24109,g_10219
24109,g_10228
24109,g_14354
24424,g_18
24424,g_44
24424,g_122
24424,g_129
24424,g_130
24424,g_353
24898,g_27
24898,g_3167
25609,g_43
25609,g_154
25609,g_10216
25609,g_10222
25609,g_10223
25647,g_18
25647,g_10216
25647,g_10221
25655,g_16
25655,g_17
25655,g_35
25655,g_50
25655,g_329
25655,g_869
25655,g_1108
25655,g_1109
25655,g_1163
25655,g_6033
25655,g_7407
25655,g_8530
25655,g_8741
25990,g_12
25990,g_16
25990,g_17
25990,g_7407
25990,g_10216
25990,g_10221
26292,g_14
26292,g_17
26292,g_3167
26398,g_35
26466,g_18
26466,g_80
26466,g_141
26516,g_81
26516,g_10214
26516,g_10215
26624,g_152
26624,g_3166
26624,g_10215
27032,g_18
27032,g_44
27032,g_73
27032,g_302
27032,g_1113
27032,g_10214
27032,g_10221
27032,g_10228
27136,g_219
27136,g_10223
27136,g_10225
27136,g_10227
27548,g_18
27548,g_27
27548,g_10214
27548,g_10226
27613,g_18
27613,g_27
27613,g_864
27613,g_867
27613,g_873
27613,g_3110
27613,g_10215
27643,g_18
27643,g_28
27643,g_31
27643,g_81
27661,g_18
27661,g_3167
27829,g_37
27829,g_114
27829,g_3144
27829,g_10216
27829,g_10217
27829,g_10222
27829,g_17580
28191,g_33
28191,g_44
28191,g_71
28191,g_10214
28191,g_10215
28191,g_10219
28191,g_10221
28191,g_10224
28191,g_10225
29000,g_303
29000,g_878
29000,g_1123
29265,g_87
29265,g_200
29265,g_303
29265,g_1113
29265,g_7424
29265,g_10222
29265,g_10223
29265,g_10228
29415,g_12
29415,g_17
29415,g_1113
29415,g_3167
29415,g_10214
29415,g_10215
29448,g_17
29448,g_18
29448,g_127
29448,g_303
29448,g_10221
29448,g_10224
29448,g_10227
29448,g_10228
29767,g_80
29767,g_864
29767,g_1109
29767,g_3168
29767,g_10214
29767,g_10215
29767,g_10217
29811,g_28
29811,g_37
29811,g_191
29811,g_864
29811,g_10214
29811,g_10215
30313,g_12
30313,g_149
30313,g_3167
30515,g_36
30515,g_84
30515,g_302
30515,g_353
30515,g_939
30515,g_3128
30515,g_3163
30515,g_10222
30515,g_10223
30515,g_10228
31035,g_27
31035,g_79
31035,g_867
31035,g_874
31035,g_15038
31035,g_15130
31290,g_12
31290,g_28
31290,g_53
31290,g_866
31290,g_10214
31290,g_10215
31290,g_10225
31388,g_17
31388,g_35
31388,g_1113
31388,g_3144
32142,g_79
32142,g_114
32142,g_141
32142,g_1073
33445,g_12
33445,g_35
33445,g_81
33771,g_37
33771,g_87
33771,g_191
33771,g_864
33771,g_1108
33771,g_1134
33771,g_1204
33771,g_10225
33901,g_12
33901,g_28
33901,g_87
33901,g_878
33901,g_10215
33901,g_10216
33901,g_10228
34088,g_14
34088,g_18
34299,g_18
34299,g_28
34299,g_36
34299,g_81
34299,g_864
34299,g_10214
34543,g_158
34543,g_874
34543,g_10215
34543,g_10225
34609,g_18
34609,g_27
34609,g_53
34609,g_3110
34609,g_14695
34713,g_35
34713,g_302
34713,g_1113
34713,g_3115
34713,g_5702
34713,g_10217
34713,g_10222
34713,g_10228
34801,g_18
34801,g_22
34801,g_53
34801,g_69
34801,g_80
34845,g_18
34845,g_32
34845,g_1110
34845,g_10221
34845,g_10223
34845,g_10224
34845,g_10227
34846,g_18
34846,g_32
34846,g_1110
34846,g_10223
34846,g_10224
34846,g_10227
34870,g_18
34870,g_209
34870,g_10214
34870,g_10221
34870,g_10225
34944,g_18
34944,g_28
34944,g_35
34949,g_18
35150,g_28
35150,g_138
35203,g_18
35203,g_80
35203,g_210
35203,g_541
35203,g_2890
35203,g_10214
35203,g_10223
35203,g_10225
35601,g_53
35601,g_3167
35601,g_10215
35602,g_196
35602,g_10216
35602,g_10219
35605,g_12
35605,g_16
35605,g_10217
35634,g_81
35634,g_10214
35634,g_10215
35637,g_16
35637,g_869
35637,g_3166
35641,g_81
35641,g_10215
35641,g_10225
35644,g_28
35644,g_81
35644,g_10215
35687,g_81
35687,g_10215
35687,g_10225
35690,g_81
35690,g_10215
35691,g_81
35691,g_10214
35691,g_10215
35694,g_18
35694,g_10221
35694,g_10223
35920,g_80
35979,g_35
35979,g_878
35979,g_3167
36127,g_18
36127,g_818
36127,g_10216
36127,g_10221
36127,g_10222
36305,g_53
36305,g_80
36429,g_69
36429,g_2738
36429,g_3164
36429,g_10215
36429,g_10221
36533,g_33
36533,g_35
36533,g_53
36533,g_92
36533,g_3163
36555,g_17
36555,g_18
36555,g_35
36555,g_122
36555,g_10216
36555,g_10217
36555,g_10221
36681,g_27
36681,g_86
36751,g_18
36751,g_53
36751,g_79
36751,g_144
36759,g_53
36759,g_10215
36773,g_18
36773,g_105
36773,g_3167
37276,g_56
37276,g_141
37276,g_302
37276,g_303
37276,g_10216
37276,g_10225
37276,g_10228
37355,g_18
37355,g_56
37355,g_115
37355,g_10215
37355,g_10216
37642,g_14
37642,g_18
37642,g_10214
37642,g_10215
37642,g_10228
37718,g_28
37718,g_10214
37718,g_10225
37766,g_28
37766,g_31
37766,g_863
37766,g_864
37766,g_10223
37766,g_10225
37791,g_27
37791,g_303
37791,g_873
37791,g_874
37791,g_1113
37791,g_3110
37843,g_191
37843,g_863
37843,g_864
37843,g_10215
37843,g_10216
38032,g_18
38032,g_32
38032,g_39
38032,g_80
38071,g_27
38202,g_12
38202,g_17
38202,g_89
38202,g_145
38202,g_10215
38246,g_53
38246,g_10215
38246,g_10223
38283,g_18
38283,g_28
38283,g_3167
38484,g_196
38484,g_10216
38523,g_18
38523,g_302
38523,g_10219
38523,g_10221
38557,g_18
38557,g_79
38557,g_10214
38557,g_10215
38557,g_10228
38636,g_145
38636,g_3167
38636,g_10214
38710,g_19
38710,g_73
38710,g_10219
38710,g_10221
38710,g_10222
38710,g_10224
38726,g_18
38726,g_53
38726,g_10214
38726,g_10215
38825,g_14
38825,g_81
38825,g_10214
38825,g_10225
38877,g_18
38877,g_79
38877,g_878
38877,g_10215
38877,g_10223
38877,g_10224
38877,g_15131
38942,g_126
38942,g_10216
38942,g_10221
38949,g_12
38949,g_14
38949,g_10214
39044,g_136
39188,g_12
39188,g_3167
39494,g_35
39568,g_18
39708,g_18
39708,g_36
39708,g_3109
39709,g_18
39709,g_36
39734,g_18
39780,g_869
39780,g_10105
39780,g_10215
39780,g_10217
40879,g_18
40879,g_10215
40879,g_10223
41229,g_27
41229,g_53
41229,g_141
41229,g_16286
41414,g_33
41414,g_130
41542,g_18
41542,g_818
41542,g_10221
41542,g_10224
41542,g_10225
41558,g_39
41614,g_18
41614,g_73
41614,g_10221
41614,g_10228
41683,g_878
41683,g_6033
41683,g_10215
41692,g_12
41692,g_14
41692,g_27
41692,g_28
41692,g_87
41692,g_863
41692,g_864
41741,g_33
41741,g_130
41741,g_3109
41918,g_12
41918,g_18
41918,g_35
41918,g_3167
41938,g_71
41938,g_303
41938,g_1113
41938,g_3163
41984,g_35
41984,g_1119
42063,g_18
42306,g_2738
42319,g_80
42319,g_106
42330,g_191
42421,g_18
42421,g_10215
42421,g_10221
42422,g_114
42422,g_126
42422,g_10216
42422,g_10220
42422,g_10222
42422,g_14354
42436,g_122
42436,g_10216
42436,g_10217
42436,g_10221
42436,g_10228
42442,g_92
42648,g_126
42648,g_10216
42648,g_10217
42648,g_10219
42659,g_18
42659,g_31
42659,g_209
42659,g_303
42659,g_864
42659,g_3163
42659,g_10214
42659,g_10223
42659,g_10225
42690,g_161
42690,g_163
42905,g_13
42905,g_17
42905,g_18
42905,g_302
42905,g_303
42905,g_1110
42905,g_1122
42905,g_3137
42905,g_3148
42905,g_10281
42905,g_15520
42981,g_69
42981,g_129
42981,g_10223
43060,g_18
43060,g_818
43060,g_1113
43217,g_18
43217,g_10221
43217,g_10228
43440,g_27
43440,g_39
43440,g_79
43828,g_12
43828,g_17
43828,g_196
43828,g_818
43828,g_869
43828,g_1110
43828,g_15520
43981,g_18
43981,g_133
43981,g_818
44075,g_126
44075,g_10216
44075,g_10219
44143,g_35
44143,g_36
44143,g_3110
44187,g_27
44305,g_36
44653,g_18385
44654,g_99
44654,g_204
44654,g_3119
44678,g_106
45029,g_1125
45139,g_122
45139,g_10216
45139,g_10221
45146,g_122
45146,g_10216
45146,g_10221
45289,g_1125
45289,g_10216
45289,g_10217
45289,g_10219
45528,g_27
45528,g_53
45528,g_354
45528,g_3109
45704,g_27
45704,g_158
45704,g_168
45704,g_818
45704,g_6033
45756,g_18
45976,g_18
45976,g_33
45976,g_3110
46253,g_18
46253,g_28
46253,g_86
46344,g_3110
46363,g_81
46363,g_82
46363,g_193
46423,g_18
46423,g_3109
46428,g_80
46621,g_18
46621,g_33
46621,g_1113
46621,g_10221
46621,g_10223
46904,g_19
46904,g_44
46904,g_1164
46904,g_6033
46904,g_10219
46904,g_10221
47012,g_14
47012,g_158
47012,g_878
47012,g_2932
47012,g_10215
47013,g_14
47013,g_158
47013,g_878
47013,g_2932
47013,g_10215
47250,g_12
47250,g_17
47250,g_35
47250,g_80
47250,g_10216
47463,g_12
47463,g_33
47463,g_36
47463,g_863
47463,g_10219
47466,g_27
47466,g_53
47466,g_141
47466,g_6033
47466,g_10215
47466,g_10226
47717,g_35
47717,g_10214
47717,g_10216
47852,g_12
47852,g_17
47852,g_114
47852,g_878
47852,g_6033
48031,g_33
48031,g_126
48032,g_116
48032,g_10216
48032,g_10224
48032,g_10228
48150,g_148
48153,g_12
48153,g_18
48153,g_28
48333,g_18
48333,g_10219
48333,g_10223
48825,g_27
48825,g_2916
48826,g_122
48826,g_10221
48826,g_10224
49090,g_80
49090,g_241
49090,g_17126
49549,g_81
49549,g_82
49549,g_864
49549,g_10215
49549,g_10225
49599,g_18
49599,g_28
49599,g_10214
49599,g_10215
49599,g_10221
49638,g_122
49638,g_10222
49832,g_18
49832,g_81
49832,g_82
49832,g_10215
49832,g_10223
49901,g_28
49901,g_80
49901,g_82
49901,g_864
49901,g_867
49901,g_10223
49901,g_10225
50141,g_35
50141,g_10216
50193,g_56
50193,g_114
50193,g_10216
50193,g_10222
50756,g_28
50756,g_53
50756,g_80
50756,g_10215
50810,g_35
50921,g_81
50921,g_82
51258,g_18
51258,g_33
51258,g_10219
51258,g_10223
51547,g_18
51869,g_18
51869,g_53
51869,g_10215
52195,g_878
52195,g_10215
52221,g_34
52221,g_35
52273,g_80
52309,g_12
52309,g_18
52309,g_154
52507,g_35
52507,g_878
52507,g_14726
52519,g_35
52519,g_209
52519,g_210
52519,g_6033
52519,g_7407
52782,g_14
52782,g_27
52782,g_867
52782,g_10215
52782,g_10226
52812,g_12
52812,g_37
52812,g_191
53235,g_18
53235,g_53
53431,g_27
53696,g_80
53699,g_878
53699,g_3165
53699,g_10215
53716,g_53
53716,g_80
53716,g_16286
53769,g_27
53769,g_79
53769,g_168
53769,g_867
53769,g_10215
53776,g_130
53776,g_2738
53776,g_3165
53776,g_14726
53779,g_28
53779,g_31
53779,g_863
53779,g_864
53779,g_10225
53869,g_53
53962,g_18
53962,g_867
53962,g_2916
53962,g_10215
53962,g_10220
53962,g_10225
53962,g_14710
54078,g_35
54078,g_10216
54242,g_18
54242,g_3165
54242,g_10221
54433,g_99
54433,g_1840
54572,g_18
54572,g_27
54572,g_53
54572,g_10215
54572,g_10220
54572,g_10226
54574,g_27
54574,g_53
54574,g_10215
54643,g_27
54643,g_53
54643,g_10215
54646,g_27
54646,g_53
54646,g_79
54646,g_10215
54674,g_18
54674,g_53
54712,g_18
54712,g_53
54712,g_10215
54713,g_18
54713,g_27
54713,g_53
54713,g_10215
54729,g_12
54729,g_37
54729,g_191
55024,g_126
55024,g_301
55024,g_1122
55024,g_14726
55325,g_27
55325,g_79
55325,g_10215
55340,g_35
55340,g_878
55340,g_10216
55350,g_53
55350,g_80
55350,g_10215
55455,g_35
55455,g_6033
55455,g_10216
55803,g_27
55803,g_10215
55803,g_10226
55807,g_27
55807,g_878
55807,g_10215
55807,g_10226
55811,g_18
55811,g_6033
55811,g_10214
55811,g_10228
55813,g_53
55813,g_80
55813,g_10215
55833,g_28
55833,g_10215
55861,g_12
56393,g_28
56393,g_80
56393,g_10223
56443,g_71
56443,g_79
56443,g_142
56443,g_2916
56443,g_3110
56443,g_8497
56443,g_10215
56443,g_10223
56457,g_37
56457,g_3167
56457,g_10215
56458,g_37
56458,g_3167
56458,g_10215
56461,g_37
56461,g_3167
56461,g_10215
56761,g_99
56761,g_210
56761,g_2890
56841,g_12
57024,g_36
57024,g_6033
57084,g_138
57084,g_10215
57084,g_10223
57084,g_10225
57262,g_27
57262,g_53
57262,g_87
57262,g_867
57669,g_18
57669,g_80
57669,g_209
57669,g_863
57669,g_865
57669,g_866
57669,g_1108
57669,g_3167
57775,g_18
57775,g_301
57775,g_6033
57775,g_14452
57854,g_18
57854,g_10219
57854,g_10221
57923,g_28
57923,g_34
57923,g_2730
57923,g_8497
58057,g_35
58057,g_10216
58239,g_251
58239,g_10215
58239,g_10223
58254,g_27
58254,g_10215
58254,g_10226
58263,g_27
58263,g_10215
58263,g_10226
58606,g_191
58606,g_10216
58606,g_14999
58700,g_27
58713,g_35
58713,g_10217
58713,g_10221
58768,g_80
58768,g_3167
58768,g_6033
58895,g_27
58895,g_141
58895,g_303
58895,g_3166
58895,g_10215
58895,g_10226
59018,g_191
59018,g_10215
59018,g_10216
59026,g_28
59026,g_80
59026,g_10215
59064,g_191
59064,g_10215
59064,g_10225
59067,g_27
59067,g_10215
59067,g_10226
59481,g_18
59481,g_80
59481,g_10215
59528,g_18
59528,g_28
59528,g_53
59528,g_10215
59529,g_18
59529,g_28
59529,g_80
59529,g_10215
59529,g_10223
59529,g_10225
59590,g_18
59590,g_33
59590,g_130
59590,g_10219
59590,g_10224
59607,g_191
59607,g_3163
59607,g_10215
59607,g_10223
59685,g_35
59685,g_3165
59922,g_18
59922,g_10214
59922,g_10221
59922,g_10223
59953,g_878
59953,g_1164
59953,g_1167
59953,g_2888
59953,g_14726
59972,g_18
60281,g_35
60281,g_10216
60281,g_10222
60288,g_18
60288,g_10221
60288,g_10223
60289,g_18
60289,g_6033
60289,g_10223
60400,g_18
60498,g_80
60498,g_10215
60498,g_10223
60509,g_28
60509,g_103
60509,g_3167
61002,g_191
61002,g_10215
61002,g_10223
61198,g_18
61198,g_44
61198,g_54
61198,g_10223
61198,g_10225
61198,g_10227
61229,g_18
61229,g_36
61290,g_28
61290,g_80
61668,g_18
61668,g_10221
61668,g_10223
61986,g_17
61986,g_149
61986,g_939
61986,g_1109
61986,g_1116
61986,g_3139
61986,g_3165
62082,g_28
62082,g_3110
62082,g_10214
62082,g_10220
62082,g_10223
62082,g_14695
62537,g_12
62537,g_10215
62537,g_10223
62542,g_191
62542,g_10215
62542,g_10223
62577,g_1115
62577,g_10221
62577,g_10223
62578,g_18
62578,g_10221
62578,g_10223
62647,g_18
62647,g_1122
62647,g_3165
62647,g_10219
62647,g_10223
62910,g_12
62910,g_3163
62910,g_10215
62930,g_53
62930,g_136
62930,g_10215
62960,g_130
62960,g_10214
62960,g_10219
62960,g_10221
62960,g_10223
63117,g_12
63117,g_136
63117,g_10215
63208,g_18
63208,g_14726
63213,g_35
63213,g_126
63213,g_10105
63213,g_10216
63213,g_10217
63213,g_10221
63225,g_35
63225,g_3165
63225,g_10216
63640,g_54
63640,g_10221
63640,g_10225
63640,g_10227
63692,g_18
63692,g_10221
63692,g_10223
63713,g_35
63713,g_73
63713,g_87
63713,g_303
63713,g_1113
63713,g_1122
63734,g_18
63734,g_6033
63734,g_10223
63970,g_27
63970,g_163
63970,g_878
63970,g_1122
63970,g_3163
63970,g_10215
63970,g_10226
63970,g_16304
64025,g_134
64025,g_136
64025,g_209
64201,g_18
64201,g_81
64201,g_82
64201,g_10215
64201,g_10223
64340,g_28
64340,g_878
64424,g_35
64424,g_1125
64424,g_10216
64597,g_191
64597,g_10215
64597,g_10223
64818,g_14
64818,g_18
64818,g_303
64818,g_353
64818,g_354
64818,g_1040
64818,g_1113
64818,g_3163
64848,g_18
64945,g_18
64945,g_3167
64945,g_10223
65100,g_18
65100,g_27
65100,g_3167
65399,g_80
65399,g_3110
65403,g_69
65403,g_3163
65403,g_10223
65526,g_17
65526,g_10105
65526,g_10216
65564,g_18
65564,g_227
65564,g_1165
65564,g_1167
65564,g_3163
65564,g_3165
65564,g_14726
65836,g_18
65836,g_56
65836,g_87
65836,g_303
65836,g_1113
65836,g_3163
65869,g_1479
65869,g_10216
65869,g_10220
65975,g_12
65975,g_28
65975,g_10215
65999,g_12
65999,g_28
65999,g_31
65999,g_10215
66002,g_18
66002,g_301
66002,g_303
66002,g_353
66002,g_1167
66002,g_3163
66002,g_3165
66002,g_14726
66040,g_18
66040,g_301
66040,g_1101
66040,g_1167
66040,g_3148
66040,g_3165
66040,g_6033
66040,g_14726
66201,g_79
66201,g_10215
66201,g_10223
66201,g_10226
66315,g_44
66315,g_80
66315,g_301
66315,g_303
66315,g_1167
66315,g_3164
66315,g_3165
66315,g_14726
66336,g_19
66336,g_33
66336,g_3163
66336,g_10217
66336,g_10219
67145,g_80
67145,g_136
67145,g_10215
67263,g_18
67263,g_303
67263,g_524
67263,g_1163
67263,g_1167
67263,g_3163
67263,g_14726
67559,g_12
67559,g_3167
67632,g_27
67632,g_303
67632,g_874
67632,g_1113
67632,g_1122
67632,g_1168
67632,g_3165
67644,g_35
67663,g_28
67663,g_2738
67663,g_2891
67663,g_3165
68057,g_35
68057,g_191
68057,g_10216
68067,g_53
68067,g_136
68067,g_10215
68145,g_1479
68145,g_3109
68145,g_3166
68145,g_10216
68145,g_10220
68398,g_191
68398,g_10215
68398,g_10223
68423,g_84
68423,g_353
68423,g_354
68423,g_2890
68423,g_3165
68505,g_191
68505,g_10215
68505,g_10223
68549,g_18
68549,g_80
68549,g_10223
68622,g_35
68622,g_191
68622,g_10216
68633,g_191
68633,g_10215
68633,g_10223
68725,g_18
68725,g_87
68725,g_301
68725,g_303
68725,g_1113
68725,g_1122
68725,g_1167
68725,g_3118
68725,g_3163
68725,g_3165
68725,g_14726
68742,g_18
68742,g_28
68742,g_53
68742,g_80
68742,g_3165
68925,g_22
68925,g_35
68925,g_10216
69020,g_27
69020,g_79
69020,g_80
69020,g_10215
69020,g_10226
69079,g_28
69079,g_81
69079,g_10215
69167,g_878
69167,g_10215
69167,g_10226
69711,g_18
69711,g_6033
69711,g_10223
70433,g_12
70433,g_6033
70433,g_10223
70628,g_12
70628,g_3165
70635,g_147
70637,g_818
70637,g_863
70637,g_878
70637,g_3165
70747,g_35
70747,g_6033
70747,g_10216
70908,g_12
70908,g_10215
70908,g_10223
71927,g_210
71927,g_2890
75203,g_18
75203,g_35
81833,g_18
81833,g_3167
83910,g_18
83910,g_3167
84488,g_12
84488,g_17
84488,g_35
84905,g_35
84905,g_866
85128,g_18
88188,g_18
88188,g_53
88188,g_80
88538,g_80
90469,g_12
90469,g_28
90612,g_16304
91130,g_18
91130,g_106
91130,g_130
93116,g_18
93116,g_114
95517,g_18
95517,g_3167
95676,g_18
95676,g_141
95676,g_871
95676,g_873
95676,g_874
95676,g_2916
95676,g_10067
102293,g_1141
104847,g_80
105770,g_18
105770,g_2890
105770,g_3167
106458,g_122
106701,g_18
106701,g_35
112774,g_18
112774,g_36
112774,g_3167
113914,g_18
113914,g_80
113914,g_209
113914,g_251
113914,g_6033
113914,g_17126
114290,g_71
114290,g_10105
115758,g_80
115758,g_135
119290,g_17
119290,g_35
119290,g_50
119290,g_1109
119960,g_1141
121102,g_28
121375,g_18
121375,g_53
126936,g_18
126936,g_36
126936,g_3167
129233,g_18
129233,g_36
129233,g_3167
129726,g_14
129726,g_35
138314,g_79
138314,g_3167
139392,g_36
139392,g_2890
144643,g_28
144643,g_36
146241,g_1024
146241,g_3147
146241,g_3898
146241,g_14452
147255,g_18
148916,g_69
149060,g_33
149060,g_3167
150406,g_12
150406,g_18
150406,g_35
153967,g_33
153967,g_818
153967,g_3167
154102,g_17
154102,g_19
154102,g_209
154102,g_303
164047,g_12
168073,g_878
168073,g_3167
170519,g_36
176740,g_18
176740,g_33
176740,g_1119
177625,g_53
177625,g_3167
189752,g_878
189752,g_3167
60,g_16
60,g_196
60,g_1109
60,g_3167
60,g_7931
60,g_10216
60,g_13544
390,g_54
390,g_79
390,g_303
390,g_1123
390,g_1167
390,g_1505
572,g_27
572,g_79
572,g_87
572,g_873
572,g_874
572,g_1112
799,g_17
799,g_18
799,g_869
799,g_6033
1195,g_33
1195,g_49
1195,g_71
1195,g_79
1195,g_166
1195,g_251
1195,g_864
1195,g_865
1195,g_1150
1197,g_33
1197,g_49
1197,g_71
1197,g_79
1197,g_166
1197,g_251
1197,g_864
1197,g_865
1197,g_1150
1199,g_33
1199,g_49
1199,g_71
1199,g_79
1199,g_166
1199,g_251
1199,g_864
1199,g_865
1199,g_1150
1255,g_35
1255,g_71
1255,g_104
1255,g_154
1255,g_158
1255,g_10215
1255,g_10216
1255,g_10221
1393,g_17
1393,g_71
1393,g_101
1393,g_208
1393,g_303
1393,g_1113
1393,g_3127
1393,g_10218
1393,g_10221
1393,g_10222
1448,g_14
1448,g_33
1448,g_163
1448,g_10215
1448,g_10219
1556,g_18
1556,g_301
1556,g_303
1556,g_354
1556,g_1040
1556,g_1113
1556,g_1167
1556,g_3163
1556,g_3165
1556,g_14726
1615,g_2888
1615,g_10216
1627,g_44
1627,g_92
1627,g_219
1627,g_3163
1627,g_3165
1651,g_53
1651,g_127
1651,g_1110
1651,g_3163
1651,g_10215
1651,g_10228
1711,g_50
1711,g_53
1711,g_864
1711,g_10215
1719,g_33
1719,g_1110
1851,g_14
1851,g_17
1851,g_50
1851,g_878
1875,g_14
1875,g_17
1875,g_28
1875,g_53
1875,g_2713
1875,g_6033
1875,g_13544
1899,g_19
1899,g_73
1899,g_302
2038,g_17
2038,g_28
2038,g_50
2075,g_17
2075,g_33
2075,g_50
2075,g_56
2075,g_80
2075,g_818
2075,g_10282
2094,g_22
2094,g_33
2094,g_50
2094,g_866
2094,g_1113
2098,g_22
2098,g_33
2098,g_35
2098,g_49
2098,g_126
2098,g_863
2098,g_866
2098,g_10216
2098,g_10217
2125,g_28
2125,g_50
2125,g_864
2125,g_878
2152,g_17
2152,g_99
2152,g_204
2152,g_206
2152,g_209
2152,g_303
2152,g_865
2152,g_871
2217,g_130
2217,g_1093
2217,g_2889
2217,g_3165
2228,g_17
2228,g_35
2228,g_1093
2286,g_12
2286,g_14
2286,g_17
2286,g_31
2286,g_866
2286,g_6033
2299,g_19
2299,g_302
2299,g_2370
2363,g_18
2363,g_227
2363,g_1110
2363,g_3148
2363,g_17580
2436,g_12
2436,g_17
2436,g_28
2436,g_50
2436,g_878
2524,g_71
2524,g_76
2524,g_92
2524,g_106
2524,g_134
2524,g_136
2524,g_1072
2524,g_3148
2524,g_3167
2800,g_50
2800,g_71
2800,g_126
2800,g_865
2800,g_10216
2800,g_10219
2856,g_73
2856,g_87
2856,g_127
2856,g_353
2856,g_818
2856,g_1113
2856,g_2916
2856,g_3164
2974,g_17
2974,g_27
2974,g_80
2974,g_878
2974,g_1110
2974,g_1116
2974,g_3165
2974,g_6033
3425,g_18
3425,g_302
3425,g_1110
3477,g_80
3477,g_209
3477,g_1110
3477,g_1125
3485,g_12
3485,g_27
3485,g_28
3523,g_37
3523,g_864
3523,g_10215
3523,g_10223
3593,g_12
3593,g_17
3593,g_27
3593,g_50
3593,g_863
3593,g_878
3699,g_80
4252,g_17
4252,g_33
4252,g_126
4252,g_861
4286,g_36
4286,g_127
4286,g_130
4286,g_939
4339,g_114
4395,g_17
4395,g_80
4395,g_209
4395,g_3165
4728,g_35
4813,g_35
4813,g_8990
4972,g_56
4972,g_10214
4972,g_10216
4972,g_10227
5259,g_18
5259,g_35
5259,g_303
5259,g_1113
5259,g_10216
5259,g_10221
5497,g_126
5497,g_1108
5497,g_1109
5528,g_17
5528,g_18
5528,g_22
5528,g_35
5528,g_10221
5528,g_10282
5906,g_18
5906,g_3165
6032,g_17
6032,g_79
6032,g_80
6032,g_818
6032,g_3167
6123,g_49
6123,g_130
6123,g_3165
6123,g_18304
6222,g_17
6222,g_27
6222,g_53
6222,g_3167
6224,g_17
6224,g_35
6224,g_72
6460,g_18
6460,g_35
6460,g_53
6460,g_818
6460,g_10215
6460,g_10216
6460,g_10228
6461,g_130
6461,g_10221
6461,g_10224
6593,g_14
6593,g_18
6593,g_28
6593,g_863
6593,g_864
6593,g_878
6733,g_126
6733,g_10216
6733,g_10217
7237,g_14
7237,g_28
7237,g_50
7346,g_18
7346,g_80
7346,g_10215
7346,g_10217
8049,g_35
8049,g_1109
8049,g_1115
8049,g_2370
8266,g_76
8266,g_136
8266,g_10215
8266,g_10223
8327,g_18
8327,g_354
8388,g_17
8388,g_35
8388,g_37
8388,g_50
8426,g_353
8426,g_2738
8689,g_162
8689,g_864
8689,g_873
8689,g_874
8689,g_3109
8689,g_10225
8689,g_10226
8689,g_10227
8768,g_49
8768,g_122
8768,g_227
8768,g_1042
8887,g_126
9261,g_33
9261,g_126
9261,g_129
9261,g_10216
9261,g_10219
9261,g_10222
9261,g_10228
9261,g_10282
9261,g_17580
9269,g_1125
9269,g_10216
9269,g_10219
9269,g_14354
9470,g_28
9470,g_35
9470,g_2926
9470,g_10215
9470,g_10216
9616,g_14
9616,g_79
9616,g_141
9616,g_168
9616,g_10215
9616,g_10225
9616,g_10226
9627,g_12
9627,g_37
10102,g_49
10102,g_122
10102,g_873
10102,g_1110
10125,g_18
10125,g_53
10285,g_39
10285,g_53
10285,g_864
10285,g_874
10285,g_1112
10285,g_10223
10285,g_10225
10285,g_10226
10285,g_10227
10292,g_168
10292,g_169
10292,g_863
10292,g_864
10292,g_874
10292,g_3166
10292,g_10215
10332,g_27
10332,g_3082
10356,g_18
10356,g_53
10356,g_10214
10356,g_10215
10356,g_10226
10541,g_126
10541,g_3163
10541,g_10216
10541,g_10219
10699,g_50
10699,g_54
10699,g_127
10699,g_2713
10699,g_13544
10841,g_18
10841,g_31
10841,g_10215
10841,g_10223
10841,g_10225
11010,g_33
11010,g_126
11010,g_818
11010,g_10216
11010,g_10219
11010,g_10221
11010,g_10224
11172,g_22
11172,g_126
11172,g_865
11172,g_10217
11172,g_10219
11172,g_10221
11172,g_14354
11376,g_169
11376,g_866
11376,g_10215
11376,g_10225
11477,g_56
11477,g_114
11512,g_28
11512,g_53
11554,g_33
11554,g_130
11554,g_302
11554,g_1119
11554,g_2738
11554,g_3163
11659,g_92
11659,g_133
11659,g_15588
11801,g_18
11801,g_939
12447,g_2888
12588,g_69
12588,g_87
12588,g_129
12588,g_3163
12588,g_3164
12782,g_89
12782,g_3167
12782,g_10214
12782,g_10215
12804,g_73
12804,g_99
12804,g_3167
12804,g_10220
14121,g_16
14121,g_35
14121,g_37
14146,g_12
14146,g_18
14146,g_36
14146,g_10215
14458,g_22
14458,g_1109
14458,g_3163
14458,g_10218
14539,g_18
14539,g_14452
14639,g_191
14639,g_864
14639,g_10215
14639,g_10223
14765,g_81
14765,g_136
14765,g_864
14765,g_10215
14765,g_10217
14784,g_37
14784,g_191
14784,g_10215
14784,g_10223
15758,g_18
15758,g_33
15758,g_79
15758,g_8497
16115,g_34
16115,g_35
16115,g_145
16116,g_34
16116,g_35
16116,g_145
16168,g_218
16168,g_354
16168,g_874
16168,g_1113
16168,g_3163
16548,g_27
16548,g_53
16548,g_79
16548,g_10225
16548,g_10226
16548,g_10227
16548,g_10228
16549,g_53
16732,g_79
16732,g_154
16732,g_1113
16732,g_1134
16732,g_1150
16732,g_10215
16732,g_10226
17219,g_18
17219,g_31
17219,g_10215
17219,g_10225
17219,g_10227
17219,g_10282
17220,g_18
17220,g_73
17220,g_87
17220,g_303
17220,g_865
17220,g_10220
17220,g_10222
17220,g_10227
17578,g_168
17578,g_10215
17578,g_10226
18562,g_103
18562,g_3166
18562,g_10214
18562,g_10215
18746,g_12
18746,g_13
18746,g_15
18746,g_17
18746,g_50
18746,g_196
18746,g_1108
18746,g_1109
18746,g_2895
18746,g_3148
18746,g_7407
18746,g_8530
18746,g_14452
19105,g_27
19105,g_49
19105,g_53
19105,g_863
19105,g_1110
19105,g_3135
19105,g_10215
19105,g_10226
19105,g_10227
19517,g_28
19517,g_863
19517,g_864
19517,g_878
19517,g_2896
19645,g_53
19645,g_3167
19645,g_10215
19645,g_10222
19645,g_10223
19857,g_12
19857,g_18
19857,g_10215
19857,g_10221
19857,g_10227
19949,g_219
19949,g_302
19949,g_818
19949,g_10214
19949,g_10224
19949,g_10227
19980,g_163
19980,g_818
19980,g_863
19980,g_864
19980,g_1108
19980,g_2759
20332,g_18
20332,g_3167
20335,g_28
20335,g_863
20335,g_864
20335,g_874
20335,g_878
20335,g_1108
20335,g_1113
20335,g_10215
20335,g_10225
20335,g_10227
21058,g_18
21058,g_10219
21058,g_10222
21058,g_10223
21058,g_10228
21259,g_43
21259,g_133
21259,g_10215
21259,g_10221
21259,g_10222
21259,g_10228
21372,g_44
21372,g_354
21594,g_18
21594,g_818
21594,g_10221
21594,g_10223
21670,g_12
21670,g_869
21670,g_10214
21670,g_10215
21670,g_10216
21673,g_33
21673,g_10221
21673,g_10222
21673,g_10224
21753,g_12
21753,g_14
21753,g_17
21753,g_35
21753,g_3167
21770,g_35
21770,g_53
21770,g_136
21770,g_303
21770,g_864
21770,g_10215
21770,g_10216
22715,g_35
22715,g_10216
22715,g_10222
22990,g_18
22990,g_73
22990,g_141
22990,g_303
22990,g_865
22990,g_1113
22990,g_10219
22990,g_10220
22990,g_10221
23189,g_18
23189,g_53
23189,g_79
23189,g_141
23189,g_10214
23189,g_10215
23189,g_10225
23189,g_10227
23386,g_12
23386,g_14
23386,g_196
23386,g_303
23386,g_10215
23386,g_10222
23386,g_10282
25608,g_35
25608,g_10216
25608,g_10217
25608,g_10228
25802,g_12
25802,g_17
25802,g_35
25802,g_1108
25802,g_10105
25825,g_18
25825,g_28
25825,g_31
25825,g_10215
26015,g_31
26015,g_105
26015,g_209
26015,g_10215
26015,g_10221
26836,g_22
26836,g_33
26836,g_10223
26836,g_10224
27325,g_69
27325,g_71
27325,g_302
27325,g_867
27325,g_2916
27325,g_10222
27325,g_10227
27538,g_18
27538,g_209
27538,g_210
27538,g_10221
28382,g_28
28382,g_81
28382,g_82
28382,g_863
28382,g_864
28382,g_1108
28382,g_10214
28382,g_10215
28543,g_44
28543,g_122
28543,g_3163
28543,g_10215
28543,g_10221
28543,g_10223
28543,g_10224
28543,g_10228
28593,g_18
28593,g_36
28593,g_130
28593,g_209
28593,g_865
28593,g_868
28593,g_3165
28593,g_14942
28711,g_56
28711,g_219
28711,g_353
28711,g_1113
28711,g_10222
28711,g_10225
28711,g_10226
28711,g_10227
28711,g_10228
28776,g_18
28776,g_32
28776,g_818
28776,g_1110
28776,g_10214
28776,g_10215
28776,g_10225
28793,g_14
28793,g_17
28793,g_152
28793,g_869
28793,g_10214
28793,g_10215
28793,g_10228
29644,g_56
29644,g_87
29644,g_864
29644,g_10214
29644,g_10215
29644,g_10216
29644,g_10217
30310,g_52
30310,g_138
30310,g_864
30310,g_3166
30310,g_10225
30537,g_28
30537,g_49
30537,g_87
30537,g_864
30537,g_873
30537,g_874
30537,g_3109
30537,g_3164
31323,g_14
31323,g_27
31323,g_34
31323,g_864
31323,g_867
31323,g_873
31323,g_874
31323,g_1113
31323,g_2916
31323,g_8497
31555,g_2890
31731,g_27
31731,g_35
31731,g_49
31731,g_158
31731,g_863
31731,g_14414
31731,g_14415
31888,g_18
31888,g_31
31888,g_32
31888,g_10214
31888,g_10221
31888,g_10228
31915,g_79
31915,g_219
31915,g_10214
31915,g_10215
31915,g_10221
31915,g_10226
31915,g_10227
31915,g_10228
32212,g_71
32212,g_80
32212,g_10215
32212,g_10221
32212,g_10223
32212,g_10224
32791,g_18
32791,g_34
32791,g_864
32791,g_865
32791,g_866
32791,g_8497
32833,g_22
32833,g_33
32833,g_121
32833,g_127
32833,g_1110
32833,g_10216
32833,g_10219
32833,g_10221
32976,g_12
32976,g_87
32976,g_134
32976,g_864
32976,g_1113
32976,g_2774
32976,g_10214
32976,g_10215
32976,g_10223
33009,g_49
33009,g_863
33009,g_864
33009,g_3109
33009,g_10216
33009,g_10217
33009,g_10220
33012,g_864
33012,g_1125
33012,g_2738
33012,g_10214
33012,g_10215
33012,g_10216
33617,g_44
33617,g_69
33617,g_71
33617,g_10221
33617,g_10224
33682,g_18
33682,g_53
33682,g_209
33682,g_301
33682,g_1110
33682,g_10215
33682,g_14726
33742,g_191
33742,g_864
33745,g_28
33745,g_35
33745,g_37
33745,g_191
33745,g_864
33745,g_10216
33745,g_10217
33911,g_126
33911,g_10216
33911,g_10217
33911,g_10218
33911,g_10219
34034,g_18
34034,g_71
34034,g_1113
34034,g_10221
34034,g_10223
34047,g_134
34047,g_541
34047,g_818
34047,g_10223
34047,g_10227
34047,g_10228
34235,g_35
34235,g_154
34235,g_301
34235,g_1110
34235,g_10216
34235,g_10228
34235,g_14415
34235,g_14726
34858,g_18
34858,g_130
34858,g_302
34858,g_865
34858,g_1113
34858,g_10219
34858,g_10221
34858,g_10223
34858,g_10224
34859,g_18
34859,g_10107
34859,g_10216
34859,g_10221
34913,g_53
34913,g_136
34913,g_864
34913,g_1110
34913,g_10214
34913,g_10215
35473,g_18
35473,g_28
35473,g_53
35474,g_49
35474,g_122
35474,g_864
35474,g_10216
35474,g_10217
35474,g_10218
35474,g_10221
35474,g_10224
35627,g_12
35627,g_28
35627,g_10214
35627,g_10215
35729,g_12
35729,g_14
35729,g_28
35729,g_864
35843,g_18
35843,g_27
35843,g_3082
35910,g_1479
35955,g_18
35955,g_33
35955,g_44
35955,g_92
35980,g_18
35980,g_209
35980,g_302
35980,g_818
35980,g_2890
35980,g_3158
35980,g_10221
35980,g_10223
35980,g_10224
35988,g_53
35988,g_141
36021,g_878
36136,g_191
36366,g_53
36366,g_3167
36579,g_18
36579,g_3167
36579,g_10214
36579,g_10215
36983,g_19
36983,g_35
36983,g_87
36983,g_303
36983,g_354
36983,g_1113
36983,g_1122
36983,g_1163
36983,g_6352
36983,g_10216
36983,g_10222
37432,g_12
37432,g_17
37432,g_10214
37432,g_10221
37467,g_81
37467,g_864
37467,g_10214
37467,g_10217
37611,g_16
37611,g_869
37611,g_10216
37611,g_10221
37840,g_864
37840,g_878
37840,g_1122
37840,g_2891
37840,g_3148
37844,g_27
37844,g_10215
37844,g_10225
37844,g_10226
37874,g_12
37874,g_17
37874,g_35
37874,g_89
37874,g_145
37874,g_869
37874,g_1122
37874,g_10105
37894,g_18
37894,g_22
37894,g_73
37894,g_302
37894,g_10221
37894,g_10228
37902,g_209
37902,g_210
37902,g_867
37902,g_1112
37902,g_2890
37902,g_10215
37902,g_10223
37902,g_10227
38197,g_80
38197,g_10215
38197,g_10221
38230,g_12
38230,g_35
38230,g_196
38230,g_10216
38230,g_10219
38306,g_31
38306,g_10215
38306,g_10221
38306,g_10223
38470,g_18
38470,g_31
38470,g_10223
38470,g_10225
38509,g_12
38509,g_36
38509,g_10215
38509,g_10223
38728,g_12
38728,g_869
38728,g_10215
38728,g_10221
38741,g_18
38741,g_28
38741,g_33
38741,g_10215
38741,g_10221
38741,g_10225
39333,g_18
39333,g_53
39333,g_80
39333,g_818
39333,g_10222
39333,g_10227
39333,g_10228
39527,g_18
39527,g_1100
39587,g_18
39587,g_818
39587,g_1110
39587,g_1113
39715,g_18
39715,g_36
39715,g_136
39865,g_18
39865,g_71
39865,g_92
39865,g_209
39865,g_1113
39865,g_10214
39865,g_10215
39865,g_10221
39865,g_10224
40471,g_56
40471,g_1110
40471,g_10216
40471,g_10222
40592,g_18
40592,g_69
40960,g_35
41400,g_201
41400,g_209
41400,g_210
41400,g_2890
41400,g_3163
41487,g_33
41487,g_3159
41488,g_1119
41488,g_1479
41545,g_127
41545,g_818
41545,g_10221
41545,g_10225
41545,g_10227
41554,g_1125
41554,g_3163
41554,g_10216
41554,g_10217
41596,g_18
41596,g_10221
41596,g_10223
41776,g_80
41783,g_12
41783,g_148
41933,g_106
41933,g_1112
41933,g_10215
41933,g_10223
41998,g_18
41998,g_122
41998,g_818
41998,g_10216
41998,g_10217
41998,g_10223
41998,g_10224
42008,g_18
42008,g_303
42008,g_1113
42008,g_3163
42084,g_35
42084,g_56
42084,g_80
42084,g_301
42084,g_1163
42084,g_1167
42084,g_3163
42084,g_3165
42248,g_117
42248,g_2888
42248,g_3110
42272,g_1479
42272,g_3110
42315,g_28
42315,g_2737
42315,g_14414
42680,g_35
42680,g_37
42680,g_49
42680,g_303
42688,g_27
42688,g_80
42829,g_18
42901,g_53
42901,g_142
42901,g_10215
42901,g_10220
42904,g_27
42904,g_79
42904,g_303
42904,g_1113
42904,g_3163
42904,g_10215
42904,g_10226
42904,g_10227
42909,g_18
42909,g_53
42909,g_303
42909,g_10215
42915,g_80
42915,g_818
42915,g_1110
42915,g_3165
43048,g_18
43048,g_19
43048,g_71
43048,g_818
43058,g_12
43058,g_28
43058,g_89
43058,g_104
43058,g_864
43058,g_1108
43058,g_1109
43058,g_3004
43507,g_35
43712,g_53
43712,g_80
43712,g_10215
43727,g_18
43727,g_36
43727,g_10215
43727,g_10223
43893,g_53
43893,g_303
43893,g_818
43893,g_10215
43894,g_27
43894,g_79
43894,g_303
43894,g_1113
43894,g_3082
43894,g_10215
43894,g_10226
44016,g_33
44016,g_3109
44025,g_35
44025,g_126
44025,g_10216
44025,g_10219
44078,g_28
44078,g_81
44078,g_864
44078,g_2890
44078,g_10214
44078,g_10228
44151,g_241
44154,g_2738
44227,g_12
44227,g_18
44227,g_209
44227,g_3165
44232,g_27
44232,g_80
44232,g_127
44232,g_219
44232,g_303
44232,g_3163
44232,g_3165
44232,g_10215
44391,g_27
44391,g_34
44391,g_218
44391,g_878
44474,g_18
44474,g_6033
44474,g_10223
44773,g_12
44773,g_148
44773,g_303
44773,g_2896
44823,g_18
44823,g_31
44823,g_818
44823,g_10215
44870,g_209
44870,g_210
44870,g_1113
44870,g_2890
44870,g_10215
44870,g_10223
45145,g_10216
45145,g_10228
45145,g_17126
45273,g_1479
45273,g_3110
45517,g_18
45517,g_53
45517,g_80
45520,g_18
45520,g_31
45520,g_53
45520,g_863
45520,g_867
45520,g_874
45520,g_1112
45520,g_1113
45520,g_10215
45520,g_10223
45520,g_10225
45520,g_10227
45613,g_28
45613,g_10214
45613,g_10225
45655,g_27
45655,g_53
45655,g_863
45655,g_864
45655,g_867
45655,g_1113
45655,g_2896
45655,g_10215
45714,g_18
45795,g_191
45795,g_864
45795,g_867
45795,g_10215
45795,g_10223
45850,g_18
45850,g_818
45850,g_3165
45850,g_10223
45981,g_71
45981,g_80
46029,g_33
46029,g_10219
46029,g_10221
46029,g_14452
46029,g_14711
46029,g_17580
46198,g_35
46198,g_80
46210,g_18
46210,g_301
46210,g_1116
46210,g_1165
46210,g_1167
46210,g_3163
46210,g_3165
46268,g_17
46268,g_35
46268,g_10216
46268,g_10217
46311,g_44
46311,g_3110
46311,g_3112
46361,g_12
46361,g_303
46361,g_10215
46479,g_18
46479,g_53
46479,g_80
46479,g_142
46572,g_18
46572,g_867
46572,g_2916
46572,g_10220
46623,g_28
46623,g_53
46623,g_80
46623,g_10215
46747,g_35
46747,g_10216
46747,g_10217
46747,g_10220
46752,g_35
46752,g_3165
46752,g_10216
46752,g_10217
46770,g_873
46770,g_1479
46770,g_3110
46840,g_33
46840,g_126
46840,g_3109
46972,g_18
46972,g_209
46972,g_249
46972,g_10223
47008,g_14
47008,g_158
47008,g_878
47008,g_2932
47008,g_10215
47009,g_14
47009,g_158
47009,g_878
47009,g_2932
47009,g_10215
47010,g_14
47010,g_158
47010,g_878
47010,g_2932
47010,g_10215
47101,g_27
47101,g_168
47101,g_6033
47101,g_10226
47200,g_35
47200,g_3109
47200,g_3110
47321,g_28
47321,g_863
47321,g_864
47321,g_10215
47321,g_10225
47321,g_14414
47576,g_18
47576,g_2738
47806,g_18
47806,g_80
47806,g_303
47806,g_10213
47806,g_10221
47894,g_35
47894,g_10216
47894,g_10219
47894,g_10221
47894,g_10222
47966,g_37
47966,g_191
47966,g_10215
47966,g_10219
48156,g_27
48156,g_79
48156,g_10215
48156,g_10226
48567,g_18
48567,g_36
48751,g_80
49159,g_87
49159,g_864
49159,g_878
49159,g_1113
49171,g_14
49171,g_18
49171,g_35
49171,g_10228
49399,g_35
49399,g_818
49399,g_3167
49399,g_10216
49414,g_28
49414,g_863
49414,g_864
49414,g_867
49414,g_3087
49414,g_10225
49457,g_28
49457,g_82
49457,g_864
49457,g_867
49457,g_10215
49457,g_10225
49470,g_28
49470,g_863
49470,g_864
49470,g_867
49470,g_3087
49470,g_10215
49470,g_10225
49592,g_81
49592,g_82
49592,g_10215
49592,g_10225
49600,g_12
49600,g_14
49600,g_35
49600,g_10214
49605,g_18
49605,g_1024
49605,g_10221
49605,g_10228
49956,g_16
49956,g_35
49956,g_50
49956,g_145
49956,g_197
49956,g_818
49956,g_1071
49956,g_1108
49956,g_1109
49956,g_6033
49956,g_7407
49956,g_10216
49956,g_10217
49956,g_10228
50154,g_35
50154,g_10216
50154,g_10221
50195,g_28
50195,g_53
50195,g_10214
50195,g_10215
50197,g_35
50197,g_71
50197,g_10216
50197,g_10221
51504,g_35
51504,g_124
51504,g_10216
51504,g_10219
51504,g_10228
51522,g_18
51522,g_34
51522,g_10215
51522,g_10223
51723,g_18
51723,g_80
51723,g_10215
51723,g_10222
51723,g_10223
51839,g_18
51839,g_53
51839,g_80
51839,g_867
51839,g_10215
51910,g_18
51910,g_36
51910,g_130
51910,g_209
51910,g_865
51910,g_10221
52275,g_34
52275,g_157
52503,g_18
52503,g_53
52503,g_10215
52503,g_10223
52803,g_69
52803,g_1093
52854,g_251
52854,g_3167
52854,g_10215
52854,g_10223
53773,g_35
53773,g_37
53773,g_191
53773,g_10215
53773,g_10216
53773,g_10220
53819,g_19
53819,g_33
53819,g_10219
53819,g_14354
53973,g_28
53973,g_53
53973,g_10215
53973,g_10223
53984,g_12
53984,g_303
53984,g_864
53984,g_10214
54224,g_33
54224,g_2370
54224,g_6033
54224,g_10219
54243,g_18
54243,g_53
54243,g_16286
54543,g_28
54543,g_53
54543,g_10215
54543,g_10223
54567,g_27
54567,g_53
54567,g_80
54567,g_10215
54591,g_53
54591,g_80
54591,g_3167
54591,g_10215
54694,g_27
54694,g_163
54694,g_878
54730,g_12
54730,g_35
54730,g_37
54730,g_191
54765,g_34
55054,g_126
55054,g_865
55054,g_1109
55054,g_10216
55054,g_10219
55306,g_53
55306,g_79
55306,g_6033
55306,g_10215
55341,g_27
55341,g_10215
55341,g_10226
55778,g_27
55778,g_3083
55778,g_10215
55778,g_10226
55780,g_28
55780,g_878
55780,g_2891
55780,g_10215
55790,g_28
55790,g_80
55790,g_2891
55790,g_10215
55795,g_27
55795,g_10215
55795,g_10220
55795,g_10226
55796,g_12
55796,g_148
55796,g_3165
55796,g_6033
55805,g_27
55805,g_28
55805,g_867
55805,g_10215
55805,g_10220
55805,g_10225
55805,g_10226
55805,g_14414
55820,g_35
55820,g_191
55820,g_10215
55820,g_10216
55830,g_28
55830,g_81
55830,g_10215
55830,g_10225
55855,g_53
55855,g_142
55996,g_878
55996,g_10215
55996,g_10223
56244,g_71
56244,g_103
56244,g_818
56341,g_28
56341,g_53
56341,g_878
56341,g_10215
56350,g_18
56350,g_53
56350,g_353
56350,g_3165
56350,g_10215
56350,g_10228
56362,g_18
56362,g_10221
56362,g_10223
56362,g_10224
56441,g_18
56441,g_142
56441,g_2916
56441,g_8497
56441,g_10215
56441,g_10220
56444,g_18
56444,g_142
56444,g_2916
56444,g_3110
56444,g_8497
56444,g_10215
56444,g_10220
56444,g_10223
56445,g_18
56445,g_53
56445,g_142
56445,g_2916
56445,g_8497
56445,g_10215
56445,g_10220
56519,g_18
56519,g_33
56519,g_10219
56519,g_10221
56527,g_27
56527,g_39
56527,g_10215
56527,g_10226
56529,g_53
56529,g_80
56529,g_10215
56529,g_10223
56778,g_18
57113,g_19
57113,g_37
57113,g_6033
57113,g_10219
57125,g_122
57125,g_10216
57125,g_10221
57125,g_10224
57426,g_35
57426,g_37
57426,g_10216
57426,g_14999
57450,g_28
57450,g_6033
57450,g_10215
57450,g_10223
57453,g_22
57453,g_2370
57453,g_10219
57453,g_10223
57476,g_27
57476,g_39
57476,g_53
57476,g_10215
57684,g_27
57684,g_39
57684,g_79
57684,g_10215
57921,g_27
57921,g_161
57921,g_10215
57921,g_10226
58299,g_18
58299,g_27
58299,g_10215
58299,g_10226
58352,g_14
58352,g_79
58352,g_227
58352,g_353
58352,g_354
58352,g_1113
58352,g_2916
58352,g_3163
58352,g_3167
58366,g_18
58366,g_33
58366,g_2916
58366,g_3163
58366,g_10219
58366,g_10220
58366,g_10221
58366,g_10223
58366,g_10224
58486,g_3166
58486,g_10105
58486,g_10217
58603,g_27
58603,g_53
58603,g_10215
58603,g_10223
58605,g_12
58605,g_37
58605,g_10215
58605,g_10228
59028,g_28
59028,g_80
59028,g_2737
59028,g_10215
59037,g_28
59037,g_53
59037,g_80
59037,g_10215
59069,g_28
59069,g_37
59069,g_3163
59069,g_10215
59253,g_18
59253,g_28
59253,g_10215
59253,g_10223
59267,g_18
59267,g_80
59267,g_10215
59267,g_10223
59477,g_28
59477,g_53
59477,g_80
59477,g_10215
59520,g_865
59520,g_1109
59520,g_10105
59520,g_10216
59828,g_12
59828,g_80
59828,g_10215
59828,g_10220
59837,g_12
59837,g_37
59837,g_10215
59924,g_35
59924,g_126
59924,g_10216
59924,g_10219
60101,g_12
60101,g_14
60101,g_10228
60101,g_14414
60290,g_18
60290,g_31
60290,g_3165
60290,g_10223
60298,g_53
60298,g_2737
60298,g_10215
60298,g_10225
60303,g_80
60303,g_3165
60303,g_10215
60446,g_18
60446,g_6033
60446,g_10214
60446,g_10223
60449,g_35
60449,g_126
60449,g_3165
60449,g_10216
60449,g_10219
60555,g_18
60555,g_35
60555,g_210
60555,g_10216
60555,g_10223
60555,g_10228
60967,g_18
60967,g_28
60967,g_81
60967,g_82
60967,g_10215
60967,g_10219
60967,g_10223
60967,g_10464
60975,g_18
60975,g_865
60975,g_10220
60975,g_10223
61446,g_12
61446,g_28
61446,g_878
61446,g_10215
61624,g_18
61624,g_53
61624,g_80
61624,g_644
61624,g_10215
61624,g_10221
61624,g_10224
61664,g_18
61664,g_329
61664,g_10214
61664,g_10221
61896,g_18
61896,g_6033
61896,g_10221
61896,g_10223
62040,g_28
62040,g_53
62040,g_303
62040,g_2891
62040,g_3163
62040,g_10215
62294,g_17
62294,g_50
62294,g_124
62294,g_1109
62294,g_1116
62294,g_3165
62352,g_18
62352,g_80
62352,g_2738
62352,g_10215
62379,g_18
62379,g_53
62379,g_10214
62379,g_10215
62379,g_10223
62437,g_28
62437,g_191
62437,g_10219
62437,g_10223
62470,g_35
62470,g_37
62470,g_191
62470,g_10216
62538,g_147
62538,g_3165
62538,g_10215
62538,g_10223
62543,g_191
62543,g_10215
62543,g_10223
62579,g_18
62579,g_10215
62579,g_10223
62580,g_18
62580,g_36
62580,g_10215
62580,g_10223
62776,g_28
62776,g_878
62776,g_3166
62776,g_10215
62961,g_163
62961,g_3165
62961,g_10226
62963,g_18
62963,g_1024
62963,g_3165
62963,g_10223
62995,g_191
62995,g_10215
62995,g_10223
63110,g_18
63110,g_2370
63110,g_10221
63110,g_10223
63155,g_126
63155,g_10216
63155,g_10219
63160,g_2738
63160,g_3165
63160,g_10215
63160,g_10223
63178,g_99
63178,g_3165
63178,g_10215
63178,g_10226
63335,g_18
63335,g_10219
63335,g_10221
63445,g_103
63445,g_105
63445,g_10215
63445,g_10223
63526,g_53
63966,g_53
63966,g_10215
63966,g_10225
63966,g_10226
64029,g_18
64029,g_53
64029,g_10215
64029,g_10223
64078,g_18
64078,g_27
64199,g_28
64199,g_35
64199,g_10216
64233,g_18
64233,g_33
64233,g_53
64233,g_10215
64256,g_13
64256,g_17
64256,g_35
64256,g_869
64256,g_1165
64256,g_2895
64256,g_3167
64301,g_40
64301,g_191
64301,g_10215
64301,g_10223
64305,g_35
64305,g_3165
64305,g_10105
64305,g_10216
64347,g_53
64347,g_80
64347,g_2737
64347,g_10215
64358,g_12
64358,g_17
64358,g_10214
64358,g_10221
64374,g_28
64374,g_164
64374,g_14414
64596,g_28
64596,g_81
64596,g_10215
64596,g_10223
64637,g_18
64637,g_31
64667,g_28
64667,g_53
64667,g_863
64667,g_10215
64805,g_35
65197,g_18
65197,g_53
65197,g_1122
65197,g_3165
65197,g_10215
65197,g_10223
65200,g_18
65200,g_249
65200,g_10215
65200,g_10223
65391,g_80
65391,g_3165
65391,g_6033
65391,g_10215
65451,g_18
65451,g_6033
65451,g_10219
65451,g_10223
65511,g_27
65511,g_28
65511,g_10215
65531,g_27
65531,g_878
65531,g_10215
65531,g_10226
65570,g_69
65570,g_6033
65570,g_10221
65570,g_10223
65729,g_28
65729,g_35
65729,g_82
65729,g_10216
65730,g_35
65730,g_10215
65730,g_10216
65730,g_17126
65841,g_35
65841,g_1479
65841,g_10216
65841,g_10220
65870,g_1479
65870,g_3110
65870,g_10216
65870,g_10220
65875,g_18
65875,g_80
65875,g_2916
65875,g_10215
65875,g_10220
65891,g_53
65891,g_80
65891,g_10215
65908,g_27
65908,g_878
65908,g_10215
65908,g_10226
65917,g_12
65917,g_148
65917,g_10215
65917,g_10223
65954,g_18
65954,g_3163
65954,g_10221
65954,g_10223
66043,g_18
66043,g_122
66043,g_301
66043,g_1101
66043,g_1167
66043,g_3165
66043,g_14726
66043,g_15588
66098,g_18
66098,g_301
66098,g_353
66098,g_1113
66098,g_1163
66098,g_1167
66098,g_3163
66098,g_3165
66098,g_14726
66232,g_18
66232,g_130
66232,g_10214
66232,g_10215
66232,g_10221
66232,g_10223
66232,g_10224
66232,g_10225
66232,g_10227
66328,g_18
66328,g_6033
66328,g_10221
66328,g_10223
66592,g_18
66592,g_35
66592,g_1165
66592,g_1167
66592,g_3165
66592,g_9595
66592,g_14726
66941,g_27
66941,g_161
66941,g_10215
66941,g_10226
67084,g_27
67144,g_18
67144,g_44
67144,g_71
67261,g_18
67261,g_2916
67261,g_10220
67261,g_10226
67931,g_35
67931,g_3165
67931,g_6033
67931,g_10216
68002,g_18
68002,g_2916
68002,g_10215
68002,g_10223
68033,g_12
68033,g_14
68033,g_10215
68063,g_81
68063,g_82
68063,g_10223
68064,g_80
68064,g_10215
68064,g_10223
68064,g_10225
68385,g_35
68385,g_3165
68385,g_10216
68385,g_17126
68443,g_18
68443,g_3165
68559,g_28
68559,g_52
68559,g_10215
68559,g_10223
68643,g_35
68643,g_3165
68643,g_6033
68643,g_10216
68686,g_191
69078,g_28
69078,g_3087
69078,g_10215
69508,g_18
69691,g_27
69691,g_157
69691,g_10215
69691,g_10225
69691,g_10226
69718,g_16914
69719,g_18
69719,g_130
69719,g_10219
69719,g_10223
69879,g_1479
69879,g_2916
69879,g_3166
69879,g_10216
69879,g_10220
70015,g_18
70015,g_28
70436,g_18
70436,g_130
70513,g_18
70513,g_53
70513,g_818
70513,g_3165
70514,g_53
70514,g_818
70514,g_3165
70554,g_12
70554,g_154
70554,g_818
70797,g_18
70797,g_106
70797,g_818
70843,g_28
70843,g_80
70843,g_10215
71273,g_12
71692,g_12
71692,g_14
71692,g_10226
71695,g_145
71695,g_10214
71695,g_10223
71695,g_17412
71764,g_18
71764,g_3167
71764,g_10223
71858,g_861
71858,g_10219
71858,g_10221
71858,g_14452
72304,g_35
75198,g_44
75198,g_114
80046,g_12
80046,g_17
80046,g_35
80046,g_869
80046,g_8741
84678,g_18
84678,g_79
85272,g_18
86036,g_14
86036,g_18
86036,g_36
86036,g_2895
86070,g_53
86070,g_80
86070,g_3167
87191,g_53
88940,g_86
88940,g_18385
89224,g_18
89224,g_53
90453,g_35
90453,g_56
93383,g_12
93383,g_15
93383,g_16
93383,g_17
93383,g_34
93383,g_87
93383,g_89
93383,g_303
93383,g_354
93383,g_863
93383,g_1122
93383,g_1250
93383,g_2915
93383,g_7221
94594,g_80
96524,g_18
97102,g_35
97102,g_124
98181,g_18
98181,g_33
98334,g_18
98334,g_36
98334,g_122
101749,g_14
101749,g_17
101749,g_35
102687,g_250
102687,g_1125
102687,g_17126
104072,g_122
104072,g_209
104078,g_18
104078,g_28
104078,g_52
104078,g_164
104078,g_818
104078,g_2579
111796,g_18
111796,g_33
115311,g_28
115311,g_81
115311,g_82
116814,g_1141
117214,g_2888
117214,g_2891
117214,g_8497
118307,g_28
118307,g_52
118307,g_163
119729,g_71
119729,g_3167
119729,g_10105
119926,g_51
126950,g_18
126950,g_28
126950,g_2890
126950,g_3081
130300,g_28
130300,g_136
130300,g_878
140654,g_18
140654,g_36
143592,g_103
144454,g_87
144454,g_164
144454,g_16304
144808,g_14
144808,g_869
144808,g_3167
150441,g_106
164567,g_18
171384,g_53
172560,g_3167
172560,g_10105
176384,g_18
176384,g_3167
179401,g_18
186114,g_99
186114,g_204
186114,g_205
186114,g_209
186114,g_867
186114,g_874
186114,g_1112
186114,g_3163
186114,g_10223
186114,g_10225
186114,g_10227
186114,g_14740
186114,g_15774
186114,g_17724
189249,g_27
190854,g_18
190854,g_1119
341,g_142
341,g_1048
341,g_10215
341,g_10220
341,g_10223
383,g_44
383,g_73
383,g_210
383,g_301
383,g_303
383,g_354
383,g_1113
383,g_1168
383,g_3164
407,g_33
407,g_53
407,g_87
407,g_707
407,g_866
419,g_19
419,g_122
419,g_1597
419,g_10219
419,g_10221
428,g_71
428,g_87
428,g_219
428,g_303
428,g_1042
428,g_1096
428,g_1167
540,g_28
540,g_50
540,g_73
540,g_1125
540,g_14999
662,g_18
662,g_51
662,g_52
662,g_301
662,g_303
662,g_353
662,g_684
662,g_863
662,g_1113
662,g_1122
662,g_3165
662,g_6033
775,g_878
775,g_1110
775,g_1116
775,g_1122
775,g_3148
775,g_3165
778,g_49
778,g_124
778,g_3165
778,g_10216
778,g_10217
778,g_10218
778,g_10282
781,g_130
781,g_1096
781,g_6033
781,g_10221
781,g_10223
781,g_10224
835,g_17
835,g_878
835,g_1110
835,g_3137
835,g_3165
902,g_14
902,g_878
902,g_10228
1198,g_33
1198,g_49
1198,g_71
1198,g_79
1198,g_166
1198,g_251
1198,g_864
1198,g_865
1198,g_1150
1279,g_69
1279,g_71
1279,g_87
1279,g_867
1279,g_3163
1279,g_10222
1279,g_10223
1279,g_10228
1418,g_127
1418,g_867
1418,g_10224
1418,g_10225
1418,g_10227
1549,g_44
1549,g_69
1549,g_87
1549,g_866
1549,g_1024
1549,g_1113
1549,g_1178
1631,g_69
1631,g_71
1631,g_87
1631,g_818
1631,g_873
1631,g_1042
1631,g_1112
1631,g_1113
1631,g_2916
1631,g_3163
1631,g_3164
1660,g_44
1660,g_69
1660,g_204
1660,g_1110
1660,g_3163
1785,g_126
1785,g_1124
1785,g_1479
1884,g_12
1884,g_17
1884,g_878
1884,g_3160
2017,g_18
2017,g_50
2017,g_53
2017,g_80
2017,g_6033
2017,g_10214
2017,g_10215
2070,g_35
2070,g_863
2070,g_864
2070,g_1119
2070,g_2896
2070,g_2916
2077,g_17
2077,g_35
2077,g_49
2077,g_50
2077,g_1110
2077,g_1116
2077,g_1122
2077,g_3165
2114,g_15
2114,g_17
2114,g_28
2114,g_354
2114,g_878
2114,g_3148
2114,g_3166
2114,g_10214
2115,g_17
2115,g_22
2115,g_49
2115,g_50
2115,g_71
2160,g_12
2160,g_17
2160,g_50
2160,g_878
2205,g_17
2205,g_35
2205,g_863
2386,g_27
2386,g_49
2386,g_3137
2386,g_3167
2394,g_17
2394,g_54
2394,g_818
2394,g_3167
2433,g_17
2433,g_22
2433,g_33
2433,g_49
2433,g_1110
2433,g_1123
2433,g_3163
2435,g_127
2464,g_17
2464,g_28
2464,g_50
2464,g_53
2527,g_53
2527,g_80
2527,g_141
2527,g_10215
2527,g_10223
2527,g_10225
2538,g_35
2538,g_1115
2645,g_17
2645,g_28
2645,g_35
2645,g_82
2685,g_17
2685,g_80
2685,g_3167
2696,g_17
2696,g_22
2696,g_69
2696,g_126
2964,g_17
2964,g_878
2964,g_1110
2964,g_3165
2964,g_6033
3013,g_53
3013,g_80
3346,g_17
3346,g_35
3346,g_158
3346,g_878
3473,g_12
3473,g_14
3473,g_17
3473,g_6033
3475,g_18
3475,g_32
3475,g_864
3475,g_865
3476,g_33
3476,g_130
3480,g_17
3480,g_31
3480,g_54
3480,g_71
3592,g_14
3592,g_17
3592,g_50
3592,g_86
3592,g_863
3592,g_3165
3698,g_191
3933,g_14
3933,g_16
3933,g_17
3933,g_22
3933,g_33
3933,g_1071
3933,g_10215
3933,g_10217
3933,g_10219
3933,g_10221
3933,g_10222
3933,g_10228
3933,g_10282
3933,g_14452
4024,g_18
4024,g_49
4024,g_227
4024,g_301
4024,g_353
4024,g_1103
4024,g_1110
4024,g_1167
4024,g_3148
4024,g_3165
4073,g_35
4295,g_28
4295,g_50
4295,g_80
4295,g_863
4295,g_864
4295,g_2916
4375,g_136
4375,g_209
4375,g_864
4375,g_1108
4375,g_1109
4375,g_2896
4498,g_44
4498,g_49
4498,g_71
4498,g_3148
4498,g_10216
4498,g_10221
4498,g_10222
4499,g_35
4499,g_73
4499,g_7142
4532,g_80
4532,g_818
4569,g_17
4569,g_144
4569,g_818
4731,g_12
4731,g_33
4731,g_818
4731,g_10219
4731,g_10223
4996,g_44
4996,g_71
4996,g_302
4996,g_1096
4996,g_1119
4996,g_3163
4996,g_6033
5003,g_35
5067,g_27
5067,g_79
5286,g_18
5286,g_73
5286,g_122
5527,g_17
5527,g_18
5527,g_80
5527,g_818
5729,g_18
5729,g_33
5729,g_35
5729,g_354
5729,g_1103
5729,g_1110
5729,g_3163
5729,g_3165
5859,g_53
5859,g_864
5899,g_17
5899,g_56
5899,g_303
5899,g_1109
6014,g_17
6014,g_35
6014,g_3165
6363,g_17
6363,g_49
6363,g_130
6363,g_818
6363,g_3165
6537,g_27
6537,g_49
6537,g_71
6537,g_79
6537,g_10224
6537,g_10226
6614,g_12
6614,g_939
6635,g_17
6635,g_863
6635,g_2888
6690,g_87
6690,g_127
6690,g_865
6690,g_1113
6690,g_3164
6824,g_10105
6824,g_13544
6915,g_17
6915,g_19
6915,g_3165
6959,g_18
6959,g_80
6959,g_3165
7006,g_14
7006,g_18
7006,g_27
7006,g_50
7006,g_53
7006,g_864
7006,g_878
7085,g_12
7085,g_37
7085,g_6033
7085,g_10214
7085,g_10215
7230,g_19
7271,g_87
7271,g_209
7271,g_218
7271,g_303
7271,g_354
7271,g_1178
7271,g_3163
7271,g_3164
7271,g_4288
7271,g_7221
7289,g_18
7289,g_864
7289,g_2916
7289,g_3110
8888,g_71
8888,g_818
8888,g_10221
8888,g_10224
8888,g_10225
9028,g_44
9028,g_49
9028,g_134
9028,g_191
9028,g_874
9028,g_1088
9028,g_1110
9311,g_76
9311,g_134
9311,g_818
9311,g_10215
9311,g_10224
9321,g_28
9321,g_53
9321,g_10214
9321,g_10216
9321,g_10218
9322,g_28
9322,g_53
9322,g_1048
9322,g_10214
9322,g_10215
9322,g_10219
9322,g_14926
9335,g_28
9335,g_50
9335,g_53
9335,g_80
9335,g_104
9335,g_864
9335,g_1108
9335,g_1109
9335,g_10214
9335,g_10225
9369,g_12
9369,g_35
9369,g_85
9369,g_196
9369,g_10217
9369,g_10218
9488,g_12
9488,g_35
9488,g_136
9488,g_869
9552,g_49
9552,g_818
9552,g_1110
9552,g_3083
9552,g_10214
9552,g_10226
9552,g_10227
9725,g_27
9725,g_79
9999,g_19
9999,g_219
9999,g_10213
10018,g_122
10018,g_126
10018,g_3163
10018,g_10216
10018,g_10221
10148,g_69
10148,g_122
10148,g_3164
10190,g_44
10190,g_69
10190,g_303
10190,g_818
10190,g_3164
10190,g_10222
10299,g_80
10299,g_141
10299,g_818
10308,g_54
10308,g_71
10308,g_127
10308,g_134
10308,g_524
10459,g_12
10459,g_144
10459,g_170
10459,g_818
10459,g_866
10459,g_869
10459,g_8867
10495,g_28
10495,g_50
10495,g_134
10495,g_10107
10664,g_27
10664,g_303
10664,g_1195
10664,g_10214
10664,g_10215
10664,g_10226
10732,g_28
10732,g_35
10732,g_147
10751,g_28
10751,g_56
10751,g_1125
10751,g_2738
10751,g_10216
10751,g_10228
10855,g_28
10855,g_53
11070,g_87
11070,g_126
11070,g_818
11070,g_13544
11100,g_87
11100,g_209
11100,g_1113
11100,g_2890
11100,g_3163
11188,g_12
11188,g_14
11188,g_18
11188,g_3129
11188,g_3142
11202,g_18
11202,g_31
11222,g_18
11222,g_53
11222,g_818
11222,g_7141
11222,g_10066
11344,g_18
11344,g_28
11344,g_2579
11344,g_2738
11344,g_3163
11422,g_18
11422,g_28
11422,g_31
11422,g_10215
11422,g_10225
11900,g_18
11900,g_27
11900,g_35
11900,g_301
11900,g_303
11900,g_524
11900,g_1113
11900,g_1165
11900,g_1167
11900,g_3163
11900,g_3165
11930,g_28
11930,g_35
11930,g_1108
11930,g_2896
11930,g_10214
11930,g_10216
12137,g_18
12137,g_818
12137,g_869
12137,g_10215
12137,g_10216
12250,g_28
12250,g_1108
12251,g_20
12251,g_69
12251,g_71
12251,g_87
12251,g_9728
12456,g_99
12814,g_18
12814,g_249
12814,g_10215
12814,g_10221
12814,g_10224
12887,g_92
12887,g_1048
12887,g_10214
12887,g_10228
12958,g_122
13486,g_18
13486,g_44
13486,g_134
13486,g_302
13486,g_303
13486,g_353
13486,g_1119
13486,g_3114
13486,g_8497
13572,g_35
13572,g_81
13572,g_10215
13572,g_10216
13576,g_28
13576,g_81
13576,g_2888
13576,g_10214
13576,g_10215
13576,g_10216
13576,g_10225
14088,g_201
14088,g_206
14088,g_3119
14550,g_44
14550,g_80
14550,g_87
14550,g_302
14550,g_353
14550,g_354
14550,g_874
14550,g_1112
14550,g_1113
14550,g_10223
14550,g_10225
14550,g_10227
14742,g_12
14742,g_14
14742,g_27
14742,g_3166
14752,g_44
14752,g_3165
14752,g_10221
14752,g_10222
14794,g_53
14794,g_80
14794,g_14726
17324,g_18
17324,g_122
17324,g_10228
17340,g_22
17340,g_99
17340,g_866
17340,g_1109
17340,g_3117
17340,g_7407
17340,g_10216
17340,g_10217
17340,g_10218
17340,g_10221
17340,g_14453
17340,g_14740
18288,g_1110
18288,g_1116
18288,g_1182
18288,g_2717
18288,g_3148
18288,g_3165
18288,g_3916
18288,g_4840
18467,g_33
18467,g_36
18467,g_210
18467,g_6033
18467,g_10217
18467,g_10219
18467,g_10228
18590,g_35
18590,g_92
18590,g_302
18590,g_353
18590,g_939
18590,g_1110
18590,g_3144
18590,g_10216
18590,g_10217
18590,g_10228
18590,g_14452
18616,g_28
18616,g_81
18616,g_10214
18616,g_14926
18650,g_12
18650,g_31
18650,g_33
18650,g_303
18650,g_10215
18650,g_10219
18650,g_10221
18650,g_10224
18831,g_126
18831,g_10105
18831,g_10216
18831,g_10219
18836,g_22
18836,g_35
18836,g_50
18836,g_1110
18836,g_2713
18836,g_3165
18836,g_10216
18836,g_10217
19111,g_56
19111,g_163
19111,g_303
19111,g_1108
19111,g_10215
19111,g_10216
19111,g_10220
19111,g_10226
19648,g_18
19648,g_36
19648,g_818
19648,g_3167
19648,g_10215
19648,g_10223
20324,g_18
20324,g_3167
20329,g_18
20329,g_3167
20331,g_18
20331,g_3167
20553,g_35
20553,g_1479
20553,g_3166
21542,g_43
21542,g_878
22873,g_18
22873,g_302
22873,g_818
22873,g_10216
22873,g_10221
22873,g_10222
22873,g_10223
23105,g_18
23105,g_28
23105,g_53
23105,g_80
23105,g_82
23105,g_252
24419,g_28
24419,g_53
24419,g_164
24419,g_878
24431,g_18
24431,g_54
24431,g_209
24431,g_3109
25028,g_13
25028,g_17
25028,g_44
25028,g_49
25028,g_869
25028,g_1101
25028,g_1110
25028,g_2895
25028,g_6033
27770,g_28
27770,g_36
27770,g_10215
27770,g_10223
27770,g_10225
27801,g_32
27801,g_44
27801,g_209
27801,g_4221
27801,g_10221
27801,g_10223
27801,g_10224
27801,g_10225
27801,g_15505
28844,g_130
28844,g_818
28844,g_10221
28844,g_10222
28844,g_10224
29008,g_12
29008,g_18
29186,g_18
29186,g_87
29186,g_303
29186,g_354
29186,g_2744
29186,g_3163
29186,g_10220
29186,g_10227
29186,g_10228
29592,g_18
29592,g_303
29592,g_1152
29592,g_3164
29592,g_10224
29757,g_34
29757,g_35
29757,g_878
29757,g_1163
29757,g_8497
29757,g_10214
29757,g_10216
29757,g_10219
29757,g_10222
29956,g_27
29956,g_53
29956,g_864
29956,g_10214
29956,g_10215
29956,g_10223
29956,g_10225
29956,g_10226
29956,g_10227
30271,g_18
30271,g_303
30271,g_353
30271,g_1113
30271,g_1163
30271,g_1246
30271,g_3163
30271,g_10222
30271,g_10228
30831,g_17
30831,g_133
30831,g_865
30831,g_1110
30831,g_3167
30831,g_14640
30900,g_14
30900,g_35
30900,g_10107
30900,g_10216
30900,g_10219
30908,g_18
30908,g_210
30908,g_818
30908,g_2890
31181,g_27
31181,g_86
31181,g_863
31181,g_867
31181,g_874
32978,g_161
32978,g_863
32978,g_864
32978,g_874
32978,g_3137
32978,g_3166
32978,g_10214
32978,g_10215
32978,g_10225
32978,g_10226
33741,g_126
33741,g_227
33741,g_302
33741,g_353
33741,g_871
33741,g_1048
33741,g_1051
33741,g_1195
33741,g_3148
34096,g_28
34096,g_53
34096,g_3109
34806,g_17
34806,g_53
34806,g_80
34806,g_1110
34806,g_3167
34844,g_18
34844,g_32
34844,g_1110
34844,g_10221
34844,g_10223
34844,g_10224
34953,g_18
34953,g_35
35082,g_53
35082,g_79
35082,g_867
35082,g_10215
35082,g_16286
35104,g_28
35104,g_52
35104,g_84
35104,g_105
35104,g_10214
35104,g_10215
35222,g_27
35222,g_863
35222,g_867
35754,g_18
35754,g_53
35754,g_86
35754,g_87
35754,g_863
35817,g_35
35817,g_10216
35817,g_10217
35817,g_10218
35817,g_14354
35860,g_14
35860,g_27
35860,g_1479
35885,g_28
35885,g_53
35885,g_863
35885,g_878
35885,g_3167
35904,g_106
36014,g_35
36014,g_227
36025,g_12
36025,g_82
36025,g_2916
36025,g_10215
36025,g_10220
36033,g_18
36033,g_36
36033,g_106
36228,g_18
36228,g_71
36228,g_10221
36228,g_10224
36228,g_10225
36353,g_17
36353,g_35
36353,g_1108
36353,g_10216
36353,g_10217
36524,g_35
36524,g_37
36524,g_3109
36552,g_210
36552,g_1113
36552,g_2890
36562,g_35
36562,g_80
36562,g_3167
36562,g_10215
36562,g_10216
36950,g_53
36950,g_81
36950,g_2738
36950,g_3109
36950,g_10214
36950,g_10215
36950,g_10220
36950,g_10225
36950,g_10228
36950,g_14926
37143,g_49
37143,g_87
37143,g_157
37143,g_864
37143,g_871
37143,g_873
37143,g_874
37143,g_1126
37143,g_3166
37143,g_10216
37143,g_10228
37143,g_14414
37241,g_18
37241,g_19
37241,g_302
37241,g_2890
37241,g_10219
37241,g_10227
37241,g_10228
37392,g_124
37392,g_10216
37392,g_10228
37607,g_18
37829,g_18
37829,g_80
38054,g_36
38054,g_87
38054,g_148
38054,g_863
38054,g_939
38074,g_31
38082,g_17
38082,g_209
38082,g_210
38082,g_1123
38082,g_2890
38082,g_2896
38082,g_10215
38082,g_10221
38082,g_10222
38082,g_10224
38140,g_18
38140,g_10214
38140,g_10216
38140,g_10221
38151,g_162
38151,g_10214
38151,g_10227
38151,g_14710
38190,g_18
38190,g_1024
38289,g_17
38289,g_35
38289,g_869
38289,g_10215
38289,g_10216
38863,g_27
38863,g_163
38863,g_863
38863,g_864
38863,g_3165
38895,g_14
38895,g_18
38895,g_53
38895,g_161
38895,g_10215
38895,g_10223
38895,g_10226
39049,g_35
39049,g_81
39049,g_14926
39299,g_27
39299,g_76
39346,g_27
39346,g_79
39346,g_873
39346,g_874
39346,g_2370
39346,g_10215
39346,g_10223
39346,g_10225
39528,g_44
39528,g_219
39528,g_865
39528,g_1112
39528,g_3163
39528,g_10221
39528,g_10223
39528,g_10224
39528,g_10225
39528,g_10227
39548,g_35
39548,g_80
39548,g_1125
39628,g_17
39628,g_34
39628,g_89
39628,g_151
39628,g_869
39628,g_1110
39628,g_2759
39628,g_2895
39628,g_4288
39628,g_10214
39628,g_10215
39628,g_10221
39628,g_10222
39628,g_10226
39628,g_14452
39665,g_81
39665,g_14926
39980,g_18
39980,g_301
39980,g_1024
39980,g_14726
40340,g_31
41420,g_12
41420,g_80
41432,g_27
41432,g_39
41432,g_162
41432,g_3109
41446,g_18
41446,g_303
41446,g_1113
41446,g_1115
41446,g_3163
41855,g_87
41855,g_864
41855,g_1479
41858,g_12
41858,g_158
41858,g_863
41858,g_864
41858,g_3165
41898,g_27
41898,g_53
41898,g_863
41898,g_10215
41898,g_10226
41961,g_35
41961,g_124
41961,g_303
41961,g_863
41961,g_2896
41961,g_10216
41961,g_10217
41967,g_18
41967,g_130
41967,g_303
41967,g_818
41967,g_1113
41979,g_31
41979,g_35
41981,g_14
41981,g_35
42074,g_27
42074,g_168
42098,g_12
42098,g_28
42098,g_148
42098,g_864
42098,g_1113
42226,g_35
42245,g_18
42245,g_10220
42245,g_10221
42245,g_10224
42245,g_10228
42245,g_15588
42643,g_18
42643,g_28
42643,g_863
42643,g_10107
42643,g_14414
42914,g_49
42914,g_80
42914,g_818
42914,g_1110
42914,g_3165
43694,g_27
43694,g_158
43694,g_878
43694,g_10215
43694,g_10226
43850,g_13
43850,g_14
43850,g_17
43850,g_303
43850,g_1110
43862,g_18
43862,g_303
43862,g_818
43862,g_1110
43862,g_3165
43991,g_28
43991,g_53
43991,g_864
43991,g_10215
44131,g_191
44131,g_864
44131,g_1113
44131,g_10219
44131,g_10223
44131,g_10225
44207,g_27
44207,g_79
44207,g_3167
44207,g_10215
44207,g_10226
44237,g_49
44237,g_114
44237,g_122
44237,g_818
44237,g_10216
44907,g_12
44907,g_14
44907,g_28
44907,g_10215
44907,g_10223
44981,g_16
44981,g_869
44981,g_10214
44981,g_10215
44981,g_10216
45078,g_18
45499,g_18
45499,g_10222
45506,g_18
45506,g_31
45506,g_53
45506,g_867
45506,g_874
45506,g_1112
45506,g_1113
45506,g_10215
45506,g_10223
45506,g_10225
45506,g_10227
45835,g_127
45835,g_130
45835,g_227
45835,g_1122
45835,g_10215
45835,g_10219
45835,g_10223
45866,g_35
45866,g_50
45866,g_866
45866,g_1109
45866,g_10216
45866,g_10217
46026,g_28
46026,g_1125
46233,g_35
46233,g_37
46233,g_191
46233,g_10216
46233,g_10217
46244,g_22
46244,g_35
46244,g_863
46244,g_10217
46244,g_10220
46247,g_27
46247,g_49
46247,g_87
46247,g_163
46247,g_303
46247,g_1113
46247,g_3163
46318,g_27
46318,g_867
46318,g_873
46318,g_874
46318,g_2916
46318,g_10215
46318,g_10220
46318,g_10226
46413,g_17
46413,g_35
46413,g_3165
46413,g_10216
46413,g_10217
46569,g_35
46569,g_3108
46569,g_10216
46569,g_10217
46569,g_10220
46586,g_873
46586,g_1479
46586,g_10216
46586,g_10217
46586,g_10220
46615,g_18
46615,g_301
46615,g_303
46615,g_1116
46615,g_1122
46615,g_1165
46615,g_1167
46615,g_3165
46618,g_114
46618,g_117
46797,g_81
46797,g_82
46797,g_87
46838,g_35
46838,g_81
46838,g_10215
46838,g_10216
46838,g_10217
46879,g_18
46879,g_818
46879,g_3165
46879,g_10221
46879,g_10223
47005,g_14
47005,g_158
47005,g_878
47005,g_2932
47005,g_10215
47007,g_14
47007,g_158
47007,g_878
47007,g_2932
47007,g_10215
47149,g_18
47149,g_873
47149,g_2916
47149,g_3110
47149,g_6033
47149,g_10219
47149,g_10220
47158,g_18
47158,g_80
47158,g_114
47158,g_3165
47158,g_6033
47158,g_10215
47158,g_10228
47186,g_18
47186,g_28
47186,g_81
47186,g_82
47186,g_864
47186,g_10215
47186,g_10223
47232,g_27
47232,g_168
47232,g_867
47232,g_10215
47232,g_10226
47254,g_17
47254,g_33
47254,g_35
47254,g_1024
47254,g_3141
47254,g_10216
47254,g_14452
47317,g_28
47317,g_35
47317,g_81
47317,g_10215
47317,g_10216
47386,g_14
47386,g_27
47386,g_10215
47386,g_10226
47492,g_122
47492,g_818
47492,g_1113
47492,g_10216
47492,g_10217
47492,g_10221
47492,g_10224
47492,g_10228
47967,g_53
47967,g_10215
47967,g_10225
48007,g_36
48007,g_148
48007,g_353
48007,g_3109
48022,g_18
48509,g_18
48509,g_28
48509,g_53
48509,g_10215
48820,g_3109
48820,g_3110
48820,g_3112
48843,g_27
48843,g_79
48843,g_10215
48843,g_10226
48843,g_16286
49217,g_14
49217,g_86
49217,g_158
49217,g_10215
49217,g_10226
49300,g_14
49300,g_27
49300,g_878
49300,g_6033
49300,g_10226
49552,g_28
49552,g_81
49552,g_864
49552,g_867
49552,g_874
49552,g_10215
49552,g_10225
49588,g_28
49588,g_81
49588,g_82
49588,g_864
49588,g_10215
49588,g_10216
49588,g_10228
49731,g_122
49731,g_10216
49731,g_10219
49731,g_10221
49731,g_14354
49927,g_35
49927,g_126
49927,g_3165
49927,g_10216
49927,g_10219
50181,g_18
50181,g_3163
50181,g_10221
50181,g_10222
50181,g_10223
50405,g_18
50405,g_10221
50405,g_10224
50405,g_10225
50445,g_301
50445,g_329
50445,g_807
50445,g_1165
50445,g_3167
50445,g_6033
50445,g_19454
50693,g_27
50693,g_35
50693,g_863
50693,g_10216
50693,g_10226
50693,g_10228
50693,g_16304
50959,g_126
50959,g_10216
50959,g_10217
50959,g_10219
50959,g_10220
50959,g_10221
51381,g_33
51381,g_126
51381,g_3167
51381,g_10217
51381,g_10219
52857,g_866
52857,g_1126
52871,g_18
52871,g_1093
52871,g_3165
53247,g_53
53247,g_79
53278,g_53
53278,g_80
54116,g_35
54216,g_27
54216,g_878
54216,g_10215
54216,g_10226
54585,g_14
54585,g_18
54585,g_35
54585,g_6033
54585,g_10216
54585,g_10223
54710,g_18
54710,g_27
54710,g_79
54710,g_10215
54710,g_10226
55291,g_12
55291,g_28
55291,g_878
55291,g_10228
55291,g_14414
55329,g_27
55329,g_79
55329,g_80
55329,g_867
55329,g_10215
55329,g_10227
55344,g_53
55344,g_79
55344,g_80
55344,g_10215
55344,g_10225
55486,g_79
55486,g_878
55486,g_10215
55520,g_33
55520,g_35
55520,g_126
55520,g_10217
55520,g_10219
55531,g_13
55531,g_14
55531,g_17
55531,g_10105
55531,g_10216
55531,g_10217
55531,g_10221
55531,g_14452
55531,g_15520
55693,g_18
55693,g_28
55693,g_80
55693,g_3165
55693,g_10215
55791,g_12
55791,g_14
55791,g_2891
55791,g_10215
55791,g_10228
55801,g_27
55801,g_79
55801,g_168
55801,g_10215
55801,g_10226
55944,g_35
55944,g_126
55944,g_10216
55944,g_10217
55944,g_10219
55990,g_130
55990,g_10219
55990,g_10221
55990,g_10228
56318,g_18
56318,g_53
56318,g_142
56318,g_3110
56318,g_8497
56318,g_10215
56318,g_10223
56318,g_10225
56332,g_18
56332,g_28
56332,g_53
56332,g_10215
56332,g_10223
56442,g_18
56442,g_142
56442,g_2916
56442,g_8497
56442,g_10215
56442,g_10220
56442,g_10223
56518,g_12
56518,g_18
56518,g_869
56518,g_10215
56518,g_10221
57001,g_33
57001,g_301
57001,g_3137
57001,g_10282
57001,g_14726
57050,g_17
57050,g_35
57050,g_87
57050,g_245
57050,g_3163
57050,g_10105
57063,g_80
57069,g_35
57069,g_878
57069,g_3167
57069,g_10216
57069,g_10226
57191,g_27
57191,g_28
57191,g_53
57191,g_87
57191,g_10215
57191,g_10223
57191,g_10225
57750,g_27
57750,g_39
57750,g_53
57750,g_10215
57750,g_10225
57821,g_28
57821,g_251
57821,g_10215
57821,g_10223
57938,g_72
57938,g_865
57938,g_866
57938,g_1109
57938,g_7407
57938,g_10214
57938,g_10217
57938,g_10220
58242,g_18
58242,g_2916
58242,g_10215
58242,g_10220
58242,g_10223
58447,g_18
58447,g_36
58447,g_53
58447,g_1024
58447,g_10215
58447,g_10223
58447,g_14999
58673,g_50
58673,g_72
58673,g_864
58673,g_865
58673,g_7407
58673,g_10107
58673,g_10214
58673,g_10464
58748,g_14
58898,g_27
58898,g_164
58898,g_10215
58898,g_10225
58898,g_10226
59027,g_18
59027,g_53
59027,g_80
59027,g_10215
59027,g_10223
59066,g_37
59066,g_10215
59066,g_10223
59070,g_27
59070,g_163
59070,g_168
59070,g_10215
59070,g_10226
59071,g_28
59071,g_53
59071,g_10215
59071,g_10223
59071,g_10225
59313,g_18
59313,g_35
59313,g_3165
59313,g_10216
59313,g_10223
59478,g_12
59478,g_28
59478,g_10214
59478,g_10215
59478,g_10225
59491,g_80
59491,g_251
59491,g_1116
59491,g_3165
59491,g_6033
59493,g_80
59493,g_251
59493,g_1109
59493,g_3148
59493,g_6033
59562,g_12
59562,g_878
59562,g_10214
59562,g_10215
59593,g_37
59593,g_191
59593,g_6033
59593,g_10215
59593,g_10223
59612,g_27
59612,g_79
59612,g_10215
59612,g_10226
59758,g_28
59758,g_80
59758,g_2737
59758,g_10215
59758,g_10223
59825,g_18
59825,g_28
59825,g_80
59825,g_10215
59825,g_10223
60292,g_18
60292,g_3165
60292,g_10216
60292,g_10223
60292,g_10224
60295,g_18
60295,g_3165
60295,g_10214
60295,g_10215
60295,g_10223
60445,g_18
60445,g_3165
60445,g_6033
60445,g_10223
60510,g_18
60510,g_80
60510,g_524
60510,g_10215
60510,g_10223
60596,g_17
60596,g_36
60596,g_209
60596,g_939
60596,g_1109
60596,g_1116
60596,g_3165
60960,g_191
60960,g_10215
60960,g_10223
61007,g_18
61007,g_2916
61007,g_10214
61007,g_10223
61101,g_18
61101,g_28
61101,g_10214
61101,g_10215
61101,g_10223
61255,g_18
61255,g_53
61255,g_80
61255,g_10215
61255,g_10223
61439,g_12
61439,g_33
61439,g_36
61439,g_10215
61439,g_10219
61444,g_27
61444,g_161
61444,g_163
61444,g_10215
61444,g_10226
61540,g_12
61540,g_28
61540,g_14726
61555,g_35
61555,g_3167
61555,g_10216
61555,g_10220
61667,g_18
61667,g_10219
61667,g_10221
61733,g_18
61733,g_35
61733,g_50
61733,g_864
61733,g_865
61733,g_6033
61733,g_14354
61745,g_18
61745,g_10221
61745,g_10223
61829,g_122
61829,g_303
61829,g_1163
61829,g_1167
61829,g_3163
61829,g_3164
61829,g_10216
61829,g_10223
61829,g_10228
61904,g_35
61904,g_122
61904,g_6033
61904,g_10216
61904,g_10221
62042,g_18
62042,g_92
62042,g_3163
62042,g_10214
62042,g_10223
62043,g_18
62043,g_35
62043,g_3165
62043,g_10216
62043,g_10221
62050,g_18
62050,g_33
62050,g_10214
62050,g_10219
62050,g_10221
62395,g_18
62395,g_10214
62395,g_10220
62395,g_10221
62395,g_10223
62424,g_19
62424,g_22
62424,g_3165
62424,g_10217
62424,g_10219
62502,g_35
62502,g_1125
62502,g_10215
62502,g_10216
62502,g_17126
62513,g_27
62513,g_53
62513,g_142
62513,g_163
62513,g_10215
62513,g_10220
62513,g_10226
62550,g_18
62550,g_122
62550,g_10216
62550,g_10223
62550,g_10228
62551,g_18
62551,g_33
62551,g_3163
62551,g_10219
62551,g_10223
62582,g_18
62582,g_80
62582,g_3165
62582,g_10215
62582,g_10223
62653,g_18
62653,g_3165
62653,g_6033
62653,g_10223
62670,g_18
62670,g_3165
62670,g_10214
62670,g_10221
62670,g_10223
62680,g_27
62680,g_53
62680,g_10215
62763,g_80
62763,g_3165
62763,g_10215
62763,g_10216
62763,g_17126
62781,g_53
62781,g_144
62781,g_10215
62781,g_10216
62781,g_17126
62848,g_27
62848,g_31
62848,g_87
62848,g_873
62848,g_874
62848,g_1112
62848,g_1113
62848,g_3109
62848,g_14414
62848,g_14695
63095,g_18
63095,g_35
63095,g_3165
63095,g_10216
63095,g_10223
63096,g_18
63096,g_33
63096,g_3165
63096,g_10219
63096,g_10223
63101,g_122
63101,g_3165
63101,g_10216
63101,g_10221
63101,g_10223
63127,g_3165
63127,g_10215
63127,g_10216
63127,g_17126
63144,g_191
63144,g_10215
63144,g_10223
63202,g_17
63202,g_18
63202,g_209
63202,g_1113
63202,g_2717
63202,g_10221
63246,g_80
63246,g_3165
63246,g_6033
63246,g_10215
63539,g_14
63539,g_18
63539,g_27
63539,g_301
63539,g_1038
63539,g_1116
63539,g_1119
63539,g_1165
63539,g_1167
63539,g_3165
63669,g_18
63669,g_219
63669,g_303
63669,g_1113
63725,g_18
63725,g_35
63725,g_3167
63725,g_10216
63725,g_10223
64170,g_28
64170,g_81
64170,g_10215
64170,g_10216
64170,g_10223
64200,g_28
64200,g_53
64200,g_105
64200,g_10215
64200,g_10223
64209,g_18
64209,g_31
64209,g_10215
64209,g_10223
64230,g_18
64230,g_28
64230,g_10215
64230,g_10223
64230,g_14695
64243,g_28
64243,g_2738
64243,g_10215
64243,g_10223
64276,g_12
64276,g_14
64276,g_28
64276,g_878
64276,g_10215
64279,g_18
64279,g_28
64279,g_10215
64279,g_10223
64279,g_16914
64298,g_33
64298,g_79
64298,g_6033
64298,g_10215
64298,g_10219
64307,g_53
64307,g_80
64307,g_3163
64307,g_10215
64307,g_10223
64365,g_18
64365,g_28
64365,g_10215
64365,g_10223
64365,g_14695
64559,g_12
64688,g_35
64688,g_1479
64688,g_10216
64688,g_10220
65108,g_18
65108,g_53
65108,g_1122
65108,g_3138
65108,g_3165
65108,g_10223
65151,g_19
65151,g_130
65151,g_10219
65151,g_10221
65151,g_10224
65258,g_17
65258,g_35
65258,g_87
65258,g_3158
65258,g_10105
65258,g_10216
65258,g_10217
65408,g_27
65408,g_31
65408,g_863
65408,g_10215
65408,g_10223
65527,g_122
65527,g_126
65527,g_10219
65527,g_10221
65527,g_10223
65540,g_18
65540,g_6033
65540,g_10214
65540,g_10221
65540,g_10223
65590,g_44
65590,g_87
65590,g_114
65590,g_303
65590,g_354
65590,g_1113
65590,g_1167
65590,g_3163
65590,g_14726
65756,g_35
65756,g_3138
65756,g_3165
65756,g_10216
65756,g_17126
66035,g_14
66035,g_18
66035,g_149
66035,g_301
66035,g_939
66035,g_1109
66035,g_1165
66035,g_3128
66035,g_3165
66035,g_14726
66187,g_18
66187,g_303
66187,g_353
66187,g_1113
66187,g_1164
66187,g_1167
66187,g_3163
66187,g_6033
66187,g_14711
66210,g_28
66210,g_878
66210,g_10215
66210,g_10225
66211,g_28
66211,g_863
66211,g_10215
66211,g_10223
66211,g_10225
66331,g_18
66331,g_27
66331,g_32
66331,g_303
66331,g_1113
66331,g_1163
66331,g_1167
66331,g_14726
66404,g_18
66404,g_1119
66404,g_3162
66404,g_3165
66404,g_10223
66734,g_18
66734,g_52
66734,g_303
66734,g_3165
66734,g_10223
67255,g_33
67255,g_3135
67260,g_14
67260,g_18
67260,g_2916
67260,g_3082
67260,g_10220
67260,g_10226
67423,g_53
67423,g_56
67423,g_80
67423,g_818
67423,g_1163
67423,g_1167
68031,g_27
68031,g_53
68031,g_10215
68031,g_10225
68031,g_10227
68110,g_31
68110,g_10215
68110,g_10223
68303,g_53
68303,g_80
68303,g_10215
68312,g_35
68312,g_864
68312,g_865
68312,g_10214
68312,g_10216
68312,g_10217
68312,g_10218
68506,g_12
68506,g_18
68506,g_36
68506,g_10214
68506,g_10223
68627,g_191
68627,g_10215
68627,g_10219
68718,g_18
68718,g_35
68718,g_301
68718,g_303
68718,g_1113
68718,g_1167
68718,g_3163
68718,g_3165
68718,g_9595
68718,g_14726
68945,g_18
68945,g_53
68945,g_80
68945,g_10215
68945,g_10226
69097,g_28
69097,g_81
69097,g_10215
69097,g_10223
69238,g_18
69238,g_6033
69238,g_10107
69238,g_10221
69238,g_10223
69368,g_71
69368,g_127
69368,g_10215
69368,g_10221
69368,g_10223
69368,g_10224
69368,g_10227
69426,g_863
69426,g_878
69426,g_10215
69426,g_10221
69902,g_35
69902,g_863
69902,g_864
69902,g_1109
69902,g_3144
69902,g_3165
69902,g_10216
69902,g_10217
69939,g_28
69939,g_80
69939,g_3166
69939,g_10215
70279,g_36
70279,g_148
70279,g_818
70279,g_939
70279,g_1109
70279,g_1116
70279,g_3165
70279,g_14942
70730,g_12
70730,g_28
70730,g_10215
70730,g_10223
70730,g_10226
70743,g_72
70743,g_10215
70743,g_10216
70743,g_10219
70743,g_14452
70765,g_12
70765,g_18
70765,g_36
70765,g_149
70765,g_10223
70879,g_18
70879,g_28
70903,g_18
70903,g_1116
70915,g_18
70915,g_31
70915,g_209
70915,g_3165
70915,g_10223
71327,g_18
71327,g_3165
71327,g_10215
71327,g_10223
72014,g_37
72014,g_10215
72014,g_10223
72160,g_12
72160,g_14
72160,g_17
72160,g_869
72160,g_1122
72160,g_3166
72160,g_3167
72559,g_35
72643,g_22
72643,g_35
79073,g_14
79073,g_28
79073,g_3166
83914,g_12
83914,g_869
84664,g_18
84664,g_80
84664,g_3167
85120,g_18
85120,g_36
86719,g_27
86719,g_79
86719,g_2579
91417,g_126
91417,g_3167
94928,g_17
94928,g_2370
94928,g_2717
95153,g_18
95153,g_122
95153,g_818
97170,g_1141
97889,g_1141
101959,g_2731
101959,g_18385
109030,g_31
111141,g_18
111141,g_3167
116188,g_51
116532,g_250
118356,g_14
118356,g_69
118356,g_81
118356,g_18385
119341,g_27
119341,g_2579
121098,g_138
128668,g_27
128668,g_2579
133318,g_27
142538,g_18
142538,g_54
142538,g_79
142538,g_141
142538,g_209
148922,g_12
150411,g_18
150411,g_36
150411,g_209
157566,g_12
157566,g_16
157566,g_49
157566,g_56
157566,g_85
157566,g_87
157566,g_864
157566,g_867
157566,g_871
157566,g_873
157566,g_874
157566,g_878
157566,g_1122
157566,g_2891
157566,g_18322
159506,g_28
159506,g_50
159506,g_52
159506,g_104
159506,g_158
159506,g_1109
167175,g_141
167175,g_2579
167698,g_878
167698,g_3167
179485,g_164
179485,g_10597
179485,g_16304
189437,g_28
189437,g_2774
189437,g_3004
189437,g_3135
4,g_106
4,g_329
4,g_1110
234,g_80
234,g_158
234,g_1038
234,g_1089
234,g_1116
234,g_3148
234,g_3165
234,g_10215
234,g_10222
234,g_10226
234,g_10227
259,g_33
259,g_35
259,g_127
259,g_130
259,g_227
259,g_329
780,g_1110
780,g_1116
780,g_2890
780,g_3148
780,g_3165
823,g_34
823,g_43
823,g_85
823,g_106
906,g_17
906,g_22
906,g_33
906,g_49
906,g_126
906,g_1109
906,g_1110
1653,g_69
1653,g_92
1653,g_210
1653,g_2744
1653,g_2890
1653,g_10221
1700,g_27
1700,g_53
1700,g_10215
1700,g_10225
1700,g_10226
1700,g_10227
1700,g_10282
1791,g_18
1791,g_818
1791,g_867
1791,g_1112
1791,g_1113
1791,g_10219
1791,g_10220
1791,g_10221
1791,g_10227
1846,g_50
1846,g_144
1846,g_864
1846,g_1110
1846,g_6033
1868,g_17
1868,g_80
1868,g_6033
2030,g_17
2030,g_18
2030,g_35
2030,g_49
2030,g_818
2031,g_18
2031,g_1110
2031,g_6033
2078,g_17
2078,g_35
2078,g_49
2078,g_50
2078,g_1116
2078,g_1122
2078,g_3165
2122,g_17
2122,g_35
2122,g_50
2122,g_53
2122,g_80
2136,g_17
2136,g_22
2136,g_35
2136,g_863
2136,g_866
2136,g_2896
2140,g_28
2140,g_50
2140,g_53
2140,g_80
2140,g_104
2140,g_864
2140,g_10214
2140,g_10215
2164,g_12
2164,g_28
2164,g_878
2164,g_3167
2164,g_10214
2164,g_10215
2164,g_10225
2181,g_17
2181,g_22
2181,g_33
2181,g_35
2181,g_1093
2285,g_17
2285,g_18
2285,g_49
2285,g_6033
2346,g_44
2346,g_302
2346,g_10214
2346,g_10221
2374,g_18
2374,g_36
2374,g_302
2437,g_1126
2444,g_130
2463,g_17
2463,g_18
2463,g_28
2463,g_241
2463,g_864
2648,g_82
2997,g_12
2997,g_17
2997,g_878
2997,g_3167
2997,g_6033
3004,g_124
3004,g_1125
3004,g_1479
3004,g_2713
3004,g_2888
3163,g_87
3163,g_158
3163,g_863
3163,g_864
3163,g_878
3163,g_2916
3479,g_18
3479,g_53
3479,g_80
3479,g_6033
3521,g_17
3521,g_27
3521,g_79
3521,g_80
3524,g_17
3524,g_18
3524,g_32
3524,g_3167
3560,g_27
3560,g_863
3560,g_864
3560,g_2916
3590,g_12
3590,g_17
3590,g_878
3590,g_1105
3590,g_1110
3590,g_3165
3590,g_6033
4051,g_18
4051,g_302
4226,g_17
4226,g_27
4226,g_50
4226,g_3166
4226,g_14999
4267,g_35
4267,g_126
4267,g_1479
4267,g_10216
4267,g_10228
4267,g_10281
4483,g_18
4483,g_36
4483,g_209
4483,g_939
4483,g_3128
4544,g_17
4544,g_35
4544,g_144
4544,g_818
4897,g_19
4897,g_126
4898,g_80
4911,g_28
4911,g_50
4911,g_53
4911,g_134
4911,g_251
4911,g_818
4911,g_864
5070,g_1479
5070,g_10216
5070,g_10218
5177,g_17
5177,g_18
5177,g_19
5177,g_35
5177,g_302
5177,g_866
5177,g_3165
5601,g_53
5601,g_80
5742,g_18
5742,g_49
5742,g_50
5742,g_80
5742,g_142
5742,g_863
5742,g_864
5849,g_18
5849,g_80
5874,g_12
5881,g_121
5881,g_126
5881,g_302
5881,g_1109
5905,g_17
5905,g_1125
5905,g_3165
5931,g_18
5931,g_80
5931,g_864
5931,g_2916
5992,g_17
5992,g_2888
5992,g_10216
6296,g_17
6296,g_18
6296,g_35
6296,g_79
6296,g_1110
6296,g_3135
6296,g_3165
6372,g_17
6372,g_22
6372,g_35
6372,g_863
6556,g_35
6556,g_80
6556,g_10215
6556,g_10217
6618,g_18
6618,g_80
6618,g_145
6618,g_864
6618,g_865
6618,g_3167
6645,g_17
6645,g_22
6645,g_33
6645,g_35
6647,g_17
6647,g_863
6647,g_2888
6794,g_17
6794,g_22
6794,g_35
6957,g_35
6957,g_50
6957,g_1109
6957,g_10216
6957,g_10217
6957,g_10218
7979,g_18
7979,g_44
7979,g_54
7979,g_69
7979,g_818
7979,g_10221
7979,g_10224
8016,g_18
8016,g_1101
8016,g_1110
8016,g_3165
8016,g_10221
8016,g_10223
8333,g_28
8333,g_49
8333,g_53
8333,g_251
8333,g_818
8333,g_1108
8333,g_1110
8347,g_18
8347,g_1115
8347,g_3164
8349,g_31
8349,g_209
8349,g_2890
9565,g_866
9565,g_1126
9565,g_2888
9565,g_10216
9565,g_10217
9565,g_10218
9565,g_13544
10265,g_18
10265,g_28
10265,g_35
10275,g_28
10763,g_50
10763,g_126
10763,g_865
10763,g_10216
10763,g_10219
10983,g_53
10983,g_54
10983,g_56
10983,g_71
10983,g_141
10983,g_864
10983,g_865
10983,g_10215
10983,g_10226
10983,g_10227
11310,g_37
11310,g_50
11310,g_864
11310,g_10216
11310,g_10217
11310,g_10228
11310,g_13544
11328,g_18
11328,g_28
11328,g_53
11328,g_10215
11328,g_10223
11328,g_10225
11490,g_44
11490,g_219
11490,g_1113
11490,g_3163
11490,g_10215
11490,g_10223
11490,g_10225
11490,g_15588
11546,g_35
11546,g_50
11546,g_1108
11546,g_2730
11546,g_10216
11546,g_10217
11841,g_12
11841,g_28
11841,g_81
11841,g_864
11841,g_10215
11841,g_10223
11841,g_10225
12089,g_3163
12089,g_14999
12169,g_71
12169,g_122
12169,g_10214
12169,g_10216
12169,g_10221
12487,g_27
12487,g_79
12487,g_141
12487,g_252
12487,g_10215
12487,g_10222
12487,g_10225
12487,g_10226
12487,g_10228
12574,g_35
12601,g_27
12601,g_3166
12952,g_141
12952,g_209
12952,g_2717
12952,g_10214
12952,g_10221
13379,g_114
13379,g_122
13492,g_18
15596,g_28
15596,g_81
15596,g_10215
15596,g_10225
15596,g_10597
15707,g_18
15707,g_28
15707,g_53
15707,g_878
15734,g_35
15734,g_36
15734,g_939
15734,g_1113
15734,g_1479
15734,g_3144
16202,g_210
16202,g_2890
16203,g_27
16203,g_37
16203,g_164
16203,g_303
16203,g_863
16203,g_1113
16203,g_3163
16203,g_10214
16203,g_10225
16203,g_10226
16203,g_10227
17222,g_18
17222,g_19
17222,g_303
17222,g_818
17222,g_10219
17222,g_10220
17222,g_10227
18399,g_44
18399,g_54
18399,g_249
18399,g_303
18399,g_864
18399,g_2738
18399,g_10223
18399,g_10224
18399,g_10225
18399,g_10227
18399,g_10282
18837,g_18
18837,g_33
19050,g_18
19050,g_27
19050,g_49
19050,g_53
19050,g_303
19050,g_863
19050,g_939
19050,g_1110
19050,g_3135
19050,g_10215
19050,g_10226
19050,g_10227
19278,g_28
19278,g_134
19278,g_219
19278,g_303
19278,g_867
19278,g_1113
19278,g_3164
19278,g_10215
19278,g_10225
19432,g_19
19432,g_73
19432,g_126
19432,g_303
19432,g_3147
19432,g_10216
19432,g_10219
19432,g_10220
19896,g_163
19896,g_818
19896,g_10215
19896,g_10220
19896,g_10226
19896,g_10228
19996,g_56
19996,g_73
19996,g_87
19996,g_2888
19996,g_2896
19996,g_2915
19996,g_10215
19996,g_10216
19996,g_10217
19996,g_10228
21261,g_18
21261,g_33
21261,g_49
21261,g_353
21261,g_865
21261,g_1110
21261,g_3148
21261,g_3165
21261,g_10219
21261,g_10221
21261,g_10222
21295,g_18
21295,g_44
21295,g_69
21295,g_71
21295,g_818
21295,g_867
21295,g_10216
21295,g_10217
21295,g_10221
21295,g_10224
21295,g_10228
24891,g_76
24891,g_3167
24891,g_10214
24891,g_10219
24891,g_10221
24891,g_10227
25093,g_18
25093,g_53
25093,g_157
25093,g_867
25093,g_874
25093,g_1112
25093,g_10215
25093,g_10225
25093,g_10227
25093,g_14710
25094,g_18
25094,g_53
25094,g_157
25094,g_873
25094,g_874
25094,g_1112
25094,g_10215
25094,g_10225
25094,g_10227
25094,g_14710
26070,g_18
26070,g_35
26070,g_80
26070,g_871
26070,g_873
26070,g_10221
26070,g_10223
26080,g_33
26080,g_303
26080,g_3163
26080,g_10219
26080,g_10221
26080,g_10223
26080,g_10224
26138,g_53
26138,g_10214
26138,g_10215
26138,g_10221
26397,g_22
26397,g_2890
26397,g_10217
26397,g_10219
26397,g_10220
26397,g_10221
26397,g_10222
26727,g_39
26727,g_79
26727,g_144
26727,g_818
26727,g_867
26727,g_10214
26727,g_10215
26727,g_10226
26727,g_10227
28966,g_18
28966,g_865
28966,g_873
28966,g_10221
28966,g_10223
28966,g_10224
29680,g_2738
29719,g_12
29719,g_14
29719,g_34
29719,g_329
29719,g_818
29719,g_864
29719,g_865
29719,g_866
29719,g_1037
29719,g_1137
29719,g_1152
29719,g_2774
29719,g_10215
29719,g_10216
29719,g_10221
29719,g_10223
29719,g_10224
29754,g_133
29754,g_209
29754,g_878
29754,g_1113
29754,g_3167
29754,g_10223
29754,g_10224
29754,g_10226
30504,g_22
30504,g_36
30504,g_210
30504,g_353
30504,g_354
30504,g_939
30504,g_1123
30504,g_2890
30504,g_3163
30504,g_10223
30504,g_10227
30504,g_10228
30634,g_27
30634,g_86
30634,g_158
30634,g_863
30634,g_864
30750,g_18
30750,g_209
30750,g_210
30750,g_10221
31243,g_169
31379,g_12
31379,g_18
31379,g_19
31379,g_28
31379,g_34
31379,g_69
31379,g_541
31379,g_866
31379,g_878
31379,g_1037
31379,g_1152
31379,g_3167
31379,g_10214
31379,g_10215
31379,g_10216
31379,g_10219
31379,g_10224
31518,g_164
31518,g_16304
31519,g_35
31563,g_33
31563,g_210
31563,g_2890
31563,g_10219
31563,g_10221
31563,g_10222
31563,g_10228
31918,g_44
31918,g_10215
31918,g_10221
32954,g_141
32954,g_10214
32954,g_10221
32954,g_10226
32954,g_10227
33534,g_27
33755,g_18
33755,g_130
33755,g_301
33755,g_1104
33755,g_1217
33755,g_3137
33755,g_3163
33755,g_10221
33755,g_10222
33755,g_10224
33760,g_33
33760,g_219
33760,g_227
33760,g_302
33760,g_303
33760,g_3163
33760,g_10218
33760,g_10219
33760,g_10222
33760,g_14354
34195,g_34
34195,g_35
34195,g_69
34195,g_866
34195,g_1037
34195,g_1152
34195,g_3167
34195,g_8497
34195,g_10107
34195,g_10215
34195,g_10216
34195,g_10217
34195,g_10221
34195,g_10223
34195,g_10224
34195,g_10228
34195,g_13849
35100,g_28
35100,g_31
35128,g_18
35128,g_71
35128,g_92
35128,g_106
35128,g_251
35883,g_168
35883,g_818
35883,g_863
35883,g_1112
35883,g_3109
35908,g_80
36017,g_18
36017,g_10214
36017,g_10216
36017,g_10219
36017,g_10223
36027,g_18
36027,g_36
36526,g_12
36526,g_53
36526,g_80
36526,g_10215
37121,g_27
37121,g_53
37121,g_79
37121,g_141
37121,g_303
37121,g_10215
37121,g_10226
37121,g_10228
37238,g_27
37238,g_141
37238,g_10067
37238,g_10214
37238,g_10223
37238,g_10226
37351,g_27
37351,g_79
37351,g_10214
37351,g_10215
37351,g_10226
37841,g_18
38031,g_80
38079,g_27
38079,g_39
38079,g_157
38079,g_169
38079,g_864
38079,g_867
38079,g_874
38079,g_10223
38079,g_10224
38079,g_10225
38079,g_10227
38165,g_80
38168,g_18
38168,g_44
38168,g_301
38168,g_303
38168,g_1101
38168,g_1165
38168,g_1167
38168,g_3148
38168,g_3165
38168,g_14726
38347,g_18
38357,g_53
38357,g_80
38365,g_81
38365,g_82
38365,g_87
39319,g_27
39319,g_157
39319,g_164
39334,g_69
39334,g_71
39334,g_3164
39334,g_10221
39334,g_10223
39496,g_18
39496,g_31
39724,g_36
39724,g_130
39735,g_53
39743,g_17
39743,g_28
39743,g_7407
39743,g_10215
39790,g_18
39794,g_18
39794,g_303
39794,g_1112
39794,g_2731
39794,g_3163
39794,g_10214
39794,g_10215
39794,g_10221
39794,g_10223
39794,g_10224
39794,g_10225
39806,g_114
39806,g_122
39806,g_127
39806,g_864
39806,g_865
39806,g_3146
39806,g_3158
39806,g_10216
39806,g_10227
39841,g_31
39841,g_92
39841,g_209
39841,g_219
39841,g_302
39841,g_1112
39841,g_3163
39841,g_10214
39841,g_10224
39841,g_10225
39841,g_10227
39928,g_114
39928,g_116
39928,g_117
39928,g_861
39928,g_14999
40606,g_117
40606,g_1125
40697,g_35
40697,g_301
40697,g_14726
41646,g_53
41646,g_80
41646,g_2738
41655,g_53
41655,g_80
41655,g_303
41655,g_818
41655,g_10215
41655,g_10228
41695,g_154
41695,g_158
41695,g_3115
41695,g_10214
41695,g_10215
41695,g_10216
41695,g_10223
41695,g_10228
41695,g_18847
41724,g_18
41724,g_114
41724,g_10222
42017,g_18
42017,g_33
42017,g_114
42017,g_303
42017,g_1110
42017,g_3165
42278,g_35
42278,g_163
42278,g_1479
42484,g_2738
42554,g_12
42554,g_87
42554,g_303
42554,g_863
42554,g_2891
42554,g_14414
42799,g_18
42799,g_36
42799,g_303
42799,g_818
42799,g_1113
42799,g_3165
43515,g_18
43515,g_302
43515,g_303
43515,g_353
43515,g_1113
43515,g_1119
43708,g_27
43708,g_79
43708,g_864
43708,g_3082
43708,g_3163
43708,g_3166
43708,g_10215
43708,g_10225
43708,g_10226
43808,g_12
43808,g_28
43808,g_81
43808,g_104
43808,g_152
43808,g_864
43808,g_1108
43808,g_1109
43808,g_3129
43826,g_35
43826,g_303
43826,g_3163
43826,g_10216
43826,g_10217
43826,g_10219
43891,g_27
43891,g_79
43891,g_867
43891,g_10215
43891,g_10226
43891,g_15038
44047,g_28
44047,g_35
44047,g_124
44047,g_2888
44047,g_10216
44047,g_10217
44112,g_28
44112,g_878
44225,g_37
44225,g_303
44225,g_864
44225,g_1113
44225,g_10215
44225,g_10225
44388,g_16
44388,g_303
44388,g_878
44388,g_1113
44580,g_18
44580,g_3110
44640,g_12
44640,g_14
44640,g_863
44640,g_864
44640,g_2774
44640,g_10215
44640,g_10226
45229,g_12
45229,g_35
45229,g_3110
45290,g_27
45290,g_864
45290,g_867
45290,g_874
45290,g_10215
45290,g_10226
45496,g_33
45496,g_44
45496,g_303
45496,g_865
45496,g_10216
45496,g_10219
45496,g_10221
45496,g_14354
45687,g_122
45687,g_3163
45687,g_10217
45687,g_10220
45687,g_10221
45687,g_10224
45698,g_18
45698,g_3167
45698,g_10215
45698,g_10223
45710,g_18
45710,g_53
45739,g_27
45739,g_157
45854,g_31
45854,g_36
45854,g_10107
45854,g_10214
45854,g_10221
45854,g_10223
45965,g_863
45965,g_1479
45965,g_2916
45965,g_3110
45965,g_10217
45965,g_10220
46190,g_92
46190,g_353
46190,g_1164
46190,g_14726
46197,g_87
46197,g_99
46197,g_303
46197,g_864
46197,g_867
46197,g_878
46197,g_3117
46197,g_10222
46197,g_10223
46197,g_10228
46199,g_18
46369,g_18
46369,g_80
46369,g_867
46369,g_2916
46369,g_10215
46369,g_10220
46610,g_35
46610,g_80
46610,g_10215
46610,g_10216
46610,g_10217
46624,g_1125
46653,g_28
46653,g_35
46653,g_80
46653,g_867
46653,g_10216
46653,g_10217
46730,g_35
46730,g_126
46730,g_3165
46730,g_10216
46730,g_10217
46730,g_10219
46996,g_53
46996,g_142
46996,g_3109
46996,g_3110
47014,g_14
47014,g_158
47014,g_878
47014,g_2932
47014,g_10215
47014,g_10226
47015,g_14
47015,g_158
47015,g_878
47015,g_2932
47015,g_10215
47015,g_10226
47061,g_35
47061,g_121
47061,g_1479
47061,g_10216
47061,g_10217
47061,g_10220
47340,g_17
47340,g_28
47340,g_35
47340,g_82
47340,g_10216
49577,g_18
49577,g_28
49577,g_81
49577,g_82
49577,g_10215
49577,g_10225
49983,g_18
49983,g_28
49983,g_53
49983,g_80
49983,g_10215
49983,g_10225
50165,g_53
50420,g_18
50444,g_12
50444,g_329
50444,g_1152
50444,g_1165
50444,g_3167
50444,g_5702
50708,g_18
50708,g_33
50708,g_44
50708,g_3142
50708,g_10221
50708,g_10223
50991,g_35
50991,g_1479
50991,g_2888
50991,g_10216
50991,g_10217
50991,g_10220
52105,g_28
52105,g_35
52105,g_81
52105,g_87
52105,g_867
52105,g_10225
52318,g_53
52318,g_86
52318,g_10214
52318,g_10215
52318,g_10226
52479,g_80
52479,g_142
52852,g_27
53515,g_35
53515,g_866
53515,g_1126
53515,g_2712
53515,g_10105
53707,g_27
53707,g_89
53707,g_878
53707,g_3165
53707,g_10215
53707,g_10226
53790,g_28
53790,g_863
53790,g_878
53790,g_10215
53790,g_10216
53996,g_53
54265,g_114
54265,g_303
54265,g_864
54265,g_10216
54265,g_10222
54265,g_16304
54593,g_18
54593,g_27
54593,g_53
54593,g_3163
54593,g_10215
54593,g_10226
54738,g_27
54738,g_53
54738,g_80
54738,g_10215
54738,g_10226
54812,g_35
55271,g_27
55319,g_27
55319,g_79
55319,g_80
55319,g_3165
55319,g_10215
55319,g_10226
55351,g_18
55351,g_53
55351,g_3165
55351,g_10215
55351,g_10223
55380,g_18
55380,g_28
55380,g_53
55380,g_80
55380,g_10215
55380,g_10223
55800,g_14
55800,g_27
55800,g_10215
55800,g_10220
55800,g_10225
55800,g_10226
55808,g_27
55808,g_163
55808,g_168
55808,g_10215
55808,g_10226
55810,g_18
55810,g_53
55810,g_79
55810,g_80
55810,g_10215
55829,g_18
55829,g_28
55829,g_53
55829,g_867
55829,g_10215
55829,g_10225
55893,g_18
55893,g_53
55893,g_80
55893,g_3165
55893,g_6033
55893,g_10215
56003,g_136
56003,g_14999
56003,g_16304
57004,g_18
57004,g_122
57055,g_27
57055,g_79
57055,g_866
57055,g_3167
57617,g_18
57617,g_22
57617,g_35
57703,g_18
58206,g_27
58206,g_39
58206,g_53
58206,g_10215
58206,g_10226
58361,g_17
58361,g_22
58361,g_209
58361,g_210
58361,g_1113
58361,g_2890
58361,g_10214
58361,g_10221
58361,g_10224
58361,g_10225
58454,g_18
58454,g_301
58454,g_1038
58454,g_1116
58454,g_1165
58454,g_1167
58454,g_3165
58454,g_6033
58852,g_18
58852,g_79
58852,g_3167
59031,g_1115
59039,g_157
59039,g_191
59039,g_10215
59039,g_10223
59039,g_10225
59061,g_27
59061,g_53
59061,g_79
59061,g_1119
59061,g_10215
59061,g_10226
59754,g_18
59754,g_28
59754,g_53
59754,g_80
59754,g_10215
59754,g_10223
59830,g_28
59830,g_35
59830,g_10107
59830,g_10214
59830,g_10215
59830,g_10216
60293,g_18
60293,g_301
60293,g_303
60293,g_3165
60293,g_10223
60293,g_14726
60294,g_18
60294,g_1164
60294,g_1167
60294,g_3165
60294,g_10223
60294,g_14726
60425,g_18
60425,g_28
60425,g_3166
60425,g_10215
60425,g_10219
60425,g_10223
60503,g_27
60503,g_163
60503,g_3110
60503,g_10215
60503,g_10220
60503,g_10226
60508,g_18
60508,g_1024
60508,g_3165
60508,g_10221
60508,g_10222
60508,g_10223
60566,g_18
60566,g_28
60566,g_35
60566,g_36
60566,g_10215
60566,g_10216
60659,g_16
60659,g_35
60659,g_87
60659,g_154
60659,g_219
60659,g_303
60659,g_354
60659,g_1040
60659,g_1113
60659,g_1163
60659,g_3163
60937,g_878
60937,g_3166
60937,g_10215
60937,g_10216
60937,g_10226
60937,g_16304
61195,g_12
61195,g_14
61195,g_28
61195,g_878
61195,g_10215
61195,g_10228
61325,g_27
61325,g_158
61325,g_878
61325,g_10215
61325,g_10226
61340,g_27
61340,g_158
61340,g_878
61340,g_2932
61340,g_3165
61340,g_10215
61909,g_34
61909,g_69
61909,g_154
61909,g_329
61909,g_865
61909,g_866
61909,g_1051
61909,g_1113
61909,g_1152
61909,g_3082
61909,g_8497
61909,g_10216
61909,g_10218
61909,g_10221
61909,g_10224
61909,g_10226
61909,g_10228
62053,g_18
62053,g_210
62053,g_2890
62053,g_3165
62053,g_6033
62053,g_10223
62054,g_18
62054,g_210
62054,g_2890
62054,g_3165
62054,g_6033
62054,g_10223
62055,g_18
62055,g_210
62055,g_2890
62055,g_3165
62055,g_6033
62055,g_10223
62069,g_18
62069,g_53
62069,g_105
62069,g_878
62069,g_6033
62069,g_10215
62304,g_18
62304,g_3163
62304,g_3165
62304,g_10221
62304,g_10223
62407,g_35
62407,g_37
62407,g_191
62407,g_2888
62407,g_10216
62541,g_12
62541,g_145
62541,g_10215
62541,g_10219
62541,g_10223
62650,g_18
62650,g_1024
62650,g_10223
62669,g_18
62669,g_3165
62669,g_6033
62669,g_10214
62669,g_10221
62669,g_10223
62703,g_18
62703,g_80
62703,g_3165
62703,g_10215
62703,g_10219
62703,g_10223
62972,g_18
62972,g_28
62972,g_53
62972,g_2738
62972,g_3165
62972,g_10215
63068,g_35
63068,g_114
63068,g_121
63068,g_3165
63068,g_10216
63068,g_10221
63069,g_18
63069,g_80
63069,g_3165
63069,g_6033
63069,g_10215
63069,g_10223
63102,g_18
63102,g_35
63102,g_3138
63102,g_3165
63102,g_10216
63102,g_10223
63172,g_28
63172,g_80
63172,g_3165
63172,g_10215
63172,g_10216
63172,g_17126
63267,g_18
63267,g_35
63267,g_301
63267,g_303
63267,g_1167
63267,g_3165
63267,g_10216
63267,g_10223
63267,g_14726
63267,g_17580
63463,g_99
63463,g_10214
63463,g_10216
63463,g_10223
63463,g_10228
63520,g_12
63520,g_17
63520,g_22
63520,g_35
63520,g_869
63520,g_1108
63520,g_1109
63733,g_18
63733,g_28
63733,g_53
63733,g_10215
63733,g_10219
63733,g_10223
63733,g_16914
64032,g_18
64032,g_28
64032,g_53
64032,g_10215
64032,g_10223
64191,g_18
64191,g_28
64191,g_80
64191,g_10215
64191,g_10223
64560,g_27
64560,g_866
64803,g_27
64803,g_80
64803,g_3165
64803,g_10215
64803,g_10226
65205,g_14
65205,g_158
65205,g_878
65205,g_3165
65205,g_10215
65205,g_10226
65405,g_14
65405,g_18
65405,g_31
65405,g_878
65405,g_10215
65405,g_10223
65407,g_12
65407,g_28
65407,g_52
65407,g_863
65407,g_2712
65407,g_10215
65512,g_18
65512,g_19
65512,g_10219
65512,g_10221
65512,g_10223
65852,g_34
65981,g_27
65981,g_157
65981,g_3110
65981,g_3166
65981,g_10215
65981,g_10220
65981,g_10225
65981,g_14415
66436,g_36
66436,g_209
66436,g_227
66436,g_303
66436,g_353
66436,g_354
66436,g_3162
66436,g_3163
66968,g_18
66968,g_32
66968,g_303
66968,g_1168
66968,g_2890
66968,g_6033
66968,g_14726
67063,g_18
67063,g_53
67063,g_80
67142,g_18
67142,g_53
67142,g_80
67142,g_10215
67142,g_10223
67751,g_53
67751,g_3138
67751,g_10215
67751,g_10226
68148,g_14
68148,g_16
68148,g_35
68148,g_878
68148,g_3167
68148,g_10216
68305,g_27
68305,g_28
68305,g_86
68305,g_878
68305,g_10215
68305,g_10226
68399,g_12
68399,g_79
68399,g_168
68399,g_10215
68399,g_10216
68399,g_10226
68427,g_18
68427,g_818
68427,g_1116
68427,g_1119
68534,g_18
68534,g_28
68534,g_53
68534,g_105
68534,g_2729
68534,g_10215
68942,g_18
68942,g_10223
69716,g_18
69716,g_1024
69716,g_3165
69716,g_10221
69716,g_10223
69729,g_18
69729,g_35
69729,g_53
69729,g_10215
69729,g_10216
69729,g_10223
70230,g_17
70230,g_18
70600,g_18
70600,g_35
70600,g_3167
70722,g_12
70722,g_28
70722,g_53
70722,g_3110
70722,g_10215
70722,g_10220
70722,g_10225
70722,g_14695
71012,g_27
71012,g_35
71702,g_147
71702,g_10215
71702,g_10216
71702,g_10223
71881,g_12
71881,g_31
71881,g_36
71881,g_2890
71881,g_10215
71881,g_10223
72557,g_126
73035,g_71
80698,g_18
80698,g_37
81143,g_1125
81996,g_18
81996,g_35
81996,g_3167
84610,g_18
84610,g_33
84610,g_80
84948,g_2890
84948,g_3167
95413,g_71
95413,g_10105
99674,g_18
102416,g_18
102416,g_3167
103984,g_18
103984,g_28
103984,g_80
104071,g_28
104071,g_52
104071,g_164
104071,g_878
111719,g_39
111719,g_154
112179,g_2731
112179,g_18385
113354,g_142
113354,g_644
113354,g_818
117199,g_36
117199,g_53
117199,g_209
117199,g_2889
118849,g_154
118849,g_818
118849,g_16304
120140,g_28
128617,g_18
128617,g_209
131729,g_18
131729,g_35
136808,g_18
136808,g_1119
144513,g_35
152289,g_35
152682,g_28
152682,g_2579
155499,g_27
155499,g_163
155499,g_168
155499,g_867
155499,g_874
159350,g_18
159547,g_126
167697,g_878
167697,g_3167
167699,g_878
167699,g_3167
113,g_19
113,g_54
113,g_69
113,g_87
113,g_353
113,g_1167
148,g_71
148,g_219
148,g_303
427,g_17
427,g_49
427,g_114
427,g_122
427,g_124
427,g_1104
537,g_33
537,g_126
537,g_303
537,g_1167
624,g_49
624,g_69
624,g_541
624,g_1113
624,g_2744
624,g_10214
624,g_10215
624,g_10282
633,g_32
633,g_53
633,g_69
633,g_6033
860,g_17
860,g_50
860,g_53
860,g_1109
860,g_10215
860,g_10222
877,g_28
877,g_249
877,g_1110
877,g_1112
877,g_3165
917,g_17
917,g_22
917,g_49
917,g_71
917,g_104
917,g_134
917,g_861
917,g_1110
1433,g_18
1433,g_27
1433,g_151
1433,g_154
1433,g_10226
1553,g_18
1553,g_53
1553,g_10219
1553,g_10221
1553,g_10224
1553,g_10225
1626,g_18
1626,g_87
1626,g_227
1626,g_354
1626,g_1113
1626,g_3163
1626,g_3165
1688,g_14
1688,g_17
1688,g_50
1688,g_52
1688,g_878
1688,g_1108
1688,g_1109
1688,g_6033
1688,g_10214
1688,g_10221
1688,g_10223
1688,g_10227
1805,g_49
1805,g_50
1805,g_56
1805,g_196
1805,g_866
1805,g_871
1805,g_874
1805,g_1109
1805,g_1113
1805,g_1119
1805,g_1122
1805,g_1124
1805,g_2712
1805,g_2915
1805,g_3167
1805,g_10216
1805,g_10228
1805,g_13544
1834,g_17
1834,g_50
1834,g_144
1834,g_1110
1834,g_2738
1834,g_3165
1834,g_6033
1834,g_10215
1834,g_10216
1835,g_17
1835,g_50
1835,g_80
1835,g_144
1835,g_1110
1835,g_6033
1841,g_50
1841,g_301
1841,g_644
1841,g_1110
1841,g_1167
1841,g_1205
1841,g_3165
1841,g_6033
1841,g_14726
1919,g_127
1919,g_3138
1919,g_3164
1919,g_10221
1919,g_10224
2000,g_12
2000,g_524
2000,g_3148
2000,g_3165
2000,g_10225
2000,g_10227
2000,g_10228
2060,g_33
2060,g_44
2060,g_303
2060,g_1110
2060,g_1479
2079,g_17
2079,g_35
2079,g_49
2079,g_50
2079,g_1116
2079,g_1122
2079,g_3165
2145,g_17
2145,g_22
2145,g_35
2145,g_863
2145,g_866
2161,g_12
2161,g_17
2161,g_50
2161,g_878
2161,g_10214
2161,g_10215
2161,g_10222
2161,g_10281
2194,g_17
2194,g_33
2194,g_35
2194,g_69
2194,g_866
2194,g_10216
2194,g_10217
2194,g_10219
2391,g_18
2391,g_31
2391,g_135
2566,g_54
2566,g_302
2566,g_10221
2566,g_10224
2828,g_17
2828,g_3167
2828,g_17126
3007,g_17
3007,g_878
3007,g_1110
3007,g_3165
3007,g_6033
3031,g_12
3031,g_17
3031,g_27
3031,g_878
3031,g_3165
3031,g_6033
3053,g_35
3053,g_49
3053,g_50
3053,g_163
3053,g_1110
3053,g_10215
3053,g_10216
3053,g_10226
3107,g_17
3107,g_28
3107,g_49
3107,g_53
3107,g_863
3107,g_864
3107,g_878
3474,g_14
3474,g_17
3474,g_878
3474,g_1110
3474,g_3165
3474,g_6033
3528,g_14
3528,g_17
3528,g_35
3528,g_3167
3564,g_17
3564,g_209
3564,g_210
3564,g_241
3564,g_3167
3685,g_12
3685,g_37
3685,g_49
3685,g_818
3685,g_1110
3685,g_2731
4146,g_19
4146,g_126
4191,g_18
4191,g_79
4191,g_302
4268,g_35
4268,g_80
4307,g_127
4307,g_219
4307,g_302
4307,g_10219
4307,g_10220
4307,g_10224
4383,g_17
4383,g_18
4383,g_209
4383,g_3165
4397,g_864
4397,g_1479
4397,g_2713
4397,g_2888
4397,g_2896
4397,g_3110
4519,g_35
4519,g_130
4519,g_302
4519,g_2731
4814,g_17
4814,g_35
4814,g_878
5473,g_209
5473,g_249
5473,g_818
5473,g_867
5618,g_33
5618,g_35
5618,g_126
5618,g_10216
5618,g_10217
5618,g_10218
5631,g_80
5631,g_818
5631,g_10214
5631,g_10215
5748,g_18
5748,g_49
5748,g_50
5748,g_80
5748,g_863
5748,g_864
5748,g_2916
5909,g_80
5909,g_1479
5912,g_1479
5912,g_3165
5939,g_12
5939,g_18
5939,g_818
5939,g_3165
5960,g_17
5960,g_126
5960,g_7141
5960,g_10105
5960,g_10214
5960,g_10216
5960,g_10217
5960,g_10227
5998,g_818
5998,g_1110
5998,g_1116
5998,g_3163
5998,g_3165
5998,g_10215
6011,g_17
6011,g_35
6011,g_3165
6391,g_18
6391,g_122
6391,g_3164
6630,g_17
6630,g_2370
6630,g_6033
6658,g_863
6658,g_3107
6881,g_17
6881,g_35
6881,g_863
6960,g_17
6960,g_35
7070,g_17
7070,g_35
7070,g_1109
7070,g_10216
7070,g_10217
9254,g_35
9254,g_10216
9254,g_10217
9282,g_1119
9282,g_3164
9282,g_10215
9282,g_10221
9316,g_28
9316,g_81
9316,g_10214
9316,g_10215
9316,g_10225
9316,g_18385
9508,g_35
9508,g_130
9508,g_5702
9508,g_10216
9508,g_10221
9736,g_127
9736,g_219
9736,g_818
9736,g_10221
9736,g_10223
9736,g_10224
9736,g_10225
9805,g_878
9805,g_10216
9805,g_10217
9805,g_14999
10161,g_54
10161,g_69
10161,g_209
10161,g_818
10161,g_2890
10161,g_10282
10244,g_44
10244,g_524
10257,g_12
10257,g_28
10257,g_35
10257,g_81
10280,g_27
10280,g_818
10580,g_33
10580,g_69
10580,g_1479
10580,g_10216
10580,g_10217
10580,g_10220
10976,g_122
10976,g_303
10976,g_6033
11431,g_126
11431,g_818
11431,g_10216
11431,g_10217
11786,g_14999
12550,g_27
12550,g_87
12550,g_867
12550,g_3082
13361,g_35
13525,g_18
13525,g_32
13708,g_14
13708,g_17
13708,g_818
13708,g_1109
13708,g_6033
15994,g_18
15994,g_36
15994,g_209
15994,g_353
15994,g_10215
15994,g_10221
15994,g_10223
15994,g_10224
16138,g_18
16138,g_28
16138,g_53
16138,g_81
16138,g_10214
16138,g_10215
16138,g_10220
16138,g_14926
16153,g_35
16210,g_18
16210,g_28
16210,g_3167
16727,g_27
16727,g_141
16727,g_863
16727,g_864
16727,g_3138
16727,g_3166
16727,g_10214
16727,g_10215
16727,g_10223
16727,g_10225
16727,g_10226
16727,g_10227
17218,g_18
17218,g_87
17218,g_133
17218,g_303
17218,g_865
17218,g_3163
17218,g_10214
17218,g_10220
17218,g_10222
17218,g_10223
17218,g_10227
17585,g_18
17585,g_10221
17585,g_10223
17585,g_10227
17585,g_10228
18944,g_18
18944,g_27
18944,g_10225
18944,g_10226
18944,g_10227
19471,g_27
19471,g_49
19471,g_157
19471,g_159
19471,g_867
19471,g_874
19471,g_878
19471,g_10215
19471,g_10226
19902,g_114
19902,g_124
19902,g_1108
19902,g_1109
19902,g_10216
19902,g_10217
19902,g_10222
20323,g_18
20323,g_3167
20325,g_18
20325,g_3167
22086,g_12
22086,g_89
22086,g_154
22086,g_18385
23098,g_37
23098,g_191
24041,g_36
24041,g_1109
24041,g_2890
24041,g_10221
24041,g_10222
24453,g_71
24453,g_865
24453,g_3167
24453,g_10215
24453,g_10221
24453,g_10223
24453,g_10225
26079,g_14
26079,g_17
26079,g_869
26079,g_1108
26079,g_2891
26079,g_10105
26079,g_10216
26079,g_10217
26985,g_12
26985,g_14
26985,g_18
26985,g_28
26985,g_34
26985,g_35
26985,g_89
26985,g_145
26985,g_329
26985,g_1044
26985,g_1152
26985,g_8497
26985,g_10215
26985,g_10216
26985,g_10221
26985,g_10224
26985,g_10225
26985,g_10228
27425,g_12
27425,g_17
27425,g_35
27425,g_869
27425,g_10105
27783,g_28
27783,g_37
27783,g_191
29129,g_27
29129,g_164
29129,g_864
29129,g_867
29129,g_10215
29876,g_28
29876,g_49
29876,g_80
29876,g_85
29876,g_864
29876,g_874
29876,g_1108
29876,g_1112
29876,g_10214
29876,g_10223
29876,g_10225
29876,g_10227
30294,g_12
30294,g_28
30294,g_31
30294,g_138
30294,g_863
30294,g_864
30294,g_874
30890,g_12
30890,g_14
30890,g_17
30890,g_28
30890,g_49
30890,g_863
30890,g_864
30890,g_1110
30890,g_2896
30890,g_14414
31124,g_18
31124,g_73
31124,g_87
31124,g_1113
31124,g_10215
31124,g_10221
31124,g_10223
31124,g_10224
31426,g_14
31426,g_34
31426,g_49
31426,g_864
31426,g_867
31426,g_871
31426,g_873
31426,g_1113
31426,g_1119
31426,g_2932
31426,g_3110
31426,g_3166
31426,g_8497
31459,g_19
31459,g_35
31459,g_73
31459,g_87
31459,g_114
31459,g_3164
31459,g_14354
32153,g_126
32153,g_10105
32231,g_18
32231,g_103
32231,g_209
32690,g_44
32690,g_71
32690,g_92
32690,g_10214
32690,g_10215
32690,g_10221
32690,g_10223
32690,g_10227
32917,g_17
32917,g_85
32917,g_144
32917,g_869
32917,g_1125
32921,g_17
32921,g_85
32921,g_144
32921,g_869
32921,g_1125
33019,g_1125
33019,g_1479
33019,g_2888
33019,g_10214
33019,g_10216
33019,g_10217
33019,g_10219
33378,g_44
33378,g_49
33378,g_354
33378,g_863
33378,g_864
33378,g_3137
33378,g_10225
33378,g_10227
33378,g_10228
34031,g_136
34031,g_3167
34031,g_10214
34031,g_10215
34031,g_10221
35194,g_18
35194,g_56
35194,g_80
35194,g_209
35194,g_867
35194,g_873
35194,g_874
35323,g_12
35323,g_14
35323,g_35
35323,g_2916
35323,g_6033
35323,g_10216
35323,g_10220
35946,g_18
35948,g_27
35948,g_79
35948,g_219
35948,g_303
35948,g_353
35948,g_1103
35948,g_1167
35948,g_3163
35948,g_14726
36002,g_18
36002,g_80
36095,g_28
36095,g_80
36281,g_18
36281,g_35
36281,g_10215
36281,g_10221
36281,g_10223
36281,g_10227
36281,g_10228
36633,g_12
36633,g_28
36633,g_3109
37445,g_27
37445,g_159
37445,g_863
37445,g_864
37445,g_867
37445,g_878
37445,g_2896
37735,g_28
37735,g_104
37735,g_141
37735,g_861
37735,g_864
37735,g_3160
37735,g_10214
37735,g_10215
37735,g_15774
37855,g_12
37855,g_28
37855,g_79
37855,g_80
37855,g_10214
37855,g_10215
37855,g_10225
37884,g_19
37884,g_35
37884,g_72
37884,g_130
37884,g_10215
37884,g_10216
37884,g_10219
37884,g_10221
38034,g_18
38034,g_33
38034,g_2916
38060,g_53
38176,g_12
38176,g_28
38176,g_33
38176,g_878
38176,g_10214
38176,g_10215
38176,g_10219
38176,g_10225
39025,g_12
39025,g_14
39025,g_28
39025,g_878
39025,g_10215
39025,g_10226
39025,g_10228
39045,g_135
39045,g_17580
39352,g_53
39352,g_251
39491,g_18
39491,g_1125
39491,g_2738
39511,g_18
39511,g_92
39511,g_106
39511,g_209
39511,g_864
39511,g_1112
39511,g_2889
39511,g_10214
39511,g_10215
39511,g_10221
39511,g_10223
39511,g_10224
39788,g_69
40348,g_18
40348,g_71
40348,g_133
40348,g_10105
40584,g_871
40584,g_873
40584,g_1479
40584,g_2916
40967,g_35
40967,g_53
40967,g_209
41623,g_52
41623,g_76
41869,g_12
41869,g_36
41869,g_148
41869,g_149
41869,g_303
41869,g_939
42162,g_27
42162,g_168
42162,g_818
42162,g_863
42162,g_2896
42162,g_10215
42162,g_10226
42670,g_12
42670,g_89
42670,g_863
42670,g_2896
42670,g_3163
42670,g_10215
42749,g_87
42749,g_126
42749,g_303
42749,g_10216
42749,g_10217
42749,g_10219
43043,g_18
43043,g_33
43043,g_130
43153,g_122
43153,g_1110
43153,g_10216
43153,g_10221
43153,g_10227
43153,g_10282
43184,g_17
43184,g_35
43184,g_1108
43184,g_10216
43184,g_10217
43184,g_10218
43184,g_10219
43863,g_18
43863,g_302
43863,g_303
43863,g_1113
43863,g_3163
43863,g_3165
43892,g_27
43892,g_79
43892,g_303
43892,g_3082
43892,g_10215
43892,g_10226
43892,g_15038
44036,g_18
44036,g_36
44036,g_80
44083,g_18
44083,g_35
44083,g_1110
44083,g_3165
44083,g_10216
44083,g_10217
44083,g_10221
44133,g_27
44133,g_303
44133,g_873
44133,g_1110
44133,g_3110
44133,g_10215
44133,g_10220
44133,g_14710
44160,g_12
44160,g_81
44160,g_144
44160,g_818
44160,g_864
44160,g_1108
44160,g_1109
44160,g_2774
44160,g_6033
44160,g_10215
44160,g_10223
44186,g_53
44188,g_18
44188,g_867
44188,g_873
44188,g_874
44188,g_2916
44188,g_3109
44188,g_3110
44539,g_81
44539,g_210
44539,g_2890
44539,g_10214
45288,g_12
45324,g_14
45324,g_28
45324,g_878
45324,g_1109
45324,g_10215
45324,g_10216
45324,g_10219
45324,g_10223
45324,g_17315
45505,g_12
45505,g_2891
45733,g_873
45733,g_3110
45733,g_10220
45814,g_18
45814,g_28
45814,g_114
45814,g_818
45814,g_1113
45814,g_3165
45814,g_10221
45814,g_10222
45956,g_35
45956,g_1479
45956,g_3110
45956,g_10216
45956,g_10217
45956,g_10220
46035,g_35
46035,g_866
46035,g_10216
46375,g_14
46375,g_35
46375,g_864
46375,g_873
46375,g_1479
46375,g_2916
46375,g_3110
46375,g_10216
46375,g_10217
46375,g_10220
46482,g_31
46482,g_116
46482,g_3109
46581,g_18
46581,g_35
46581,g_2888
46581,g_10216
46581,g_10217
46581,g_10219
46581,g_10220
46960,g_18
46960,g_31
46960,g_36
46960,g_129
46960,g_3114
46960,g_3159
47147,g_18
47147,g_33
47147,g_36
47147,g_2916
47147,g_6033
47147,g_10219
47147,g_10221
47181,g_1119
47181,g_3110
47796,g_22
47796,g_28
47796,g_878
47796,g_1113
47796,g_6033
47796,g_10215
47796,g_10228
47827,g_18
47827,g_35
47827,g_303
47827,g_354
47827,g_1113
47827,g_3165
47827,g_10228
49429,g_18
49429,g_10219
49429,g_10221
49429,g_10222
49429,g_10223
49429,g_10224
49494,g_12
49494,g_28
49494,g_35
49494,g_81
49494,g_82
49494,g_10215
49494,g_10216
49550,g_27
49550,g_28
49550,g_158
49550,g_867
49550,g_878
49550,g_10215
49550,g_10225
49573,g_28
49573,g_82
49573,g_864
49573,g_867
49573,g_10215
49573,g_10220
49573,g_10225
49800,g_28
49800,g_81
49800,g_82
49800,g_864
49800,g_10215
49800,g_10223
50039,g_18
50039,g_35
50039,g_80
50039,g_114
50039,g_10215
50039,g_10216
50039,g_10217
50572,g_27
50572,g_164
50572,g_867
50572,g_874
50572,g_10215
50572,g_10225
50572,g_10226
51482,g_144
51482,g_866
51482,g_869
51482,g_8741
51482,g_10215
51684,g_18
51684,g_28
51684,g_53
51684,g_80
51684,g_867
51684,g_10215
51943,g_18
51943,g_867
51943,g_1112
51943,g_3165
51943,g_10223
51943,g_10224
51943,g_10228
52238,g_53
52238,g_81
52238,g_14926
52320,g_1479
52320,g_2916
52360,g_16
52360,g_34
52360,g_81
52360,g_878
52504,g_12
52504,g_18
52504,g_31
52504,g_3163
52504,g_10215
52796,g_18
52796,g_80
52796,g_99
52796,g_209
52796,g_3163
52796,g_10215
52796,g_10223
53024,g_18
53024,g_33
53787,g_18
53787,g_35
53787,g_1122
53787,g_3165
53787,g_10214
53787,g_10216
53787,g_10222
53787,g_10223
53787,g_14726
53812,g_17
53812,g_27
53812,g_80
53812,g_869
53812,g_10214
53812,g_10226
54067,g_13
54067,g_18
54067,g_49
54067,g_69
54067,g_154
54067,g_219
54067,g_354
54067,g_1040
54067,g_1112
54067,g_9031
54067,g_10215
54067,g_10216
54067,g_10221
54067,g_10222
54067,g_10223
54067,g_10225
54067,g_10228
54067,g_13849
54675,g_27
54675,g_53
55295,g_27
55295,g_163
55295,g_3165
55295,g_6033
55295,g_10215
55295,g_10226
55818,g_28
55818,g_80
55818,g_864
55818,g_867
55818,g_10215
55818,g_10223
55818,g_10225
56055,g_18
56224,g_18
56231,g_37
56319,g_18
56319,g_80
56319,g_142
56319,g_3110
56319,g_10215
56319,g_10220
56319,g_10225
56320,g_18
56320,g_80
56320,g_142
56320,g_3110
56320,g_8497
56320,g_10215
56320,g_10220
56320,g_10225
56321,g_27
56321,g_28
56321,g_53
56321,g_80
56321,g_10215
56321,g_10225
56476,g_33
56476,g_2890
56514,g_18
56514,g_53
56514,g_3167
56883,g_126
56883,g_1119
56883,g_10216
56883,g_10219
56883,g_10221
56883,g_10222
56968,g_33
56968,g_35
56968,g_14726
57022,g_18
57686,g_18
57686,g_302
57820,g_33
57820,g_2890
57820,g_14452
58318,g_28
58318,g_53
58318,g_3109
58318,g_10215
58318,g_10220
58318,g_10223
58318,g_10225
58323,g_18
58323,g_79
58323,g_80
58323,g_3110
58323,g_10215
58323,g_10223
58323,g_10226
58510,g_27
58510,g_50
58510,g_163
58510,g_1108
58510,g_3165
58516,g_18
58516,g_35
58516,g_3163
58516,g_10216
58516,g_10228
58717,g_27
58717,g_166
58717,g_168
58717,g_10215
58717,g_10226
58717,g_15191
58734,g_18
58734,g_878
59025,g_37
59025,g_10215
59035,g_18
59035,g_28
59035,g_53
59035,g_80
59035,g_10215
59035,g_10223
59050,g_12
59050,g_866
59050,g_869
59050,g_1109
59050,g_8741
59050,g_10214
59050,g_10221
59413,g_12
59413,g_10214
59413,g_10216
59413,g_10228
59444,g_35
59444,g_80
59444,g_1479
59444,g_2916
59444,g_10215
59444,g_10216
59444,g_10220
60059,g_18
60059,g_149
60059,g_209
60059,g_2890
60059,g_6033
60059,g_10214
60059,g_10223
61640,g_18
61640,g_53
61976,g_2370
61976,g_10216
62528,g_80
62528,g_3165
62528,g_10215
62534,g_18
62534,g_130
62534,g_3165
62534,g_6033
62534,g_10220
62534,g_10221
62534,g_10223
62666,g_18
62666,g_3138
62666,g_3165
62666,g_10221
62666,g_10223
63260,g_12
63260,g_28
63260,g_80
63260,g_136
63260,g_3165
63260,g_6033
63260,g_10215
63687,g_18
63687,g_28
64016,g_12
64016,g_17
64016,g_869
64016,g_1109
64016,g_6033
64017,g_17
64017,g_18
64017,g_303
64017,g_1113
64202,g_28
64202,g_35
64202,g_53
64202,g_82
64202,g_10215
64202,g_10216
64202,g_10223
64568,g_28
64770,g_14
64770,g_27
64770,g_219
64770,g_303
64770,g_353
64770,g_1113
64770,g_1163
64770,g_1167
64770,g_3163
64770,g_14726
65139,g_12
65139,g_27
65139,g_878
65139,g_3165
65139,g_10215
65139,g_10226
65788,g_35
65788,g_10107
65910,g_878
65910,g_10215
65913,g_878
65913,g_10215
65949,g_18
65949,g_10223
66041,g_122
66041,g_301
66041,g_1119
66041,g_1165
66041,g_1167
66041,g_3163
66041,g_3165
66041,g_14726
66406,g_18
66406,g_3163
66406,g_3165
66406,g_10214
66406,g_10219
66406,g_10221
66406,g_10223
68577,g_35
68577,g_10216
69251,g_18
69251,g_3147
69251,g_3163
69722,g_14926
70733,g_28
70733,g_35
70733,g_10216
71008,g_27
71064,g_191
71064,g_10215
71064,g_10223
71407,g_18
71407,g_209
71407,g_301
71407,g_1101
71407,g_1165
71407,g_1167
71407,g_3163
71407,g_3165
71407,g_14726
72052,g_35
72052,g_10216
72608,g_28
72608,g_35
72608,g_81
73039,g_71
75202,g_18
75202,g_35
75202,g_69
77768,g_18
77768,g_35
79268,g_18
79268,g_27
79268,g_1188
80241,g_18
80241,g_49
80241,g_79
80241,g_209
80241,g_302
80241,g_303
80241,g_353
80241,g_1113
80241,g_1122
80347,g_10105
83113,g_12
85787,g_76
85787,g_136
85787,g_818
93477,g_69
93477,g_3167
93629,g_27
93629,g_168
93629,g_2579
93629,g_18847
95650,g_12
95650,g_869
95650,g_3167
96117,g_28
99021,g_27
99021,g_39
99021,g_53
107869,g_141
107869,g_874
108594,g_80
108594,g_818
108594,g_3167
112253,g_122
112253,g_329
112253,g_10597
148897,g_28
152865,g_18
155502,g_27
155502,g_39
155502,g_87
155502,g_867
155502,g_874
204,g_12
204,g_44
204,g_53
204,g_301
204,g_1115
204,g_6033
204,g_10215
204,g_17580
224,g_36
224,g_92
224,g_134
276,g_122
276,g_134
276,g_303
276,g_1195
276,g_1246
276,g_10221
276,g_10222
276,g_10223
276,g_10228
299,g_12
299,g_49
299,g_50
299,g_241
299,g_864
299,g_1110
299,g_1125
299,g_10215
299,g_10216
315,g_18
315,g_28
315,g_49
315,g_56
315,g_80
315,g_301
315,g_303
315,g_867
410,g_18
410,g_44
410,g_865
410,g_1168
410,g_10216
410,g_10217
410,g_10221
631,g_33
631,g_50
631,g_80
631,g_301
631,g_353
631,g_1050
631,g_1116
720,g_50
720,g_1108
720,g_1109
720,g_1119
720,g_2888
720,g_10216
720,g_10217
720,g_14999
787,g_19
787,g_28
787,g_50
787,g_87
787,g_1125
787,g_10214
787,g_10216
787,g_10220
808,g_12
808,g_13
808,g_15
808,g_17
808,g_50
808,g_104
808,g_126
808,g_869
808,g_1108
808,g_1109
808,g_1110
808,g_2895
808,g_3160
808,g_10216
808,g_10217
808,g_10281
808,g_14999
897,g_69
897,g_1110
897,g_4221
897,g_6033
897,g_10221
897,g_15505
930,g_18
930,g_3162
930,g_3165
1040,g_133
1040,g_149
1040,g_818
1040,g_939
1040,g_1110
1040,g_3148
1040,g_10223
1040,g_10282
1088,g_69
1088,g_71
1088,g_87
1088,g_302
1088,g_303
1088,g_818
1254,g_71
1254,g_79
1254,g_87
1254,g_302
1254,g_10215
1254,g_10221
1254,g_10224
1254,g_10228
1585,g_14
1585,g_17
1585,g_33
1585,g_71
1585,g_1110
1585,g_3138
1585,g_3165
1848,g_18
1848,g_864
1848,g_2738
1848,g_3167
1848,g_6033
1955,g_18
1955,g_49
1955,g_209
1955,g_303
1955,g_867
1955,g_1113
1955,g_10221
1955,g_10282
2002,g_33
2002,g_302
2002,g_939
2035,g_17
2035,g_53
2035,g_3167
2076,g_18
2076,g_28
2076,g_50
2076,g_53
2076,g_80
2076,g_864
2076,g_2896
2123,g_17
2123,g_35
2123,g_50
2123,g_865
2123,g_10214
2123,g_10216
2123,g_10217
2123,g_10218
2123,g_10225
2124,g_33
2124,g_50
2124,g_79
2124,g_80
2124,g_142
2124,g_3109
2124,g_10215
2124,g_10220
2226,g_17
2226,g_1093
2226,g_2713
2254,g_17
2254,g_80
2254,g_1093
2254,g_3165
2283,g_17
2283,g_133
2283,g_210
2283,g_3167
2290,g_18
2290,g_49
2290,g_50
2290,g_6033
2290,g_10221
2290,g_10224
2586,g_17
2586,g_18
2586,g_80
2586,g_3167
2703,g_17
2703,g_49
2703,g_149
2703,g_209
2703,g_354
2703,g_869
2703,g_939
2703,g_1110
2703,g_3084
2703,g_3127
2703,g_3164
2703,g_3168
2855,g_17
2855,g_878
2855,g_1093
2909,g_17
2909,g_878
2909,g_1093
2914,g_17
2914,g_878
2914,g_1093
2970,g_17
2970,g_878
2970,g_1110
2970,g_3165
3428,g_44
3428,g_1122
3428,g_1250
3428,g_3135
3988,g_17
3988,g_35
3988,g_50
3988,g_85
3988,g_863
3988,g_1110
3988,g_3165
4106,g_18
4106,g_31
4106,g_302
4106,g_874
4106,g_1113
4106,g_6723
4387,g_18
4387,g_80
4387,g_209
4387,g_1109
4387,g_3167
4387,g_10220
4387,g_10221
4387,g_10223
4387,g_10224
4479,g_36
4479,g_44
4479,g_818
4479,g_3167
4526,g_17
4526,g_80
4526,g_818
4680,g_18
4680,g_80
4735,g_18
4739,g_130
4765,g_56
4922,g_18
4922,g_50
4922,g_3138
4922,g_10221
4922,g_10227
4922,g_10228
4922,g_10281
4922,g_10282
5691,g_33
5691,g_126
5691,g_1479
5691,g_3135
5691,g_17580
5914,g_80
5914,g_2916
5914,g_10214
5914,g_10215
6002,g_17
6002,g_35
6002,g_3165
6105,g_17
6105,g_18
6105,g_79
6105,g_144
6105,g_818
6105,g_3167
6368,g_17
6368,g_130
6368,g_818
6591,g_49
6591,g_53
6591,g_80
6591,g_864
6591,g_865
6591,g_6033
6916,g_28
6916,g_35
6916,g_863
6916,g_864
6916,g_6033
6916,g_10216
6916,g_10218
8276,g_71
8276,g_3164
8276,g_10221
8276,g_10223
8276,g_10224
8324,g_92
8324,g_106
8441,g_18
8441,g_818
8441,g_3164
8558,g_18
8558,g_28
8558,g_866
8841,g_44
8841,g_210
8841,g_818
8841,g_1178
8841,g_15588
8856,g_28
8856,g_50
8856,g_69
8856,g_1109
8856,g_3160
8856,g_10107
8856,g_10215
8856,g_10216
9336,g_35
9336,g_10216
9336,g_10218
9797,g_36
9797,g_210
9797,g_2890
9797,g_3163
9797,g_3165
9803,g_2759
9803,g_10216
9803,g_14999
10031,g_18
10031,g_27
10031,g_53
10038,g_878
10038,g_8497
10588,g_14
10588,g_126
10588,g_818
10588,g_869
10588,g_10216
10588,g_10221
11147,g_71
11147,g_122
11147,g_127
11147,g_807
11147,g_818
11147,g_1037
11163,g_18
11163,g_19
11163,g_35
11633,g_34
11633,g_43
11633,g_52
11633,g_8497
11633,g_10222
11633,g_10223
11633,g_10228
12196,g_69
12196,g_302
12196,g_10216
12196,g_10223
12196,g_10225
12504,g_18
12504,g_28
12504,g_53
12504,g_80
12565,g_18
12565,g_1249
12565,g_3164
12565,g_10216
12565,g_10221
12565,g_10222
12565,g_10223
12879,g_17
12879,g_18
12879,g_878
13129,g_28
13129,g_2891
13169,g_18
13169,g_33
13329,g_114
13329,g_1479
13355,g_44
13355,g_135
14072,g_18
14072,g_36
14130,g_16
14130,g_28
14130,g_878
14130,g_10214
14130,g_10215
14461,g_18
14461,g_10221
14517,g_27
14517,g_878
14564,g_210
14564,g_2890
14564,g_3163
15662,g_12
15662,g_17
15662,g_818
15662,g_869
15762,g_18
15762,g_36
15762,g_3167
15872,g_17
15872,g_35
15872,g_50
15872,g_1109
15872,g_10216
15872,g_10222
15872,g_10228
15950,g_18
15950,g_33
15950,g_302
15950,g_353
15950,g_1113
15950,g_3109
15950,g_10219
15950,g_10220
15950,g_10227
15979,g_27
15979,g_56
15979,g_157
15979,g_303
15979,g_3138
15979,g_10216
15979,g_10226
15979,g_16304
16737,g_28
16737,g_36
16737,g_81
16737,g_210
16737,g_2890
16737,g_10214
16737,g_10225
17476,g_27
17476,g_867
17476,g_874
17476,g_3082
17476,g_10223
17476,g_10224
17476,g_10225
17476,g_10226
17476,g_10227
17476,g_10228
17476,g_15038
18086,g_13
18086,g_16
18086,g_17
18086,g_104
18086,g_126
18086,g_196
18086,g_869
18086,g_1108
18086,g_1109
18086,g_1123
18086,g_2759
18086,g_10216
18086,g_10217
18086,g_10218
18086,g_10219
18086,g_10221
18086,g_10282
18936,g_33
18936,g_122
18936,g_10216
18936,g_10219
18936,g_10221
19510,g_36
19510,g_54
19510,g_92
19510,g_209
19510,g_1109
19510,g_3167
19510,g_10215
19510,g_10221
19510,g_10223
19649,g_99
19649,g_10221
19649,g_10223
19649,g_10281
19649,g_10282
19814,g_36
19814,g_50
19814,g_54
19814,g_71
19814,g_209
19814,g_1109
19814,g_10214
19814,g_10215
19814,g_10221
19814,g_10223
20294,g_18
20294,g_31
20294,g_53
20294,g_209
20330,g_18
20330,g_3167
20691,g_18
20691,g_53
20829,g_19
20829,g_34
20829,g_193
20829,g_329
20829,g_874
20829,g_2579
20829,g_3166
21146,g_17
21146,g_35
21146,g_50
21146,g_1108
21146,g_2896
21146,g_10216
21146,g_10217
21146,g_10228
21530,g_14
21530,g_85
21530,g_8497
21530,g_10214
21530,g_10215
22084,g_18
22084,g_31
22084,g_1116
22084,g_1165
22084,g_1167
22084,g_3148
22084,g_3165
23010,g_28
23010,g_53
23010,g_2738
23100,g_35
23100,g_37
23100,g_191
23104,g_28
23104,g_39
23383,g_12
23383,g_15
23383,g_17
23383,g_35
23383,g_303
23383,g_869
23383,g_10215
23383,g_10216
23402,g_12
23402,g_17
23402,g_18
23402,g_49
23402,g_106
23402,g_864
23402,g_865
23402,g_868
23402,g_1113
23402,g_14354
24486,g_28
24486,g_35
24486,g_73
24486,g_81
24486,g_3164
24486,g_9496
24486,g_10216
24486,g_10217
24486,g_10228
25023,g_103
25092,g_18
25092,g_53
25092,g_157
25092,g_1112
25092,g_10215
25092,g_10225
25092,g_10227
25092,g_14710
26156,g_122
26184,g_18
26296,g_35
26296,g_80
27863,g_27
27863,g_53
27863,g_169
27863,g_863
27863,g_866
27863,g_871
27863,g_874
27863,g_1108
27863,g_10215
27863,g_10226
28179,g_18
28179,g_36
28179,g_10221
28187,g_17
28187,g_18
28187,g_71
28187,g_87
28187,g_122
28187,g_868
28187,g_1113
28192,g_19
28192,g_44
28192,g_127
28192,g_10221
28192,g_10223
28192,g_10227
28192,g_10228
29764,g_18
29764,g_36
29764,g_303
29764,g_3148
29764,g_10215
29764,g_10223
29764,g_10226
29764,g_10227
30507,g_87
30507,g_126
30507,g_303
30507,g_871
30507,g_10216
30507,g_10217
30507,g_10219
30507,g_10222
30743,g_18
30743,g_44
30743,g_54
30743,g_71
30743,g_87
30743,g_1113
30743,g_3163
30847,g_12
30847,g_35
30847,g_10216
31247,g_79
34154,g_53
34154,g_864
34154,g_867
34154,g_874
34154,g_1112
34154,g_10214
34154,g_10220
34154,g_10225
35731,g_18
35731,g_53
35731,g_80
35731,g_303
35731,g_871
35731,g_874
35938,g_35
36067,g_12
36067,g_14
36067,g_28
36863,g_27
36863,g_33
36863,g_87
36863,g_867
36863,g_3082
36863,g_3166
36863,g_15038
37073,g_1119
37073,g_3110
37239,g_28
37239,g_138
37239,g_863
37239,g_864
37239,g_867
37239,g_10215
37239,g_10225
37854,g_17
37854,g_18
37854,g_50
37854,g_54
37854,g_71
37854,g_209
37854,g_818
37854,g_10221
37854,g_10223
37854,g_10224
37879,g_18
37879,g_44
37879,g_50
37879,g_54
37879,g_865
37879,g_10215
37879,g_10221
37879,g_10223
37879,g_10224
37926,g_79
37926,g_170
37926,g_7407
37926,g_10215
37926,g_10227
37963,g_27
37963,g_114
37963,g_303
37963,g_863
37963,g_864
37963,g_874
37963,g_878
37963,g_1113
38364,g_1125
39022,g_27
39022,g_39
39022,g_867
39022,g_874
39022,g_10215
39022,g_10225
39022,g_10226
39351,g_35
39351,g_2888
39749,g_31
40973,g_18
40973,g_35
41441,g_2737
41964,g_18
41964,g_53
41964,g_79
41964,g_303
41964,g_818
41964,g_10214
41964,g_10215
41964,g_10226
42305,g_2738
42305,g_2896
42642,g_12
42642,g_13
42642,g_14
42642,g_17
42642,g_18
42642,g_863
42642,g_878
42642,g_14414
42778,g_27
42778,g_163
42778,g_303
42778,g_863
42778,g_864
42778,g_1113
42778,g_10215
42778,g_10226
43442,g_35
43467,g_12
43467,g_17
43467,g_14452
43709,g_12
43709,g_35
43709,g_863
43709,g_864
43709,g_1113
43709,g_1479
43709,g_3110
43709,g_3167
43709,g_10216
43709,g_10220
43709,g_14414
43758,g_12
43758,g_14
43758,g_17
43758,g_869
43758,g_10214
43758,g_10221
44033,g_17
44033,g_35
44033,g_154
44033,g_3167
44033,g_10216
44033,g_10217
44470,g_18
44860,g_56
44860,g_866
44860,g_878
44876,g_18
44876,g_28
44876,g_81
44876,g_303
44876,g_864
44876,g_10215
44876,g_10219
44876,g_10225
44982,g_12
44982,g_17
44982,g_85
44982,g_869
44982,g_1110
44982,g_8741
44982,g_10217
44982,g_10221
45344,g_18
45344,g_27
45344,g_53
45344,g_79
45344,g_867
45344,g_873
45344,g_874
45349,g_18
45349,g_122
45349,g_10221
45349,g_10228
45493,g_71
45493,g_1113
45493,g_10215
45493,g_10221
45493,g_10223
45493,g_10281
45493,g_10282
45493,g_17580
45504,g_18
45504,g_10214
45504,g_10221
45504,g_10223
45504,g_10224
45504,g_10225
45504,g_10227
45504,g_10228
45838,g_126
45838,g_130
45838,g_818
45838,g_10215
45838,g_10216
45838,g_10220
45980,g_867
45980,g_873
45980,g_1479
45980,g_3107
45980,g_3163
45980,g_10216
45980,g_10217
45980,g_10220
45988,g_35
45988,g_53
45988,g_80
45988,g_818
45988,g_867
45988,g_10215
45988,g_10216
45988,g_10226
46195,g_130
46195,g_2916
46232,g_35
46232,g_36
46232,g_818
46232,g_1479
46232,g_10216
46232,g_10217
46232,g_10220
46352,g_18
46352,g_28
46352,g_81
46352,g_82
46352,g_818
46352,g_1110
46352,g_10223
46352,g_10225
46425,g_2888
46764,g_27
46764,g_867
46764,g_874
46764,g_3082
46764,g_8497
46764,g_10223
46764,g_10224
46764,g_10225
46764,g_10226
46764,g_10227
46764,g_10228
46764,g_15038
46798,g_33
46798,g_53
46798,g_79
47146,g_12
47146,g_18
47146,g_33
47146,g_80
47146,g_136
47146,g_6033
47146,g_10215
47146,g_10219
47180,g_18
47180,g_27
47180,g_53
47180,g_157
47180,g_873
47180,g_874
47180,g_1112
47180,g_1113
47180,g_10215
47180,g_10225
47180,g_10226
47180,g_10227
47180,g_14710
47231,g_27
47231,g_157
47231,g_867
47231,g_874
47231,g_1113
47231,g_10215
47231,g_10225
47231,g_10226
47653,g_3109
47653,g_3110
47653,g_14710
47713,g_53
47713,g_76
47713,g_10215
47733,g_14
47733,g_35
47733,g_354
47733,g_1112
47733,g_1113
47733,g_1119
47733,g_2915
48348,g_18
48348,g_31
48348,g_35
48348,g_116
48348,g_3165
48348,g_10216
48348,g_10222
48348,g_10223
48678,g_14
48678,g_28
48678,g_35
48678,g_10215
48678,g_10216
48678,g_10217
48678,g_10226
49458,g_28
49458,g_35
49458,g_53
49458,g_80
49458,g_81
49458,g_10215
49458,g_10216
49458,g_10225
49611,g_28
49611,g_53
49611,g_8497
49611,g_10215
49611,g_10216
49611,g_10221
49611,g_10225
49876,g_44
49876,g_818
49876,g_10107
49950,g_18
49950,g_28
49950,g_80
49950,g_81
49950,g_82
49950,g_867
49950,g_10215
49950,g_10225
50156,g_18
50156,g_209
50156,g_3167
50156,g_10219
50156,g_10221
50156,g_10223
50156,g_10224
50299,g_81
50299,g_82
50299,g_10216
50299,g_10217
50299,g_14414
50313,g_18
50313,g_69
50313,g_10215
50313,g_10220
50313,g_10221
51234,g_35
51446,g_18
51446,g_53
51446,g_867
51446,g_2738
51446,g_10215
51446,g_10216
51446,g_10219
51446,g_10223
52212,g_32
52212,g_36
52212,g_2889
52330,g_12
52330,g_16
52330,g_17
52330,g_35
52330,g_10216
52439,g_35
52439,g_2888
52439,g_10216
53432,g_27
53432,g_874
53432,g_1112
53432,g_10227
53917,g_28
53917,g_3166
53917,g_10215
54592,g_27
54592,g_53
54592,g_79
54592,g_303
54592,g_1113
54592,g_1163
54592,g_10215
54592,g_10226
54728,g_37
54728,g_191
55312,g_28
55312,g_35
55312,g_863
55312,g_10216
55312,g_10225
55312,g_10228
55312,g_14414
55521,g_18
55521,g_301
55521,g_14726
55779,g_12
55779,g_28
55779,g_80
55779,g_878
55779,g_2891
55779,g_3165
55779,g_10215
55779,g_10228
55885,g_18
55885,g_10227
55885,g_14726
56008,g_18
56008,g_1119
56008,g_3167
56040,g_27
56040,g_53
56040,g_867
56040,g_874
56040,g_10215
56040,g_10225
56040,g_10227
56040,g_14710
56085,g_18
56085,g_36
56085,g_134
56085,g_3167
56085,g_6033
56146,g_27
56146,g_168
56146,g_219
56146,g_301
56146,g_863
56146,g_1167
56146,g_3165
56146,g_14726
56302,g_36
56302,g_210
56302,g_2890
56302,g_3163
56446,g_18
56446,g_53
56446,g_142
56446,g_2916
56446,g_8497
56446,g_10215
56446,g_10220
56583,g_35
56583,g_871
56583,g_873
56583,g_7221
56583,g_14452
56583,g_14740
57506,g_18
57506,g_818
57666,g_17
57666,g_18
57666,g_35
57666,g_50
57666,g_303
57666,g_863
57666,g_865
57666,g_1108
57666,g_14354
57850,g_34
57850,g_8497
58110,g_18
58110,g_33
58110,g_126
58110,g_3163
58110,g_10216
58110,g_10219
58110,g_10221
58110,g_10224
58703,g_35
58703,g_10216
58703,g_10222
58830,g_18
58830,g_79
58830,g_80
58830,g_85
59015,g_18
59015,g_122
59015,g_10216
59015,g_10221
59015,g_10223
59015,g_10228
59017,g_35
59017,g_191
59017,g_10216
59074,g_18
59074,g_3167
59142,g_18
59142,g_1116
59142,g_10214
59142,g_10217
59142,g_10219
59142,g_10220
59142,g_10221
59142,g_10223
59142,g_10224
59190,g_157
59190,g_684
59362,g_14
59362,g_35
59362,g_878
59362,g_2891
59362,g_3167
59362,g_10216
59362,g_10220
59362,g_10228
59394,g_28
59394,g_878
59394,g_10215
59516,g_27
59516,g_35
59516,g_117
59516,g_1122
59831,g_12
59831,g_31
59831,g_35
59831,g_6033
59831,g_10214
59831,g_10215
59831,g_10216
59831,g_10217
60058,g_18
60058,g_37
60058,g_149
60058,g_209
60058,g_2890
60058,g_6033
60058,g_10215
60058,g_10223
60068,g_44
60068,g_209
60070,g_35
60070,g_3165
60085,g_12
60085,g_18
60340,g_18
60340,g_27
60340,g_87
60340,g_303
60340,g_354
60340,g_871
60340,g_873
60340,g_874
60340,g_1112
60340,g_1113
60340,g_3110
60394,g_33
60394,g_35
60394,g_126
60394,g_3163
60394,g_10216
60394,g_10219
60394,g_10221
60441,g_27
60441,g_157
60441,g_162
60441,g_874
60441,g_3166
60560,g_53
60560,g_878
60560,g_10215
60769,g_18
60769,g_28
60769,g_80
60966,g_18
60966,g_28
60966,g_31
60966,g_81
60966,g_82
60966,g_2926
60966,g_10215
60966,g_10223
61440,g_18
61440,g_6033
61440,g_10214
61440,g_10223
62139,g_28
62139,g_53
62139,g_10215
62350,g_12
62350,g_28
62350,g_10215
62392,g_28
62392,g_53
62392,g_10215
62394,g_27
62394,g_10215
62394,g_10226
62526,g_18
62526,g_31
62526,g_32
62526,g_1024
62526,g_3165
62526,g_10214
62526,g_10215
62526,g_10223
62529,g_80
62529,g_3165
62529,g_10215
62661,g_126
62706,g_35
62706,g_6033
62706,g_10216
62728,g_14
62728,g_27
62728,g_163
62728,g_3165
62728,g_6033
62728,g_10215
62728,g_10226
63122,g_12
63122,g_18
63122,g_80
63122,g_2916
63122,g_10215
63122,g_10220
63122,g_10223
63149,g_27
63149,g_87
63149,g_164
63149,g_303
63149,g_1113
63251,g_35
63251,g_3163
63251,g_10216
63621,g_28
63621,g_10215
63621,g_10223
63700,g_27
63700,g_53
63700,g_86
63700,g_158
63700,g_878
63700,g_10215
63700,g_10226
63963,g_18
63963,g_35
63963,g_10282
63963,g_15588
64020,g_92
64020,g_106
64020,g_864
64020,g_865
64020,g_1163
64020,g_3167
64020,g_10215
64020,g_10222
64020,g_10223
64070,g_1125
64070,g_18385
64150,g_12
64150,g_14
64150,g_27
64150,g_28
64150,g_81
64150,g_10215
64244,g_14
64244,g_27
64244,g_28
64244,g_35
64244,g_163
64244,g_10215
64244,g_10216
64244,g_10226
64333,g_10215
64333,g_10223
64333,g_16914
64432,g_18
64432,g_5702
64599,g_135
64599,g_864
64599,g_3004
64816,g_141
64816,g_303
68044,g_12
68044,g_18
68044,g_28
68044,g_53
68044,g_2916
68044,g_10215
68044,g_10220
68044,g_10223
68062,g_80
68062,g_2737
68062,g_10215
68382,g_191
68382,g_10223
68544,g_35
68544,g_191
68544,g_10216
68544,g_10225
69141,g_878
69141,g_10215
69141,g_10223
69247,g_191
69367,g_19
69367,g_36
69367,g_2890
69367,g_10215
69367,g_10219
69367,g_10221
69367,g_10224
70122,g_191
70122,g_10215
70122,g_10223
70767,g_18
70767,g_10220
70767,g_10223
70832,g_18
70832,g_10215
70832,g_10223
70847,g_80
70850,g_33
70850,g_35
70850,g_126
71878,g_191
71878,g_10215
71878,g_10223
72045,g_18
72045,g_1115
72045,g_10223
75627,g_35
77242,g_126
81993,g_22
81993,g_33
81993,g_35
91006,g_105
91763,g_18
91763,g_818
91763,g_939
102892,g_52
102935,g_44
102935,g_73
102935,g_209
102935,g_219
102935,g_302
102935,g_303
102935,g_353
102935,g_644
102935,g_1113
102935,g_1122
102935,g_10215
102935,g_10225
102935,g_10227
107954,g_1141
113205,g_18
113205,g_44
113205,g_49
113205,g_73
113205,g_129
113205,g_302
113205,g_303
113205,g_353
113205,g_1113
113205,g_1122
114347,g_28
114347,g_251
114347,g_10464
116411,g_2888
118281,g_18
118281,g_35
118281,g_5702
118281,g_10222
118281,g_10225
129702,g_53
129702,g_10067
138246,g_22
138246,g_33
138787,g_79
139852,g_12
139852,g_878
156606,g_28
156606,g_36
177809,g_18
188979,g_31
188979,g_3162
188979,g_19772
188979,g_19773
189167,g_209
189167,g_7221
189167,g_14942
27,g_22
27,g_33
27,g_303
27,g_354
27,g_873
27,g_1195
27,g_3110
27,g_10220
27,g_10221
27,g_10228
147,g_44
147,g_71
147,g_130
147,g_134
147,g_227
147,g_301
147,g_3164
147,g_10221
147,g_10223
147,g_10225
210,g_17
210,g_43
210,g_49
210,g_50
210,g_866
210,g_878
210,g_1108
210,g_2979
210,g_3135
210,g_3160
225,g_36
225,g_92
225,g_133
225,g_134
225,g_329
317,g_31
317,g_32
317,g_33
317,g_44
317,g_209
317,g_303
317,g_1112
317,g_1113
317,g_17580
391,g_28
391,g_49
391,g_191
391,g_864
391,g_1110
391,g_10225
408,g_13
408,g_17
408,g_50
408,g_124
408,g_126
408,g_130
408,g_134
408,g_1110
408,g_6033
408,g_14452
408,g_14726
761,g_17
761,g_114
761,g_124
761,g_1109
761,g_1110
761,g_2888
761,g_10216
761,g_10217
761,g_10218
761,g_13544
798,g_18
798,g_869
798,g_1110
798,g_3165
798,g_6033
798,g_10216
798,g_10221
878,g_17
878,g_35
878,g_49
878,g_818
878,g_1110
878,g_3165
878,g_10216
878,g_10217
878,g_10218
893,g_54
893,g_87
893,g_204
893,g_303
893,g_1096
893,g_6033
893,g_10223
893,g_10225
893,g_10228
1090,g_50
1090,g_79
1090,g_818
1090,g_878
1090,g_10215
1090,g_10223
1090,g_10228
1114,g_87
1114,g_101
1114,g_208
1114,g_303
1114,g_1250
1114,g_3114
1114,g_3164
1818,g_49
1818,g_56
1818,g_329
1818,g_818
1818,g_1123
1818,g_2738
1818,g_2896
1818,g_3163
1818,g_10215
1818,g_10224
2039,g_18
2039,g_35
2039,g_50
2039,g_10216
2039,g_10219
2039,g_10282
2039,g_14354
2117,g_32
2117,g_209
2117,g_2890
2117,g_10221
2117,g_10223
2117,g_10224
2117,g_10282
2141,g_17
2141,g_49
2141,g_50
2141,g_210
2141,g_2890
2141,g_3167
2141,g_11083
2149,g_80
2149,g_142
2149,g_871
2149,g_873
2149,g_1112
2149,g_2916
2149,g_10215
2149,g_10220
2149,g_10228
2214,g_17
2214,g_92
2214,g_1093
2214,g_1110
2216,g_17
2216,g_31
2216,g_864
2216,g_1093
2229,g_17
2229,g_54
2229,g_1093
2233,g_19
2233,g_33
2233,g_130
2233,g_1093
2240,g_17
2240,g_80
2240,g_1093
2240,g_6033
2380,g_18
2380,g_35
2380,g_302
2475,g_17
2475,g_18
2475,g_79
2475,g_878
2475,g_3167
2487,g_18
2487,g_82
2487,g_7286
2487,g_10214
2487,g_10215
2487,g_10225
2487,g_14926
2497,g_17
2497,g_28
2497,g_33
2497,g_35
2497,g_865
2497,g_3167
2599,g_17
2599,g_18
2599,g_80
2599,g_3167
2676,g_27
2676,g_49
2676,g_87
2676,g_303
2676,g_874
2676,g_3148
2676,g_10214
2676,g_10215
2676,g_10226
2676,g_10227
2792,g_17
2792,g_35
2792,g_3135
2792,g_3165
2882,g_19
2882,g_126
2882,g_302
2882,g_818
2882,g_10219
2882,g_10221
2969,g_14
2969,g_17
2969,g_18
2969,g_878
2969,g_1110
2969,g_3165
2969,g_6033
2971,g_17
2971,g_18
2971,g_878
2971,g_1110
2971,g_3165
2971,g_6033
2973,g_12
2973,g_18
2973,g_818
2973,g_867
2973,g_878
2973,g_1110
2973,g_1116
2973,g_3148
2973,g_3165
3005,g_17
3005,g_49
3005,g_69
3005,g_104
3005,g_151
3005,g_154
3005,g_818
3005,g_1110
3005,g_3148
3005,g_10214
3005,g_10221
3529,g_17
3529,g_35
3529,g_50
3529,g_79
3529,g_80
3529,g_3165
3541,g_28
3541,g_80
3541,g_864
3541,g_874
3541,g_3109
3541,g_10215
3541,g_10225
3541,g_10227
3686,g_12
3686,g_37
3686,g_49
3686,g_104
3686,g_818
3686,g_1110
3686,g_2731
3686,g_10214
3686,g_10215
3929,g_17
3929,g_35
3929,g_50
3929,g_85
3929,g_863
3929,g_1110
3929,g_3165
3977,g_17
3977,g_35
3977,g_50
3977,g_85
3977,g_863
3977,g_1110
3977,g_3165
4235,g_80
4235,g_2738
4384,g_17
4384,g_18
4386,g_92
4386,g_251
4487,g_79
4487,g_80
4487,g_3167
4557,g_17
4557,g_144
4557,g_818
4557,g_3165
4630,g_44
4630,g_54
4630,g_87
4630,g_127
4630,g_303
4630,g_1113
4630,g_6033
4710,g_18
4710,g_19
4710,g_92
4710,g_227
4710,g_303
4710,g_353
4710,g_1165
4710,g_1167
4710,g_3163
4710,g_3165
4710,g_14726
4719,g_1125
4719,g_10216
4719,g_10217
4762,g_44
4762,g_115
4762,g_3137
5063,g_18
5063,g_245
5063,g_818
5235,g_33
5235,g_126
5235,g_302
5235,g_10216
5235,g_10219
5235,g_10221
5817,g_35
5817,g_303
5817,g_1119
5850,g_17
5850,g_44
5850,g_69
5850,g_71
5850,g_303
5850,g_2370
5967,g_18
5967,g_130
5967,g_865
5967,g_1110
5967,g_3163
5967,g_10219
5967,g_10221
5967,g_10224
5967,g_10228
5967,g_14452
6165,g_17
6165,g_35
6165,g_2370
6225,g_22
6225,g_35
6225,g_863
6225,g_2370
6401,g_17
6401,g_71
6401,g_3167
6497,g_17
6497,g_80
6497,g_1125
6497,g_3165
6693,g_17
6693,g_22
6693,g_33
8088,g_19
8088,g_302
8088,g_5702
8088,g_10216
8088,g_10220
8088,g_10224
8389,g_14
8389,g_17
8389,g_50
8389,g_126
8389,g_1109
8389,g_4865
8389,g_10216
8389,g_10217
8389,g_10219
8740,g_27
8740,g_49
8740,g_79
8740,g_87
8740,g_818
8740,g_1113
8860,g_28
8860,g_251
8860,g_10214
8860,g_10216
9652,g_18
9652,g_303
9652,g_541
9652,g_1088
9652,g_1113
9652,g_1115
9652,g_1181
9652,g_1188
9652,g_2579
9652,g_3163
9652,g_10223
9652,g_10228
9690,g_18
9690,g_22
9690,g_35
9690,g_10228
9702,g_18
9702,g_28
9702,g_53
9702,g_80
10119,g_19
10119,g_35
10594,g_53
10604,g_18
10604,g_54
10604,g_130
10604,g_818
10604,g_10222
10604,g_10223
10604,g_10224
11439,g_76
11439,g_106
11439,g_818
11439,g_10214
11439,g_10215
11439,g_10223
11847,g_81
11847,g_18385
11912,g_35
13290,g_99
14651,g_18
14651,g_27
14651,g_44
14651,g_87
14651,g_219
14651,g_303
14651,g_354
14651,g_874
14651,g_1112
14651,g_1113
14651,g_1119
14651,g_3163
15780,g_18
15946,g_35
15961,g_35
15961,g_126
15961,g_818
15961,g_939
15961,g_1109
15961,g_3898
15961,g_10216
15961,g_10217
15961,g_10219
16166,g_126
16166,g_10216
16166,g_10219
16166,g_10221
16166,g_18606
16406,g_27
16406,g_87
16406,g_157
16406,g_863
16406,g_864
16406,g_867
16406,g_871
16406,g_874
16406,g_1112
16406,g_3110
16406,g_3163
16406,g_3166
16891,g_869
16891,g_6033
16891,g_8741
16891,g_10105
16891,g_10216
16891,g_10217
17567,g_12
17567,g_17
17567,g_869
17567,g_1108
17567,g_1109
17567,g_8741
17567,g_10105
17567,g_10215
17567,g_10216
17573,g_148
17573,g_873
17573,g_874
17573,g_3110
17647,g_18
17647,g_863
17647,g_864
17647,g_3167
17647,g_3172
17647,g_10214
17647,g_10215
17647,g_10223
17647,g_10227
19246,g_27
19246,g_39
19246,g_157
19246,g_164
19246,g_170
19246,g_867
19246,g_874
19511,g_14
19511,g_35
19511,g_10214
19511,g_10215
19511,g_10216
20477,g_18
20477,g_53
20477,g_80
20477,g_10214
20477,g_10221
20477,g_10223
20477,g_10225
20477,g_10281
20477,g_10282
21370,g_19
21748,g_39
21748,g_874
21748,g_10215
21748,g_10225
21918,g_12
21918,g_17
21918,g_50
21918,g_869
21918,g_1109
21918,g_10105
21918,g_10215
21918,g_10216
21918,g_10217
21931,g_18
21931,g_31
21931,g_10214
21931,g_10221
21931,g_10224
21931,g_10227
22764,g_53
22764,g_818
22764,g_10214
22764,g_10215
22764,g_10223
22764,g_10225
23005,g_18
23005,g_28
23005,g_53
23005,g_2738
26073,g_44
26073,g_69
26073,g_122
26073,g_1110
26073,g_1823
26073,g_10221
26169,g_18
26242,g_17
26242,g_79
26242,g_89
26242,g_866
26242,g_869
26242,g_1108
26242,g_1109
26242,g_10214
26242,g_10215
26242,g_10217
27618,g_17
27618,g_18
27618,g_25
27618,g_35
27618,g_56
27618,g_122
27618,g_126
27618,g_127
27618,g_1134
27618,g_1152
27618,g_10216
27618,g_10219
27618,g_14354
29596,g_18
29596,g_33
29596,g_35
30269,g_1119
30269,g_2890
30269,g_3167
30269,g_10214
30269,g_10215
30269,g_10221
30269,g_10222
30269,g_10223
31278,g_27
31278,g_35
31278,g_87
31278,g_303
31278,g_353
31278,g_354
31278,g_864
31278,g_867
31278,g_874
31278,g_1113
31278,g_1250
31278,g_2896
31294,g_27
31294,g_87
31294,g_867
31294,g_874
31592,g_18
31592,g_19
31592,g_36
31592,g_939
31592,g_10219
31592,g_10221
32310,g_44
32310,g_53
32310,g_10214
32310,g_10215
33740,g_18
33740,g_209
33740,g_227
33740,g_302
33740,g_353
33740,g_871
33740,g_1038
33740,g_1112
33740,g_1152
33740,g_1187
33740,g_10220
33740,g_10222
33740,g_10223
34173,g_18
34173,g_28
34173,g_80
34173,g_105
34794,g_17
34794,g_35
34794,g_10216
34794,g_10217
35363,g_31
35363,g_209
35363,g_864
35363,g_10215
35363,g_10225
35363,g_10227
35454,g_19
35454,g_35
35454,g_126
35454,g_865
35454,g_866
35454,g_1108
35454,g_10216
35454,g_10217
35454,g_10219
35454,g_10221
36282,g_2729
37313,g_19
37313,g_33
37313,g_126
37313,g_865
37313,g_1108
37313,g_1119
37313,g_10216
37313,g_10219
37313,g_10221
37313,g_10222
37313,g_10223
37313,g_10224
37562,g_18
37562,g_19
37562,g_92
37562,g_209
37562,g_865
37562,g_2889
37562,g_10221
37562,g_10223
37562,g_10224
37566,g_18
37566,g_31
37566,g_10215
37566,g_10219
37566,g_10223
38783,g_126
38783,g_10216
38783,g_10219
38796,g_12
38796,g_14
38796,g_3166
38796,g_10215
39085,g_14
39085,g_18
39085,g_219
39085,g_303
39085,g_353
39085,g_756
39085,g_1040
39085,g_1113
39085,g_1163
39085,g_3163
39085,g_6033
39570,g_33
39609,g_126
40430,g_27
40430,g_39
40430,g_87
40430,g_157
40430,g_169
40430,g_867
40430,g_874
40430,g_10225
40430,g_10227
40430,g_10228
40573,g_18
40573,g_209
40573,g_1165
40573,g_2729
40573,g_3167
41045,g_53
41045,g_16286
41476,g_18
41476,g_31
41750,g_18
41750,g_33
41750,g_49
41750,g_80
41750,g_122
41750,g_818
41750,g_867
41750,g_10215
41750,g_10221
41750,g_10225
41808,g_101
41808,g_162
41808,g_303
41808,g_863
41808,g_864
41808,g_867
41808,g_874
41808,g_1112
42174,g_27
42174,g_53
42174,g_86
42174,g_818
42174,g_867
42174,g_878
42174,g_3163
42174,g_10215
42174,g_10226
42247,g_12
42247,g_14
42247,g_84
42247,g_87
42247,g_863
42247,g_864
42247,g_2896
42247,g_3163
42247,g_14414
42465,g_27
42465,g_168
42465,g_170
42465,g_863
42465,g_867
42465,g_2896
42465,g_10215
42465,g_10226
42465,g_14414
43377,g_18
43377,g_92
43377,g_301
43377,g_302
43377,g_303
43377,g_353
43377,g_354
43377,g_1113
43377,g_1168
43377,g_3163
43377,g_3165
44128,g_17
44128,g_35
44128,g_126
44128,g_1110
44128,g_2713
44128,g_3167
44128,g_10216
44128,g_10217
44128,g_10219
44137,g_18
44137,g_31
44137,g_92
44137,g_209
44137,g_1112
44163,g_33
44163,g_35
44163,g_1479
44193,g_28
44193,g_79
44193,g_303
44193,g_863
44193,g_864
44193,g_867
44193,g_1113
44193,g_10215
44193,g_10225
44215,g_12
44215,g_17
44215,g_22
44215,g_34
44215,g_869
44215,g_3166
44215,g_10217
44215,g_10221
44215,g_15520
44484,g_18
44484,g_241
44484,g_864
44484,g_10215
44484,g_10224
45045,g_28
45045,g_864
45045,g_10215
45045,g_10225
45519,g_12
45519,g_17
45519,g_35
45519,g_10214
45519,g_10216
46357,g_35
46357,g_3165
46357,g_10216
46357,g_10220
46376,g_17
46376,g_35
46376,g_10216
46376,g_10217
46900,g_35
46900,g_10216
46900,g_10217
46900,g_10226
46900,g_16304
47069,g_3109
47069,g_3110
47069,g_3112
47598,g_12
47598,g_14
47598,g_28
47598,g_863
47598,g_864
47598,g_10215
47598,g_10220
47598,g_14414
47735,g_28
47735,g_52
47735,g_878
47735,g_10215
47984,g_35
47984,g_3165
47984,g_10216
47984,g_10217
48034,g_18
48034,g_27
48034,g_53
48034,g_79
48034,g_80
48034,g_6033
48034,g_10215
48034,g_10226
48034,g_16286
48228,g_864
48228,g_873
48228,g_1479
48228,g_2916
48228,g_3110
48228,g_10216
48228,g_10217
48228,g_10220
48232,g_27
48232,g_87
48232,g_303
48232,g_873
48232,g_1113
48232,g_1479
48232,g_3110
48308,g_37
49773,g_18
49773,g_3163
49773,g_10221
49773,g_10223
49890,g_81
49890,g_82
49890,g_864
49890,g_867
49890,g_3087
49890,g_10215
49890,g_10225
50502,g_18
50502,g_35
50502,g_10217
50502,g_10228
50904,g_27
50904,g_39
50904,g_867
50904,g_874
50904,g_10215
50904,g_10225
50904,g_10226
50904,g_10227
51035,g_35
51035,g_136
51035,g_3166
51035,g_10216
51050,g_18
51050,g_35
51050,g_1125
51050,g_10214
51050,g_10216
51050,g_10224
52516,g_18
52516,g_27
52516,g_867
52516,g_873
52516,g_874
52516,g_1112
52516,g_10215
52516,g_10225
52516,g_10227
52879,g_35
52879,g_1479
52879,g_3166
52879,g_10216
52879,g_10220
53044,g_35
53044,g_1126
53044,g_2712
53230,g_35
53230,g_53
53230,g_2737
53230,g_16286
53241,g_35
53241,g_10105
53243,g_17
53243,g_35
53243,g_869
53243,g_10105
53786,g_18
53786,g_33
53786,g_35
53786,g_1116
53786,g_3165
53786,g_10216
53786,g_10219
53786,g_10223
55317,g_27
55317,g_158
55317,g_878
55317,g_10215
55352,g_18
55352,g_303
55352,g_354
55352,g_1040
55352,g_1113
55352,g_2916
55352,g_10215
55352,g_10223
55352,g_10227
55405,g_18
56041,g_27
56041,g_53
56041,g_867
56041,g_873
56041,g_874
56041,g_10215
56041,g_10225
56041,g_10227
56041,g_14710
56086,g_18
56086,g_44
56086,g_209
56086,g_2889
56086,g_3167
56086,g_10215
56086,g_10221
56086,g_10223
56086,g_15774
56222,g_18
56417,g_18
56417,g_53
56417,g_80
56570,g_14
56570,g_18
56570,g_19
56570,g_79
56570,g_301
56570,g_6033
56570,g_10216
56570,g_10282
56570,g_14726
57163,g_18
57163,g_209
57163,g_210
57163,g_2890
57163,g_3167
57164,g_53
57198,g_18
57198,g_301
57198,g_1024
57198,g_14726
57826,g_27
57826,g_3082
57826,g_15038
57919,g_34
57919,g_53
57919,g_79
57919,g_80
57919,g_144
58448,g_130
58448,g_10221
58448,g_10223
58448,g_10228
58831,g_37
58831,g_6033
58831,g_10215
58831,g_10223
58833,g_53
58833,g_878
58833,g_10215
58833,g_14414
58853,g_35
58853,g_126
59038,g_28
59038,g_2737
59038,g_10215
59038,g_10223
59254,g_18
59254,g_31
59254,g_32
59254,g_33
59254,g_36
59254,g_6033
59254,g_10219
59254,g_10223
59254,g_10224
59596,g_37
59596,g_191
59596,g_10215
60071,g_18
60071,g_35
60071,g_3165
60410,g_22
60410,g_35
60410,g_1122
60410,g_1167
60410,g_10216
60410,g_10217
60410,g_10218
60410,g_10228
60410,g_14415
60512,g_219
60512,g_301
60512,g_3135
60512,g_14726
60772,g_87
60772,g_867
60772,g_2579
60772,g_3083
61219,g_99
61219,g_1119
61219,g_10221
61219,g_10223
61251,g_35
61251,g_3165
61251,g_10216
61251,g_10217
61443,g_27
61443,g_86
61443,g_163
61443,g_10215
61443,g_10226
61449,g_18
61449,g_27
61449,g_158
61449,g_878
61449,g_3165
61449,g_10215
61449,g_10226
61744,g_19
61744,g_33
61744,g_6033
61744,g_10219
61744,g_10221
62077,g_18
62077,g_28
62077,g_31
62077,g_53
62077,g_2916
62077,g_10215
62077,g_10220
62077,g_10223
62141,g_27
62141,g_79
62141,g_141
62141,g_219
62141,g_15737
62141,g_16304
62351,g_18
62351,g_10107
62351,g_10214
62351,g_10221
62474,g_18
62474,g_53
62474,g_8497
62474,g_10215
62540,g_18
62540,g_31
62540,g_210
62665,g_18
62665,g_31
62665,g_10215
62665,g_10223
62672,g_35
62672,g_863
62672,g_878
62672,g_10216
62747,g_27
62747,g_3165
62747,g_10215
62747,g_10226
62876,g_28
62876,g_53
62876,g_6033
62876,g_10215
63036,g_18
63036,g_36
63036,g_329
63036,g_818
63283,g_27
63283,g_10215
63283,g_10226
64013,g_92
64013,g_106
64013,g_864
64013,g_865
64013,g_1163
64013,g_3167
64013,g_10215
64013,g_10222
64013,g_10223
64242,g_12
64242,g_14
64242,g_18
64242,g_28
64242,g_36
64242,g_10215
64242,g_10219
64345,g_28
64345,g_82
64345,g_10215
64345,g_10223
64647,g_18
64647,g_87
64647,g_818
64647,g_1113
64647,g_3163
65092,g_18
65092,g_3165
65092,g_6033
65092,g_10223
65438,g_3110
65438,g_14726
65898,g_14
65898,g_35
65898,g_6033
65898,g_10216
66150,g_80
66150,g_252
66150,g_10215
66150,g_10223
66157,g_27
66157,g_6033
66157,g_10215
66157,g_10226
66250,g_18
66250,g_3163
66250,g_10107
66250,g_10223
68134,g_80
68134,g_3167
68134,g_10215
68134,g_10217
68198,g_35
68198,g_818
68198,g_864
68198,g_865
68198,g_866
68198,g_1126
68198,g_1167
68198,g_2712
68198,g_10214
68198,g_10216
68198,g_10217
68198,g_10218
69111,g_52
69111,g_878
69111,g_10215
69111,g_10219
69698,g_16914
69714,g_18
69714,g_80
69714,g_3163
69714,g_10223
69771,g_14926
69886,g_2916
69886,g_3110
69886,g_6033
69886,g_10220
70128,g_22
70128,g_35
70128,g_10216
70202,g_18
70202,g_80
70202,g_10215
70202,g_10223
70223,g_34
70292,g_34
70292,g_53
70858,g_18
70858,g_19
70858,g_2916
70858,g_3110
70858,g_6033
70858,g_10214
70858,g_10219
70858,g_10220
70858,g_10223
70911,g_35
70911,g_2370
70911,g_10216
70911,g_10219
70913,g_12
70913,g_28
70913,g_85
70913,g_10215
71401,g_18
71401,g_209
71401,g_3163
71401,g_10223
71931,g_22
71931,g_1122
71931,g_3165
72212,g_18
72212,g_106
72212,g_3167
72212,g_10215
72229,g_12
72229,g_53
72229,g_136
72229,g_818
72285,g_28
72285,g_80
72285,g_10215
72285,g_10225
74599,g_12
74599,g_138
74599,g_818
83567,g_27
83567,g_35
83567,g_53
85222,g_37
85222,g_2579
85222,g_3158
88407,g_69
88407,g_818
88407,g_866
91260,g_103
91260,g_3167
91420,g_28
91420,g_43
91420,g_3166
100541,g_18
100541,g_33
100541,g_154
100541,g_170
100541,g_818
100541,g_3167
106016,g_27
106016,g_818
106016,g_2579
110166,g_81
110166,g_2890
111407,g_144
111407,g_818
111583,g_1141
112255,g_27
112255,g_50
112255,g_85
112255,g_1109
112255,g_1150
112255,g_2891
112255,g_3160
112255,g_10215
114642,g_18
114642,g_19
114642,g_35
114642,g_73
114642,g_122
114642,g_126
114642,g_127
114642,g_864
114642,g_865
114642,g_2888
114642,g_3167
114642,g_7221
114642,g_7931
114642,g_18606
115753,g_27
115753,g_53
115753,g_209
121376,g_12
129725,g_18
129725,g_36
129725,g_818
139373,g_53
148839,g_126
149590,g_18
149590,g_53
149590,g_141
149590,g_219
149590,g_303
149590,g_1250
155490,g_18
155490,g_80
155490,g_92
155490,g_251
155490,g_867
155490,g_874
155490,g_1112
155490,g_1134
155490,g_10225
155490,g_10227
156776,g_14
156776,g_16304
189756,g_18
189756,g_80
173,g_17
173,g_28
173,g_50
173,g_84
173,g_89
173,g_818
173,g_878
173,g_1110
173,g_10215
173,g_10216
273,g_69
273,g_87
273,g_219
273,g_1073
273,g_1113
273,g_1137
273,g_1195
273,g_1204
273,g_1246
273,g_1249
273,g_3164
273,g_10227
273,g_10228
351,g_18
351,g_19
442,g_56
442,g_71
442,g_87
442,g_303
442,g_1140
442,g_1167
442,g_6033
442,g_7402
458,g_17
458,g_19
458,g_49
458,g_104
458,g_126
458,g_210
458,g_865
458,g_939
458,g_1110
542,g_33
542,g_44
542,g_353
542,g_1580
542,g_6033
760,g_17
760,g_49
760,g_124
760,g_1110
760,g_2713
760,g_2888
760,g_10216
760,g_10222
760,g_13544
1421,g_18
1421,g_126
1421,g_655
1421,g_1110
1421,g_1479
1421,g_10216
1421,g_10219
1421,g_10220
1421,g_13544
1492,g_12
1492,g_17
1492,g_18
1492,g_36
1492,g_50
1492,g_149
1492,g_210
1492,g_939
1492,g_2896
1492,g_10214
1492,g_10221
1699,g_27
1699,g_53
1699,g_10215
1699,g_10225
1699,g_10226
1896,g_92
1896,g_134
1896,g_209
1896,g_210
1896,g_2890
2016,g_31
2016,g_92
2044,g_14
2044,g_17
2044,g_33
2044,g_50
2044,g_51
2044,g_865
2044,g_10221
2215,g_17
2215,g_32
2215,g_33
2215,g_1093
2218,g_17
2218,g_44
2218,g_134
2218,g_939
2218,g_1093
2218,g_6033
2219,g_17
2219,g_19
2219,g_71
2219,g_127
2219,g_1093
2219,g_1110
2225,g_17
2225,g_18
2225,g_138
2225,g_1093
2225,g_3137
2227,g_17
2227,g_54
2227,g_134
2227,g_818
2227,g_1110
2227,g_3165
2237,g_17
2237,g_92
2237,g_1093
2237,g_3162
2842,g_17
2842,g_878
2842,g_1093
2842,g_6033
3015,g_17
3015,g_27
3015,g_878
3015,g_1110
3015,g_1116
3015,g_3165
3015,g_6033
3015,g_18304
3099,g_18
3099,g_36
3099,g_303
3099,g_353
3099,g_354
3099,g_3163
3099,g_10222
3099,g_10228
4023,g_106
4244,g_17
4244,g_35
4244,g_50
4244,g_69
4244,g_126
4244,g_869
4244,g_1108
4244,g_1109
4540,g_17
4540,g_35
4540,g_144
4540,g_818
4540,g_1110
4540,g_3165
4540,g_10215
4540,g_10221
4554,g_17
4554,g_80
4554,g_818
4554,g_3165
4727,g_35
4727,g_10216
4727,g_10217
4727,g_10218
4799,g_18
4995,g_114
4995,g_209
4995,g_2890
4995,g_10216
4995,g_10222
4995,g_10223
4995,g_10224
4995,g_10228
4995,g_10282
5338,g_126
5338,g_865
5338,g_1108
5338,g_7424
5338,g_10218
5338,g_10219
5676,g_864
5676,g_867
5676,g_2916
5676,g_3167
6365,g_17
6365,g_33
6365,g_49
6365,g_818
6365,g_3165
6501,g_17
6501,g_22
6501,g_35
6501,g_863
6509,g_17
6509,g_2370
6509,g_6033
6639,g_130
6639,g_818
6639,g_6033
6639,g_10219
6639,g_10221
6656,g_17
6656,g_2370
6913,g_17
6913,g_35
6913,g_3165
7735,g_69
7735,g_92
7735,g_209
7735,g_818
7735,g_866
7735,g_10222
7735,g_10223
8273,g_50
8273,g_866
8273,g_1479
8273,g_10216
8434,g_127
8434,g_1479
8681,g_28
8681,g_50
8681,g_53
8681,g_80
8681,g_864
8681,g_1108
8681,g_10215
8681,g_10225
8810,g_28
8810,g_43
8810,g_49
8810,g_52
8810,g_10214
8810,g_10225
9677,g_27
9677,g_35
9677,g_1122
9677,g_10215
9677,g_10216
9677,g_10217
10636,g_33
10636,g_54
10636,g_69
10636,g_71
10636,g_87
10636,g_126
10636,g_866
10636,g_1126
10636,g_13544
10799,g_53
10799,g_141
10799,g_818
10852,g_14
10852,g_28
10852,g_36
10852,g_81
10852,g_2926
11653,g_18
11653,g_79
11653,g_82
11964,g_18
11964,g_19
11964,g_49
11964,g_87
11964,g_302
11964,g_303
11964,g_353
11964,g_354
11964,g_1249
11964,g_3135
11964,g_3163
11964,g_3164
11964,g_6033
14447,g_12
14447,g_14
14447,g_878
14523,g_18
14523,g_19
14565,g_44
14565,g_329
14565,g_3164
15764,g_35
15764,g_80
15764,g_126
15770,g_35
15933,g_19
15933,g_71
15933,g_87
15933,g_127
15933,g_10105
15933,g_10216
15933,g_10218
15933,g_10219
15933,g_10220
15933,g_10222
15933,g_10228
17393,g_53
17393,g_56
17393,g_80
17393,g_302
17393,g_818
17393,g_10215
17393,g_10216
17393,g_10225
17393,g_10228
17404,g_121
17404,g_126
17404,g_1110
17404,g_3165
17404,g_10216
17404,g_10217
17404,g_10222
17404,g_14295
18606,g_28
18606,g_53
18606,g_874
18606,g_1112
19362,g_14
19362,g_15
19362,g_17
19362,g_18
19362,g_35
19362,g_50
19362,g_818
19362,g_1109
19362,g_3137
19362,g_7407
19362,g_10216
19362,g_10221
19703,g_33
19703,g_35
19703,g_73
19703,g_303
19703,g_7141
19703,g_10216
19703,g_10217
19703,g_10219
20653,g_17
20653,g_69
20653,g_818
20653,g_1113
20653,g_10216
20653,g_10219
20653,g_10221
20653,g_10222
20653,g_10228
20764,g_18
20764,g_353
20764,g_10221
20764,g_10227
21771,g_53
21771,g_303
21771,g_329
21771,g_864
21771,g_10215
21771,g_10225
21940,g_18
21940,g_35
21940,g_53
21940,g_303
21940,g_1115
27083,g_28
27083,g_50
27083,g_864
27083,g_1109
27083,g_10214
27083,g_10215
28544,g_14
28544,g_17
28544,g_18
28544,g_1109
28544,g_10214
28544,g_10218
29006,g_12
29006,g_18
29374,g_17
29374,g_18
29374,g_71
29374,g_87
29374,g_863
29374,g_1113
29374,g_2370
29374,g_3163
29374,g_10221
29374,g_10223
29374,g_10224
29374,g_10227
29374,g_10228
31374,g_27
31374,g_157
31374,g_303
31374,g_863
31374,g_867
31374,g_874
31374,g_10214
31374,g_10215
31374,g_10225
31374,g_10226
31857,g_52
31857,g_53
31857,g_87
31857,g_218
31857,g_864
31857,g_867
31857,g_871
31857,g_873
31857,g_874
31857,g_878
31857,g_1113
34211,g_28
34211,g_863
34211,g_3166
34211,g_10107
34211,g_10215
34211,g_10225
35498,g_28
35498,g_31
35498,g_863
35498,g_864
35498,g_3167
35501,g_28
35501,g_31
35501,g_863
35501,g_864
35501,g_3167
35898,g_18
35898,g_33
35949,g_2888
35949,g_14999
35975,g_18
35975,g_53
35975,g_79
35975,g_141
35975,g_3167
35984,g_127
36318,g_44
36318,g_73
36318,g_129
36318,g_1116
36318,g_3148
36318,g_3165
36318,g_10221
36318,g_10224
38819,g_76
38819,g_106
38819,g_10214
38819,g_10215
39695,g_35
39695,g_81
39695,g_14926
40566,g_136
40566,g_14999
41632,g_53
41632,g_87
41632,g_162
41632,g_863
41632,g_867
41632,g_874
41632,g_1113
41632,g_10215
41632,g_10226
41632,g_10227
43690,g_27
43690,g_28
43690,g_86
43690,g_158
43690,g_863
43690,g_864
43690,g_1113
43690,g_10215
43690,g_10223
43690,g_14414
43952,g_28
43952,g_864
43952,g_867
43952,g_873
43952,g_874
43952,g_1113
43952,g_10215
43952,g_10220
43952,g_10225
44169,g_28
44169,g_53
44169,g_3109
45042,g_28
45042,g_31
45042,g_303
45042,g_863
45042,g_864
45042,g_867
45042,g_874
45042,g_1112
45042,g_1113
45042,g_10215
45042,g_10225
45042,g_10227
45073,g_2888
45073,g_14999
45502,g_18
45502,g_31
45502,g_209
45502,g_867
45502,g_874
45502,g_1112
45502,g_1113
45502,g_10215
45502,g_10223
45502,g_10225
45502,g_10226
45502,g_10227
45522,g_18
45522,g_31
45522,g_867
45522,g_874
45522,g_1112
45522,g_1113
45522,g_10223
45522,g_10225
45522,g_10226
45522,g_10227
46282,g_867
46282,g_2738
46282,g_3110
46282,g_3112
46282,g_10220
46659,g_27
46659,g_87
46659,g_169
46703,g_35
46703,g_80
46703,g_3165
46703,g_10215
46703,g_10216
46983,g_35
46983,g_2888
46983,g_10216
46983,g_10217
46983,g_10220
47353,g_27
47353,g_79
47353,g_168
47353,g_867
47353,g_1113
47353,g_10215
47353,g_10225
47353,g_10226
47353,g_14414
47845,g_27
47845,g_16304
48000,g_27
48000,g_79
48000,g_3163
48000,g_10215
48000,g_10226
48212,g_18
48212,g_3163
48212,g_10217
48212,g_10221
48212,g_10223
48715,g_12
48715,g_18
48715,g_79
48715,g_3167
48715,g_10215
49544,g_17126
49563,g_28
49563,g_867
49563,g_873
49563,g_874
49563,g_2916
49563,g_10215
49563,g_10220
49563,g_10225
51830,g_27
51830,g_87
51830,g_163
51830,g_303
51830,g_1040
51830,g_1112
51830,g_1113
51830,g_1163
51830,g_3163
51830,g_10215
51830,g_10226
51830,g_10228
52278,g_18
52278,g_31
52278,g_36
52278,g_209
52278,g_10223
54248,g_126
54248,g_10217
54248,g_10219
54248,g_10220
54988,g_31
54988,g_99
54988,g_201
54988,g_202
54988,g_205
54988,g_206
56061,g_6033
56796,g_2890
57651,g_27
57651,g_39
57651,g_79
57651,g_10215
57651,g_10226
57940,g_34
57940,g_2730
58104,g_27
58104,g_39
58104,g_53
58104,g_10215
58104,g_10225
58620,g_18
58620,g_878
59532,g_28
59532,g_878
60938,g_878
60938,g_3166
60938,g_10215
60938,g_10216
60938,g_16304
61316,g_27
61316,g_79
61316,g_3165
61316,g_10215
61316,g_10226
61979,g_79
61979,g_6033
61979,g_14726
62160,g_18
62160,g_3163
62160,g_10214
62160,g_10221
62160,g_10223
62396,g_18
62396,g_35
62396,g_3165
62396,g_10216
62396,g_10221
63273,g_114
63273,g_3165
63273,g_6033
63273,g_10216
64012,g_92
64012,g_106
64012,g_864
64012,g_865
64012,g_1163
64012,g_3167
64012,g_10215
64012,g_10222
64012,g_10223
64023,g_92
64023,g_106
64023,g_864
64023,g_865
64023,g_1163
64023,g_3167
64023,g_10215
64023,g_10222
64023,g_10223
64024,g_92
64024,g_106
64024,g_864
64024,g_865
64024,g_1163
64024,g_3167
64024,g_10215
64024,g_10222
64024,g_10223
64461,g_17
64461,g_18
64461,g_15588
65030,g_18
65030,g_3165
65030,g_10221
65030,g_10223
65267,g_12
65267,g_37
65267,g_878
65267,g_10215
65267,g_10223
65392,g_22
65392,g_33
65392,g_35
65392,g_3165
65392,g_10216
65392,g_10219
66214,g_18
66214,g_303
66214,g_353
66214,g_354
66214,g_1024
66214,g_1038
66214,g_1040
66214,g_1113
66214,g_1168
66214,g_3084
66214,g_3127
66214,g_14726
68034,g_12
68034,g_28
68034,g_10215
68034,g_10216
68065,g_18
68065,g_80
68065,g_2737
68065,g_10215
68065,g_10223
68069,g_35
68069,g_53
68109,g_10215
68109,g_10216
68109,g_17126
68113,g_191
68113,g_10223
68113,g_10225
68880,g_12
68880,g_16
68880,g_17
68880,g_869
68880,g_10215
68880,g_10216
68880,g_10217
68880,g_10221
68880,g_10223
68881,g_35
68881,g_1479
68881,g_10219
68881,g_10220
68881,g_10221
68918,g_27
68918,g_53
68918,g_86
68918,g_10215
68918,g_10226
70642,g_18
70642,g_53
70642,g_644
70642,g_863
70642,g_3165
70711,g_28
70711,g_53
70711,g_136
70711,g_3167
70711,g_10215
71238,g_28
71238,g_34
71238,g_878
71238,g_3004
71405,g_18
71405,g_28
71405,g_81
71405,g_10215
71405,g_10223
72234,g_18
72234,g_19
72234,g_33
72234,g_1119
72234,g_3167
72234,g_6033
72234,g_10219
72234,g_10223
90336,g_28
90336,g_53
90336,g_3166
91762,g_18
91762,g_19
91762,g_219
91762,g_10597
94407,g_53
94407,g_136
98854,g_1141
99624,g_28
99624,g_161
99624,g_163
112186,g_878
112186,g_18385
113453,g_866
113453,g_2712
118282,g_27
118282,g_69
119219,g_10105
124571,g_28
124571,g_874
128895,g_28
128895,g_53
128895,g_2738
129453,g_18
129453,g_71
129453,g_303
129453,g_1122
130000,g_92
130000,g_209
146536,g_28
146536,g_43
167515,g_28
167515,g_141
167515,g_10067
174187,g_56
174187,g_157
174187,g_874
174187,g_18385
177285,g_27
177285,g_53
177285,g_141
177285,g_209
177285,g_871
177285,g_873
177285,g_874
179286,g_27
179286,g_157
179286,g_867
179286,g_874
179286,g_16286
62,g_11
62,g_49
62,g_50
62,g_1282
62,g_2979
62,g_3148
62,g_6033
62,g_10215
62,g_10222
62,g_10223
62,g_10228
62,g_10281
191,g_71
191,g_92
191,g_303
191,g_1096
191,g_1167
347,g_17
347,g_44
347,g_101
347,g_204
347,g_206
347,g_303
347,g_354
347,g_1116
347,g_1823
363,g_33
363,g_44
363,g_71
363,g_127
363,g_303
363,g_707
363,g_10219
363,g_10224
363,g_10225
363,g_10228
363,g_17580
685,g_101
685,g_206
685,g_3162
685,g_3165
711,g_50
711,g_54
711,g_69
711,g_134
711,g_209
711,g_818
711,g_9779
711,g_10221
711,g_10222
711,g_10223
743,g_126
743,g_1115
743,g_3164
743,g_10221
743,g_10228
776,g_18
776,g_35
776,g_114
776,g_1104
776,g_1110
776,g_3148
776,g_3165
776,g_10222
776,g_10228
846,g_50
846,g_79
846,g_864
846,g_878
846,g_1109
846,g_3160
846,g_10215
846,g_10226
872,g_17
872,g_35
872,g_49
872,g_50
872,g_72
872,g_1110
872,g_1123
872,g_10216
872,g_10217
872,g_10218
872,g_10219
872,g_14452
1558,g_33
1558,g_69
1558,g_87
1558,g_126
1558,g_818
1558,g_1126
1558,g_10216
1558,g_10219
1580,g_18
1580,g_50
1580,g_53
1580,g_80
1580,g_354
1580,g_1024
1580,g_1110
1580,g_3158
1580,g_3163
1580,g_10215
1580,g_10222
1580,g_10226
1586,g_50
1586,g_79
1586,g_219
1586,g_818
1586,g_10215
1586,g_10223
1586,g_10228
1670,g_17
1670,g_80
1670,g_524
1670,g_1110
1670,g_3165
1670,g_6033
1718,g_12
1718,g_17
1718,g_50
1718,g_190
1718,g_210
1718,g_1108
1718,g_10214
1718,g_10215
1718,g_10225
1913,g_18
1913,g_44
1913,g_92
1913,g_209
1913,g_302
1913,g_10216
1913,g_10221
1913,g_10224
1913,g_10228
1913,g_10281
1973,g_27
1973,g_867
1973,g_3166
2200,g_17
2200,g_18
2200,g_31
2200,g_35
2200,g_1093
2200,g_3135
2200,g_10215
2200,g_10221
2200,g_10222
2200,g_10282
2234,g_17
2234,g_18
2234,g_19
2234,g_92
2234,g_134
2234,g_1093
2234,g_3162
2378,g_12
2378,g_18
2378,g_53
2378,g_79
2378,g_818
2378,g_3167
2387,g_17
2387,g_114
2387,g_302
2387,g_1126
2387,g_1479
2476,g_17
2476,g_18
2476,g_79
2476,g_878
2476,g_3167
2972,g_17
2972,g_79
2972,g_878
2972,g_1089
2972,g_1110
2972,g_3165
2972,g_6033
3577,g_17
3577,g_18
3577,g_28
3577,g_53
3577,g_209
3577,g_1108
3577,g_1109
3577,g_3167
3577,g_10214
3577,g_10215
3577,g_10221
3577,g_10223
3865,g_69
3865,g_71
3865,g_219
3865,g_302
3865,g_3164
3865,g_10219
3865,g_10224
3865,g_10228
3961,g_17
3961,g_35
3961,g_50
3961,g_85
3961,g_863
3961,g_1110
3961,g_3165
4204,g_122
4204,g_1115
4204,g_1125
4204,g_10217
4266,g_44
4266,g_80
4266,g_141
4300,g_18
4300,g_36
4300,g_818
4300,g_1024
4311,g_80
4707,g_17
4707,g_22
4707,g_49
4707,g_863
4707,g_1064
4707,g_2370
4707,g_2888
4707,g_10216
4707,g_10217
5206,g_20
5206,g_35
5206,g_49
5206,g_56
5206,g_114
5206,g_302
5206,g_303
5206,g_871
5233,g_18
5233,g_50
5233,g_864
5233,g_2916
5233,g_10220
5511,g_53
5511,g_80
5511,g_227
5511,g_818
5511,g_1086
5511,g_1110
5511,g_2738
5511,g_3163
5511,g_6033
5511,g_10215
5511,g_10221
5511,g_10223
5511,g_10225
5558,g_56
5558,g_1103
5637,g_18
5637,g_80
5637,g_818
5816,g_49
5816,g_122
5816,g_302
5816,g_3163
5869,g_18
6173,g_18
6173,g_53
6173,g_80
6173,g_10219
6173,g_10225
6216,g_17
6216,g_18
6216,g_2890
6216,g_3135
6399,g_12
6399,g_17
6399,g_28
6399,g_35
6399,g_863
6399,g_10214
6399,g_10215
6399,g_10216
6554,g_18
6689,g_33
6689,g_35
6689,g_864
6689,g_865
6689,g_6033
6793,g_18
6793,g_49
6793,g_80
6793,g_864
6793,g_865
6793,g_3148
6793,g_3165
6793,g_6033
7862,g_36
7862,g_92
7862,g_209
7862,g_10221
7862,g_10223
7862,g_10224
7862,g_10227
7862,g_10281
8211,g_35
8211,g_49
8211,g_104
8211,g_3165
8280,g_44
8280,g_1178
8280,g_1195
8280,g_1500
8280,g_3163
8280,g_4843
8280,g_10215
9041,g_18
9041,g_79
9041,g_80
9347,g_12
9347,g_37
9347,g_818
9347,g_1110
9510,g_939
9510,g_2741
9510,g_2888
9510,g_10216
9815,g_18
9949,g_27
9949,g_53
9949,g_87
10004,g_14
10004,g_27
10004,g_79
10854,g_164
11357,g_39
11357,g_2579
12455,g_18
12455,g_80
14588,g_19
14588,g_2579
14588,g_2717
14588,g_10224
14588,g_10225
14764,g_27
14764,g_867
14764,g_874
14764,g_3082
14764,g_10223
14764,g_10224
14764,g_10225
14764,g_10226
14764,g_10227
14764,g_10228
14764,g_15038
15778,g_32
16132,g_158
16132,g_3163
16132,g_10216
16132,g_10228
16132,g_16304
16167,g_27
16167,g_87
16167,g_218
16167,g_354
16167,g_873
16167,g_874
16167,g_1040
16167,g_1112
16167,g_1113
16167,g_1178
16167,g_1195
16167,g_10225
16167,g_10227
16167,g_10228
20005,g_18
20005,g_80
21263,g_33
21263,g_49
21263,g_210
21263,g_865
21263,g_939
21263,g_1110
21263,g_2890
21263,g_3163
21263,g_10219
21263,g_10221
21263,g_10222
21498,g_35
21498,g_50
21498,g_251
21498,g_1108
21498,g_2730
21498,g_10214
21498,g_10216
21498,g_10217
21498,g_10218
21968,g_54
21968,g_69
21968,g_87
21968,g_127
21968,g_129
21968,g_130
21968,g_133
21968,g_219
21968,g_865
21968,g_866
21968,g_1109
21968,g_3158
21968,g_3167
21968,g_10214
21968,g_10215
21968,g_10216
21968,g_10219
21968,g_10220
21968,g_10221
21968,g_10223
21968,g_10224
21968,g_10227
23125,g_27
23125,g_39
23125,g_53
23125,g_169
23125,g_874
23125,g_14710
23125,g_16286
26157,g_53
27317,g_2579
27317,g_2738
27317,g_10215
28989,g_14
28989,g_27
28989,g_79
28989,g_2579
28989,g_10214
28989,g_10215
28989,g_10226
28989,g_10227
29746,g_36
29746,g_80
29746,g_209
29746,g_210
29746,g_2890
29746,g_10214
29746,g_10215
29746,g_10222
29746,g_10223
29746,g_10225
29755,g_19
29755,g_87
29755,g_818
29755,g_1113
29755,g_10219
29755,g_10221
29755,g_10224
29755,g_14354
30168,g_33
30168,g_35
30168,g_50
30168,g_865
30168,g_866
30168,g_1109
30168,g_2712
30168,g_10216
30168,g_10218
30168,g_10219
30791,g_27
30791,g_864
30791,g_867
33203,g_14
33203,g_27
33203,g_49
33203,g_301
33203,g_818
33203,g_864
33203,g_878
33203,g_1110
33203,g_10214
33203,g_10215
33203,g_10223
33203,g_10225
33203,g_10226
33242,g_18
33242,g_209
33242,g_644
33242,g_3165
33242,g_10282
33252,g_18
33252,g_34
33252,g_85
33252,g_866
33252,g_878
33252,g_10215
33252,g_10217
33252,g_10221
33252,g_10223
33582,g_17
33582,g_35
33582,g_2370
33582,g_10215
33582,g_10216
33582,g_10228
33950,g_28
33950,g_53
34102,g_17
34102,g_136
34102,g_878
34102,g_1109
34102,g_10105
34102,g_10215
34102,g_10216
34102,g_10217
34871,g_12
34871,g_28
34871,g_33
34871,g_152
34871,g_303
34871,g_864
35822,g_12
35822,g_10215
35822,g_10217
35822,g_18385
35921,g_136
35921,g_818
35921,g_1122
35921,g_3004
35921,g_7221
35921,g_10214
35921,g_10215
35921,g_10219
35921,g_10221
35921,g_10222
35921,g_10223
35921,g_10224
35921,g_10225
35921,g_10228
36092,g_80
36092,g_106
36092,g_251
37413,g_28
37413,g_53
37413,g_863
37413,g_867
37413,g_873
37413,g_874
38464,g_12
38464,g_14
38464,g_18
38464,g_52
38464,g_158
38464,g_818
38464,g_863
38464,g_1113
38464,g_1119
38464,g_3167
38501,g_18
38501,g_53
38501,g_142
38501,g_864
38501,g_867
38501,g_873
38501,g_2916
39403,g_18
39403,g_27
39403,g_301
39403,g_303
39403,g_867
39403,g_1167
39403,g_3165
39403,g_6033
39403,g_14415
39403,g_14726
39783,g_36
40725,g_39
40725,g_157
40725,g_303
40725,g_874
40725,g_1108
40725,g_10214
40725,g_10215
40725,g_10216
40725,g_10225
40725,g_10226
40725,g_10227
41707,g_80
41707,g_142
41707,g_863
41707,g_2896
41707,g_10215
41707,g_10220
41963,g_53
41963,g_251
41963,g_303
41963,g_864
41963,g_3163
41963,g_10215
42088,g_28
42088,g_878
42826,g_35
42826,g_136
42826,g_2731
42826,g_10464
43201,g_35
43849,g_27
43849,g_162
43849,g_303
43849,g_863
43849,g_864
43849,g_867
43849,g_874
43849,g_1113
43849,g_3163
43849,g_10215
43849,g_10225
44136,g_14
44136,g_35
44136,g_81
44136,g_10216
44658,g_56
44658,g_80
44658,g_249
44658,g_866
44658,g_1113
44658,g_2738
45703,g_18
45703,g_31
45791,g_28
45791,g_864
45791,g_867
45791,g_3166
45791,g_10215
45791,g_10225
46381,g_864
46381,g_873
46381,g_2916
46381,g_3110
46381,g_3112
46381,g_10220
46796,g_28
47051,g_873
47051,g_2916
47051,g_3111
47051,g_10220
47338,g_27
47338,g_39
47338,g_157
47338,g_874
47338,g_10225
49428,g_18
49428,g_28
49428,g_867
49428,g_2395
49428,g_10215
49428,g_10225
51829,g_17
51829,g_18
51829,g_869
51829,g_3167
52623,g_18
52623,g_80
52623,g_2738
52623,g_6033
57372,g_18
57372,g_31
57372,g_301
57372,g_14726
57463,g_16
58225,g_39
58225,g_87
58225,g_303
58225,g_867
58225,g_1113
58225,g_3165
58225,g_10214
58225,g_10216
58225,g_14415
58225,g_16304
58225,g_17126
58756,g_53
60447,g_18
60447,g_3137
60447,g_3138
60447,g_3165
60447,g_10221
60447,g_10223
60579,g_18
60579,g_35
60579,g_303
60579,g_353
60579,g_1165
60579,g_1167
60579,g_3163
60579,g_9595
60579,g_14726
60600,g_18
60600,g_122
60600,g_3163
60600,g_10214
60600,g_10216
60600,g_10221
61001,g_35
61001,g_1119
61001,g_1479
61001,g_10216
61001,g_10217
61001,g_10220
61656,g_18
61656,g_28
61656,g_31
61656,g_32
61656,g_10215
61656,g_10223
61919,g_17
61919,g_35
61919,g_3167
61919,g_10105
61919,g_10216
61919,g_10217
62008,g_18
62008,g_27
62008,g_53
62008,g_99
62008,g_210
62008,g_2890
62008,g_10215
62008,g_10223
62068,g_18
62068,g_103
62068,g_6033
62068,g_10214
62068,g_10221
62068,g_10223
62539,g_148
62539,g_149
62539,g_3165
62539,g_6033
62539,g_10215
62539,g_10223
63085,g_18
63085,g_28
63245,g_80
63245,g_3165
63245,g_6033
63245,g_10215
63616,g_17
63616,g_866
63616,g_869
63616,g_8741
63616,g_10105
63708,g_14
63708,g_28
63708,g_2895
64019,g_92
64019,g_106
64019,g_864
64019,g_865
64019,g_1163
64019,g_3167
64019,g_10215
64019,g_10222
64019,g_10223
64278,g_18
64278,g_28
64278,g_85
64278,g_10215
64278,g_10223
64278,g_16914
64685,g_18
64685,g_15588
65017,g_27
65017,g_86
65017,g_158
65017,g_878
65017,g_10215
65017,g_10226
65722,g_12
65722,g_14
65722,g_28
65722,g_35
65722,g_10215
65722,g_10216
66332,g_28
66332,g_86
66332,g_863
66332,g_878
66332,g_10215
66332,g_10226
67619,g_28
67934,g_82
68058,g_18
68058,g_28
68058,g_82
68058,g_10215
68058,g_10223
68058,g_10225
70783,g_18
70783,g_31
70783,g_209
71360,g_148
71360,g_6033
71360,g_10221
71360,g_10223
71610,g_12
71610,g_28
71610,g_878
71610,g_3166
71610,g_10215
71913,g_18
71913,g_19
71913,g_44
71913,g_864
71913,g_865
71913,g_2916
71913,g_10219
71913,g_10220
71913,g_10221
71913,g_10223
72065,g_28
72065,g_2738
72065,g_10215
77566,g_28
81283,g_80
91844,g_28
91844,g_241
95035,g_18
95035,g_19
95035,g_10461
97622,g_154
97622,g_168
98608,g_80
98608,g_3167
104347,g_27
104347,g_39
104347,g_49
104347,g_56
104347,g_162
104347,g_867
104347,g_874
105267,g_28
109291,g_18
109291,g_53
109291,g_80
112289,g_18
112289,g_1024
114005,g_103
114005,g_3167
118355,g_28
118355,g_2896
118472,g_126
118472,g_329
129695,g_122
129695,g_2579
145177,g_35
147832,g_39
149733,g_18
149733,g_28
170025,g_56
186409,g_18
186409,g_44
186409,g_49
186409,g_73
186409,g_302
186409,g_303
186409,g_353
186409,g_1113
186409,g_1122
166,g_49
166,g_69
166,g_126
166,g_866
166,g_10219
166,g_10221
186,g_35
186,g_50
186,g_53
186,g_80
186,g_1109
186,g_2738
186,g_10067
186,g_10215
186,g_10216
186,g_10217
186,g_10228
271,g_12
271,g_13
271,g_17
271,g_49
271,g_71
271,g_303
271,g_869
271,g_939
271,g_6033
271,g_10215
271,g_10221
279,g_19
279,g_22
279,g_36
279,g_50
279,g_71
279,g_209
279,g_329
279,g_939
279,g_1024
279,g_1110
279,g_1134
279,g_1147
279,g_2890
279,g_10222
338,g_17
338,g_36
338,g_69
338,g_71
338,g_115
338,g_122
338,g_1109
338,g_10216
338,g_10221
338,g_10222
766,g_49
766,g_50
766,g_56
766,g_158
766,g_864
766,g_1108
766,g_1109
766,g_2741
766,g_10216
766,g_10226
766,g_10228
766,g_16304
1256,g_53
1256,g_169
1256,g_303
1256,g_874
1256,g_1108
1256,g_10215
1256,g_10225
1256,g_10226
1541,g_49
1541,g_50
1541,g_54
1541,g_867
1541,g_1109
1541,g_1115
1541,g_10215
1541,g_10216
1541,g_10217
1541,g_10218
1541,g_10220
1541,g_10221
1541,g_10281
1541,g_10282
1611,g_44
1611,g_10107
1611,g_10221
1611,g_10223
1687,g_14
1687,g_17
1687,g_43
1687,g_50
1687,g_329
1687,g_878
1687,g_1108
1687,g_6033
1687,g_10214
1687,g_10215
1687,g_10227
1687,g_10228
1697,g_17
1697,g_35
1697,g_87
1697,g_1109
1697,g_1221
1697,g_2370
1697,g_3164
1697,g_10216
1697,g_10217
1697,g_10218
1923,g_27
1923,g_49
1923,g_50
1923,g_79
1923,g_2896
1923,g_3163
1923,g_10214
1923,g_10221
1923,g_10225
1923,g_10226
1923,g_10227
2371,g_92
2371,g_106
2371,g_136
2371,g_302
2410,g_18
2410,g_818
2457,g_130
2457,g_227
2457,g_939
2457,g_1110
2457,g_3163
2457,g_10219
2457,g_10221
2457,g_10222
2457,g_10228
2457,g_10282
2546,g_35
2546,g_154
2546,g_227
2546,g_302
2546,g_818
2546,g_1040
2546,g_3163
2587,g_17
2587,g_36
2587,g_50
2587,g_149
2587,g_209
2587,g_210
2587,g_354
2587,g_939
2587,g_2890
2598,g_18
2598,g_80
2598,g_3167
2841,g_19
2841,g_31
2841,g_10214
2841,g_10221
2841,g_10224
3095,g_2890
3095,g_3167
3478,g_18
3478,g_31
3478,g_210
3478,g_865
3478,g_1110
3511,g_27
3511,g_79
3511,g_10215
3511,g_10226
3511,g_10597
3944,g_17
3944,g_35
3944,g_50
3944,g_85
3944,g_863
3944,g_1110
3944,g_3165
4279,g_12
4279,g_35
4279,g_36
4880,g_19
4880,g_122
4880,g_1119
4880,g_3137
4880,g_10219
4880,g_10221
4880,g_10224
4991,g_28
4991,g_56
4991,g_1113
5004,g_864
5004,g_1479
5004,g_2774
5004,g_3109
5004,g_3110
5720,g_18
5720,g_49
5720,g_50
5720,g_80
5720,g_142
5720,g_863
5720,g_864
5720,g_3165
5724,g_18
5724,g_44
5724,g_71
5724,g_87
5724,g_302
5724,g_303
5724,g_867
5724,g_1113
5825,g_17
5825,g_35
5825,g_50
5825,g_124
5825,g_1109
5825,g_2888
5825,g_10105
5825,g_10216
5825,g_10217
5991,g_18
5991,g_44
5991,g_1038
5991,g_1089
5991,g_1110
5991,g_1116
5991,g_1188
5991,g_3158
5991,g_3163
5991,g_3165
5991,g_10221
5991,g_10223
5991,g_10228
6107,g_17
6107,g_18
6107,g_79
6107,g_144
6107,g_818
6107,g_3167
6153,g_17
6153,g_35
6153,g_3135
6154,g_17
6154,g_35
6154,g_3135
6154,g_3165
6695,g_17
6695,g_126
6695,g_863
6695,g_6033
7009,g_12
7009,g_17
7009,g_35
7009,g_866
7009,g_6033
7297,g_122
7297,g_807
7297,g_818
7297,g_1047
7297,g_1140
7297,g_2370
7297,g_10216
7297,g_10228
7452,g_56
7452,g_80
7452,g_127
7452,g_303
7452,g_353
7452,g_1110
7452,g_3163
7452,g_10222
7452,g_10228
9287,g_124
9287,g_191
9287,g_2888
9910,g_18
9910,g_53
9992,g_12
9992,g_14
9992,g_16
9992,g_18385
10006,g_18
10006,g_80
10045,g_28
10045,g_878
10116,g_14
10116,g_19
10116,g_28
10116,g_3087
10254,g_28
10254,g_10215
10754,g_18
10754,g_80
10808,g_17
10808,g_35
10808,g_8741
10808,g_10216
10808,g_10217
10808,g_13544
10846,g_19
10846,g_126
11348,g_27
11348,g_53
11348,g_3082
11348,g_10215
11348,g_10225
11348,g_10226
12828,g_18
12828,g_35
12960,g_18
12960,g_1479
13111,g_141
13111,g_10215
13111,g_10225
13111,g_10226
15405,g_27
15405,g_79
15405,g_818
15405,g_3163
15405,g_3167
15405,g_10215
15405,g_10223
15405,g_10226
15720,g_12
15720,g_35
15720,g_124
15720,g_3081
15844,g_18
15844,g_35
15844,g_10219
15844,g_10221
18361,g_13
18361,g_27
18361,g_53
18361,g_10214
18361,g_10215
18361,g_10219
21208,g_69
21208,g_129
21208,g_866
21208,g_1024
21208,g_3167
21208,g_10219
21208,g_10221
21208,g_10222
21208,g_10223
21208,g_10224
21208,g_10227
21303,g_18
21303,g_53
21303,g_303
21303,g_1037
21303,g_1135
21303,g_1167
21303,g_3163
21303,g_10215
21303,g_10221
21303,g_10222
21303,g_10223
21303,g_17580
26059,g_16
26059,g_18
26059,g_878
26059,g_3163
27197,g_126
27197,g_10216
27197,g_10219
27197,g_10221
29523,g_12
29523,g_17
29523,g_87
29523,g_865
29523,g_868
29523,g_869
29523,g_1113
29523,g_10214
29523,g_10215
29523,g_10222
29523,g_10228
31452,g_18
31452,g_27
31452,g_53
31452,g_80
31452,g_157
31452,g_303
31452,g_864
31452,g_867
31452,g_873
31452,g_874
31452,g_1113
31452,g_9496
33952,g_18
33952,g_54
33952,g_219
33952,g_10215
33952,g_10225
33952,g_10227
34065,g_18
34065,g_53
34065,g_130
34065,g_303
34065,g_644
34065,g_1123
34065,g_1164
34065,g_1167
34065,g_1180
34065,g_6033
34065,g_10066
39347,g_79
39347,g_209
39347,g_219
39347,g_302
39347,g_865
39347,g_1112
39347,g_3163
39347,g_10214
39347,g_10215
39347,g_10221
39347,g_10223
39347,g_10224
39347,g_10226
39347,g_10227
39356,g_133
39356,g_2738
42095,g_12
42095,g_18
42095,g_53
42095,g_303
42095,g_863
42095,g_864
42095,g_867
42095,g_873
42095,g_874
42095,g_1113
42095,g_3108
42095,g_3163
42303,g_14
42303,g_27
42303,g_165
42303,g_863
42303,g_1113
42303,g_10215
42303,g_10226
42640,g_12
42640,g_28
42640,g_104
42640,g_861
42640,g_863
42640,g_878
42640,g_2891
43851,g_12
43851,g_28
43851,g_162
43851,g_303
43851,g_863
43851,g_864
43851,g_867
43851,g_1113
43851,g_2916
43851,g_3163
43851,g_14414
44120,g_53
44120,g_80
44120,g_867
44120,g_874
44120,g_3163
44120,g_10215
44120,g_10227
44191,g_28
44191,g_138
44191,g_864
44191,g_3166
44191,g_10214
44191,g_10215
44191,g_14414
44564,g_14
44564,g_18
44564,g_27
44564,g_1116
44564,g_3165
44564,g_10221
44564,g_10223
44578,g_18
44578,g_3110
44774,g_14
44774,g_28
44774,g_81
44774,g_87
44774,g_303
44774,g_863
44774,g_864
44774,g_867
44774,g_1113
44774,g_10216
44774,g_10225
44774,g_14414
45680,g_18
45680,g_35
45680,g_126
45680,g_863
45680,g_3163
45680,g_10216
45680,g_10219
45764,g_18
45764,g_19
45764,g_33
45764,g_878
45764,g_10219
45764,g_10221
45764,g_10224
46002,g_35
46002,g_864
46002,g_1479
46002,g_2888
46002,g_10216
46002,g_10217
46002,g_10220
46005,g_35
46005,g_864
46005,g_1479
46005,g_2888
46005,g_10216
46005,g_10217
46005,g_10220
46283,g_18
46283,g_864
46283,g_873
46283,g_2916
46283,g_3110
46283,g_3112
46283,g_10220
46289,g_13
46289,g_35
46289,g_864
46289,g_873
46289,g_1479
46289,g_2895
46289,g_3110
46289,g_10216
46289,g_10217
46289,g_10220
46292,g_18
46292,g_28
46292,g_36
46292,g_149
46292,g_873
46292,g_2916
46292,g_3110
46292,g_10215
46292,g_10220
46292,g_10221
46372,g_35
46372,g_1479
46372,g_2916
46372,g_10216
46372,g_10217
46372,g_10220
46959,g_1479
46959,g_2916
46959,g_3107
46959,g_3108
46959,g_10216
46959,g_10217
46959,g_10220
48679,g_27
48679,g_28
48679,g_81
48679,g_82
48679,g_124
48679,g_157
48679,g_162
48679,g_867
48679,g_874
48679,g_1113
48679,g_10215
48679,g_10216
48679,g_10225
48679,g_10226
49613,g_27
49613,g_164
49613,g_867
49613,g_874
49613,g_10215
49613,g_10225
49613,g_10226
50581,g_35
50581,g_818
50581,g_866
52319,g_18
55302,g_18
55302,g_28
55302,g_53
55302,g_80
55302,g_10215
55302,g_10223
55302,g_10225
55303,g_18
55303,g_28
55303,g_53
55303,g_80
55303,g_10215
55303,g_10223
55303,g_10225
55374,g_28
55374,g_878
55374,g_10215
56365,g_18
56365,g_33
56365,g_35
56365,g_1024
56365,g_3167
56365,g_10216
56365,g_10217
56365,g_10219
56365,g_10221
56365,g_10223
56513,g_14
56513,g_33
56513,g_35
56513,g_301
56513,g_3163
56513,g_14726
56688,g_28
56688,g_50
56688,g_52
56688,g_164
56688,g_878
56688,g_1108
56688,g_1109
56688,g_3004
56688,g_3160
56688,g_14926
58339,g_16304
59766,g_18
59766,g_3141
59766,g_14726
59832,g_18
59832,g_10223
60682,g_35
60682,g_10216
61450,g_12
61450,g_27
61450,g_35
61450,g_158
61450,g_878
61450,g_10215
61450,g_10216
61450,g_10226
62415,g_16
62415,g_27
62415,g_53
62415,g_163
62415,g_2891
62415,g_3166
62415,g_10215
62415,g_10226
62421,g_18
62421,g_130
62421,g_1024
62421,g_3163
62421,g_3165
62421,g_10219
62421,g_10221
63244,g_50
63244,g_72
63244,g_1109
63244,g_10219
63244,g_10220
64277,g_14
64277,g_18
64277,g_33
64277,g_81
64277,g_10215
64277,g_10219
64277,g_10223
65096,g_18
65096,g_22
65096,g_33
65096,g_3163
65096,g_10214
65096,g_10219
65096,g_10221
65096,g_10223
65323,g_18
65323,g_28
65323,g_354
65323,g_3165
65323,g_10215
65323,g_10219
65323,g_10223
65890,g_18
65890,g_10223
66369,g_18
66369,g_353
66369,g_878
66369,g_1113
66369,g_1163
66369,g_6033
66369,g_10222
66369,g_10227
66369,g_10228
66369,g_14726
67650,g_36
67650,g_53
67650,g_209
67650,g_10215
67650,g_10223
68384,g_12
68384,g_17
68384,g_818
68384,g_1108
68384,g_3165
68582,g_35
68582,g_10215
68582,g_10216
69885,g_12
69885,g_31
69885,g_37
69885,g_3110
69885,g_10215
69885,g_10220
69885,g_10223
70746,g_12
70746,g_14
70746,g_28
70746,g_10215
70746,g_10216
70746,g_10223
70746,g_14999
71013,g_157
71601,g_18
71601,g_2890
71601,g_10107
72046,g_35
72046,g_10216
72282,g_18
72282,g_136
72282,g_1119
72282,g_3165
72366,g_33
72366,g_3167
72593,g_28
72593,g_35
72593,g_81
72593,g_864
81229,g_72
82642,g_51
82642,g_53
82642,g_3138
87029,g_86
87029,g_878
87705,g_37
87705,g_53
90335,g_35
113147,g_18
113147,g_35
115988,g_27
115988,g_154
115988,g_2579
149447,g_18
149447,g_80
149447,g_209
151468,g_35
152681,g_28
152681,g_31
172698,g_36
172698,g_71
172698,g_3167
176434,g_49
176434,g_53
176434,g_79
176434,g_84
176434,g_245
176434,g_301
176434,g_302
176434,g_303
176434,g_353
176434,g_354
176434,g_1037
176434,g_1038
176434,g_1040
176434,g_1113
176434,g_1116
176434,g_1122
176434,g_3138
176434,g_3165
176434,g_10213
176434,g_10215
176434,g_18322
228,g_19
228,g_54
228,g_818
228,g_1110
228,g_3165
228,g_10221
228,g_10223
316,g_44
316,g_49
316,g_71
316,g_87
316,g_122
316,g_127
316,g_302
316,g_353
316,g_1246
316,g_10216
316,g_10217
316,g_10224
459,g_17
459,g_19
459,g_49
459,g_104
459,g_210
459,g_707
459,g_865
459,g_939
459,g_1110
459,g_2370
580,g_50
580,g_86
580,g_103
580,g_1108
580,g_2896
580,g_6033
580,g_10216
580,g_10226
678,g_18
678,g_50
678,g_53
678,g_80
678,g_644
678,g_1048
678,g_1109
678,g_1110
678,g_1165
678,g_1167
678,g_3165
678,g_10215
678,g_14726
721,g_50
721,g_124
721,g_1108
721,g_1109
721,g_2888
721,g_10216
721,g_10217
721,g_14999
794,g_27
794,g_49
794,g_50
794,g_79
794,g_141
794,g_864
794,g_1110
794,g_3127
794,g_10215
794,g_10225
794,g_10226
794,g_10282
1269,g_56
1269,g_124
1269,g_245
1269,g_655
1269,g_1108
1269,g_10214
1269,g_10216
1269,g_10217
1269,g_10228
1269,g_16304
1407,g_22
1407,g_54
1407,g_1123
1407,g_2890
1407,g_10224
1407,g_10281
1407,g_10282
2187,g_17
2187,g_1125
2187,g_3167
2609,g_17
2609,g_35
2609,g_50
2609,g_1108
2609,g_2731
2609,g_10216
2609,g_10218
2609,g_10221
2609,g_10222
2609,g_10224
2927,g_87
2927,g_878
2927,g_10215
2927,g_10228
3539,g_18
3539,g_19
3539,g_69
3539,g_87
3539,g_302
3539,g_2579
3539,g_3164
3539,g_10219
3539,g_10221
3539,g_10225
3543,g_17
3543,g_18
3543,g_35
3543,g_3167
3543,g_10216
3543,g_10217
3543,g_10218
3543,g_10282
3578,g_17
3578,g_878
3578,g_1110
3578,g_3165
3943,g_17
3943,g_35
3943,g_50
3943,g_85
3943,g_863
3943,g_1110
3943,g_3165
4196,g_18
4196,g_36
4196,g_2890
4196,g_3167
4254,g_22
4254,g_33
4254,g_126
4254,g_861
4610,g_17
4610,g_18
4610,g_28
4610,g_53
4610,g_251
4610,g_10215
4610,g_10223
4610,g_10225
4733,g_1125
5800,g_50
5800,g_863
5800,g_864
5800,g_1479
5953,g_18
5953,g_818
5999,g_17
5999,g_35
5999,g_3165
6633,g_17
6633,g_35
6633,g_863
6633,g_1024
6633,g_2888
6792,g_17
6792,g_22
6792,g_126
6792,g_863
7392,g_157
7392,g_303
7392,g_867
7392,g_1113
7392,g_3109
7456,g_17
7456,g_53
7456,g_69
7456,g_818
7456,g_2729
7456,g_10221
7456,g_10223
7456,g_10224
7456,g_10227
8556,g_35
8556,g_122
8556,g_303
8556,g_1109
8556,g_1119
8556,g_10216
8556,g_10219
8556,g_10221
8769,g_27
8769,g_79
8769,g_104
8769,g_141
8769,g_818
8769,g_1110
8769,g_10215
8769,g_10226
9003,g_27
9003,g_49
9003,g_867
9003,g_3135
9003,g_3163
9817,g_19
9817,g_22
9817,g_72
12119,g_18
12119,g_209
12119,g_3167
12206,g_80
12206,g_141
12206,g_818
12206,g_1110
12206,g_10215
12206,g_10223
12206,g_10225
12289,g_36
12289,g_81
12289,g_82
12289,g_104
12289,g_3127
12289,g_10214
12289,g_10215
12289,g_10219
13508,g_18
13508,g_28
13508,g_53
13508,g_80
14662,g_18
14662,g_31
14662,g_209
14662,g_874
14662,g_1062
14662,g_2579
14662,g_3919
14662,g_9496
14662,g_10221
14662,g_10225
18278,g_136
18278,g_18385
18428,g_35
18428,g_864
18428,g_1108
18428,g_1109
18428,g_1119
18428,g_10216
26058,g_28
26058,g_53
26058,g_81
26058,g_873
26058,g_874
26058,g_2738
26058,g_3109
26058,g_10214
26058,g_10215
26058,g_10220
26058,g_10225
26058,g_10228
26058,g_14926
26134,g_17
26134,g_133
26134,g_3163
26134,g_10105
26134,g_10216
26134,g_10221
26134,g_10224
27170,g_17
27170,g_35
27170,g_869
27170,g_1109
27170,g_7407
27170,g_10216
27170,g_10217
27345,g_18
27345,g_87
27345,g_219
27345,g_303
27345,g_354
27345,g_865
27345,g_10224
27345,g_10225
27345,g_10228
30747,g_49
30747,g_81
30747,g_867
30893,g_12
30893,g_17
30893,g_869
30907,g_18
30907,g_53
30907,g_80
30907,g_134
30907,g_867
30907,g_2738
35982,g_35
35982,g_1119
36696,g_157
36696,g_303
36696,g_10216
36696,g_10220
36696,g_10227
36696,g_10228
36696,g_16304
38131,g_35
39046,g_27
39046,g_87
39046,g_166
39046,g_863
39046,g_864
39046,g_867
39046,g_871
39046,g_873
39046,g_874
39046,g_1113
39046,g_3083
39046,g_3110
39342,g_50
39342,g_164
39342,g_10215
39342,g_10216
39342,g_10225
39342,g_10226
39342,g_16304
39595,g_18
39595,g_35
42006,g_53
42006,g_76
42006,g_80
42006,g_106
42006,g_303
42006,g_818
42006,g_10215
42006,g_10223
42393,g_18
42393,g_818
43429,g_35
43429,g_87
43429,g_3165
44652,g_44
45100,g_144
45100,g_3135
45100,g_10216
45100,g_14999
45830,g_35
45830,g_863
45830,g_864
45830,g_1479
45830,g_2888
45830,g_10216
45830,g_10217
45830,g_10220
45961,g_35
45961,g_114
45961,g_818
45961,g_867
45961,g_10216
45961,g_10217
45961,g_10220
45961,g_14999
46211,g_35
46211,g_864
46211,g_873
46211,g_1479
46211,g_3107
46211,g_10216
46211,g_10217
46211,g_10220
46239,g_35
46239,g_864
46239,g_873
46239,g_1479
46239,g_3110
46239,g_10216
46239,g_10217
46239,g_10220
46354,g_35
46354,g_81
46354,g_82
46354,g_864
46354,g_873
46354,g_1479
46354,g_2916
46354,g_3110
46354,g_10216
46354,g_10217
46354,g_10220
46354,g_10225
46358,g_35
46358,g_873
46358,g_1479
46358,g_2888
46358,g_2916
46358,g_10216
46358,g_10217
46358,g_10220
46964,g_2916
46964,g_3108
46964,g_10220
46971,g_864
46971,g_3109
46971,g_3110
46971,g_3112
47895,g_35
47895,g_864
47895,g_1479
47895,g_2370
47895,g_3107
47895,g_10216
47895,g_10217
47895,g_10220
48388,g_18
48388,g_31
48388,g_32
48388,g_3165
48388,g_6033
48388,g_10213
48388,g_10214
48388,g_10223
49209,g_14
49209,g_27
49209,g_53
49209,g_158
49209,g_878
49209,g_3138
49209,g_10215
49209,g_10226
49859,g_18
49859,g_28
49859,g_53
49859,g_864
49859,g_867
49859,g_874
49859,g_10215
49859,g_10225
52279,g_34
52279,g_1122
56525,g_28
56525,g_50
56525,g_2738
57053,g_35
57053,g_157
57851,g_34
57851,g_8497
60435,g_18
60435,g_301
60435,g_3165
62132,g_14
62132,g_18
62132,g_35
62132,g_99
62132,g_873
62132,g_3110
62132,g_14726
63559,g_53
63559,g_126
63861,g_28
63861,g_53
63861,g_10215
64022,g_92
64022,g_106
64022,g_864
64022,g_865
64022,g_1163
64022,g_3167
64022,g_10215
64022,g_10222
64022,g_10223
64380,g_76
64380,g_219
64380,g_10215
66405,g_18
66405,g_6033
66405,g_10223
67539,g_170
67539,g_18847
68061,g_28
68061,g_53
68061,g_2737
68061,g_10215
69071,g_18
69071,g_249
69071,g_10223
70258,g_35
70258,g_69
70258,g_10216
70729,g_18
70729,g_28
70729,g_10223
70845,g_191
70845,g_10223
70845,g_17412
70848,g_80
70848,g_249
70848,g_10215
71396,g_31
71396,g_35
71396,g_126
71396,g_3165
71396,g_6033
71396,g_10216
71396,g_10219
71765,g_191
71765,g_10215
71765,g_10223
75580,g_99
86210,g_53
92033,g_28
92033,g_53
97418,g_18385
107822,g_18
107822,g_209
116909,g_28
116909,g_86
116909,g_818
131086,g_12
131086,g_14
131086,g_17
131086,g_35
131086,g_8741
142905,g_36
142905,g_210
142905,g_2890
148220,g_35
175,g_12
175,g_33
175,g_210
175,g_219
175,g_10215
175,g_10221
175,g_10228
242,g_50
242,g_53
242,g_71
242,g_104
242,g_134
242,g_249
242,g_329
242,g_864
242,g_1080
242,g_1167
242,g_10215
242,g_10223
242,g_10282
342,g_33
342,g_35
342,g_49
342,g_73
342,g_302
342,g_353
342,g_866
342,g_1167
342,g_10216
342,g_10221
342,g_10222
422,g_33
422,g_127
422,g_210
422,g_219
422,g_301
422,g_302
422,g_329
422,g_353
422,g_354
422,g_684
422,g_1033
422,g_1045
422,g_1110
422,g_5702
464,g_22
464,g_33
464,g_87
464,g_302
464,g_303
464,g_707
464,g_10219
464,g_10221
464,g_10282
692,g_49
692,g_56
692,g_87
692,g_303
692,g_867
692,g_871
692,g_873
692,g_874
692,g_1112
692,g_1113
692,g_1168
692,g_2915
692,g_3163
692,g_14414
765,g_49
765,g_56
765,g_157
765,g_164
765,g_166
765,g_169
765,g_874
765,g_1112
765,g_10214
765,g_10215
765,g_10216
765,g_16304
843,g_33
843,g_127
843,g_302
843,g_353
843,g_10219
843,g_10221
843,g_10223
843,g_10228
843,g_14354
843,g_15588
1600,g_18
1600,g_33
1600,g_15588
1716,g_33
1716,g_49
1716,g_92
1716,g_127
1716,g_130
1716,g_1110
1716,g_3163
1716,g_10214
1716,g_10219
1716,g_10221
1716,g_10223
1716,g_10224
1716,g_10282
1771,g_50
1771,g_85
1771,g_864
1771,g_1108
1771,g_1109
1771,g_2891
1771,g_3160
1771,g_10214
1771,g_15098
1924,g_49
1924,g_50
1924,g_85
1924,g_878
1924,g_1110
1924,g_10214
1924,g_10218
1924,g_10282
1986,g_44
1986,g_54
1986,g_69
1986,g_71
1986,g_209
1986,g_302
1986,g_2889
1986,g_10215
1986,g_10216
1986,g_10222
1986,g_10223
1986,g_10224
2024,g_28
2024,g_31
2024,g_36
2024,g_10215
2024,g_10221
2024,g_10282
2257,g_17
2257,g_54
2257,g_134
2257,g_135
2257,g_818
2257,g_1093
2257,g_2889
2257,g_3162
2257,g_3165
2259,g_33
2259,g_818
2259,g_6033
2259,g_10215
2259,g_10219
2259,g_10221
2784,g_17
2784,g_1024
2784,g_2713
2784,g_3165
4195,g_56
4543,g_49
4543,g_56
4543,g_1110
4543,g_2888
4543,g_2915
4543,g_8708
4543,g_10216
5855,g_17
5855,g_18
5855,g_22
5855,g_3898
5964,g_17
5964,g_18
5964,g_28
5964,g_3167
6114,g_33
6114,g_49
6114,g_79
6114,g_163
6114,g_818
6114,g_939
6114,g_10219
6114,g_10221
6114,g_10226
6114,g_10281
6114,g_10282
6914,g_12
6914,g_17
6914,g_22
6914,g_35
6914,g_939
6914,g_2895
6914,g_10216
6914,g_10217
6914,g_10219
7840,g_12
7840,g_14
7840,g_28
7840,g_50
7840,g_1108
7840,g_10214
7840,g_10215
8453,g_28
8453,g_33
8453,g_53
8453,g_72
8453,g_861
8453,g_10219
8453,g_10221
8453,g_10224
8882,g_18
8882,g_209
8882,g_249
8882,g_818
8882,g_1119
8882,g_2738
8882,g_10223
8882,g_10225
9793,g_27
9793,g_157
9793,g_10225
9793,g_10226
10000,g_18
10000,g_35
10000,g_10221
10000,g_10222
10036,g_13
10036,g_35
10036,g_2759
10036,g_10216
10046,g_12
10046,g_37
10046,g_85
10046,g_219
10123,g_19
10123,g_35
10123,g_10216
10123,g_10218
10542,g_85
10542,g_87
10542,g_303
10542,g_2888
10542,g_10216
10542,g_10226
10542,g_10228
10542,g_16304
10620,g_12
10620,g_28
10620,g_36
10620,g_81
11463,g_31
11463,g_138
12158,g_50
12158,g_163
12158,g_16304
14553,g_18
14553,g_28
14553,g_53
14553,g_3167
16005,g_22
16005,g_39
16005,g_49
16005,g_52
16005,g_157
16005,g_303
16005,g_3898
16005,g_10216
16005,g_10220
16005,g_10221
16005,g_10225
16005,g_10226
16005,g_10228
16005,g_14452
18045,g_28
18045,g_31
18045,g_138
19507,g_18
19507,g_36
19507,g_44
19507,g_50
19507,g_92
19507,g_209
19507,g_210
19507,g_10107
19507,g_10221
19507,g_10223
19507,g_10282
19516,g_12
19516,g_15
19516,g_17
19516,g_154
19516,g_866
19516,g_869
19516,g_1044
19516,g_1063
19516,g_1109
19516,g_1141
19516,g_3160
19516,g_8530
19516,g_10214
19516,g_10215
19516,g_10216
19516,g_10219
19516,g_10221
19516,g_18385
20861,g_28
20861,g_50
20861,g_104
20861,g_136
20861,g_864
20861,g_3160
20861,g_10214
20861,g_10215
20861,g_10223
20861,g_10225
21057,g_2729
21057,g_3167
21057,g_10215
22761,g_76
22761,g_106
22761,g_141
22761,g_818
22761,g_873
22761,g_874
22761,g_10214
22761,g_10215
22761,g_10223
22761,g_10225
27558,g_17
27558,g_50
27558,g_85
27558,g_866
27558,g_869
27558,g_1108
27558,g_2712
27558,g_8741
27558,g_10105
27558,g_10215
27558,g_10216
27558,g_10217
27558,g_13544
28590,g_18
28590,g_28
28590,g_878
31300,g_27
31300,g_863
31300,g_867
31300,g_874
31322,g_27
31322,g_863
31322,g_867
31322,g_874
35185,g_99
35185,g_1113
35185,g_10222
36087,g_35
36087,g_878
36087,g_14414
36644,g_12
36644,g_28
36644,g_3109
37960,g_18
38207,g_157
38207,g_874
38207,g_3166
38207,g_14710
39779,g_71
40977,g_35
40977,g_122
40977,g_126
40977,g_127
40977,g_1104
40977,g_10217
40977,g_10219
40977,g_10221
41678,g_18
41678,g_818
41678,g_1093
41678,g_6033
41995,g_35
41995,g_80
42308,g_18
42308,g_31
42553,g_35
42553,g_87
42553,g_303
42553,g_863
42553,g_878
42553,g_1113
42553,g_10216
42553,g_10228
42553,g_14414
43209,g_14
43209,g_28
43209,g_863
43209,g_864
43209,g_2891
43209,g_3167
43209,g_10215
43209,g_10220
43489,g_12
43489,g_18
43489,g_51
43489,g_878
43791,g_27
43791,g_39
43791,g_169
43791,g_863
43791,g_864
43791,g_867
43791,g_1113
43791,g_10215
43791,g_10226
43819,g_28
43819,g_863
43819,g_864
43819,g_1113
43819,g_10216
43819,g_10220
43819,g_10225
44192,g_27
44192,g_87
44192,g_158
44192,g_159
44192,g_863
44192,g_867
44192,g_2896
44192,g_3163
44192,g_3164
44192,g_10215
44192,g_10216
44192,g_10225
44192,g_16304
44195,g_14
44195,g_27
44195,g_303
44195,g_863
44195,g_878
44195,g_1113
44195,g_2896
44195,g_14414
44471,g_44
44471,g_135
44755,g_31
44755,g_33
44755,g_6033
44824,g_27
44824,g_164
44824,g_863
44824,g_864
44824,g_867
44824,g_1113
44824,g_2896
44824,g_3163
44824,g_10215
44824,g_10226
45932,g_18
45932,g_80
46148,g_35
46148,g_864
46148,g_873
46148,g_1479
46148,g_3107
46148,g_3110
46148,g_10216
46148,g_10217
46148,g_10220
46408,g_33
46408,g_122
46417,g_873
46417,g_2916
46417,g_3110
46417,g_10220
47161,g_18
47161,g_209
47161,g_818
47161,g_2738
52486,g_122
53871,g_18
54796,g_18
54799,g_80
56094,g_28
56094,g_864
56094,g_3166
56094,g_10215
56979,g_56
56979,g_17126
59009,g_28
59009,g_148
59009,g_2916
59009,g_3109
59009,g_3110
59009,g_10215
59009,g_10220
59009,g_10225
60639,g_18
60639,g_53
60639,g_80
60639,g_219
60639,g_10214
60639,g_10215
60639,g_10224
61379,g_50
61379,g_159
61379,g_878
61379,g_1109
61379,g_2579
61379,g_10215
61379,g_10226
63315,g_53
63315,g_818
63495,g_27
63495,g_878
63495,g_10215
63495,g_10226
63667,g_18
63667,g_10282
63667,g_14726
63696,g_28
63696,g_53
63696,g_10215
63696,g_10223
64309,g_18
64309,g_69
64455,g_19
64455,g_87
64455,g_126
64455,g_303
64455,g_353
64455,g_939
64455,g_1116
64455,g_1119
64455,g_1122
64455,g_1123
64455,g_3164
64455,g_3165
64455,g_10066
65764,g_80
65764,g_2370
65764,g_3165
65764,g_10215
68313,g_18
68313,g_19
68313,g_33
68313,g_127
68313,g_130
68313,g_864
68313,g_865
68313,g_1167
68313,g_3137
68313,g_10215
68313,g_10217
68313,g_10219
68313,g_10221
68313,g_10223
68313,g_10224
68885,g_18
68885,g_36
68885,g_3165
68885,g_10223
69327,g_37
69327,g_10215
69327,g_10219
69327,g_10223
69717,g_18
69717,g_6033
69717,g_10223
71354,g_35
71354,g_80
71354,g_10215
71354,g_10216
71431,g_28
71431,g_53
71431,g_10215
71431,g_10223
72192,g_18
72192,g_80
72192,g_3167
72192,g_10215
79093,g_209
79093,g_2890
85816,g_141
85816,g_3138
86329,g_126
93494,g_28
95644,g_241
100453,g_35
114964,g_80
116314,g_1141
116691,g_35
116691,g_14452
117897,g_18
117897,g_80
130229,g_28
134750,g_27
134750,g_53
134750,g_169
134750,g_873
134750,g_874
134750,g_1180
134750,g_2579
134750,g_9577
134750,g_10066
134750,g_10067
134750,g_18305
138323,g_18
138323,g_51
138323,g_7221
154111,g_18
154111,g_209
154111,g_1110
155442,g_27
155442,g_39
155442,g_157
155442,g_162
155442,g_867
155442,g_874
155442,g_10464
78,g_28
78,g_43
78,g_49
78,g_218
78,g_329
78,g_541
78,g_644
78,g_807
78,g_1086
78,g_6033
78,g_10215
300,g_33
300,g_122
300,g_228
300,g_303
300,g_353
300,g_1033
300,g_1071
300,g_10219
300,g_10221
300,g_10228
490,g_49
490,g_54
490,g_301
490,g_302
490,g_939
490,g_1055
490,g_1110
490,g_1140
490,g_10215
490,g_10222
490,g_10223
584,g_28
584,g_10214
615,g_50
615,g_84
615,g_104
615,g_149
615,g_874
615,g_1109
615,g_1112
615,g_2890
615,g_3084
615,g_3128
615,g_10225
615,g_10227
615,g_10282
618,g_36
618,g_44
618,g_49
618,g_92
618,g_104
618,g_301
618,g_1110
618,g_1116
618,g_6033
677,g_101
677,g_206
677,g_3162
677,g_10223
677,g_10228
852,g_251
852,g_867
852,g_1110
852,g_3165
852,g_6033
890,g_54
890,g_69
890,g_130
890,g_302
890,g_353
890,g_818
890,g_1110
890,g_1145
890,g_1151
890,g_3148
890,g_10221
890,g_10224
890,g_10228
1710,g_50
1710,g_141
1710,g_219
1710,g_10214
1710,g_10215
1710,g_10223
1710,g_10225
1710,g_10226
2232,g_33
2232,g_49
2232,g_54
2232,g_818
2232,g_1093
2232,g_1110
2232,g_10219
2232,g_10221
2232,g_10224
3784,g_17
3784,g_33
3784,g_49
3784,g_50
3784,g_126
3784,g_130
3784,g_1109
3784,g_3147
3784,g_10217
3784,g_10219
3784,g_10221
4550,g_18
4550,g_53
4550,g_303
4550,g_10214
4550,g_10215
4550,g_10225
5590,g_13
5590,g_33
5590,g_126
5590,g_302
5590,g_353
5590,g_865
5590,g_869
5590,g_1040
5590,g_1103
5590,g_1110
5590,g_2758
5590,g_4865
5590,g_10221
5590,g_10228
5913,g_18
5913,g_80
5913,g_2916
6029,g_17
6029,g_79
6029,g_80
6029,g_818
6029,g_1105
6585,g_18
6585,g_49
6585,g_80
6585,g_3165
6585,g_6033
6585,g_10215
6590,g_18
6590,g_49
6590,g_53
6590,g_864
6590,g_865
6590,g_1110
6590,g_3148
6590,g_3165
6932,g_17
6932,g_80
6932,g_863
6932,g_6033
6947,g_50
6947,g_79
6947,g_158
6947,g_864
6947,g_1109
6947,g_3163
6947,g_10066
6947,g_10067
6947,g_10215
6947,g_10223
6947,g_10226
6947,g_10282
8220,g_56
8220,g_303
8220,g_1164
8220,g_3163
10051,g_19
10051,g_35
10051,g_126
10051,g_10216
10051,g_10217
10051,g_10220
10417,g_18
10417,g_36
10417,g_3167
10417,g_10214
10417,g_10215
10761,g_50
10761,g_126
10761,g_10216
10761,g_10217
10761,g_10219
12578,g_18
12578,g_99
12578,g_206
12578,g_1119
12578,g_3114
12578,g_3163
12578,g_10223
12578,g_10228
13331,g_122
14442,g_18
14442,g_35
14442,g_79
14442,g_10223
14442,g_10227
14442,g_10228
15972,g_87
15972,g_99
15972,g_117
15972,g_202
15972,g_206
17334,g_50
17334,g_85
17334,g_1108
17334,g_2891
17334,g_3160
20327,g_18
20327,g_3167
21179,g_28
21179,g_43
21179,g_52
21179,g_85
21179,g_10215
26441,g_18
26441,g_19
26441,g_10221
26762,g_14
26762,g_17
26762,g_50
26762,g_869
26762,g_1108
26762,g_10105
27544,g_44
27544,g_2579
27544,g_2894
27544,g_10215
27544,g_10221
27544,g_10223
27544,g_10225
30787,g_81
30787,g_867
30787,g_2896
32060,g_18
32060,g_27
32060,g_53
32060,g_251
32060,g_864
32060,g_867
32060,g_874
32060,g_1214
32060,g_3167
32060,g_3168
33067,g_13
33067,g_17
33067,g_154
33067,g_869
33067,g_1108
33067,g_1109
33067,g_8741
33067,g_8867
33100,g_14
33100,g_79
33100,g_141
33100,g_144
35122,g_126
35122,g_818
36985,g_126
36985,g_10216
36985,g_10219
36985,g_18606
39086,g_18
39086,g_28
39086,g_53
39086,g_80
39086,g_864
39086,g_867
39086,g_873
39086,g_874
39086,g_1113
39086,g_10214
39086,g_10223
39086,g_10224
39086,g_10225
39086,g_10227
39086,g_10228
39771,g_12
42536,g_27
42536,g_159
42536,g_303
42536,g_863
42536,g_864
42536,g_867
42536,g_874
42536,g_878
42536,g_2896
42536,g_3163
42536,g_10215
42536,g_10225
42536,g_10226
42536,g_14414
46414,g_17
46414,g_35
46414,g_2888
46414,g_10216
46414,g_10217
46934,g_18
49218,g_27
49218,g_53
49218,g_878
49218,g_10215
49218,g_10226
51798,g_18
51798,g_92
51798,g_209
55179,g_27
55504,g_18
55504,g_35
55504,g_301
55504,g_14726
55842,g_138
55842,g_301
55842,g_2890
55842,g_10282
55842,g_14726
56480,g_33
56480,g_80
56480,g_14726
56755,g_35
56755,g_301
56755,g_6033
56755,g_14726
56996,g_18
56996,g_53
56996,g_209
56996,g_7424
56996,g_15673
57680,g_15
57680,g_28
57680,g_87
57680,g_864
57680,g_869
57680,g_878
57680,g_1113
57680,g_8497
57680,g_10214
57680,g_10223
58073,g_14
58073,g_18
58073,g_33
58073,g_35
58073,g_6033
58073,g_10216
58073,g_10219
58073,g_10222
58073,g_10223
58073,g_10228
59021,g_35
59021,g_3165
59021,g_6033
59021,g_10216
59021,g_10219
59834,g_18
59834,g_3163
59834,g_10221
59834,g_10223
59960,g_44
59960,g_130
59960,g_303
59960,g_353
59960,g_1163
59960,g_1167
59960,g_3163
59960,g_3165
59960,g_14726
60123,g_12
60123,g_28
60123,g_80
60123,g_10214
60123,g_10215
60123,g_10226
61208,g_166
61208,g_3082
61334,g_35
61334,g_126
61382,g_18
61382,g_79
61382,g_80
61382,g_144
61382,g_10215
61905,g_878
61918,g_18
61918,g_33
61918,g_35
61918,g_10216
61918,g_10219
62767,g_18
62767,g_80
62767,g_209
62767,g_3165
62767,g_10215
63243,g_27
63243,g_28
63243,g_53
63243,g_10215
63243,g_10226
64011,g_92
64011,g_106
64011,g_864
64011,g_865
64011,g_1163
64011,g_3167
64011,g_10215
64011,g_10222
64011,g_10223
64210,g_12
64210,g_14
64210,g_27
64210,g_28
64210,g_81
64210,g_168
64210,g_10215
64210,g_10223
64210,g_10225
64210,g_10226
66720,g_27
66720,g_31
66720,g_164
66720,g_10215
66720,g_10226
68153,g_18
68153,g_106
68153,g_209
68153,g_10215
68153,g_10223
68891,g_18
68891,g_53
68891,g_209
68891,g_10215
68891,g_10223
69170,g_12
69170,g_878
69170,g_2891
69170,g_10215
69466,g_18
69466,g_28
69466,g_82
69466,g_10215
69466,g_10223
70118,g_14
70118,g_28
70118,g_878
70118,g_2932
70118,g_10215
70593,g_34
70593,g_81
70593,g_3004
71700,g_81
71700,g_10215
71700,g_10223
71883,g_12
71883,g_35
71883,g_53
71883,g_80
71883,g_2916
71883,g_10215
71883,g_10216
71883,g_10220
71883,g_10228
71883,g_14414
87787,g_28
92397,g_18
92397,g_329
95036,g_18
95036,g_878
95036,g_3138
95036,g_10067
96119,g_28
96119,g_43
112212,g_878
112212,g_2891
112212,g_18385
128956,g_71
128956,g_18606
188978,g_3162
188978,g_19772
55,g_44
55,g_54
55,g_130
55,g_303
55,g_684
55,g_1580
55,g_3164
55,g_10221
55,g_10225
55,g_10228
55,g_10282
106,g_28
106,g_31
106,g_49
106,g_104
106,g_159
106,g_245
106,g_864
106,g_874
106,g_878
106,g_1110
106,g_10214
106,g_10215
106,g_10225
106,g_10226
106,g_10282
348,g_49
348,g_50
348,g_104
348,g_159
348,g_867
348,g_874
348,g_878
348,g_1109
348,g_1110
348,g_1133
348,g_1150
348,g_3148
348,g_10214
348,g_10215
348,g_10223
348,g_10225
348,g_10226
348,g_10281
387,g_32
387,g_92
387,g_219
387,g_707
387,g_818
387,g_864
387,g_1109
387,g_1110
387,g_6033
387,g_10215
387,g_10223
387,g_10225
387,g_10282
1281,g_17
1281,g_50
1281,g_124
1281,g_541
1281,g_1108
1281,g_1109
1281,g_1145
1281,g_10216
1281,g_13544
1366,g_33
1366,g_44
1366,g_50
1366,g_104
1366,g_1109
1366,g_1110
1366,g_10107
1366,g_10214
1366,g_10215
1366,g_10219
1366,g_10221
1366,g_10281
1996,g_12
1996,g_2891
1996,g_3004
1996,g_10214
1996,g_10215
1996,g_14926
2013,g_54
2013,g_209
2013,g_302
2013,g_354
2013,g_818
2013,g_2890
2013,g_10221
2013,g_10224
2013,g_10228
2013,g_10282
2100,g_18
2100,g_28
2100,g_50
2100,g_53
2100,g_864
2100,g_2896
2100,g_10215
6116,g_12
6116,g_14
6116,g_17
6116,g_18
6116,g_22
6116,g_35
6116,g_866
6116,g_10216
6116,g_10217
6116,g_10220
9989,g_18
9989,g_53
9989,g_80
9989,g_10215
9989,g_10223
9989,g_10228
10032,g_19
10032,g_1126
10032,g_2888
11127,g_14
11127,g_138
11127,g_878
11127,g_3166
26143,g_18
26143,g_35
27223,g_37
27223,g_163
27223,g_3004
27223,g_3166
29634,g_35
29634,g_818
29634,g_864
29634,g_1123
29634,g_2730
29634,g_10215
29634,g_10216
29634,g_10217
30749,g_49
30749,g_81
30749,g_867
30842,g_12
30842,g_18
30842,g_28
30842,g_31
30842,g_49
30842,g_53
30842,g_80
30842,g_87
30842,g_863
30842,g_864
30842,g_2896
30842,g_14414
30844,g_27
30844,g_49
30844,g_87
30844,g_159
30844,g_863
30844,g_864
30844,g_878
30844,g_2896
30844,g_3165
30844,g_14414
31381,g_14
31381,g_18
31381,g_34
31381,g_49
31381,g_79
31381,g_87
31381,g_142
31381,g_864
31381,g_867
31381,g_873
31381,g_874
31381,g_1113
31381,g_8497
31381,g_10225
33267,g_28
33267,g_53
33267,g_158
33267,g_864
33267,g_874
33267,g_3166
33267,g_10214
33267,g_10215
33267,g_10225
33267,g_10226
33267,g_10227
33556,g_28
33556,g_878
33556,g_3004
35992,g_33
36842,g_27
36842,g_166
36842,g_170
36842,g_867
36842,g_874
36842,g_3082
36842,g_8497
36842,g_10214
36842,g_10215
36842,g_10223
36842,g_10224
36842,g_10225
36842,g_10226
36842,g_10227
36842,g_10228
36842,g_15038
38139,g_28
38139,g_864
38139,g_1123
38139,g_10214
38139,g_10215
38139,g_10216
40857,g_13
40857,g_17
40857,g_869
40857,g_939
40857,g_1110
40857,g_2758
40857,g_10216
40857,g_10217
41626,g_35
42433,g_87
42433,g_164
42433,g_168
42433,g_303
42433,g_863
42433,g_867
42433,g_874
42433,g_3163
42433,g_10215
42433,g_10225
42433,g_10226
43348,g_35
43348,g_863
43348,g_867
43348,g_878
43348,g_1113
43348,g_14414
43801,g_17
43801,g_18
43801,g_49
43801,g_1110
43801,g_10217
43801,g_10221
43801,g_10224
44472,g_18
44472,g_31
45546,g_18
45546,g_28
45546,g_80
45546,g_867
45546,g_10215
45546,g_10225
45998,g_35
45998,g_864
45998,g_1479
45998,g_10216
45998,g_10217
45998,g_10220
46637,g_2916
46894,g_18
46894,g_867
46894,g_3163
46894,g_10215
46894,g_10220
46894,g_10223
46895,g_18
46895,g_35
46895,g_867
46895,g_3163
46895,g_10216
46895,g_10220
46895,g_10221
47163,g_99
47163,g_1113
47163,g_10107
47163,g_10213
47637,g_35
47637,g_10216
47659,g_35
47659,g_14414
47818,g_12
47818,g_50
47818,g_1108
47818,g_1109
57895,g_18
58611,g_18
58611,g_301
58611,g_1024
58611,g_10282
58611,g_14726
59328,g_53
59328,g_80
59328,g_135
59328,g_6033
59328,g_10215
59328,g_10223
61106,g_53
62130,g_27
62130,g_37
62130,g_164
62130,g_3166
62130,g_10215
62130,g_10226
63690,g_28
63690,g_35
63690,g_37
63690,g_82
63690,g_3163
63690,g_10216
64009,g_92
64009,g_106
64009,g_864
64009,g_865
64009,g_1163
64009,g_3167
64009,g_10215
64009,g_10222
64009,g_10223
64431,g_209
64431,g_818
64431,g_1125
65325,g_37
65325,g_3167
65325,g_6033
65325,g_10223
67635,g_18
67635,g_32
67635,g_33
67635,g_44
67635,g_71
67635,g_87
67635,g_219
67635,g_303
67635,g_864
67635,g_865
67635,g_1113
67635,g_1119
67635,g_10215
67635,g_10221
67635,g_10222
67635,g_10223
67635,g_10224
67635,g_10225
68459,g_18
68459,g_28
68459,g_53
68459,g_6033
68459,g_10215
68459,g_10223
69946,g_28
69946,g_53
69946,g_3167
69946,g_10215
70062,g_136
70062,g_14999
71236,g_27
71236,g_170
71280,g_18
71280,g_35
71280,g_3163
71280,g_10216
71280,g_10221
71280,g_10223
86277,g_18
93105,g_12
93105,g_14
93105,g_17
102107,g_18
102107,g_33
112664,g_35
114970,g_126
114970,g_329
114970,g_14452
146598,g_18
146598,g_80
146598,g_3167
28,g_32
28,g_49
28,g_50
28,g_92
28,g_138
28,g_209
28,g_1110
28,g_6033
28,g_10214
28,g_10221
28,g_10222
28,g_10223
28,g_10225
28,g_10227
28,g_10281
28,g_10282
429,g_31
429,g_49
429,g_56
429,g_190
429,g_191
429,g_656
429,g_864
429,g_1110
429,g_1133
429,g_3148
429,g_3919
429,g_4840
429,g_4844
429,g_10215
429,g_10225
429,g_10228
446,g_44
446,g_71
446,g_87
446,g_303
446,g_1096
446,g_1119
446,g_10221
446,g_10224
446,g_18305
583,g_49
583,g_56
583,g_114
583,g_245
583,g_303
583,g_939
583,g_1047
583,g_1110
583,g_1124
583,g_2713
583,g_10216
583,g_10217
583,g_10222
583,g_10228
583,g_14999
932,g_33
932,g_44
932,g_92
932,g_1092
932,g_1093
932,g_1110
932,g_3148
932,g_3165
932,g_10221
932,g_10223
1369,g_50
1369,g_53
1369,g_104
1369,g_138
1369,g_818
1369,g_874
1369,g_1049
1369,g_1108
1369,g_1119
1369,g_2891
1369,g_10214
1369,g_10215
1925,g_122
1925,g_127
1925,g_219
1925,g_10216
1925,g_10223
1925,g_10224
1925,g_10227
1925,g_10228
2250,g_17
2250,g_18
2250,g_32
2250,g_864
2250,g_1093
2250,g_3162
2250,g_3165
2250,g_6033
2262,g_18
2262,g_49
2262,g_80
2262,g_524
2262,g_864
2262,g_865
2262,g_1110
2262,g_3148
2262,g_3163
2262,g_3165
2262,g_10221
2262,g_10222
2262,g_10227
2262,g_10228
2262,g_17580
2981,g_12
2981,g_14
2981,g_17
2981,g_50
2981,g_878
2981,g_1110
2981,g_1116
2981,g_3165
2981,g_6033
4858,g_50
4858,g_53
4858,g_864
4858,g_878
4858,g_10215
4858,g_10226
5840,g_18
5840,g_864
5840,g_2916
6364,g_17
6364,g_49
6364,g_130
6364,g_353
6364,g_818
6364,g_1112
6364,g_3162
6364,g_3165
8077,g_49
8077,g_159
8077,g_878
8077,g_10214
8077,g_10215
8077,g_10226
8077,g_10282
12967,g_27
12967,g_53
22878,g_18
22878,g_53
22878,g_10215
22878,g_10223
22878,g_10228
25352,g_18
25352,g_35
25352,g_10221
25352,g_10222
25697,g_14
25697,g_18
25697,g_154
25697,g_818
25697,g_10221
25697,g_10223
31178,g_19
31178,g_302
31178,g_353
31178,g_939
31178,g_1110
31178,g_2370
31178,g_2759
31178,g_3129
31178,g_3163
31178,g_10221
31178,g_10222
31178,g_10223
31178,g_10227
31178,g_14726
31257,g_27
31257,g_87
41684,g_14
41684,g_27
41684,g_87
41684,g_168
41684,g_818
41684,g_863
41684,g_864
41684,g_867
41684,g_874
41684,g_1113
41684,g_2896
41684,g_14414
42502,g_27
42502,g_28
42502,g_157
42502,g_164
42502,g_303
42502,g_863
42502,g_864
42502,g_867
42502,g_873
42502,g_874
42502,g_1113
42502,g_14414
43208,g_80
43208,g_251
43535,g_39
43535,g_14999
43814,g_18
43814,g_35
43814,g_209
43814,g_210
43814,g_1125
43814,g_10216
43814,g_10217
44101,g_81
44101,g_82
44101,g_193
44101,g_3087
44101,g_14414
44138,g_27
44138,g_864
44138,g_867
44138,g_874
44138,g_3167
44138,g_10215
44138,g_10225
44688,g_14
44688,g_22
44688,g_27
44688,g_863
44688,g_864
44688,g_878
44688,g_1113
44688,g_3167
44688,g_10215
44688,g_10216
44688,g_10226
44688,g_14414
45237,g_18
45237,g_92
45237,g_1110
45237,g_3163
45237,g_3165
45237,g_10222
45237,g_10223
46000,g_35
46000,g_864
46000,g_1479
46000,g_2888
46000,g_10216
46000,g_10217
46000,g_10220
46275,g_864
46275,g_873
46275,g_1479
46275,g_2916
46275,g_3110
46275,g_3112
46275,g_10220
46280,g_864
46280,g_873
46280,g_1479
46280,g_2916
46280,g_3110
46280,g_3112
46280,g_10220
46570,g_17
46570,g_22
46570,g_35
46570,g_2370
46570,g_10216
46570,g_10217
46570,g_10218
46613,g_18
46613,g_80
46613,g_873
46613,g_3110
46613,g_3112
46613,g_10220
46613,g_10223
47154,g_69
47660,g_35
47660,g_80
47660,g_144
47660,g_14414
47660,g_14999
57040,g_157
57040,g_8497
57040,g_10216
57040,g_10217
57040,g_10225
57040,g_10227
57040,g_10228
57040,g_16304
57177,g_12
57177,g_33
57177,g_301
57177,g_14726
61882,g_28
61882,g_85
62731,g_35
68550,g_12
68550,g_18
68550,g_28
68550,g_148
68550,g_149
68550,g_10215
68550,g_10223
69465,g_18
69465,g_33
69465,g_80
69465,g_10215
69465,g_10219
69703,g_18
69703,g_22
70126,g_22
70126,g_35
70126,g_10216
70935,g_14
70935,g_33
70935,g_35
70935,g_114
70935,g_6033
70935,g_10216
81883,g_53
81883,g_136
90235,g_164
96761,g_18
96761,g_35
102900,g_27
102900,g_87
102900,g_303
102900,g_866
102900,g_3159
102900,g_3167
103189,g_53
103189,g_81
104076,g_71
104076,g_122
104076,g_2579
104076,g_10464
104294,g_28
104294,g_10597
105249,g_12
105249,g_18
105249,g_209
105249,g_2579
110081,g_53
110081,g_79
110081,g_104
110081,g_141
110081,g_329
110081,g_867
110081,g_874
110081,g_7141
110081,g_10066
110081,g_10067
110081,g_10215
110081,g_10227
113005,g_28
113005,g_53
116029,g_18
116029,g_53
116029,g_210
119575,g_154
119575,g_157
119575,g_169
119575,g_16304
130193,g_36
130193,g_126
130193,g_818
130193,g_939
659,g_69
659,g_133
659,g_303
659,g_524
659,g_807
659,g_818
659,g_1110
659,g_10221
659,g_10228
659,g_10281
769,g_18
769,g_49
769,g_249
769,g_2738
769,g_2890
769,g_6033
769,g_10215
769,g_10221
769,g_10225
1566,g_32
1566,g_69
1566,g_10221
1566,g_10223
4203,g_18
4203,g_35
4203,g_49
4203,g_73
4203,g_302
4203,g_1110
4203,g_3163
4203,g_7142
4203,g_10216
4203,g_10221
4203,g_10228
4203,g_10282
5858,g_18
5858,g_864
5858,g_2916
5870,g_17
5870,g_18
5870,g_22
5870,g_80
6477,g_15
6477,g_17
6477,g_22
6477,g_35
6477,g_50
6477,g_104
6477,g_154
6477,g_1108
6477,g_3160
6477,g_10217
12402,g_18
12402,g_73
12402,g_80
12402,g_87
12402,g_121
12402,g_142
12402,g_863
12402,g_1113
12402,g_1123
12402,g_3109
12402,g_13544
15706,g_17
15706,g_49
15706,g_99
15706,g_209
15706,g_210
15706,g_303
15706,g_3148
15952,g_1108
15952,g_1479
26773,g_50
26773,g_126
26773,g_865
26773,g_1108
26773,g_1109
26773,g_3138
26773,g_10216
26773,g_10217
26773,g_10218
26773,g_10219
26773,g_10221
26773,g_14354
28616,g_17
28616,g_69
28616,g_303
28616,g_354
28616,g_1033
28616,g_1040
28616,g_1070
28616,g_1152
28616,g_1505
28616,g_3163
28616,g_6352
28616,g_10105
28616,g_10216
28616,g_10217
28616,g_10218
28616,g_10221
28616,g_10222
28616,g_10228
28616,g_10461
35926,g_14
35926,g_818
35926,g_878
37278,g_15
37278,g_16
37278,g_18
37278,g_27
37278,g_28
37278,g_158
37278,g_164
37278,g_3004
37278,g_8530
37278,g_10214
37278,g_10215
37278,g_10219
37278,g_10220
37278,g_10221
37278,g_10223
37278,g_10224
37278,g_10225
37278,g_10226
38613,g_35
38613,g_124
38613,g_863
38613,g_866
38613,g_1126
38613,g_10216
38613,g_10217
38613,g_13544
38669,g_18
38669,g_2890
38669,g_10219
38669,g_10221
39656,g_27
39656,g_49
39656,g_87
39656,g_157
39656,g_354
39656,g_864
39656,g_867
39656,g_873
39656,g_874
39656,g_1112
39656,g_1113
39656,g_3163
39656,g_14695
45794,g_18
45794,g_80
45794,g_141
45794,g_1113
45794,g_10215
45794,g_10223
45794,g_10225
45794,g_10227
46003,g_35
46003,g_864
46003,g_867
46003,g_1479
46003,g_2888
46003,g_10216
46003,g_10217
46003,g_10220
46373,g_35
46373,g_864
46373,g_873
46373,g_1479
46373,g_2916
46373,g_3110
46373,g_3112
46373,g_3163
46373,g_10216
46373,g_10217
46373,g_10220
46472,g_14
46472,g_818
46472,g_8741
46594,g_76
46594,g_85
46594,g_10214
46896,g_864
46896,g_873
46896,g_2916
46896,g_3110
46896,g_10220
46987,g_31
46987,g_3109
46987,g_3110
47640,g_27
47640,g_39
47640,g_863
47640,g_864
47640,g_874
47640,g_10215
47640,g_10225
47640,g_10226
49942,g_35
49942,g_51
53256,g_35
56543,g_35
56543,g_114
56543,g_115
56543,g_3167
58096,g_14
58096,g_27
58096,g_39
58096,g_87
58096,g_303
58096,g_10215
58096,g_10216
58096,g_16304
61057,g_50
61057,g_85
61057,g_136
61057,g_18385
64293,g_18
64293,g_92
64293,g_303
64293,g_1163
64293,g_1167
64387,g_22
64387,g_33
64387,g_44
64387,g_2890
64387,g_3898
64387,g_10219
64387,g_10221
64387,g_10223
64387,g_14452
66339,g_28
66339,g_874
66339,g_878
67637,g_17
67637,g_18
67637,g_69
67637,g_71
67637,g_92
67637,g_303
67637,g_864
67637,g_865
67637,g_1073
67637,g_1205
67637,g_10215
67637,g_10221
67637,g_10222
67637,g_10223
67637,g_10225
69777,g_144
69777,g_818
69777,g_3167
70438,g_34
70438,g_81
70438,g_3004
70472,g_12
70472,g_14
70472,g_51
88996,g_35
88996,g_5702
90072,g_28
95151,g_35
95826,g_18
95826,g_80
95826,g_2738
97457,g_18
97457,g_35
97457,g_209
114900,g_28
114900,g_53
120318,g_50
120318,g_85
120318,g_136
120318,g_878
120318,g_18385
138322,g_18
138322,g_51
138322,g_7221
582,g_36
582,g_54
582,g_92
582,g_106
582,g_130
582,g_302
582,g_303
582,g_353
582,g_10215
582,g_10221
582,g_10222
582,g_10223
582,g_10224
582,g_10281
4781,g_92
4953,g_35
4953,g_1123
4953,g_5702
4953,g_10216
4953,g_10217
4953,g_10218
4953,g_10228
4953,g_10464
4953,g_13544
10211,g_19
10211,g_54
10211,g_87
10211,g_864
10211,g_865
10211,g_1096
10211,g_1113
10211,g_1119
10211,g_10221
10211,g_10223
10211,g_10225
10429,g_28
10429,g_50
10429,g_53
10429,g_209
10429,g_864
10429,g_10214
10429,g_10215
10429,g_10221
10429,g_10223
10429,g_10228
12950,g_44
12950,g_79
12950,g_80
12950,g_10215
13327,g_17
13327,g_35
13327,g_50
13327,g_196
13327,g_3166
13509,g_79
14120,g_80
15515,g_18
15515,g_28
15515,g_2579
31493,g_35
31493,g_10216
31493,g_10217
31493,g_10218
37688,g_28
37688,g_31
37688,g_50
37688,g_51
37688,g_818
37688,g_878
39581,g_14
39581,g_79
39581,g_141
39581,g_144
39664,g_31
39664,g_33
39664,g_301
39664,g_1024
39664,g_14726
46040,g_18
46040,g_33
46040,g_35
46238,g_35
46238,g_864
46238,g_873
46238,g_1479
46238,g_3107
46238,g_3110
46238,g_10216
46238,g_10217
46238,g_10220
46259,g_35
46259,g_864
46259,g_873
46259,g_1479
46259,g_3107
46259,g_3110
46259,g_10216
46259,g_10217
46259,g_10220
46325,g_864
46325,g_873
46325,g_1479
46325,g_2916
46325,g_3110
46325,g_3112
46325,g_3115
46325,g_10216
46325,g_10220
46328,g_864
46328,g_873
46328,g_1479
46328,g_2916
46328,g_3110
46328,g_3112
46328,g_10216
46328,g_10217
46328,g_10220
46365,g_18
46365,g_80
46365,g_101
46365,g_867
46365,g_3165
46365,g_10215
46365,g_10220
46365,g_10223
46365,g_10225
46759,g_35
46759,g_864
46759,g_873
46759,g_1479
46759,g_2916
46759,g_3110
46759,g_10216
46759,g_10217
46759,g_10220
52371,g_12
52371,g_28
52371,g_6033
52795,g_34
52795,g_53
52795,g_79
52795,g_141
52795,g_142
52795,g_867
52795,g_871
52795,g_873
52795,g_874
56045,g_27
56045,g_28
56045,g_35
56045,g_87
56045,g_303
56045,g_863
56045,g_864
56045,g_874
56045,g_939
56045,g_1113
56045,g_2759
56045,g_3123
56045,g_3128
56045,g_10214
56045,g_10216
56045,g_10226
59099,g_35
59099,g_114
60438,g_28
60438,g_76
62459,g_219
62459,g_1115
62459,g_18606
66329,g_18
66329,g_35
66329,g_122
66329,g_301
66329,g_303
66329,g_1047
66329,g_3164
66329,g_9260
66329,g_10216
66329,g_10221
66329,g_10228
66329,g_10947
71397,g_31
71397,g_35
71397,g_126
71397,g_3165
71397,g_6033
71397,g_10216
71397,g_10219
71709,g_31
71709,g_35
71709,g_116
87181,g_1141
94132,g_17412
112491,g_18
112491,g_31
112491,g_209
147479,g_35
157637,g_50
157637,g_56
157637,g_85
157637,g_867
157637,g_871
157637,g_873
157637,g_874
157637,g_1108
157637,g_2891
255,g_33
255,g_35
255,g_126
255,g_227
255,g_10216
255,g_10217
955,g_50
955,g_76
955,g_104
955,g_106
955,g_136
955,g_1049
955,g_1108
955,g_1109
955,g_1137
955,g_2891
955,g_3160
955,g_10214
955,g_10215
1294,g_18
1294,g_54
1294,g_87
1294,g_303
1294,g_2731
1294,g_10221
1294,g_10222
1294,g_10223
1427,g_18
1427,g_53
1427,g_80
1427,g_104
1427,g_818
1427,g_10224
1427,g_10227
1826,g_69
1826,g_866
1826,g_1126
1826,g_10216
1826,g_10219
2349,g_54
2349,g_302
2349,g_1115
2349,g_10221
2670,g_27
2670,g_44
2670,g_50
2670,g_329
2670,g_818
2670,g_1108
2670,g_1109
2670,g_3167
2670,g_10215
2670,g_10221
2670,g_10226
2670,g_10227
2720,g_17
2720,g_49
2720,g_149
2720,g_209
2720,g_869
2720,g_939
2720,g_1110
2720,g_3084
2720,g_3127
2720,g_3167
4326,g_35
4326,g_69
4326,g_818
4326,g_10216
4326,g_10217
4593,g_49
4593,g_117
4593,g_122
4593,g_1033
4593,g_1103
4593,g_1110
4593,g_10222
4593,g_10227
4593,g_10228
4841,g_18
9530,g_1115
9530,g_10105
9530,g_10216
10075,g_19
10075,g_161
10075,g_818
10075,g_10215
10075,g_10219
11774,g_12
11774,g_14
11774,g_17
11774,g_50
11774,g_69
11774,g_818
11774,g_10215
11774,g_10216
13412,g_35
13412,g_114
13412,g_1103
14817,g_17
14817,g_28
14817,g_71
14817,g_87
14817,g_154
14817,g_864
14817,g_865
14817,g_866
14817,g_1113
15741,g_57
15741,g_159
15818,g_133
21383,g_18
21383,g_1108
24114,g_17
24114,g_35
24114,g_861
24114,g_14452
25454,g_49
25454,g_56
25454,g_117
25454,g_124
25454,g_227
25454,g_302
25454,g_353
25454,g_354
25454,g_541
25454,g_655
25454,g_1040
25454,g_1047
25454,g_1048
25454,g_1049
25454,g_1051
25454,g_1148
25454,g_1153
25454,g_1597
25454,g_10216
25454,g_10217
25454,g_10228
25454,g_14999
31391,g_36
31391,g_84
31391,g_148
31391,g_149
31391,g_818
31391,g_864
31391,g_939
31391,g_1108
31391,g_1110
31391,g_3129
41924,g_18
43349,g_35
43349,g_1109
43349,g_1164
43349,g_2888
43349,g_4866
43349,g_10216
43349,g_14999
46006,g_35
46006,g_116
46006,g_3165
46006,g_10216
46006,g_10222
46288,g_35
46288,g_818
46288,g_864
46288,g_873
46288,g_1479
46288,g_2916
46288,g_3110
46288,g_10216
46288,g_10217
46288,g_10220
46324,g_35
46324,g_864
46324,g_873
46324,g_1479
46324,g_2916
46324,g_3110
46324,g_3112
46324,g_10216
46324,g_10217
46324,g_10220
57824,g_28
57824,g_31
57824,g_50
57824,g_1109
57824,g_10214
57824,g_10215
57824,g_10225
57824,g_10464
60678,g_18
60678,g_80
60678,g_301
60678,g_14726
60940,g_18
60940,g_35
60940,g_10282
60940,g_14726
62420,g_2730
62420,g_18385
62682,g_14
62682,g_18
62682,g_35
62682,g_3165
62682,g_6033
62682,g_10214
62682,g_10215
62682,g_10216
62682,g_10223
62682,g_10226
63718,g_80
63718,g_135
63718,g_14726
69105,g_27
69105,g_28
69105,g_53
69105,g_162
69105,g_10215
69105,g_10216
69105,g_10225
69105,g_10226
69105,g_16304
69956,g_39
69956,g_10215
69956,g_10216
69956,g_14999
69956,g_16304
71083,g_27
71083,g_53
71083,g_3163
71083,g_10215
71083,g_10225
71089,g_53
71089,g_80
71089,g_3165
71089,g_10215
77244,g_14
77244,g_18
77244,g_818
88133,g_126
109785,g_2731
109785,g_18385
138324,g_18
138324,g_7221
159,g_19
159,g_56
159,g_73
159,g_85
159,g_104
159,g_114
159,g_124
159,g_129
159,g_1108
159,g_1109
159,g_10216
159,g_10217
194,g_49
194,g_104
194,g_126
194,g_302
194,g_353
194,g_354
194,g_865
194,g_1040
194,g_1051
194,g_1058
194,g_1176
194,g_10217
194,g_10218
194,g_10219
194,g_10228
194,g_10282
389,g_49
389,g_50
389,g_135
389,g_301
389,g_656
389,g_756
389,g_1110
389,g_1500
389,g_3164
389,g_3165
389,g_10214
389,g_10215
389,g_10223
389,g_10282
389,g_17580
682,g_12
682,g_50
682,g_53
682,g_104
682,g_136
682,g_818
682,g_864
682,g_865
682,g_1108
682,g_1109
682,g_4288
682,g_10214
682,g_10215
682,g_10220
1727,g_50
1727,g_1108
1727,g_10215
1727,g_10216
1727,g_18385
10268,g_19
10268,g_35
11282,g_2731
11282,g_2888
11282,g_10216
12182,g_50
12182,g_69
12182,g_126
12182,g_818
12182,g_866
12182,g_1126
12182,g_10217
12182,g_10219
12182,g_10221
12182,g_10222
15548,g_18
15548,g_53
15548,g_6033
15548,g_10221
15548,g_10223
15548,g_10224
15548,g_10227
15590,g_28
15590,g_53
15590,g_867
19580,g_28
19580,g_35
19580,g_81
19580,g_82
19580,g_1109
19580,g_1163
19580,g_1167
19580,g_9496
19580,g_14726
26172,g_18
27084,g_28
27084,g_50
27084,g_864
27084,g_1108
27084,g_1109
36995,g_28
36995,g_53
42283,g_18
42283,g_27
42283,g_53
42283,g_303
42283,g_354
42283,g_863
42283,g_867
42283,g_871
42283,g_873
42283,g_874
42283,g_1112
42283,g_1113
42283,g_1119
42283,g_2916
42283,g_3109
42283,g_3110
42283,g_3163
42283,g_7286
42283,g_10223
42283,g_10225
42283,g_10227
42283,g_14415
42283,g_14710
42283,g_18215
42531,g_14
42531,g_34
42531,g_152
42531,g_8497
46287,g_35
46287,g_864
46287,g_873
46287,g_1119
46287,g_1479
46287,g_2916
46287,g_3110
46287,g_3112
46287,g_10216
46287,g_10217
46287,g_10220
52199,g_35
52199,g_126
52199,g_10221
52199,g_10224
52199,g_10228
56871,g_18
56871,g_80
56871,g_301
56871,g_14726
57229,g_18
57229,g_36
57229,g_14726
62408,g_18
62408,g_33
62408,g_50
62408,g_130
62408,g_301
62408,g_329
62408,g_818
62408,g_865
62408,g_1109
62408,g_1140
62408,g_1165
62408,g_1167
62408,g_3165
62408,g_10281
62408,g_10282
63373,g_18
63373,g_36
64569,g_18
64569,g_2738
64569,g_3138
70772,g_18
70772,g_53
70772,g_644
70772,g_3165
90240,g_28
90240,g_43
90240,g_52
90240,g_818
90240,g_878
104970,g_878
104970,g_2891
105928,g_18
105928,g_28
105928,g_36
121101,g_684
121101,g_878
138319,g_18
138319,g_51
138319,g_7221
189072,g_28
189072,g_71
189072,g_8497
154,g_11
154,g_43
154,g_50
154,g_1080
154,g_1108
154,g_1109
154,g_1163
154,g_1167
154,g_2979
154,g_10214
154,g_10215
154,g_10223
258,g_18
258,g_35
258,g_49
258,g_122
258,g_126
258,g_127
258,g_227
258,g_10217
258,g_10219
258,g_10221
309,g_20
309,g_44
309,g_71
309,g_87
309,g_134
309,g_302
309,g_353
309,g_1167
309,g_10215
309,g_10223
309,g_10228
2525,g_17
2525,g_50
2525,g_84
2525,g_149
2525,g_939
2525,g_3084
2525,g_10221
3083,g_49
3083,g_50
3083,g_92
3083,g_1110
3083,g_3165
3083,g_10282
3083,g_14726
3681,g_49
3681,g_50
3681,g_126
3681,g_329
3681,g_1110
3681,g_10216
3681,g_10217
3681,g_10219
3681,g_10220
3681,g_10228
3681,g_10282
3926,g_17
3926,g_54
3926,g_79
3926,g_3167
4564,g_50
4564,g_126
4564,g_127
4564,g_865
4564,g_1108
4564,g_1479
4564,g_10216
4564,g_10217
4564,g_10218
4564,g_10219
4564,g_10220
4564,g_10222
9543,g_12
9543,g_14
9543,g_17
9543,g_28
9543,g_50
9543,g_104
9543,g_864
9543,g_1049
9543,g_1108
9543,g_1109
9543,g_3004
9543,g_10214
9543,g_10215
9543,g_10219
9543,g_10220
10196,g_12
10196,g_14
10196,g_50
10196,g_10215
10196,g_10464
10196,g_10597
11232,g_51
11232,g_126
11232,g_10216
11232,g_10217
14582,g_16
14582,g_28
14582,g_878
14582,g_3004
14582,g_8530
14582,g_10215
14582,g_10226
15202,g_27
15202,g_39
15202,g_49
15202,g_166
15202,g_301
15202,g_303
15202,g_541
15202,g_874
15202,g_1040
15202,g_1061
15202,g_1062
15202,g_1122
15202,g_1144
15202,g_1150
15202,g_1152
15202,g_1163
15202,g_1181
15202,g_1205
15202,g_1207
15202,g_2932
15202,g_3137
15202,g_3138
15202,g_3165
15202,g_3918
15202,g_3919
15202,g_4843
15202,g_4863
15202,g_4867
15202,g_4869
15202,g_6353
16743,g_18
16743,g_28
16743,g_80
16743,g_10214
16743,g_10225
16757,g_87
16757,g_164
16757,g_303
16757,g_864
16757,g_1064
16757,g_1113
16757,g_3166
16757,g_10216
16757,g_10217
16757,g_10225
16757,g_10228
16757,g_16304
34215,g_104
34215,g_169
34215,g_10214
34215,g_10215
34215,g_10225
34215,g_10226
34215,g_16304
35599,g_36
35599,g_1479
37601,g_99
37601,g_227
37601,g_10222
37601,g_19717
43380,g_13
43380,g_14
43380,g_18
53001,g_18
56837,g_33
56837,g_53
56837,g_84
56837,g_6033
60083,g_36
60083,g_210
60083,g_301
60083,g_2890
60083,g_14726
61650,g_50
61650,g_53
61650,g_80
61650,g_127
61650,g_135
61650,g_301
61650,g_1045
61650,g_1055
61650,g_1109
61650,g_1165
61650,g_1167
61650,g_3138
61650,g_3165
61650,g_4870
61650,g_10214
61650,g_10215
61650,g_10223
61650,g_10224
61650,g_10282
61650,g_11083
65973,g_35
65973,g_2888
81217,g_35
93805,g_53
93805,g_80
99215,g_28
99215,g_105
99215,g_209
108405,g_18
108405,g_19
108405,g_35
108405,g_36
108405,g_818
113746,g_18
113746,g_31
115098,g_28
115098,g_878
115098,g_2932
138321,g_18
138321,g_51
138321,g_79
138321,g_7221
136,g_49
136,g_54
136,g_158
136,g_301
136,g_818
136,g_1110
136,g_3165
136,g_10215
136,g_10221
136,g_10222
136,g_10224
136,g_10225
136,g_10228
136,g_14726
434,g_44
434,g_69
434,g_87
434,g_219
434,g_303
434,g_707
434,g_1112
434,g_1168
434,g_6033
434,g_10215
434,g_10223
434,g_10225
1912,g_115
1912,g_1124
1912,g_3163
1912,g_10216
1912,g_10217
1966,g_12
1966,g_104
1966,g_148
1966,g_149
1966,g_329
1966,g_1108
1966,g_1109
1966,g_2890
1966,g_10214
1966,g_10222
2722,g_22
2722,g_33
2722,g_72
2722,g_126
2722,g_1479
2722,g_10216
2722,g_10217
2722,g_10220
6404,g_49
6404,g_163
6404,g_818
6404,g_867
6404,g_1110
6404,g_10219
6404,g_10224
6404,g_10226
6404,g_10228
8009,g_28
8009,g_49
8009,g_154
8009,g_329
8009,g_1110
8009,g_1505
8009,g_10215
9717,g_50
9717,g_53
9717,g_864
9717,g_1110
11253,g_14
11253,g_50
11253,g_85
11253,g_104
11253,g_2891
11253,g_3917
11253,g_8530
11253,g_10214
11253,g_10215
12832,g_54
12832,g_209
12832,g_1109
12832,g_10221
12832,g_10224
12832,g_10225
12832,g_10227
14589,g_35
14589,g_126
14589,g_10216
14589,g_10217
27184,g_33
27184,g_35
27184,g_116
27383,g_18
27383,g_27
27383,g_99
27383,g_1116
27383,g_3165
27383,g_10227
29675,g_12
29675,g_18
29675,g_31
29675,g_148
29675,g_864
29675,g_2774
29675,g_10214
29675,g_10215
29675,g_10225
33987,g_18
33987,g_35
33987,g_53
33987,g_80
55754,g_18
55754,g_22
55754,g_31
55754,g_301
55754,g_14726
56824,g_28
56824,g_33
56824,g_53
56824,g_84
56824,g_541
56824,g_1045
56824,g_1109
56824,g_1134
56824,g_1146
56824,g_1147
56824,g_1163
56824,g_2579
56824,g_2738
56824,g_6033
56824,g_10214
56824,g_10216
56824,g_10219
56824,g_10221
56824,g_10223
56824,g_10224
56824,g_10225
56824,g_10228
56824,g_14452
56824,g_17315
64809,g_18
64809,g_22
64809,g_130
64809,g_303
64809,g_1163
64809,g_1167
64809,g_6033
69165,g_18
69165,g_31
69165,g_33
71473,g_16304
79672,g_12
79672,g_71
79672,g_818
79672,g_18606
106749,g_56
106749,g_87
106749,g_157
106749,g_163
106749,g_170
106749,g_863
106749,g_871
106749,g_874
106749,g_1040
106749,g_1050
106749,g_1055
106749,g_1110
106749,g_1122
106749,g_1123
106749,g_1150
106749,g_1207
106749,g_1479
106749,g_3918
106749,g_3919
106749,g_4843
106749,g_10215
106749,g_10216
106749,g_10947
106749,g_14727
106749,g_14999
106749,g_16304
106749,g_18322
138318,g_18
138318,g_51
138318,g_52
138318,g_7221
157635,g_50
157635,g_85
157635,g_1110
157635,g_2891
2155,g_28
2155,g_50
2155,g_53
2155,g_80
2155,g_864
2593,g_219
2593,g_227
2593,g_301
2593,g_302
2593,g_818
2593,g_864
2593,g_865
2593,g_1110
2593,g_1505
2593,g_3165
2593,g_10221
2593,g_10222
2593,g_10223
2593,g_10224
9420,g_13544
10671,g_18
10671,g_53
10671,g_1110
10671,g_2729
10671,g_10215
10671,g_10221
10671,g_10223
11631,g_17
11631,g_126
11631,g_865
11631,g_1108
11631,g_1109
11631,g_3898
11631,g_10216
11631,g_10217
11631,g_10218
11631,g_10221
11631,g_14452
28367,g_122
28367,g_10221
28367,g_10223
28367,g_10224
28367,g_18606
30793,g_81
30793,g_249
30793,g_252
30793,g_867
34458,g_12
34458,g_28
34458,g_87
34458,g_152
34458,g_303
34458,g_807
34458,g_864
34458,g_1049
34458,g_1051
34458,g_1108
34458,g_1146
34458,g_1153
34458,g_2741
34458,g_2891
34458,g_3109
34458,g_10214
34458,g_10215
34458,g_10220
46597,g_17
46597,g_18
46597,g_878
46597,g_3167
46597,g_10215
46597,g_10224
53138,g_35
53138,g_1126
53138,g_2712
53686,g_878
53686,g_2891
61090,g_12
61090,g_18
61090,g_31
61090,g_36
61090,g_37
61090,g_3167
61090,g_10214
61090,g_10215
61090,g_10223
64010,g_92
64010,g_106
64010,g_864
64010,g_865
64010,g_1163
64010,g_3167
64010,g_10215
64010,g_10222
64010,g_10223
80292,g_56
80292,g_122
80292,g_219
80292,g_1188
117580,g_35
117580,g_53
117580,g_80
117580,g_818
5,g_18
5,g_49
5,g_124
5,g_303
5,g_1119
5,g_10216
5,g_10228
221,g_49
221,g_50
221,g_69
221,g_71
221,g_541
221,g_1108
221,g_1110
221,g_3137
221,g_10215
221,g_10219
221,g_10221
221,g_10223
221,g_10224
221,g_10282
238,g_49
238,g_50
238,g_104
238,g_133
238,g_134
238,g_249
238,g_818
238,g_1085
238,g_1110
238,g_1149
238,g_3148
238,g_6033
238,g_10215
238,g_10225
238,g_10281
3682,g_18
3682,g_209
3682,g_303
8374,g_28
8374,g_49
8374,g_10215
8374,g_10223
8374,g_10225
8409,g_28
8409,g_219
8409,g_10225
12113,g_28
12113,g_53
12113,g_818
12113,g_10214
12113,g_10215
12113,g_10225
14775,g_18
14775,g_72
14775,g_126
14775,g_329
14775,g_861
14775,g_10217
14775,g_10221
27521,g_866
27521,g_2712
27521,g_10217
27521,g_10228
27521,g_17126
33549,g_27
34202,g_12
34202,g_14
34202,g_87
34202,g_152
34202,g_303
34202,g_864
34202,g_1043
34202,g_1049
34202,g_1051
34202,g_1108
34202,g_1146
34202,g_2891
34202,g_3109
34202,g_10217
34202,g_10220
34202,g_14414
34202,g_14999
42066,g_18
42066,g_31
42066,g_133
58243,g_28
58243,g_152
58243,g_2774
58243,g_3129
62412,g_50
62412,g_136
62412,g_1109
62412,g_10214
62412,g_10215
62412,g_10220
62412,g_10225
63556,g_33
63556,g_80
63556,g_10282
63556,g_14726
64507,g_35
64507,g_80
69031,g_28
69031,g_53
69031,g_10215
69031,g_10223
69031,g_10225
70319,g_18
70319,g_71
70319,g_210
70319,g_249
70319,g_864
70319,g_865
70319,g_1045
70319,g_1047
70319,g_1109
70319,g_1167
70319,g_2738
70319,g_10215
70319,g_10221
70319,g_10223
70319,g_10224
70319,g_10225
70319,g_14452
70319,g_17315
93348,g_35
93348,g_154
93348,g_869
93348,g_1115
93628,g_18
93628,g_28
93628,g_3166
107094,g_31
107094,g_50
117575,g_12
117575,g_14
126304,g_12
126304,g_28
126304,g_51
126304,g_878
126304,g_2896
240,g_49
240,g_50
240,g_76
240,g_127
240,g_133
240,g_134
240,g_249
240,g_818
240,g_864
240,g_867
240,g_1085
240,g_1110
240,g_3148
240,g_6033
240,g_10214
240,g_10215
240,g_10221
240,g_10225
240,g_10281
240,g_10282
579,g_28
579,g_50
579,g_53
579,g_86
579,g_1109
579,g_1119
699,g_12
699,g_53
699,g_104
699,g_136
699,g_864
699,g_1109
699,g_4288
699,g_6033
699,g_10215
699,g_10218
699,g_10282
1927,g_18
1927,g_28
1927,g_50
1927,g_85
1927,g_866
1927,g_1072
1927,g_1109
1927,g_2891
1927,g_10214
1927,g_10215
1992,g_49
1992,g_164
1992,g_874
1992,g_1112
1992,g_1123
1992,g_10214
1992,g_10215
1992,g_10216
1992,g_10225
1992,g_10226
1992,g_14926
4258,g_50
4258,g_2888
4258,g_14999
10425,g_28
10425,g_818
11615,g_53
11615,g_134
11615,g_219
11615,g_10221
11615,g_10222
11615,g_10223
12943,g_92
12943,g_106
19257,g_35
19257,g_154
19257,g_10216
19257,g_10217
22909,g_19
22909,g_92
22909,g_227
22909,g_301
22909,g_329
22909,g_1037
22909,g_1078
22909,g_1110
22909,g_1134
22909,g_1167
22909,g_2579
22909,g_2889
22909,g_3137
22909,g_3148
22909,g_3165
22909,g_6352
22909,g_10219
22909,g_10221
22909,g_10222
22909,g_10461
34153,g_126
34153,g_164
34153,g_818
34153,g_10216
34153,g_10219
34153,g_10226
34153,g_16304
34153,g_18385
34814,g_12
34814,g_28
34814,g_87
34814,g_152
34814,g_303
34814,g_864
34814,g_867
34814,g_1108
34814,g_2741
34814,g_3109
34814,g_10214
34814,g_10215
34814,g_10220
34814,g_14926
45415,g_28
45415,g_136
45415,g_18385
60947,g_18
60947,g_31
60947,g_301
60947,g_14726
63729,g_12
63729,g_18
63729,g_53
63729,g_10282
63729,g_14726
65754,g_35
65754,g_124
65754,g_3166
65754,g_10216
65754,g_14999
70020,g_18
70020,g_31
70020,g_36
70020,g_10215
70020,g_10223
70205,g_35
70205,g_3163
70205,g_10216
70205,g_10217
70205,g_10219
70205,g_10220
71631,g_18
71631,g_2890
71631,g_10214
71631,g_10221
71631,g_10222
71631,g_10223
85226,g_28
2668,g_27
2668,g_50
2668,g_53
2668,g_2774
2668,g_2895
2668,g_3129
2668,g_10215
2668,g_10216
2668,g_10226
2668,g_10281
9341,g_12
9341,g_878
9341,g_10215
9341,g_10223
12279,g_12
12279,g_14
12279,g_17
12279,g_28
12279,g_35
12279,g_878
12279,g_7407
12279,g_10215
12279,g_10216
24967,g_53
33312,g_17
33312,g_35
33312,g_866
33312,g_2712
33312,g_10215
33312,g_10216
33312,g_10217
33312,g_10218
34085,g_14
34085,g_17
34085,g_6033
34085,g_8741
63822,g_17
63822,g_50
63822,g_878
63822,g_1108
63822,g_1109
63822,g_3160
63822,g_18385
80780,g_18
80780,g_31
105269,g_85
105269,g_878
105269,g_2891
105269,g_18385
205,g_31
205,g_44
205,g_50
205,g_209
205,g_210
205,g_1112
205,g_1167
205,g_2889
205,g_10223
205,g_10224
205,g_10282
1402,g_50
1402,g_71
1402,g_104
1402,g_209
1402,g_1108
1402,g_2890
1402,g_10215
1402,g_10221
1402,g_10224
1402,g_10282
5261,g_92
5261,g_1124
5261,g_9031
5261,g_10214
5261,g_10216
5261,g_10217
6155,g_17
6155,g_35
6155,g_49
6155,g_80
6155,g_1109
6155,g_1110
6155,g_3165
6155,g_10216
6155,g_10218
6968,g_92
6968,g_209
6968,g_6033
6968,g_10214
6968,g_10227
6968,g_10282
13189,g_18
13189,g_28
13189,g_53
13189,g_80
16120,g_12
16120,g_31
16120,g_51
16120,g_138
34200,g_12
34200,g_14
34200,g_28
34200,g_87
34200,g_149
34200,g_152
34200,g_303
34200,g_864
34200,g_873
34200,g_874
34200,g_1049
34200,g_1108
34200,g_1146
34200,g_2741
34200,g_3109
34200,g_10214
34200,g_10215
34200,g_10220
60968,g_18
60968,g_19
60968,g_33
60968,g_71
60968,g_92
60968,g_106
60968,g_127
60968,g_130
60968,g_1045
60968,g_1047
60968,g_1109
60968,g_1163
60968,g_1167
60968,g_1180
60968,g_1181
60968,g_1195
60968,g_1210
60968,g_3148
60968,g_4870
60968,g_10214
60968,g_10215
60968,g_10219
60968,g_10221
60968,g_10222
60968,g_10223
60968,g_10224
60968,g_10225
60968,g_10227
60968,g_14452
60968,g_17315
62083,g_35
62083,g_10107
62083,g_10216
65782,g_35
65782,g_10216
65782,g_10217
86783,g_18
86783,g_35
86783,g_1119
95418,g_19
95418,g_14452
137654,g_27
393,g_49
393,g_50
393,g_53
393,g_80
393,g_134
393,g_193
393,g_329
393,g_864
393,g_874
393,g_1123
393,g_1152
393,g_10214
393,g_10222
393,g_10225
393,g_10228
393,g_14926
1991,g_28
1991,g_49
1991,g_874
1991,g_1112
1991,g_1113
1991,g_1123
1991,g_2916
1991,g_10220
1991,g_10225
2749,g_50
2749,g_53
2749,g_251
2749,g_1109
6972,g_18
6972,g_19
6972,g_130
6972,g_149
6972,g_865
6972,g_939
6972,g_10219
6972,g_10221
6972,g_10282
8871,g_14
8871,g_50
8871,g_818
8871,g_2888
8871,g_10214
8871,g_10216
10937,g_33
10937,g_35
13319,g_22
13319,g_210
13319,g_2890
14725,g_22
14725,g_99
14725,g_101
14725,g_10217
14725,g_10221
14725,g_10224
18074,g_18
18074,g_79
18074,g_80
18074,g_219
18074,g_10215
18074,g_10223
18074,g_10225
19431,g_19
19431,g_126
19431,g_865
19431,g_3164
19431,g_10219
19431,g_10221
31407,g_17
31407,g_35
31407,g_50
31407,g_1109
31407,g_10216
31407,g_10217
52873,g_13
52873,g_17
52873,g_869
52873,g_1093
58675,g_209
58675,g_2890
58675,g_3165
65569,g_43
65569,g_818
81875,g_44
81875,g_10215
81875,g_10221
81875,g_10224
112207,g_85
112207,g_878
112207,g_2891
112207,g_18385
187001,g_33
187001,g_14942
3093,g_50
3093,g_142
3093,g_864
3093,g_2896
3093,g_10215
3093,g_10220
10431,g_28
10431,g_53
10431,g_874
10431,g_2894
10431,g_10214
24797,g_878
24797,g_3167
31067,g_50
31067,g_53
31067,g_878
31067,g_10214
31067,g_10215
33646,g_126
33646,g_818
33646,g_10216
33646,g_10219
33646,g_10220
33646,g_10221
33646,g_10228
43034,g_14
43034,g_28
43034,g_3004
43034,g_10223
75725,g_18
75725,g_33
85012,g_28
85012,g_43
85012,g_818
85012,g_878
147499,g_27
147499,g_1119
339,g_49
339,g_56
339,g_87
339,g_353
339,g_1080
339,g_1110
339,g_1119
339,g_10216
339,g_10222
339,g_10224
339,g_10228
2099,g_28
2099,g_50
2099,g_53
2099,g_80
2099,g_249
2099,g_864
8338,g_44
8338,g_52
8338,g_818
8338,g_10227
11679,g_28
11679,g_50
11679,g_2896
11679,g_10215
11679,g_10225
14518,g_14
14518,g_17
14518,g_18
14518,g_818
14518,g_1113
14518,g_3167
14518,g_10214
14518,g_10215
14518,g_10219
14518,g_10223
31514,g_28
31514,g_878
34417,g_12
34417,g_28
34417,g_87
34417,g_152
34417,g_303
34417,g_864
34417,g_1049
34417,g_1108
34417,g_1146
34417,g_1153
34417,g_2741
34417,g_2891
34417,g_10214
34417,g_10215
34417,g_10220
36130,g_17
36130,g_35
36130,g_50
36130,g_1109
36130,g_1115
36130,g_10216
50306,g_18
50306,g_53
51906,g_17
51906,g_50
51906,g_1108
51906,g_2915
51906,g_10216
51906,g_10217
51906,g_10218
54076,g_126
54076,g_865
54076,g_1109
54076,g_3160
60313,g_32
60313,g_36
60313,g_50
60313,g_209
60313,g_818
60313,g_864
60313,g_1109
62460,g_18
62460,g_28
62460,g_31
62460,g_50
62460,g_53
62460,g_301
62460,g_864
62460,g_1024
62460,g_1109
62460,g_1165
62460,g_1167
62460,g_3165
62460,g_10282
80797,g_141
130141,g_85
130141,g_2891
130141,g_18385
86,g_33
86,g_44
86,g_71
86,g_122
86,g_6033
86,g_10216
86,g_10217
86,g_10220
86,g_10224
217,g_17
217,g_50
217,g_89
217,g_104
217,g_1108
217,g_10214
217,g_10215
217,g_10216
217,g_10217
217,g_18385
489,g_18
489,g_50
489,g_69
489,g_130
489,g_219
489,g_1109
489,g_1167
489,g_10221
489,g_10281
489,g_10282
489,g_14354
575,g_87
575,g_141
575,g_209
575,g_219
575,g_303
575,g_6033
575,g_10214
575,g_10215
575,g_10223
575,g_10225
575,g_10227
755,g_28
755,g_35
755,g_49
755,g_157
755,g_163
755,g_871
755,g_874
755,g_1115
755,g_2738
755,g_10215
755,g_10216
755,g_10217
1674,g_28
1674,g_50
1674,g_878
4147,g_18
4147,g_53
4147,g_85
4147,g_249
4147,g_1086
4147,g_2738
4147,g_10215
4147,g_10221
4147,g_10224
4147,g_10281
5336,g_18
5336,g_871
5336,g_874
5336,g_1112
5336,g_3148
5336,g_10225
5336,g_10227
9024,g_17
9024,g_50
9024,g_126
9024,g_10216
9024,g_10217
9024,g_10218
11808,g_28
11808,g_50
11808,g_53
11808,g_10214
11808,g_10215
11808,g_10223
11808,g_10225
13483,g_18
49056,g_35
55401,g_18
55401,g_209
55401,g_6033
56291,g_18
56291,g_36
56291,g_210
56291,g_10282
56291,g_14726
63468,g_18
63468,g_50
63468,g_1125
63468,g_17126
69983,g_18
69983,g_1119
69983,g_18606
112254,g_50
112254,g_85
112254,g_104
112254,g_866
112254,g_878
112254,g_1109
112254,g_2891
112254,g_3160
138315,g_71
138315,g_79
138315,g_3167
63,g_43
63,g_51
63,g_52
63,g_53
63,g_54
63,g_141
63,g_2579
63,g_10215
63,g_10222
63,g_10223
63,g_10225
63,g_10228
63,g_10282
63,g_10464
634,g_50
634,g_104
634,g_126
634,g_818
634,g_865
634,g_1109
634,g_6033
634,g_10216
634,g_10217
634,g_10219
634,g_10221
2979,g_28
2979,g_35
2979,g_2896
2979,g_3082
2979,g_10215
2979,g_10216
2979,g_10464
8086,g_85
8086,g_878
8086,g_2891
15739,g_53
15739,g_57
15739,g_159
36138,g_28
36138,g_53
36138,g_209
36138,g_818
36138,g_864
36138,g_10214
36138,g_10215
36138,g_10223
36138,g_10225
36138,g_10228
49490,g_35
49490,g_136
49490,g_1108
49490,g_1109
49490,g_2888
49490,g_10214
49490,g_10216
49490,g_10217
49490,g_14999
56692,g_18
56692,g_31
56692,g_138
56692,g_209
56692,g_863
56692,g_864
56692,g_1045
56692,g_1109
56692,g_1137
56692,g_1163
56692,g_1167
56692,g_10214
56692,g_10215
56692,g_10223
56692,g_10225
62187,g_32
62187,g_206
62187,g_301
62187,g_10282
62187,g_14726
64292,g_56
64292,g_818
64292,g_1125
76700,g_43
76700,g_818
116060,g_35
116060,g_869
24,g_28
24,g_34
24,g_49
24,g_50
24,g_54
24,g_81
24,g_134
24,g_141
24,g_193
24,g_252
24,g_684
24,g_874
24,g_1123
24,g_10214
24,g_10215
24,g_10216
24,g_10224
24,g_10225
24,g_10228
24,g_14926
192,g_18
192,g_36
192,g_79
192,g_144
192,g_818
192,g_939
192,g_1110
192,g_6033
192,g_10214
192,g_10215
192,g_10222
192,g_10223
452,g_20
452,g_44
452,g_49
452,g_87
452,g_101
452,g_204
452,g_302
452,g_303
452,g_353
452,g_354
452,g_1167
452,g_1246
452,g_9031
452,g_10227
452,g_10228
2105,g_50
2105,g_69
2105,g_104
2105,g_866
2105,g_1108
2105,g_1126
2105,g_2888
2105,g_10216
2105,g_10217
2105,g_10218
2112,g_28
2112,g_50
2112,g_53
2112,g_818
2112,g_864
2112,g_10214
2112,g_10215
2112,g_10225
2112,g_10464
2112,g_18385
8815,g_52
8815,g_159
8815,g_10214
8815,g_10215
8815,g_10226
8815,g_10227
10064,g_53
10064,g_80
10064,g_3166
11921,g_18
11921,g_36
11921,g_302
11921,g_3165
11921,g_10222
11921,g_10223
11921,g_10228
11921,g_10282
11921,g_15588
13339,g_53
13339,g_80
14119,g_27
14119,g_141
14119,g_3082
29183,g_17
29183,g_72
29183,g_865
29183,g_866
29183,g_3160
29183,g_10214
29183,g_10219
64467,g_18
64467,g_80
165,g_12
165,g_17
165,g_35
165,g_50
165,g_51
165,g_104
165,g_245
165,g_684
165,g_878
165,g_1108
165,g_1109
165,g_1505
165,g_3160
165,g_10214
165,g_10215
165,g_10216
165,g_10217
165,g_10282
364,g_50
364,g_85
364,g_104
364,g_2891
364,g_10214
364,g_10215
364,g_10219
364,g_10220
364,g_10221
364,g_10282
1893,g_12
1893,g_13
1893,g_28
1893,g_50
1893,g_69
1893,g_104
1893,g_151
1893,g_878
1893,g_1109
1893,g_3160
1893,g_10214
1893,g_10215
1893,g_10216
1894,g_11
1894,g_12
1894,g_13
1894,g_17
1894,g_28
1894,g_33
1894,g_50
1894,g_104
1894,g_151
1894,g_864
1894,g_878
1894,g_1108
1894,g_1109
1894,g_3160
1894,g_10214
1894,g_10215
1894,g_10282
6076,g_126
6076,g_1109
6076,g_10216
6076,g_10218
6076,g_10219
6076,g_14354
9021,g_17
9021,g_50
9021,g_126
9021,g_154
9021,g_869
15969,g_37
15969,g_56
15969,g_82
15969,g_138
15969,g_864
15969,g_867
15969,g_1049
15969,g_1108
15969,g_1123
15969,g_1144
15969,g_1146
15969,g_1147
15969,g_1180
15969,g_1181
15969,g_1182
15969,g_1203
15969,g_3919
15969,g_4840
15969,g_4844
15969,g_10214
15969,g_10215
15969,g_10216
15969,g_10217
15969,g_10225
15969,g_10228
15969,g_14999
36891,g_50
36891,g_104
36891,g_1109
36891,g_2891
36891,g_10215
36891,g_10216
37158,g_44
37158,g_56
37158,g_15588
47059,g_35
47059,g_114
47059,g_6033
47059,g_10216
47059,g_10217
55663,g_33
55663,g_92
55663,g_301
55663,g_14726
71982,g_17
71982,g_71
93283,g_1141
4364,g_17
4364,g_80
4364,g_206
4364,g_209
4364,g_210
4364,g_3167
4364,g_10223
13366,g_99
13366,g_200
13366,g_10222
18071,g_866
18071,g_1126
66470,g_18
66470,g_301
66470,g_1164
66470,g_1167
66470,g_3165
66470,g_9595
66470,g_14726
67196,g_14
67196,g_145
67196,g_18385
85,g_17
85,g_28
85,g_49
85,g_50
85,g_89
85,g_104
85,g_1108
85,g_1109
85,g_1110
85,g_1505
85,g_3160
85,g_10214
85,g_10215
85,g_10216
85,g_10217
85,g_10219
85,g_10281
280,g_28
280,g_49
280,g_50
280,g_51
280,g_52
280,g_53
280,g_104
280,g_878
280,g_1167
280,g_3148
280,g_3160
280,g_10214
280,g_10215
280,g_10216
280,g_10223
280,g_10281
709,g_50
709,g_53
709,g_104
709,g_136
709,g_818
709,g_864
709,g_1109
709,g_4288
709,g_10214
709,g_10218
754,g_28
754,g_53
754,g_80
754,g_329
754,g_1109
754,g_4865
754,g_10214
754,g_10215
754,g_10282
4708,g_31
11137,g_126
11137,g_10216
11137,g_10217
11137,g_10218
11137,g_10219
14138,g_13
14138,g_14
14138,g_18
14138,g_3167
14551,g_18
14551,g_33
14551,g_35
14551,g_126
107978,g_85
107978,g_878
107978,g_2891
107978,g_18385
7516,g_28
7516,g_50
7516,g_867
7516,g_874
7516,g_2738
7516,g_10214
7516,g_10225
7516,g_10227
33522,g_85
33522,g_2891
33522,g_10214
33522,g_10215
33522,g_10217
33522,g_18385
36960,g_18
36960,g_33
36960,g_54
36960,g_302
36960,g_303
36960,g_1033
36960,g_1115
36960,g_1134
36960,g_1152
36960,g_1167
36960,g_1840
36960,g_10216
36960,g_10219
36960,g_10221
36960,g_10224
36960,g_14727
50704,g_18
50704,g_53
50704,g_79
50704,g_10215
50704,g_10223
57415,g_18
57415,g_106
57415,g_6033
57415,g_14726
64119,g_18
64119,g_6033
93104,g_28
93104,g_52
93104,g_818
93104,g_878
2978,g_50
2978,g_104
2978,g_1108
2978,g_1109
2978,g_10215
2978,g_10216
2978,g_10217
2978,g_10226
2978,g_16304
3563,g_35
3563,g_50
3563,g_1108
3563,g_2731
3563,g_10216
3563,g_10217
3563,g_10218
33226,g_14
33226,g_18
33226,g_27
33226,g_35
39622,g_50
39622,g_71
39622,g_135
39622,g_865
39622,g_1109
39622,g_3163
39622,g_10215
39622,g_10221
39622,g_10224
39622,g_10227
43895,g_35
45404,g_12
45404,g_14
45404,g_17
45404,g_18
45404,g_34
45404,g_152
45404,g_869
45404,g_3004
45404,g_3123
45404,g_3164
45404,g_3166
45404,g_10214
45404,g_10215
45404,g_10216
45404,g_10217
45404,g_10218
45404,g_10219
45404,g_10220
45404,g_10221
45404,g_10223
45404,g_10224
45404,g_10225
45404,g_10228
95498,g_35
95498,g_126
95498,g_1119
148844,g_35
620,g_49
620,g_50
620,g_104
620,g_121
620,g_126
620,g_154
620,g_541
620,g_878
620,g_1108
620,g_1109
620,g_1505
620,g_3160
620,g_10215
620,g_10216
620,g_10217
620,g_10282
620,g_13544
1891,g_11
1891,g_12
1891,g_13
1891,g_17
1891,g_49
1891,g_50
1891,g_54
1891,g_104
1891,g_149
1891,g_878
1891,g_1109
1891,g_1110
1891,g_3148
1891,g_3160
1891,g_10214
1891,g_10215
1891,g_10216
1891,g_10217
1891,g_10219
1891,g_10228
1891,g_10281
8292,g_18
8292,g_28
8292,g_53
8292,g_10215
8292,g_10464
13347,g_18
13347,g_122
14444,g_76
14444,g_818
14444,g_10214
14444,g_10215
17587,g_12
17587,g_14
17587,g_28
17587,g_50
17587,g_104
17587,g_151
17587,g_818
17587,g_10214
17587,g_10215
17587,g_10217
17587,g_10221
17587,g_10223
17587,g_10225
34212,g_12
34212,g_14
34212,g_28
34212,g_87
34212,g_149
34212,g_152
34212,g_864
34212,g_873
34212,g_874
34212,g_1049
34212,g_1108
34212,g_2741
34212,g_2891
34212,g_3109
34212,g_10214
34212,g_10215
34212,g_10220
34212,g_10221
34212,g_10225
34212,g_14926
50724,g_12
50724,g_36
93068,g_209
93068,g_2729
93068,g_2890
102089,g_28
102089,g_50
102089,g_104
102089,g_866
102089,g_878
102089,g_1108
102089,g_1109
102089,g_3160
102089,g_6522
102089,g_8530
102089,g_11083
739,g_50
739,g_85
739,g_104
739,g_864
739,g_866
739,g_878
739,g_1108
739,g_1109
739,g_2891
739,g_3160
739,g_10214
739,g_10215
7551,g_28
7551,g_33
7551,g_51
7551,g_53
7551,g_10214
7551,g_10215
64710,g_18
64710,g_36
64710,g_53
64710,g_6033
163,g_35
163,g_50
163,g_104
163,g_250
163,g_1125
163,g_3160
163,g_10216
163,g_10217
163,g_10218
14814,g_28
14814,g_53
53991,g_18
53991,g_31
53991,g_36
53991,g_54
53991,g_81
53991,g_209
53991,g_329
53991,g_864
53991,g_939
53991,g_1045
53991,g_1073
53991,g_1109
53991,g_1134
53991,g_1146
53991,g_1147
53991,g_1163
53991,g_1167
53991,g_1180
53991,g_2579
53991,g_3127
53991,g_3137
53991,g_4866
53991,g_4867
53991,g_4869
53991,g_4870
53991,g_6033
53991,g_8990
53991,g_9031
53991,g_10214
53991,g_10215
53991,g_10223
53991,g_10225
53991,g_13266
66754,g_106
66754,g_136
66754,g_209
1895,g_11
1895,g_13
1895,g_17
1895,g_28
1895,g_50
1895,g_54
1895,g_104
1895,g_151
1895,g_864
1895,g_1108
1895,g_1109
1895,g_3160
1895,g_10214
1895,g_10215
1895,g_10224
1895,g_10282
11452,g_35
11452,g_50
11452,g_1109
50015,g_92
50015,g_106
50015,g_301
50015,g_329
50015,g_818
50015,g_864
50015,g_865
50015,g_868
50015,g_1045
50015,g_1055
50015,g_1167
50015,g_3165
50015,g_10215
50015,g_10222
50015,g_10223
63196,g_18
63196,g_79
63196,g_303
63196,g_3135
63196,g_14726
69538,g_28
69538,g_878
415,g_50
415,g_85
415,g_104
415,g_329
415,g_866
415,g_1108
415,g_1109
415,g_2891
415,g_2896
415,g_3160
415,g_10214
415,g_10215
415,g_10216
415,g_10217
8334,g_53
8334,g_818
8334,g_10214
8334,g_10215
8334,g_10225
16147,g_19
16147,g_126
34171,g_18
34171,g_28
34171,g_53
34171,g_80
34171,g_142
34171,g_541
34171,g_656
34171,g_863
34171,g_867
34171,g_871
34171,g_873
34171,g_874
34171,g_1108
34171,g_1112
34171,g_1133
34171,g_1148
34171,g_1153
34171,g_1167
34171,g_1185
34171,g_1195
34171,g_2579
34171,g_8497
34171,g_10106
34171,g_10215
34171,g_10220
34171,g_10223
34171,g_10225
34171,g_10227
34171,g_14726
34171,g_14926
49559,g_18
49559,g_209
109550,g_50
109550,g_250
109550,g_1125
35193,g_19
35193,g_33
35193,g_50
35193,g_104
35193,g_163
35193,g_818
35193,g_866
35193,g_3160
35193,g_10219
35193,g_10221
35193,g_10226
39929,g_12
39929,g_28
39929,g_31
39929,g_2890
18,g_11
18,g_104
18,g_303
18,g_878
18,g_1108
18,g_1109
18,g_10215
18,g_10216
18,g_10217
18,g_10228
18,g_10282
18,g_18385
8832,g_210
8832,g_2890
8832,g_10222
8832,g_10282
8961,g_35
8961,g_50
8961,g_864
8961,g_1108
8961,g_2730
8961,g_2731
8961,g_10214
8961,g_10215
8961,g_10216
8961,g_10217
8961,g_10225
63836,g_18
63836,g_36
33227,g_14
33227,g_18
33227,g_27
33227,g_35
61061,g_50
61061,g_85
61061,g_864
61061,g_1108
61061,g_1109
61061,g_2891
61061,g_10214
61877,g_18
61877,g_28
61877,g_31
61877,g_53
61877,g_92
61877,g_134
61877,g_861
61877,g_864
61877,g_874
61877,g_1045
61877,g_1109
61877,g_1137
61877,g_1163
61877,g_1167
61877,g_3162
61877,g_4865
61877,g_4866
61877,g_10214
61877,g_10215
61877,g_10220
61877,g_10223
61877,g_10224
61877,g_10225
61877,g_14452
32227,g_18
32227,g_36
32227,g_54
32227,g_69
32227,g_71
32227,g_127
32227,g_209
32227,g_939
32227,g_1044
32227,g_1045
32227,g_1073
32227,g_1133
32227,g_1134
32227,g_1152
32227,g_1163
32227,g_1164
32227,g_1167
32227,g_1180
32227,g_1181
32227,g_1182
32227,g_2579
32227,g_2890
32227,g_3163
32227,g_4865
32227,g_4866
32227,g_4869
32227,g_4870
32227,g_10214
32227,g_10215
32227,g_10221
32227,g_10222
32227,g_10223
32227,g_10224
32227,g_10225
32227,g_10227
32227,g_10228
32227,g_14666
49716,g_80
49716,g_209
49716,g_2738
68123,g_18
68123,g_69
68123,g_92
68123,g_210
68123,g_864
68123,g_865
68123,g_1078
68123,g_1167
68123,g_2890
68123,g_3148
68123,g_10215
68123,g_10217
68123,g_10218
68123,g_10221
68123,g_10222
68123,g_10223
68123,g_10228
1571,g_28
1571,g_50
1571,g_104
1571,g_864
1571,g_866
1571,g_1108
1571,g_1109
1571,g_2891
1571,g_3160
1571,g_3172
1571,g_10214
1571,g_10215
8363,g_50
8363,g_864
8363,g_866
8363,g_1126
8363,g_10216
8363,g_10217
8363,g_10218
45673,g_35
45673,g_117
45673,g_2888
45673,g_10216
45673,g_10228
110477,g_12
110477,g_28
110477,g_50
110477,g_51
110477,g_85
110477,g_104
110477,g_541
110477,g_864
110477,g_871
110477,g_874
110477,g_1049
110477,g_1108
110477,g_1109
110477,g_2891
110477,g_3160
110477,g_15131
110477,g_17412
110477,g_18385
187,g_18
187,g_50
187,g_53
187,g_80
187,g_85
187,g_301
187,g_541
187,g_864
187,g_867
187,g_871
187,g_873
187,g_874
187,g_1086
187,g_1119
187,g_8530
187,g_10225
187,g_10228
1892,g_17
1892,g_28
1892,g_49
1892,g_50
1892,g_54
1892,g_104
1892,g_151
1892,g_878
1892,g_1108
1892,g_1109
1892,g_1110
1892,g_3148
1892,g_3160
1892,g_10214
1892,g_10217
1892,g_10281
1572,g_28
1572,g_50
1572,g_53
1572,g_104
1572,g_864
1572,g_1108
1572,g_1109
1572,g_2730
1572,g_3160
1572,g_10214
1572,g_10215
1572,g_10216
1572,g_10217
1572,g_10225
11325,g_31
11325,g_49
11325,g_50
11325,g_116
11325,g_1112
11325,g_1119
11325,g_5702
11325,g_10222
11325,g_10225
11325,g_10227
11325,g_10281
11325,g_10282
33960,g_28
33960,g_50
33960,g_53
33960,g_136
33960,g_1108
33960,g_1109
33960,g_10214
33960,g_10215
79677,g_122
8290,g_49
8290,g_104
8290,g_116
8290,g_1110
8290,g_2888
13400,g_28
13400,g_35
13400,g_80
27203,g_44
27203,g_71
27203,g_10221
27203,g_10224
28323,g_28
28323,g_53
28323,g_80
28323,g_210
28323,g_874
28323,g_2890
69539,g_12
69539,g_14
69539,g_28
69539,g_878
10040,g_35
10040,g_50
10040,g_865
10040,g_2730
10040,g_10215
10040,g_10216
10040,g_10218
10040,g_14354
61336,g_18
61336,g_28
61336,g_53
61336,g_80
61336,g_92
61336,g_106
61336,g_134
61336,g_864
61336,g_1163
61336,g_1167
61336,g_1195
61336,g_2579
61336,g_4870
61336,g_10215
61336,g_10222
61336,g_10223
61336,g_10225
61336,g_10227
121449,g_27
121449,g_50
121449,g_79
121449,g_104
121449,g_141
121449,g_154
121449,g_818
121449,g_874
13338,g_18
13338,g_35
13338,g_53
13338,g_80
13338,g_302
13338,g_10215
13338,g_10216
56731,g_76
56731,g_92
56731,g_106
56731,g_209
56731,g_303
56731,g_10215
56731,g_10221
56731,g_10222
56731,g_10223
56731,g_10225
335,g_49
335,g_190
335,g_191
335,g_864
335,g_874
335,g_1080
335,g_1088
335,g_1110
335,g_10215
335,g_10223
335,g_10225
1573,g_28
1573,g_50
1573,g_104
1573,g_818
1573,g_864
1573,g_867
1573,g_10214
1573,g_10215
1573,g_10216
1573,g_10225
112187,g_28
112187,g_50
112187,g_85
112187,g_104
112187,g_864
112187,g_866
112187,g_878
112187,g_1049
112187,g_1109
112187,g_1141
112187,g_2891
112187,g_3160
112187,g_15131
112187,g_18385
31522,g_28
31522,g_50
31522,g_85
31522,g_864
31522,g_10216
84487,g_36
84487,g_209
155,g_50
155,g_53
155,g_85
155,g_104
155,g_878
155,g_1109
155,g_2891
155,g_10214
155,g_10215
13332,g_12
13332,g_17
13332,g_35
14124,g_12
14124,g_14
14124,g_878
35198,g_18
35198,g_19
35198,g_27
35198,g_50
35198,g_104
35198,g_154
35198,g_163
35198,g_818
35198,g_866
35198,g_1109
35198,g_3160
35198,g_10214
35198,g_10215
35198,g_10219
35198,g_10221
35198,g_10224
35198,g_10226
55706,g_92
55706,g_106
55706,g_209
55706,g_10215
55706,g_10221
55706,g_10222
55706,g_10224
55706,g_10225
57782,g_12
57782,g_17
57782,g_33
57782,g_50
57782,g_69
57782,g_866
57782,g_1044
57782,g_1109
57782,g_1115
57782,g_1137
57782,g_1163
57782,g_1167
57782,g_4870
57782,g_10214
57782,g_10215
57782,g_10219
57782,g_10221
57782,g_10223
57782,g_10224
57782,g_11083
57782,g_14666
4251,g_17
4251,g_18
4251,g_19
4251,g_33
4251,g_49
4251,g_71
4251,g_130
4251,g_134
4251,g_135
4251,g_329
4251,g_684
4251,g_861
4251,g_865
4251,g_1045
4251,g_1073
4251,g_1109
4251,g_1137
4251,g_1146
4251,g_1147
4251,g_1163
4251,g_1167
4251,g_1180
4251,g_1181
4251,g_1182
4251,g_1500
4251,g_3148
4251,g_4865
4251,g_4866
4251,g_4870
4251,g_10215
4251,g_10217
4251,g_10219
4251,g_10221
4251,g_10223
4251,g_10224
4251,g_10228
4251,g_14452
4251,g_17505
35216,g_50
35216,g_210
35216,g_2890
26454,g_35
557,g_19
557,g_50
557,g_85
557,g_104
557,g_541
557,g_866
557,g_1049
557,g_1108
557,g_1109
557,g_2891
557,g_3160
557,g_10214
557,g_10215
557,g_10216
557,g_10219
20135,g_28
20135,g_50
20135,g_104
20135,g_878
20135,g_10214
20135,g_10215
20135,g_10216
20135,g_10218
106750,g_27
106750,g_28
106750,g_49
106750,g_53
106750,g_56
106750,g_121
106750,g_124
106750,g_157
106750,g_163
106750,g_168
106750,g_245
106750,g_303
106750,g_329
106750,g_354
106750,g_541
106750,g_684
106750,g_707
106750,g_863
106750,g_866
106750,g_871
106750,g_874
106750,g_1033
106750,g_1040
106750,g_1050
106750,g_1055
106750,g_1110
106750,g_1112
106750,g_1133
106750,g_1146
106750,g_1147
106750,g_1148
106750,g_1150
106750,g_1195
106750,g_1205
106750,g_1217
106750,g_1219
106750,g_2896
106750,g_2915
106750,g_3137
106750,g_3164
106750,g_3918
106750,g_3919
106750,g_4843
106750,g_4844
106750,g_8990
106750,g_9031
106750,g_9260
106750,g_9577
106750,g_10066
106750,g_10067
106750,g_10215
106750,g_10216
106750,g_10225
106750,g_10226
106750,g_10227
106750,g_10947
106750,g_14727
106750,g_14926
106750,g_16186
106750,g_16304
106750,g_16914
106750,g_18305
106750,g_18322
106750,g_18370
106750,g_18606
53777,g_18
53777,g_31
53777,g_353
53777,g_1113
53777,g_1165
53777,g_1167
53777,g_10213
53777,g_10222
53777,g_10223
53777,g_14452
53777,g_14726
53777,g_15588
75534,g_99
186988,g_18
186988,g_53
602,g_50
602,g_103
602,g_104
602,g_878
602,g_1108
602,g_1109
602,g_2891
602,g_10214
602,g_10215
602,g_10216
602,g_10281
602,g_10282
9503,g_36
9503,g_54
9503,g_818
9503,g_10219
9503,g_10221
9503,g_10223
64114,g_99
64114,g_210
64114,g_15588
8880,g_2890
8880,g_10214
8880,g_10215
8880,g_10223
8880,g_10224
87025,g_18
87025,g_14452
61019,g_17
61019,g_33
61019,g_54
61019,g_122
61019,g_126
61019,g_130
61019,g_329
61019,g_818
61019,g_861
61019,g_864
61019,g_865
61019,g_1045
61019,g_1073
61019,g_1109
61019,g_1152
61019,g_1163
61019,g_1167
61019,g_1180
61019,g_1181
61019,g_1182
61019,g_2731
61019,g_4866
61019,g_8949
61019,g_9031
61019,g_10215
61019,g_10216
61019,g_10217
61019,g_10218
61019,g_10219
61019,g_10221
61019,g_10222
61019,g_10223
61019,g_10224
61019,g_14354
61019,g_14452
64394,g_28
64394,g_54
64394,g_71
64394,g_130
64394,g_134
64394,g_249
64394,g_541
64394,g_861
64394,g_864
64394,g_865
64394,g_1045
64394,g_1047
64394,g_1109
64394,g_1146
64394,g_1147
64394,g_1152
64394,g_1163
64394,g_1167
64394,g_2738
64394,g_3164
64394,g_4865
64394,g_10214
64394,g_10215
64394,g_10219
64394,g_10223
64394,g_10224
64394,g_10225
64394,g_10464
64394,g_14452
15630,g_28
15630,g_104
15630,g_878
15630,g_1109
15630,g_10214
15630,g_10215
15630,g_10281
15630,g_10282
8079,g_14
8079,g_17
8079,g_18
8079,g_19
8079,g_28
8079,g_33
8079,g_35
8079,g_54
8079,g_79
8079,g_114
8079,g_126
8079,g_130
8079,g_134
8079,g_154
8079,g_245
8079,g_329
8079,g_655
8079,g_757
8079,g_861
8079,g_865
8079,g_1033
8079,g_1045
8079,g_1047
8079,g_1066
8079,g_1067
8079,g_1109
8079,g_1133
8079,g_1134
8079,g_1135
8079,g_1137
8079,g_1146
8079,g_1147
8079,g_1148
8079,g_1152
8079,g_1163
8079,g_1180
8079,g_1181
8079,g_4865
8079,g_4866
8079,g_4870
8079,g_5702
8079,g_8990
8079,g_10215
8079,g_10216
8079,g_10217
8079,g_10219
8079,g_10220
8079,g_10221
8079,g_10223
8079,g_10224
8079,g_10228
8079,g_14452
8079,g_14666
8079,g_14999
24523,g_36
24523,g_2890
24523,g_10222
24523,g_10223
18096,g_18
18096,g_28
18096,g_80
18096,g_209
64815,g_14
64815,g_18
64815,g_36
64815,g_79
64815,g_1188
